{"type":"FeatureCollection","features":[{"type":"Feature","geometry":{"type":"Polygon","coordinates":[[[16.613665,49.210407],[16.613551,49.210365],[16.613535,49.210384],[16.61362,49.210416],[16.613619,49.210417],[16.61364,49.210425],[16.613641,49.210424],[16.613648,49.210426],[16.613665,49.210407]]]},"properties":{"id":593758,"buildingId":582134,"floorId":593757,"floorLevel":-2,"name":"BA27P2036","type":"utility_room","category":"service","label":"Utility","passportNumber":"BA27P2036","seats":null,"hasProjector":false,"hasWhiteboard":false,"code":null}},{"type":"Feature","geometry":{"type":"Polygon","coordinates":[[[16.613756,49.21042],[16.613566,49.210348],[16.61356,49.210355],[16.613552,49.210363],[16.613669,49.210408],[16.613743,49.210436],[16.613756,49.21042]]]},"properties":{"id":593759,"buildingId":582134,"floorId":593757,"floorLevel":-2,"name":"BA27P2035","type":"utility_room","category":"service","label":"Utility","passportNumber":"BA27P2035","seats":null,"hasProjector":false,"hasWhiteboard":false,"code":null}},{"type":"Feature","geometry":{"type":"Polygon","coordinates":[[[16.61369,49.210422],[16.613666,49.210413],[16.613656,49.210425],[16.61368,49.210434],[16.61369,49.210422]]]},"properties":{"id":593760,"buildingId":582134,"floorId":593757,"floorLevel":-2,"name":"BA27P2083","type":"elevator","category":"circulation","label":"Elevator","passportNumber":"BA27P2083","seats":null,"hasProjector":false,"hasWhiteboard":false,"code":null}},{"type":"Feature","geometry":{"type":"Polygon","coordinates":[[[16.613511,49.210414],[16.613506,49.210412],[16.613507,49.210411],[16.613505,49.21041],[16.613492,49.210405],[16.613477,49.2104],[16.613458,49.210422],[16.613452,49.210429],[16.613451,49.210429],[16.613486,49.210443],[16.613511,49.210414]]]},"properties":{"id":593763,"buildingId":582134,"floorId":593757,"floorLevel":-2,"name":"BA27P2012a","type":"preparatory","category":"service","label":"Preparatory","passportNumber":"BA27P2012a","seats":null,"hasProjector":false,"hasWhiteboard":false,"code":null}},{"type":"Feature","geometry":{"type":"Polygon","coordinates":[[[16.613682,49.210446],[16.613679,49.210444],[16.613682,49.210441],[16.61365,49.210429],[16.613647,49.210432],[16.613637,49.210429],[16.613639,49.210426],[16.613618,49.210418],[16.613616,49.210421],[16.613601,49.210415],[16.613584,49.210434],[16.613665,49.210465],[16.613682,49.210446]]]},"properties":{"id":593765,"buildingId":582134,"floorId":593757,"floorLevel":-2,"name":"BA27P2027","type":"floor","category":"structure","label":"Corridor","passportNumber":"BA27P2027","seats":null,"hasProjector":false,"hasWhiteboard":false,"code":null}},{"type":"Feature","geometry":{"type":"Polygon","coordinates":[[[16.613271,49.210451],[16.613283,49.210438],[16.613288,49.210432],[16.6133,49.210418],[16.613307,49.210411],[16.613272,49.210398],[16.613236,49.210439],[16.61327,49.210452],[16.613271,49.210451]]]},"properties":{"id":593767,"buildingId":582134,"floorId":593757,"floorLevel":-2,"name":"BA27P2038","type":"ramp","category":"other","label":"ramp","passportNumber":"BA27P2038","seats":null,"hasProjector":false,"hasWhiteboard":false,"code":null}},{"type":"Feature","geometry":{"type":"Polygon","coordinates":[[[16.61345,49.210428],[16.613456,49.210421],[16.613475,49.210399],[16.613464,49.210395],[16.613445,49.210388],[16.613439,49.210385],[16.613438,49.210386],[16.613432,49.210384],[16.613433,49.210383],[16.613427,49.210381],[16.613408,49.210374],[16.61339,49.210367],[16.613371,49.21036],[16.613365,49.210357],[16.613364,49.210358],[16.613362,49.210358],[16.613312,49.210415],[16.613313,49.210416],[16.61331,49.210419],[16.613379,49.210445],[16.613382,49.210442],[16.613387,49.210444],[16.613384,49.210447],[16.613392,49.21045],[16.613411,49.210457],[16.613421,49.210461],[16.61345,49.210428]]]},"properties":{"id":593768,"buildingId":582134,"floorId":593757,"floorLevel":-2,"name":"BA27P2012","type":"classroom_and_laboratory","category":"teaching","label":"Classroom / lab","passportNumber":"BA27P2012","seats":null,"hasProjector":false,"hasWhiteboard":false,"code":null}},{"type":"Feature","geometry":{"type":"Polygon","coordinates":[[[16.613455,49.210468],[16.61346,49.21047],[16.613483,49.210444],[16.613451,49.210432],[16.613425,49.210461],[16.613434,49.210465],[16.613434,49.210466],[16.613447,49.210471],[16.613447,49.21047],[16.613452,49.210472],[16.613455,49.210468]]]},"properties":{"id":593769,"buildingId":582134,"floorId":593757,"floorLevel":-2,"name":"BA27P2011","type":"garbage","category":"other","label":"garbage","passportNumber":"BA27P2011","seats":null,"hasProjector":false,"hasWhiteboard":false,"code":null}},{"type":"Feature","geometry":{"type":"Polygon","coordinates":[[[16.613739,49.210437],[16.613699,49.210422],[16.613696,49.210426],[16.613692,49.210424],[16.613684,49.210434],[16.613687,49.210436],[16.613684,49.210439],[16.613687,49.21044],[16.613655,49.210477],[16.613692,49.210491],[16.613739,49.210437]]]},"properties":{"id":593770,"buildingId":582134,"floorId":593757,"floorLevel":-2,"name":"BA27P2026","type":"floor","category":"structure","label":"Corridor","passportNumber":"BA27P2026","seats":null,"hasProjector":false,"hasWhiteboard":false,"code":null}},{"type":"Feature","geometry":{"type":"Polygon","coordinates":[[[16.613263,49.210453],[16.613237,49.210443],[16.613221,49.210461],[16.613248,49.210471],[16.613263,49.210453]]]},"properties":{"id":593771,"buildingId":582134,"floorId":593757,"floorLevel":-2,"name":"BA27P2084","type":"elevator","category":"circulation","label":"Elevator","passportNumber":"BA27P2084","seats":null,"hasProjector":false,"hasWhiteboard":false,"code":null}},{"type":"Feature","geometry":{"type":"Polygon","coordinates":[[[16.613549,49.210427],[16.613514,49.210414],[16.61346,49.210476],[16.613468,49.210479],[16.613487,49.210486],[16.613495,49.210489],[16.613549,49.210427]]]},"properties":{"id":593772,"buildingId":582134,"floorId":593757,"floorLevel":-2,"name":"BA27P2010","type":"engine_room","category":"service","label":"Engine room","passportNumber":"BA27P2010","seats":null,"hasProjector":false,"hasWhiteboard":false,"code":null}},{"type":"Feature","geometry":{"type":"Polygon","coordinates":[[[16.613657,49.21047],[16.613651,49.210468],[16.613653,49.210467],[16.613588,49.210443],[16.613562,49.210472],[16.61359,49.210483],[16.61359,49.210484],[16.613603,49.210489],[16.613604,49.210488],[16.613632,49.210499],[16.613657,49.21047]]]},"properties":{"id":593773,"buildingId":582134,"floorId":593757,"floorLevel":-2,"name":"BA27P2008a","type":"food_storage","category":"other","label":"food storage","passportNumber":"BA27P2008a","seats":null,"hasProjector":false,"hasWhiteboard":false,"code":null}},{"type":"Feature","geometry":{"type":"Polygon","coordinates":[[[16.613529,49.210497],[16.613535,49.210499],[16.613585,49.210442],[16.61358,49.21044],[16.613581,49.210439],[16.613551,49.210428],[16.613496,49.21049],[16.613514,49.210496],[16.613525,49.2105],[16.613526,49.210501],[16.613529,49.210497]]]},"properties":{"id":593774,"buildingId":582134,"floorId":593757,"floorLevel":-2,"name":"BA27P2009","type":"storage","category":"service","label":"Storage","passportNumber":"BA27P2009","seats":null,"hasProjector":false,"hasWhiteboard":false,"code":null}},{"type":"Feature","geometry":{"type":"Polygon","coordinates":[[[16.613836,49.210487],[16.61386,49.21046],[16.613833,49.210449],[16.613815,49.210443],[16.613758,49.210421],[16.613748,49.210433],[16.61372,49.210464],[16.613718,49.210464],[16.613718,49.210464],[16.613707,49.210477],[16.613706,49.210478],[16.613708,49.210478],[16.613704,49.210482],[16.613806,49.210521],[16.613836,49.210487]]]},"properties":{"id":593775,"buildingId":582134,"floorId":593757,"floorLevel":-2,"name":"BA27P2034","type":"utility_room","category":"service","label":"Utility","passportNumber":"BA27P2034","seats":null,"hasProjector":false,"hasWhiteboard":false,"code":null}},{"type":"Feature","geometry":{"type":"Polygon","coordinates":[[[16.613707,49.21051],[16.613685,49.210501],[16.613673,49.210515],[16.613695,49.210523],[16.613707,49.21051]]]},"properties":{"id":593776,"buildingId":582134,"floorId":593757,"floorLevel":-2,"name":"BA27P2030a","type":"toilet","category":"service","label":"Toilet","passportNumber":"BA27P2030a","seats":null,"hasProjector":false,"hasWhiteboard":false,"code":null}},{"type":"Feature","geometry":{"type":"Polygon","coordinates":[[[16.613251,49.210475],[16.613218,49.210462],[16.613194,49.21049],[16.613227,49.210502],[16.613251,49.210475]]]},"properties":{"id":593777,"buildingId":582134,"floorId":593757,"floorLevel":-2,"name":"BA27P2037","type":"takings","category":"other","label":"takings","passportNumber":"BA27P2037","seats":null,"hasProjector":false,"hasWhiteboard":false,"code":null}},{"type":"Feature","geometry":{"type":"Polygon","coordinates":[[[16.61329,49.210493],[16.613325,49.210506],[16.613328,49.210502],[16.613334,49.210504],[16.613368,49.210465],[16.61336,49.210462],[16.613341,49.210455],[16.613293,49.210436],[16.613289,49.21044],[16.613286,49.210439],[16.613274,49.210452],[16.613277,49.210454],[16.613258,49.210476],[16.61326,49.210476],[16.613257,49.21048],[16.613255,49.210479],[16.61324,49.210496],[16.613252,49.210501],[16.613263,49.210505],[16.613275,49.210509],[16.61329,49.210493]]]},"properties":{"id":593778,"buildingId":582134,"floorId":593757,"floorLevel":-2,"name":"BA27P2001","type":"storage","category":"service","label":"Storage","passportNumber":"BA27P2001","seats":null,"hasProjector":false,"hasWhiteboard":false,"code":null}},{"type":"Feature","geometry":{"type":"Polygon","coordinates":[[[16.613746,49.210504],[16.613724,49.210496],[16.613718,49.210502],[16.613716,49.210502],[16.613723,49.210494],[16.613699,49.210485],[16.613686,49.2105],[16.61371,49.210509],[16.613711,49.210508],[16.613713,49.210509],[16.6137,49.210523],[16.613722,49.210531],[16.613746,49.210504]]]},"properties":{"id":593779,"buildingId":582134,"floorId":593757,"floorLevel":-2,"name":"BA27P2030","type":"toilet","category":"service","label":"Toilet","passportNumber":"BA27P2030","seats":null,"hasProjector":false,"hasWhiteboard":false,"code":null}},{"type":"Feature","geometry":{"type":"Polygon","coordinates":[[[16.613603,49.210525],[16.613608,49.210527],[16.613631,49.210501],[16.613601,49.21049],[16.61359,49.210486],[16.613559,49.210474],[16.613533,49.210504],[16.613543,49.210507],[16.613562,49.210515],[16.6136,49.210529],[16.613603,49.210525]]]},"properties":{"id":593780,"buildingId":582134,"floorId":593757,"floorLevel":-2,"name":"BA27P2008","type":"food_storage","category":"other","label":"food storage","passportNumber":"BA27P2008","seats":null,"hasProjector":false,"hasWhiteboard":false,"code":null}},{"type":"Feature","geometry":{"type":"Polygon","coordinates":[[[16.6134,49.210478],[16.613392,49.210475],[16.613392,49.210474],[16.613379,49.210469],[16.613379,49.21047],[16.613371,49.210467],[16.613334,49.210508],[16.613363,49.210519],[16.6134,49.210478]]]},"properties":{"id":593781,"buildingId":582134,"floorId":593757,"floorLevel":-2,"name":"BA27P2001a","type":"storage","category":"service","label":"Storage","passportNumber":"BA27P2001a","seats":null,"hasProjector":false,"hasWhiteboard":false,"code":null}},{"type":"Feature","geometry":{"type":"Polygon","coordinates":[[[16.613694,49.210524],[16.613672,49.210516],[16.613661,49.210529],[16.613683,49.210537],[16.613694,49.210524]]]},"properties":{"id":593782,"buildingId":582134,"floorId":593757,"floorLevel":-2,"name":"BA27P2028a","type":"toilet","category":"service","label":"Toilet","passportNumber":"BA27P2028a","seats":null,"hasProjector":false,"hasWhiteboard":false,"code":null}},{"type":"Feature","geometry":{"type":"Polygon","coordinates":[[[16.613553,49.210531],[16.613564,49.210519],[16.613565,49.210517],[16.613561,49.210516],[16.613542,49.210509],[16.613524,49.210502],[16.613513,49.210498],[16.613486,49.210487],[16.613467,49.21048],[16.613445,49.210472],[16.613434,49.210468],[16.61341,49.210459],[16.613391,49.210451],[16.613308,49.21042],[16.613307,49.210421],[16.613303,49.210419],[16.613291,49.210433],[16.613295,49.210434],[16.613294,49.210435],[16.613342,49.210454],[16.613361,49.210461],[16.613381,49.210468],[16.613392,49.210473],[16.613407,49.210478],[16.613426,49.210485],[16.61352,49.210521],[16.61353,49.210525],[16.613551,49.210533],[16.613553,49.210531]]]},"properties":{"id":593783,"buildingId":582134,"floorId":593757,"floorLevel":-2,"name":"BA27P2015","type":"floor","category":"structure","label":"Corridor","passportNumber":"BA27P2015","seats":null,"hasProjector":false,"hasWhiteboard":false,"code":null}},{"type":"Feature","geometry":{"type":"Polygon","coordinates":[[[16.613719,49.210535],[16.613697,49.210527],[16.613684,49.210541],[16.613682,49.21054],[16.613683,49.210539],[16.61366,49.21053],[16.613647,49.210545],[16.61367,49.210554],[16.613677,49.210547],[16.613679,49.210547],[16.613674,49.210552],[16.613696,49.210561],[16.613719,49.210535]]]},"properties":{"id":593784,"buildingId":582134,"floorId":593757,"floorLevel":-2,"name":"BA27P2028","type":"toilet","category":"service","label":"Toilet","passportNumber":"BA27P2028","seats":null,"hasProjector":false,"hasWhiteboard":false,"code":null}},{"type":"Feature","geometry":{"type":"Polygon","coordinates":[[[16.613731,49.210556],[16.61372,49.210552],[16.613719,49.210553],[16.613709,49.210549],[16.613695,49.210565],[16.613716,49.210573],[16.613731,49.210556]]]},"properties":{"id":593785,"buildingId":582134,"floorId":593757,"floorLevel":-2,"name":"BA27P2029","type":"utility_room","category":"service","label":"Utility","passportNumber":"BA27P2029","seats":null,"hasProjector":false,"hasWhiteboard":false,"code":null}},{"type":"Feature","geometry":{"type":"Polygon","coordinates":[[[16.613476,49.210558],[16.613481,49.21056],[16.613516,49.210521],[16.613441,49.210493],[16.61344,49.210494],[16.613428,49.210489],[16.613391,49.210531],[16.613399,49.210534],[16.613402,49.21053],[16.613407,49.210532],[16.613404,49.210536],[16.613411,49.210538],[16.61343,49.210546],[16.613473,49.210562],[16.613476,49.210558]]]},"properties":{"id":593786,"buildingId":582134,"floorId":593757,"floorLevel":-2,"name":"BA27P2007","type":"office","category":"office","label":"Office","passportNumber":"BA27P2007","seats":null,"hasProjector":false,"hasWhiteboard":false,"code":null}},{"type":"Feature","geometry":{"type":"Polygon","coordinates":[[[16.613427,49.210561],[16.613433,49.210554],[16.613436,49.21055],[16.613429,49.210547],[16.61341,49.21054],[16.613388,49.210531],[16.613427,49.210487],[16.613425,49.210486],[16.613406,49.210479],[16.613403,49.210478],[16.613365,49.210522],[16.613326,49.210508],[16.613325,49.210509],[16.613314,49.210522],[16.613312,49.210523],[16.613325,49.210528],[16.613336,49.210532],[16.613396,49.210555],[16.613415,49.210562],[16.613423,49.210565],[16.613427,49.210561]]]},"properties":{"id":593787,"buildingId":582134,"floorId":593757,"floorLevel":-2,"name":"BA27P2014","type":"floor","category":"structure","label":"Corridor","passportNumber":"BA27P2014","seats":null,"hasProjector":false,"hasWhiteboard":false,"code":null}},{"type":"Feature","geometry":{"type":"Polygon","coordinates":[[[16.613587,49.210551],[16.613575,49.210546],[16.613577,49.210544],[16.613551,49.210534],[16.613526,49.210562],[16.613565,49.210576],[16.613587,49.210551]]]},"properties":{"id":593788,"buildingId":582134,"floorId":593757,"floorLevel":-2,"name":"BA27P2006a","type":"storage","category":"service","label":"Storage","passportNumber":"BA27P2006a","seats":null,"hasProjector":false,"hasWhiteboard":false,"code":null}},{"type":"Feature","geometry":{"type":"Polygon","coordinates":[[[16.613275,49.210563],[16.613312,49.210521],[16.613323,49.210509],[16.613324,49.210507],[16.613291,49.210494],[16.613276,49.210511],[16.613262,49.210506],[16.613251,49.210502],[16.613239,49.210497],[16.613205,49.210537],[16.613206,49.210537],[16.613205,49.210538],[16.613212,49.210541],[16.613274,49.210564],[16.613275,49.210563]]]},"properties":{"id":593789,"buildingId":582134,"floorId":593757,"floorLevel":-2,"name":"BA27P2002","type":"office","category":"office","label":"Office","passportNumber":"BA27P2002","seats":null,"hasProjector":false,"hasWhiteboard":false,"code":null}},{"type":"Feature","geometry":{"type":"Polygon","coordinates":[[[16.613549,49.210533],[16.613529,49.210526],[16.613519,49.210522],[16.613517,49.210521],[16.613505,49.210536],[16.613499,49.210543],[16.61348,49.210564],[16.613511,49.210576],[16.613549,49.210533]]]},"properties":{"id":593790,"buildingId":582134,"floorId":593757,"floorLevel":-2,"name":"BA27P2006","type":"preparatory","category":"service","label":"Preparatory","passportNumber":"BA27P2006","seats":null,"hasProjector":false,"hasWhiteboard":false,"code":null}},{"type":"Feature","geometry":{"type":"Polygon","coordinates":[[[16.613822,49.210542],[16.61381,49.210537],[16.613818,49.210529],[16.613807,49.210525],[16.613806,49.210526],[16.613801,49.210524],[16.613802,49.210523],[16.613749,49.210503],[16.613711,49.210547],[16.613734,49.210556],[16.613718,49.210574],[16.613736,49.21058],[16.613737,49.210579],[16.613748,49.210583],[16.61375,49.210581],[16.613756,49.210583],[16.613753,49.210587],[16.613775,49.210595],[16.613822,49.210542]]]},"properties":{"id":593791,"buildingId":582134,"floorId":593757,"floorLevel":-2,"name":"BA27P2033a","type":"engine_room","category":"service","label":"Engine room","passportNumber":"BA27P2033a","seats":null,"hasProjector":false,"hasWhiteboard":false,"code":null}},{"type":"Feature","geometry":{"type":"Polygon","coordinates":[[[16.613348,49.210538],[16.613335,49.210533],[16.613324,49.210529],[16.613311,49.210524],[16.613276,49.210564],[16.61328,49.210565],[16.613279,49.210566],[16.613312,49.210579],[16.613348,49.210538]]]},"properties":{"id":593792,"buildingId":582134,"floorId":593757,"floorLevel":-2,"name":"BA27P2003","type":"office","category":"office","label":"Office","passportNumber":"BA27P2003","seats":null,"hasProjector":false,"hasWhiteboard":false,"code":null}},{"type":"Feature","geometry":{"type":"Polygon","coordinates":[[[16.61395,49.21058],[16.613948,49.21058],[16.613949,49.210578],[16.613881,49.210553],[16.61388,49.210554],[16.613874,49.210552],[16.613848,49.210582],[16.613924,49.21061],[16.61395,49.21058]]]},"properties":{"id":593793,"buildingId":582134,"floorId":593757,"floorLevel":-2,"name":"BA27P2032","type":"storage","category":"service","label":"Storage","passportNumber":"BA27P2032","seats":null,"hasProjector":false,"hasWhiteboard":false,"code":null}},{"type":"Feature","geometry":{"type":"Polygon","coordinates":[[[16.613874,49.21055],[16.613831,49.210534],[16.613776,49.210596],[16.613777,49.210596],[16.613796,49.210603],[16.613819,49.210612],[16.613874,49.21055]]]},"properties":{"id":593794,"buildingId":582134,"floorId":593757,"floorLevel":-2,"name":"BA27P2033","type":"engine_room","category":"service","label":"Engine room","passportNumber":"BA27P2033","seats":null,"hasProjector":false,"hasWhiteboard":false,"code":null}},{"type":"Feature","geometry":{"type":"Polygon","coordinates":[[[16.613625,49.210566],[16.613607,49.21056],[16.613585,49.210585],[16.613584,49.210585],[16.613606,49.210559],[16.613588,49.210552],[16.613555,49.21059],[16.613592,49.210604],[16.613625,49.210566]]]},"properties":{"id":593795,"buildingId":582134,"floorId":593757,"floorLevel":-2,"name":"BA27P2024","type":"stairs","category":"circulation","label":"Stairs","passportNumber":"BA27P2024","seats":null,"hasProjector":false,"hasWhiteboard":false,"code":null}},{"type":"Feature","geometry":{"type":"Polygon","coordinates":[[[16.613398,49.210593],[16.613399,49.210593],[16.613399,49.210593],[16.61341,49.210581],[16.61341,49.21058],[16.61341,49.21058],[16.613422,49.210566],[16.613414,49.210563],[16.613395,49.210556],[16.61335,49.210539],[16.613314,49.21058],[16.613347,49.210592],[16.613348,49.210591],[16.613354,49.210593],[16.613353,49.210594],[16.613386,49.210607],[16.613398,49.210593]]]},"properties":{"id":593796,"buildingId":582134,"floorId":593757,"floorLevel":-2,"name":"BA27P2004","type":"office","category":"office","label":"Office","passportNumber":"BA27P2004","seats":null,"hasProjector":false,"hasWhiteboard":false,"code":null}},{"type":"Feature","geometry":{"type":"Polygon","coordinates":[[[16.613551,49.210593],[16.613544,49.21059],[16.613545,49.210589],[16.613546,49.21059],[16.613549,49.210586],[16.613555,49.210588],[16.613563,49.210579],[16.613547,49.210573],[16.613536,49.210585],[16.613537,49.210586],[16.613536,49.210587],[16.613532,49.210586],[16.613533,49.210584],[16.613534,49.210585],[16.613546,49.210571],[16.613525,49.210563],[16.613513,49.210577],[16.613524,49.210581],[16.613523,49.210582],[16.613512,49.210578],[16.61349,49.210603],[16.613529,49.210617],[16.613551,49.210593]]]},"properties":{"id":593797,"buildingId":582134,"floorId":593757,"floorLevel":-2,"name":"BA27P2013c","type":"coatroom","category":"service","label":"Cloakroom","passportNumber":"BA27P2013c","seats":null,"hasProjector":false,"hasWhiteboard":false,"code":null}},{"type":"Feature","geometry":{"type":"Polygon","coordinates":[[[16.613554,49.21061],[16.613542,49.210605],[16.613531,49.210618],[16.613531,49.210618],[16.613542,49.210622],[16.613543,49.210622],[16.613554,49.21061]]]},"properties":{"id":593798,"buildingId":582134,"floorId":593757,"floorLevel":-2,"name":"BA27P2016","type":"utility_room","category":"service","label":"Utility","passportNumber":"BA27P2016","seats":null,"hasProjector":false,"hasWhiteboard":false,"code":null}},{"type":"Feature","geometry":{"type":"Polygon","coordinates":[[[16.613663,49.210612],[16.613652,49.210608],[16.613653,49.210607],[16.613635,49.2106],[16.613623,49.210614],[16.613628,49.210616],[16.613625,49.21062],[16.613648,49.210629],[16.613663,49.210612]]]},"properties":{"id":593799,"buildingId":582134,"floorId":593757,"floorLevel":-2,"name":"BA27P2013b","type":"toilet","category":"service","label":"Toilet","passportNumber":"BA27P2013b","seats":null,"hasProjector":false,"hasWhiteboard":false,"code":null}},{"type":"Feature","geometry":{"type":"Polygon","coordinates":[[[16.61361,49.210626],[16.613616,49.210619],[16.61362,49.210615],[16.613615,49.210613],[16.613596,49.210606],[16.613555,49.21059],[16.613544,49.210603],[16.613585,49.210618],[16.613594,49.210622],[16.613609,49.210627],[16.61361,49.210626]]]},"properties":{"id":593800,"buildingId":582134,"floorId":593757,"floorLevel":-2,"name":"BA27P2025a","type":"floor","category":"structure","label":"Corridor","passportNumber":"BA27P2025a","seats":null,"hasProjector":false,"hasWhiteboard":false,"code":null}},{"type":"Feature","geometry":{"type":"Polygon","coordinates":[[[16.613871,49.210592],[16.613847,49.210583],[16.613824,49.210609],[16.613829,49.210611],[16.613826,49.210614],[16.613821,49.210612],[16.61382,49.210614],[16.613643,49.210547],[16.613692,49.210491],[16.613655,49.210477],[16.613606,49.210533],[16.613565,49.210517],[16.613564,49.210519],[16.613553,49.210531],[16.613552,49.210533],[16.613566,49.210538],[16.613577,49.210542],[16.613592,49.210548],[16.613588,49.210552],[16.613606,49.210559],[16.613607,49.21056],[16.613625,49.210566],[16.613592,49.210604],[16.613596,49.210605],[16.613615,49.210613],[16.61362,49.210614],[16.613657,49.210573],[16.613664,49.210575],[16.613673,49.210579],[16.613698,49.210588],[16.613709,49.210592],[16.613727,49.210599],[16.613737,49.210603],[16.613742,49.210605],[16.613761,49.210612],[16.613781,49.210619],[16.6138,49.210627],[16.61383,49.210638],[16.613871,49.210592]]]},"properties":{"id":593801,"buildingId":582134,"floorId":593757,"floorLevel":-2,"name":"BA27P2025","type":"floor","category":"structure","label":"Corridor","passportNumber":"BA27P2025","seats":null,"hasProjector":false,"hasWhiteboard":false,"code":null}},{"type":"Feature","geometry":{"type":"Polygon","coordinates":[[[16.613737,49.210604],[16.613658,49.210575],[16.613637,49.210598],[16.613667,49.210609],[16.613663,49.210614],[16.613712,49.210633],[16.613737,49.210604]]]},"properties":{"id":593802,"buildingId":582134,"floorId":593757,"floorLevel":-2,"name":"BA27P2031","type":"coatroom","category":"service","label":"Cloakroom","passportNumber":"BA27P2031","seats":null,"hasProjector":false,"hasWhiteboard":false,"code":null}},{"type":"Feature","geometry":{"type":"Polygon","coordinates":[[[16.613471,49.210621],[16.613478,49.210614],[16.61348,49.210611],[16.613486,49.210604],[16.61351,49.210577],[16.613438,49.21055],[16.613434,49.210554],[16.613428,49.210561],[16.613423,49.210567],[16.613411,49.210581],[16.613411,49.21058],[16.613411,49.210581],[16.6134,49.210593],[16.613399,49.210594],[16.6134,49.210594],[16.613388,49.210607],[16.613421,49.21062],[16.613422,49.210619],[16.613427,49.210621],[16.613426,49.210622],[16.61346,49.210635],[16.613471,49.210621]]]},"properties":{"id":593803,"buildingId":582134,"floorId":593757,"floorLevel":-2,"name":"BA27P2005","type":"office","category":"office","label":"Office","passportNumber":"BA27P2005","seats":null,"hasProjector":false,"hasWhiteboard":false,"code":null}},{"type":"Feature","geometry":{"type":"Polygon","coordinates":[[[16.613608,49.210628],[16.613582,49.210619],[16.613575,49.210627],[16.613574,49.210626],[16.613581,49.210618],[16.613559,49.21061],[16.613546,49.210624],[16.613568,49.210632],[16.613569,49.210631],[16.613571,49.210632],[16.61357,49.210633],[16.613596,49.210642],[16.613608,49.210628]]]},"properties":{"id":593804,"buildingId":582134,"floorId":593757,"floorLevel":-2,"name":"BA27P2013","type":"coatroom","category":"service","label":"Cloakroom","passportNumber":"BA27P2013","seats":null,"hasProjector":false,"hasWhiteboard":false,"code":null}},{"type":"Feature","geometry":{"type":"Polygon","coordinates":[[[16.613781,49.210655],[16.613792,49.210642],[16.613803,49.21063],[16.613799,49.210628],[16.61378,49.210621],[16.613764,49.210615],[16.61374,49.210642],[16.613755,49.210648],[16.613764,49.210651],[16.613779,49.210657],[16.613781,49.210655]]]},"properties":{"id":593805,"buildingId":582134,"floorId":593757,"floorLevel":-2,"name":"BA27P2021","type":"food_storage","category":"other","label":"food storage","passportNumber":"BA27P2021","seats":null,"hasProjector":false,"hasWhiteboard":false,"code":null}},{"type":"Feature","geometry":{"type":"Polygon","coordinates":[[[16.613496,49.210647],[16.613499,49.210648],[16.61351,49.210636],[16.613516,49.210629],[16.613517,49.210628],[16.61348,49.210614],[16.613479,49.210615],[16.613473,49.210622],[16.613461,49.210635],[16.613495,49.210648],[16.613496,49.210647]]]},"properties":{"id":593806,"buildingId":582134,"floorId":593757,"floorLevel":-2,"name":"BA27P2017a","type":"kitchen","category":"service","label":"Kitchen","passportNumber":"BA27P2017a","seats":null,"hasProjector":false,"hasWhiteboard":false,"code":null}},{"type":"Feature","geometry":{"type":"Polygon","coordinates":[[[16.613616,49.210652],[16.613608,49.210649],[16.613597,49.210645],[16.61358,49.210638],[16.61357,49.210634],[16.613541,49.210623],[16.61353,49.210619],[16.613527,49.210618],[16.613516,49.210614],[16.613489,49.210604],[16.613488,49.210605],[16.613482,49.210612],[16.613481,49.210613],[16.613548,49.210639],[16.613559,49.210643],[16.613593,49.210656],[16.613604,49.21066],[16.613608,49.210661],[16.613616,49.210652]]]},"properties":{"id":593807,"buildingId":582134,"floorId":593757,"floorLevel":-2,"name":"BA27P2014a","type":"floor","category":"structure","label":"Corridor","passportNumber":"BA27P2014a","seats":null,"hasProjector":false,"hasWhiteboard":false,"code":null}},{"type":"Feature","geometry":{"type":"Polygon","coordinates":[[[16.613771,49.210666],[16.613777,49.210659],[16.613779,49.210658],[16.613764,49.210652],[16.613754,49.210648],[16.613739,49.210643],[16.613726,49.210658],[16.613728,49.210659],[16.613738,49.210663],[16.613765,49.210673],[16.613771,49.210666]]]},"properties":{"id":593808,"buildingId":582134,"floorId":593757,"floorLevel":-2,"name":"BA27P2021a","type":"office","category":"office","label":"Office","passportNumber":"BA27P2021a","seats":null,"hasProjector":false,"hasWhiteboard":false,"code":null}},{"type":"Feature","geometry":{"type":"Polygon","coordinates":[[[16.613697,49.210649],[16.613691,49.210647],[16.613692,49.210646],[16.613693,49.210646],[16.613697,49.210642],[16.613702,49.210644],[16.613711,49.210634],[16.613695,49.210628],[16.613682,49.210642],[16.613683,49.210642],[16.613682,49.210644],[16.613671,49.210639],[16.613672,49.210638],[16.613681,49.210641],[16.613693,49.210627],[16.613662,49.210616],[16.61365,49.21063],[16.613664,49.210635],[16.613663,49.210636],[16.613618,49.210619],[16.613597,49.210643],[16.613676,49.210673],[16.613697,49.210649]]]},"properties":{"id":593809,"buildingId":582134,"floorId":593757,"floorLevel":-2,"name":"BA27P2013a","type":"coatroom","category":"service","label":"Cloakroom","passportNumber":"BA27P2013a","seats":null,"hasProjector":false,"hasWhiteboard":false,"code":null}},{"type":"Feature","geometry":{"type":"Polygon","coordinates":[[[16.613714,49.210669],[16.613719,49.210663],[16.613762,49.210614],[16.61376,49.210613],[16.613741,49.210606],[16.613739,49.210605],[16.613684,49.210667],[16.613686,49.210668],[16.613705,49.210676],[16.613707,49.210676],[16.613714,49.210669]]]},"properties":{"id":593810,"buildingId":582134,"floorId":593757,"floorLevel":-2,"name":"BA27P2022","type":"floor","category":"structure","label":"Corridor","passportNumber":"BA27P2022","seats":null,"hasProjector":false,"hasWhiteboard":false,"code":null}},{"type":"Feature","geometry":{"type":"Polygon","coordinates":[[[16.61357,49.210675],[16.613587,49.210655],[16.613558,49.210644],[16.613547,49.21064],[16.613519,49.210629],[16.613518,49.21063],[16.613512,49.210637],[16.613501,49.210649],[16.6135,49.21065],[16.613568,49.210676],[16.61357,49.210675]]]},"properties":{"id":593811,"buildingId":582134,"floorId":593757,"floorLevel":-2,"name":"BA27P2017","type":"daily_room","category":"other","label":"daily room","passportNumber":"BA27P2017","seats":null,"hasProjector":false,"hasWhiteboard":false,"code":null}},{"type":"Feature","geometry":{"type":"Polygon","coordinates":[[[16.613764,49.210674],[16.613737,49.210664],[16.613727,49.210661],[16.613725,49.21066],[16.613721,49.210663],[16.613716,49.21067],[16.613709,49.210677],[16.613729,49.210685],[16.61374,49.210689],[16.613748,49.210692],[16.613764,49.210674]]]},"properties":{"id":593812,"buildingId":582134,"floorId":593757,"floorLevel":-2,"name":"BA27P2023","type":"storage","category":"service","label":"Storage","passportNumber":"BA27P2023","seats":null,"hasProjector":false,"hasWhiteboard":false,"code":null}},{"type":"Feature","geometry":{"type":"Polygon","coordinates":[[[16.613843,49.210702],[16.613841,49.210701],[16.613844,49.210698],[16.613846,49.210698],[16.613896,49.210641],[16.613895,49.21064],[16.613898,49.210637],[16.6139,49.210637],[16.613923,49.210611],[16.613873,49.210592],[16.613831,49.21064],[16.613805,49.21063],[16.61377,49.21067],[16.613776,49.210672],[16.613773,49.210675],[16.613767,49.210673],[16.613749,49.210694],[16.613825,49.210722],[16.613843,49.210702]]]},"properties":{"id":593813,"buildingId":582134,"floorId":593757,"floorLevel":-2,"name":"BA27P2019","type":"preparatory","category":"service","label":"Preparatory","passportNumber":"BA27P2019","seats":null,"hasProjector":false,"hasWhiteboard":false,"code":null}},{"type":"Feature","geometry":{"type":"Polygon","coordinates":[[[16.613717,49.21073],[16.613733,49.210712],[16.613749,49.210694],[16.613738,49.21069],[16.613728,49.210686],[16.613704,49.210677],[16.613685,49.21067],[16.613683,49.210669],[16.613677,49.210675],[16.613618,49.210652],[16.613608,49.210663],[16.613603,49.210661],[16.613592,49.210657],[16.613589,49.210655],[16.613571,49.210675],[16.613575,49.210677],[16.613574,49.210678],[16.613642,49.210704],[16.613643,49.210703],[16.613649,49.210705],[16.613648,49.210706],[16.613716,49.210732],[16.613717,49.21073]]]},"properties":{"id":593814,"buildingId":582134,"floorId":593757,"floorLevel":-2,"name":"BA27P2018","type":"office","category":"office","label":"Office","passportNumber":"BA27P2018","seats":null,"hasProjector":false,"hasWhiteboard":false,"code":null}},{"type":"Feature","geometry":{"type":"Polygon","coordinates":[[[16.613791,49.210758],[16.613792,49.210759],[16.613825,49.210722],[16.613749,49.210694],[16.613733,49.210712],[16.613735,49.210712],[16.613719,49.210731],[16.613722,49.210732],[16.613721,49.210734],[16.613783,49.210757],[16.61379,49.210759],[16.613791,49.210758]]]},"properties":{"id":593815,"buildingId":582134,"floorId":593757,"floorLevel":-2,"name":"BA27P2020","type":"office","category":"office","label":"Office","passportNumber":"BA27P2020","seats":null,"hasProjector":false,"hasWhiteboard":false,"code":null}},{"type":"Feature","geometry":{"type":"Polygon","coordinates":[[[16.613591,49.210606],[16.613626,49.210567],[16.613588,49.210552],[16.613553,49.210592],[16.613591,49.210606]]]},"properties":{"id":585447,"buildingId":582134,"floorId":585169,"floorLevel":1,"name":"","type":"stairs","category":"circulation","label":"Stairs","passportNumber":null,"seats":null,"hasProjector":false,"hasWhiteboard":false,"code":null}},{"type":"Feature","geometry":{"type":"Polygon","coordinates":[[[16.614062,49.210467],[16.614088,49.210477],[16.614102,49.21046],[16.614076,49.210451],[16.614062,49.210467]]]},"properties":{"id":585530,"buildingId":582134,"floorId":585169,"floorLevel":1,"name":"","type":"elevator","category":"circulation","label":"Elevator","passportNumber":null,"seats":null,"hasProjector":false,"hasWhiteboard":false,"code":null}},{"type":"Feature","geometry":{"type":"Polygon","coordinates":[[[16.613646,49.210428],[16.613682,49.210442],[16.613701,49.21042],[16.613666,49.210406],[16.613646,49.210428]]]},"properties":{"id":585531,"buildingId":582134,"floorId":585169,"floorLevel":1,"name":"","type":"elevator","category":"circulation","label":"Elevator","passportNumber":null,"seats":null,"hasProjector":false,"hasWhiteboard":false,"code":null}},{"type":"Feature","geometry":{"type":"Polygon","coordinates":[[[16.613825,49.210141],[16.613766,49.210119],[16.613711,49.210181],[16.613644,49.210258],[16.613702,49.21028],[16.61377,49.210203],[16.613825,49.210141]]]},"properties":{"id":588479,"buildingId":582134,"floorId":588247,"floorLevel":2,"name":"\b","type":"hall","category":"other","label":"hall","passportNumber":null,"seats":null,"hasProjector":false,"hasWhiteboard":false,"code":null}},{"type":"Feature","geometry":{"type":"Polygon","coordinates":[[[16.614063,49.210232],[16.614005,49.21021],[16.613953,49.210268],[16.613883,49.210348],[16.613941,49.21037],[16.614008,49.210294],[16.614063,49.210232]]]},"properties":{"id":588480,"buildingId":582134,"floorId":588247,"floorLevel":2,"name":"\b","type":"hall","category":"other","label":"hall","passportNumber":null,"seats":null,"hasProjector":false,"hasWhiteboard":false,"code":null}},{"type":"Feature","geometry":{"type":"Polygon","coordinates":[[[16.613691,49.210604],[16.613697,49.210598],[16.613706,49.210601],[16.613712,49.210595],[16.613702,49.210592],[16.613687,49.210587],[16.613676,49.210599],[16.613691,49.210604]]]},"properties":{"id":591348,"buildingId":582134,"floorId":591142,"floorLevel":-1,"name":"","type":"toilet","category":"service","label":"Toilet","passportNumber":null,"seats":null,"hasProjector":false,"hasWhiteboard":false,"code":null}},{"type":"Feature","geometry":{"type":"Polygon","coordinates":[[[16.613219,49.21046],[16.613253,49.210473],[16.613269,49.210455],[16.613235,49.210442],[16.613219,49.21046]]]},"properties":{"id":591455,"buildingId":582134,"floorId":591142,"floorLevel":-1,"name":"","type":"elevator","category":"circulation","label":"Elevator","passportNumber":null,"seats":null,"hasProjector":false,"hasWhiteboard":false,"code":null}},{"type":"Feature","geometry":{"type":"Polygon","coordinates":[[[16.613783,49.210331],[16.613794,49.210319],[16.613801,49.21031],[16.613779,49.210301],[16.61376,49.210294],[16.613705,49.210274],[16.613698,49.210282],[16.613644,49.210261],[16.613655,49.210248],[16.613609,49.210231],[16.613602,49.210228],[16.613591,49.210224],[16.613585,49.210222],[16.613572,49.210237],[16.613565,49.210244],[16.61356,49.21025],[16.613567,49.210253],[16.613578,49.210257],[16.613601,49.210265],[16.613612,49.21027],[16.613642,49.210281],[16.613652,49.210285],[16.613709,49.210306],[16.61372,49.21031],[16.613781,49.210333],[16.613783,49.210331]]]},"properties":{"id":585212,"buildingId":582134,"floorId":585169,"floorLevel":1,"name":"BA27N1045","type":"floor","category":"structure","label":"Corridor","passportNumber":"BA27N1045","seats":null,"hasProjector":false,"hasWhiteboard":false,"code":null}},{"type":"Feature","geometry":{"type":"Polygon","coordinates":[[[16.6138,49.210021],[16.613794,49.210019],[16.613776,49.210012],[16.613771,49.21001],[16.613738,49.210048],[16.613747,49.210051],[16.613758,49.210055],[16.613767,49.210059],[16.6138,49.210021]]]},"properties":{"id":585170,"buildingId":582134,"floorId":585169,"floorLevel":1,"name":"BA27N1067","type":"storage","category":"service","label":"Storage","passportNumber":"BA27N1067","seats":null,"hasProjector":false,"hasWhiteboard":false,"code":null}},{"type":"Feature","geometry":{"type":"Polygon","coordinates":[[[16.613836,49.210035],[16.613831,49.210033],[16.613813,49.210026],[16.613802,49.210022],[16.613769,49.21006],[16.61378,49.210064],[16.613791,49.210068],[16.613803,49.210073],[16.613836,49.210035]]]},"properties":{"id":585172,"buildingId":582134,"floorId":585169,"floorLevel":1,"name":"BA27N1068","type":"storage","category":"service","label":"Storage","passportNumber":"BA27N1068","seats":null,"hasProjector":false,"hasWhiteboard":false,"code":null}},{"type":"Feature","geometry":{"type":"Polygon","coordinates":[[[16.61391,49.210063],[16.613905,49.210061],[16.613887,49.210054],[16.613868,49.210047],[16.61385,49.21004],[16.613843,49.210038],[16.613842,49.210039],[16.613837,49.210037],[16.613805,49.210073],[16.613814,49.210077],[16.613824,49.210081],[16.613877,49.2101],[16.61391,49.210063]]]},"properties":{"id":585173,"buildingId":582134,"floorId":585169,"floorLevel":1,"name":"BA27N1069","type":"classroom_and_laboratory","category":"teaching","label":"Classroom / lab","passportNumber":"BA27N1069","seats":null,"hasProjector":false,"hasWhiteboard":false,"code":null}},{"type":"Feature","geometry":{"type":"Polygon","coordinates":[[[16.6137,49.210089],[16.613706,49.210082],[16.613715,49.210072],[16.61371,49.21007],[16.613713,49.210066],[16.613644,49.21004],[16.613641,49.210044],[16.613639,49.210043],[16.613634,49.210049],[16.613621,49.210064],[16.613615,49.210071],[16.61369,49.2101],[16.6137,49.210089]]]},"properties":{"id":585174,"buildingId":582134,"floorId":585169,"floorLevel":1,"name":"BA27N1053","type":"office","category":"office","label":"Office","passportNumber":"BA27N1053","seats":null,"hasProjector":false,"hasWhiteboard":false,"code":null}},{"type":"Feature","geometry":{"type":"Polygon","coordinates":[[[16.613787,49.210099],[16.613783,49.210098],[16.613788,49.210092],[16.613769,49.210085],[16.613763,49.210092],[16.613761,49.210092],[16.613767,49.210085],[16.613747,49.210077],[16.613727,49.210099],[16.613748,49.210107],[16.613754,49.2101],[16.613744,49.210096],[16.613745,49.210095],[16.613755,49.210099],[16.613756,49.210097],[16.613758,49.210098],[16.613756,49.2101],[16.613758,49.210101],[16.613751,49.210108],[16.613772,49.210116],[16.613787,49.210099]]]},"properties":{"id":585175,"buildingId":582134,"floorId":585169,"floorLevel":1,"name":"BA27N1057","type":"toilet","category":"service","label":"Toilet","passportNumber":"BA27N1057","seats":null,"hasProjector":false,"hasWhiteboard":false,"code":null}},{"type":"Feature","geometry":{"type":"Polygon","coordinates":[[[16.613958,49.21012],[16.613964,49.210113],[16.613984,49.210091],[16.613979,49.210089],[16.61396,49.210082],[16.613942,49.210075],[16.613923,49.210068],[16.613917,49.210066],[16.613916,49.210067],[16.613911,49.210065],[16.613878,49.210101],[16.613891,49.210106],[16.613902,49.21011],[16.61395,49.210128],[16.613958,49.21012]]]},"properties":{"id":585176,"buildingId":582134,"floorId":585169,"floorLevel":1,"name":"BA27N1070","type":"classroom_and_laboratory","category":"teaching","label":"Classroom / lab","passportNumber":"BA27N1070","seats":null,"hasProjector":false,"hasWhiteboard":false,"code":null}},{"type":"Feature","geometry":{"type":"Polygon","coordinates":[[[16.613673,49.21012],[16.613679,49.210113],[16.613689,49.210101],[16.613614,49.210072],[16.613608,49.210079],[16.613594,49.210095],[16.61359,49.210099],[16.613666,49.210128],[16.613673,49.21012]]]},"properties":{"id":585177,"buildingId":582134,"floorId":585169,"floorLevel":1,"name":"BA27N1052","type":"office","category":"office","label":"Office","passportNumber":"BA27N1052","seats":null,"hasProjector":false,"hasWhiteboard":false,"code":null}},{"type":"Feature","geometry":{"type":"Polygon","coordinates":[[[16.61377,49.210118],[16.613748,49.21011],[16.613734,49.210125],[16.613733,49.210124],[16.61374,49.210116],[16.613729,49.210112],[16.61373,49.210111],[16.613741,49.210115],[16.613747,49.210108],[16.613726,49.2101],[16.613704,49.210126],[16.613724,49.210134],[16.613728,49.21013],[16.61373,49.21013],[16.613729,49.210131],[16.613751,49.210139],[16.61377,49.210118]]]},"properties":{"id":585178,"buildingId":582134,"floorId":585169,"floorLevel":1,"name":"BA27N1055","type":"toilet","category":"service","label":"Toilet","passportNumber":"BA27N1055","seats":null,"hasProjector":false,"hasWhiteboard":false,"code":null}},{"type":"Feature","geometry":{"type":"Polygon","coordinates":[[[16.614031,49.210148],[16.614037,49.210141],[16.614057,49.210119],[16.614052,49.210117],[16.614034,49.21011],[16.614016,49.210103],[16.613997,49.210096],[16.613991,49.210093],[16.61399,49.210095],[16.613984,49.210093],[16.613966,49.210114],[16.613959,49.210121],[16.613952,49.210129],[16.613965,49.210134],[16.613975,49.210138],[16.614024,49.210156],[16.614031,49.210148]]]},"properties":{"id":585179,"buildingId":582134,"floorId":585169,"floorLevel":1,"name":"BA27N1071","type":"office","category":"office","label":"Office","passportNumber":"BA27N1071","seats":null,"hasProjector":false,"hasWhiteboard":false,"code":null}},{"type":"Feature","geometry":{"type":"Polygon","coordinates":[[[16.614096,49.210133],[16.614089,49.210131],[16.614071,49.210124],[16.614064,49.210121],[16.614063,49.210123],[16.614058,49.21012],[16.614039,49.210142],[16.614033,49.210149],[16.614026,49.210157],[16.614063,49.210171],[16.614096,49.210133]]]},"properties":{"id":585181,"buildingId":582134,"floorId":585169,"floorLevel":1,"name":"BA27N1072","type":"storage","category":"service","label":"Storage","passportNumber":"BA27N1072","seats":null,"hasProjector":false,"hasWhiteboard":false,"code":null}},{"type":"Feature","geometry":{"type":"Polygon","coordinates":[[[16.613913,49.210138],[16.613868,49.210121],[16.613862,49.210127],[16.613857,49.210125],[16.61386,49.210122],[16.613854,49.210119],[16.613856,49.210117],[16.613794,49.210093],[16.613772,49.210118],[16.613891,49.210163],[16.613913,49.210138]]]},"properties":{"id":585182,"buildingId":582134,"floorId":585169,"floorLevel":1,"name":"BA27N1061","type":"office","category":"office","label":"Office","passportNumber":"BA27N1061","seats":null,"hasProjector":false,"hasWhiteboard":false,"code":null}},{"type":"Feature","geometry":{"type":"Polygon","coordinates":[[[16.613655,49.21014],[16.613653,49.210139],[16.61366,49.210132],[16.613656,49.21013],[16.613659,49.210127],[16.613591,49.210101],[16.613588,49.210105],[16.613586,49.210104],[16.613581,49.21011],[16.613567,49.210125],[16.613561,49.210132],[16.613637,49.210161],[16.613655,49.21014]]]},"properties":{"id":585183,"buildingId":582134,"floorId":585169,"floorLevel":1,"name":"BA27N1050","type":"office","category":"office","label":"Office","passportNumber":"BA27N1050","seats":null,"hasProjector":false,"hasWhiteboard":false,"code":null}},{"type":"Feature","geometry":{"type":"Polygon","coordinates":[[[16.614133,49.210149],[16.614132,49.210148],[16.614133,49.210147],[16.614126,49.210145],[16.614108,49.210138],[16.614098,49.210134],[16.614065,49.210172],[16.614075,49.210175],[16.614086,49.210179],[16.614088,49.21018],[16.61409,49.210178],[16.614104,49.210183],[16.614133,49.210149]]]},"properties":{"id":585184,"buildingId":582134,"floorId":585169,"floorLevel":1,"name":"BA27N1073","type":"office","category":"office","label":"Office","passportNumber":"BA27N1073","seats":null,"hasProjector":false,"hasWhiteboard":false,"code":null}},{"type":"Feature","geometry":{"type":"Polygon","coordinates":[[[16.613733,49.21016],[16.61373,49.210158],[16.613733,49.210155],[16.613736,49.210156],[16.613737,49.210155],[16.613737,49.210155],[16.613737,49.210155],[16.613742,49.210149],[16.613743,49.210148],[16.613743,49.210148],[16.61375,49.21014],[16.613728,49.210132],[16.613724,49.210137],[16.613701,49.210128],[16.613701,49.210129],[16.613695,49.210136],[16.613674,49.21016],[16.613718,49.210176],[16.613733,49.21016]]]},"properties":{"id":585185,"buildingId":582134,"floorId":585169,"floorLevel":1,"name":"BA27N1051","type":"kitchen","category":"service","label":"Kitchen","passportNumber":"BA27N1051","seats":null,"hasProjector":false,"hasWhiteboard":false,"code":null}},{"type":"Feature","geometry":{"type":"Polygon","coordinates":[[[16.614076,49.210177],[16.614055,49.210169],[16.614051,49.210174],[16.614045,49.210181],[16.614041,49.210185],[16.614077,49.210198],[16.614077,49.210199],[16.614079,49.210199],[16.614077,49.210202],[16.614088,49.210206],[16.614091,49.210203],[16.614104,49.210188],[16.6141,49.210187],[16.614093,49.210184],[16.614091,49.210183],[16.614091,49.210183],[16.614087,49.210181],[16.614076,49.210177]]]},"properties":{"id":585186,"buildingId":582134,"floorId":585169,"floorLevel":1,"name":"BA27N1066a","type":"floor","category":"structure","label":"Corridor","passportNumber":"BA27N1066a","seats":null,"hasProjector":false,"hasWhiteboard":false,"code":null}},{"type":"Feature","geometry":{"type":"Polygon","coordinates":[[[16.613876,49.210181],[16.613882,49.210174],[16.61389,49.210165],[16.613824,49.210139],[16.6138,49.210166],[16.613867,49.210191],[16.613876,49.210181]]]},"properties":{"id":585188,"buildingId":582134,"floorId":585169,"floorLevel":1,"name":"BA27N1060","type":"preparatory","category":"service","label":"Preparatory","passportNumber":"BA27N1060","seats":null,"hasProjector":false,"hasWhiteboard":false,"code":null}},{"type":"Feature","geometry":{"type":"Polygon","coordinates":[[[16.614012,49.210184],[16.614004,49.210181],[16.61401,49.210175],[16.613965,49.210158],[16.613952,49.210172],[16.613954,49.210173],[16.613944,49.210183],[16.613995,49.210203],[16.614012,49.210184]]]},"properties":{"id":585189,"buildingId":582134,"floorId":585169,"floorLevel":1,"name":"BA27N1063","type":"storage","category":"service","label":"Storage","passportNumber":"BA27N1063","seats":null,"hasProjector":false,"hasWhiteboard":false,"code":null}},{"type":"Feature","geometry":{"type":"Polygon","coordinates":[[[16.613636,49.210162],[16.61356,49.210133],[16.613536,49.21016],[16.613612,49.210189],[16.613636,49.210162]]]},"properties":{"id":585190,"buildingId":582134,"floorId":585169,"floorLevel":1,"name":"BA27N1048","type":"office","category":"office","label":"Office","passportNumber":"BA27N1048","seats":null,"hasProjector":false,"hasWhiteboard":false,"code":null}},{"type":"Feature","geometry":{"type":"Polygon","coordinates":[[[16.614079,49.210208],[16.614068,49.210204],[16.614072,49.210198],[16.614021,49.210179],[16.614015,49.210186],[16.614013,49.210185],[16.613997,49.210203],[16.614062,49.210228],[16.614079,49.210208]]]},"properties":{"id":585192,"buildingId":582134,"floorId":585169,"floorLevel":1,"name":"BA27N1064","type":"office","category":"office","label":"Office","passportNumber":"BA27N1064","seats":null,"hasProjector":false,"hasWhiteboard":false,"code":null}},{"type":"Feature","geometry":{"type":"Polygon","coordinates":[[[16.613717,49.210177],[16.613673,49.210161],[16.613661,49.210174],[16.613655,49.210181],[16.613643,49.210195],[16.613687,49.210212],[16.613717,49.210177]]]},"properties":{"id":585193,"buildingId":582134,"floorId":585169,"floorLevel":1,"name":"BA27N1049","type":"office","category":"office","label":"Office","passportNumber":"BA27N1049","seats":null,"hasProjector":false,"hasWhiteboard":false,"code":null}},{"type":"Feature","geometry":{"type":"Polygon","coordinates":[[[16.614008,49.210209],[16.613941,49.210184],[16.613933,49.210194],[16.613927,49.210201],[16.613918,49.21021],[16.613985,49.210236],[16.614008,49.210209]]]},"properties":{"id":585194,"buildingId":582134,"floorId":585169,"floorLevel":1,"name":"BA27N1062","type":"storage","category":"service","label":"Storage","passportNumber":"BA27N1062","seats":null,"hasProjector":false,"hasWhiteboard":false,"code":null}},{"type":"Feature","geometry":{"type":"Polygon","coordinates":[[[16.614099,49.210233],[16.614111,49.21022],[16.614085,49.21021],[16.614083,49.210211],[16.61408,49.21021],[16.614061,49.210232],[16.61409,49.210243],[16.614099,49.210233]]]},"properties":{"id":585195,"buildingId":582134,"floorId":585169,"floorLevel":1,"name":"BA27N1081g","type":"substation","category":"other","label":"substation","passportNumber":"BA27N1081g","seats":null,"hasProjector":false,"hasWhiteboard":false,"code":null}},{"type":"Feature","geometry":{"type":"Polygon","coordinates":[[[16.613725,49.21006],[16.613732,49.210053],[16.613768,49.210011],[16.613763,49.210009],[16.613764,49.210008],[16.613758,49.210005],[16.613739,49.209998],[16.613721,49.209991],[16.613702,49.209984],[16.613696,49.209982],[16.613695,49.209983],[16.613693,49.209982],[16.613651,49.21003],[16.613648,49.210034],[16.613644,49.210038],[16.613719,49.210067],[16.613725,49.21006]]]},"properties":{"id":585171,"buildingId":582134,"floorId":585169,"floorLevel":1,"name":"BA27N1054","type":"office","category":"office","label":"Office","passportNumber":"BA27N1054","seats":null,"hasProjector":false,"hasWhiteboard":false,"code":null}},{"type":"Feature","geometry":{"type":"Polygon","coordinates":[[[16.613608,49.210193],[16.613603,49.210191],[16.613606,49.210188],[16.613537,49.210162],[16.613534,49.210165],[16.613532,49.210165],[16.613508,49.210193],[16.613583,49.210221],[16.613608,49.210193]]]},"properties":{"id":585196,"buildingId":582134,"floorId":585169,"floorLevel":1,"name":"BA27N1046","type":"office","category":"office","label":"Office","passportNumber":"BA27N1046","seats":null,"hasProjector":false,"hasWhiteboard":false,"code":null}},{"type":"Feature","geometry":{"type":"Polygon","coordinates":[[[16.614122,49.210242],[16.614128,49.210235],[16.614134,49.210229],[16.614129,49.210227],[16.614131,49.210225],[16.61413,49.210224],[16.61412,49.21022],[16.614119,49.21022],[16.614117,49.210222],[16.614112,49.210221],[16.614107,49.210227],[16.614101,49.210234],[16.614092,49.210244],[16.614113,49.210252],[16.614122,49.210242]]]},"properties":{"id":585198,"buildingId":582134,"floorId":585169,"floorLevel":1,"name":"BA27N1081f","type":"floor","category":"structure","label":"Corridor","passportNumber":"BA27N1081f","seats":null,"hasProjector":false,"hasWhiteboard":false,"code":null}},{"type":"Feature","geometry":{"type":"Polygon","coordinates":[[[16.613747,49.210074],[16.613916,49.210138],[16.613869,49.210192],[16.613916,49.21021],[16.613959,49.210162],[16.613964,49.210156],[16.614041,49.210185],[16.614054,49.210169],[16.613737,49.210049],[16.613585,49.210222],[16.613609,49.210231],[16.613747,49.210074]]]},"properties":{"id":585199,"buildingId":582134,"floorId":585169,"floorLevel":1,"name":"BA27N1065","type":"floor","category":"structure","label":"Corridor","passportNumber":"BA27N1065","seats":null,"hasProjector":false,"hasWhiteboard":false,"code":null}},{"type":"Feature","geometry":{"type":"Polygon","coordinates":[[[16.614254,49.210245],[16.614106,49.210189],[16.61409,49.210207],[16.61412,49.210218],[16.614133,49.210223],[16.614182,49.210242],[16.614201,49.210249],[16.614207,49.210251],[16.61422,49.210256],[16.614238,49.210263],[16.614254,49.210245]]]},"properties":{"id":585200,"buildingId":582134,"floorId":585169,"floorLevel":1,"name":"BA27N1082a","type":"ramp","category":"other","label":"ramp","passportNumber":"BA27N1082a","seats":null,"hasProjector":false,"hasWhiteboard":false,"code":null}},{"type":"Feature","geometry":{"type":"Polygon","coordinates":[[[16.614175,49.210244],[16.614158,49.210238],[16.614157,49.210239],[16.614152,49.210237],[16.614153,49.210236],[16.614136,49.210229],[16.61413,49.210236],[16.614124,49.210243],[16.614115,49.210253],[16.614154,49.210268],[16.614175,49.210244]]]},"properties":{"id":585201,"buildingId":582134,"floorId":585169,"floorLevel":1,"name":"BA27N1081e","type":"substation","category":"other","label":"substation","passportNumber":"BA27N1081e","seats":null,"hasProjector":false,"hasWhiteboard":false,"code":null}},{"type":"Feature","geometry":{"type":"Polygon","coordinates":[[[16.613679,49.21022],[16.613676,49.210219],[16.613679,49.210216],[16.613683,49.210217],[16.613686,49.210213],[16.613642,49.210196],[16.61363,49.21021],[16.613624,49.210217],[16.613612,49.21023],[16.613656,49.210247],[16.613679,49.21022]]]},"properties":{"id":585203,"buildingId":582134,"floorId":585169,"floorLevel":1,"name":"BA27N1047","type":"office","category":"office","label":"Office","passportNumber":"BA27N1047","seats":null,"hasProjector":false,"hasWhiteboard":false,"code":null}},{"type":"Feature","geometry":{"type":"Polygon","coordinates":[[[16.6142,49.210254],[16.614198,49.210253],[16.6142,49.210251],[16.614199,49.21025],[16.614182,49.210244],[16.614181,49.210243],[16.614179,49.210246],[16.614177,49.210245],[16.614156,49.210268],[16.61418,49.210277],[16.6142,49.210254]]]},"properties":{"id":585204,"buildingId":582134,"floorId":585169,"floorLevel":1,"name":"BA27N1081c","type":"engine_room","category":"service","label":"Engine room","passportNumber":"BA27N1081c","seats":null,"hasProjector":false,"hasWhiteboard":false,"code":null}},{"type":"Feature","geometry":{"type":"Polygon","coordinates":[[[16.613564,49.210243],[16.61357,49.210236],[16.613582,49.210222],[16.61357,49.210218],[16.613559,49.210214],[16.613507,49.210194],[16.6135,49.210201],[16.613487,49.210216],[16.613483,49.210221],[16.613558,49.210249],[16.613564,49.210243]]]},"properties":{"id":585205,"buildingId":582134,"floorId":585169,"floorLevel":1,"name":"BA27N1044","type":"office","category":"office","label":"Office","passportNumber":"BA27N1044","seats":null,"hasProjector":false,"hasWhiteboard":false,"code":null}},{"type":"Feature","geometry":{"type":"Polygon","coordinates":[[[16.614227,49.210266],[16.614226,49.210265],[16.614227,49.210264],[16.614216,49.21026],[16.614219,49.210258],[16.614218,49.210257],[16.614207,49.210253],[16.614206,49.210253],[16.614204,49.210255],[16.614202,49.210255],[16.614182,49.210278],[16.614208,49.210288],[16.614227,49.210266]]]},"properties":{"id":585206,"buildingId":582134,"floorId":585169,"floorLevel":1,"name":"BA27N1081d","type":"substation","category":"other","label":"substation","passportNumber":"BA27N1081d","seats":null,"hasProjector":false,"hasWhiteboard":false,"code":null}},{"type":"Feature","geometry":{"type":"Polygon","coordinates":[[[16.614079,49.210277],[16.614103,49.210286],[16.614114,49.210273],[16.614132,49.21028],[16.614145,49.210266],[16.614063,49.210235],[16.614038,49.210263],[16.614033,49.210268],[16.614031,49.210271],[16.614071,49.210286],[16.614079,49.210277]]]},"properties":{"id":585207,"buildingId":582134,"floorId":585169,"floorLevel":1,"name":"BA27N1081a","type":"utility_room","category":"service","label":"Utility","passportNumber":"BA27N1081a","seats":null,"hasProjector":false,"hasWhiteboard":false,"code":null}},{"type":"Feature","geometry":{"type":"Polygon","coordinates":[[[16.613817,49.21014],[16.613772,49.210123],[16.613652,49.210259],[16.613696,49.210276],[16.613817,49.21014]]]},"properties":{"id":585208,"buildingId":582134,"floorId":585169,"floorLevel":1,"name":"BA27N1074","type":"hall","category":"other","label":"hall","passportNumber":"BA27N1074","seats":null,"hasProjector":false,"hasWhiteboard":false,"code":null}},{"type":"Feature","geometry":{"type":"Polygon","coordinates":[[[16.613825,49.210276],[16.613824,49.210275],[16.613827,49.210271],[16.613828,49.210272],[16.613879,49.210215],[16.613877,49.210214],[16.61388,49.210211],[16.613882,49.210211],[16.613891,49.210202],[16.613888,49.210201],[16.613869,49.210193],[16.613799,49.210167],[16.613789,49.210178],[16.613736,49.210239],[16.613706,49.210273],[16.613766,49.210295],[16.613785,49.210302],[16.613798,49.210307],[16.613825,49.210276]]]},"properties":{"id":585211,"buildingId":582134,"floorId":585169,"floorLevel":1,"name":"BA27N1058","type":"office","category":"office","label":"Office","passportNumber":"BA27N1058","seats":null,"hasProjector":false,"hasWhiteboard":false,"code":null}},{"type":"Feature","geometry":{"type":"Polygon","coordinates":[[[16.613553,49.210298],[16.613559,49.210291],[16.613582,49.210265],[16.613576,49.210263],[16.613579,49.210259],[16.613566,49.210254],[16.613564,49.210257],[16.613555,49.210253],[16.613554,49.210254],[16.613549,49.210252],[16.613552,49.210248],[16.613484,49.210223],[16.613481,49.210226],[16.613479,49.210225],[16.613428,49.210283],[16.61343,49.210283],[16.613429,49.210284],[16.613436,49.210287],[16.613454,49.210294],[16.613472,49.210301],[16.613491,49.210308],[16.613497,49.21031],[16.613498,49.210309],[16.613504,49.210311],[16.613503,49.210312],[16.613509,49.210315],[16.613528,49.210322],[16.613531,49.210323],[16.613553,49.210298]]]},"properties":{"id":585213,"buildingId":582134,"floorId":585169,"floorLevel":1,"name":"BA27N1036","type":"classroom_and_laboratory","category":"teaching","label":"Classroom / lab","passportNumber":"BA27N1036","seats":null,"hasProjector":false,"hasWhiteboard":false,"code":null}},{"type":"Feature","geometry":{"type":"Polygon","coordinates":[[[16.61392,49.210309],[16.613974,49.210248],[16.613984,49.210237],[16.613914,49.21021],[16.613895,49.210203],[16.613892,49.210202],[16.613884,49.210212],[16.613886,49.210213],[16.613883,49.210216],[16.613881,49.210215],[16.61383,49.210273],[16.613832,49.210273],[16.613829,49.210277],[16.613827,49.210276],[16.613799,49.210308],[16.613812,49.210312],[16.613831,49.21032],[16.613891,49.210342],[16.61392,49.210309]]]},"properties":{"id":585214,"buildingId":582134,"floorId":585169,"floorLevel":1,"name":"BA27N1059","type":"office","category":"office","label":"Office","passportNumber":"BA27N1059","seats":null,"hasProjector":false,"hasWhiteboard":false,"code":null}},{"type":"Feature","geometry":{"type":"Polygon","coordinates":[[[16.613591,49.210313],[16.613598,49.210306],[16.613624,49.210276],[16.613599,49.210266],[16.613597,49.210269],[16.613585,49.210264],[16.613561,49.210292],[16.613555,49.210299],[16.613533,49.210324],[16.613546,49.210329],[16.613565,49.210336],[16.613569,49.210338],[16.613591,49.210313]]]},"properties":{"id":585215,"buildingId":582134,"floorId":585169,"floorLevel":1,"name":"BA27N1037","type":"classroom_and_laboratory","category":"teaching","label":"Classroom / lab","passportNumber":"BA27N1037","seats":null,"hasProjector":false,"hasWhiteboard":false,"code":null}},{"type":"Feature","geometry":{"type":"Polygon","coordinates":[[[16.613741,49.210339],[16.613742,49.21034],[16.613741,49.210341],[16.613764,49.21035],[16.613775,49.210338],[16.61377,49.210336],[16.613772,49.210333],[16.613754,49.210327],[16.613748,49.210334],[16.613746,49.210333],[16.613753,49.210326],[16.613731,49.210318],[16.613706,49.210346],[16.613728,49.210354],[16.613741,49.210339]]]},"properties":{"id":585216,"buildingId":582134,"floorId":585169,"floorLevel":1,"name":"BA27N1078","type":"toilet","category":"service","label":"Toilet","passportNumber":"BA27N1078","seats":null,"hasProjector":false,"hasWhiteboard":false,"code":null}},{"type":"Feature","geometry":{"type":"Polygon","coordinates":[[[16.614056,49.21023],[16.614011,49.210213],[16.613891,49.21035],[16.613935,49.210367],[16.614056,49.21023]]]},"properties":{"id":585217,"buildingId":582134,"floorId":585169,"floorLevel":1,"name":"BA27N1075","type":"hall","category":"other","label":"hall","passportNumber":"BA27N1075","seats":null,"hasProjector":false,"hasWhiteboard":false,"code":null}},{"type":"Feature","geometry":{"type":"Polygon","coordinates":[[[16.613661,49.21029],[16.613651,49.210286],[16.613641,49.210282],[16.613631,49.210278],[16.613628,49.210282],[16.613623,49.21028],[16.613599,49.210306],[16.613593,49.210313],[16.613572,49.210337],[16.613578,49.210339],[16.613577,49.21034],[16.613606,49.210352],[16.613661,49.21029]]]},"properties":{"id":585218,"buildingId":582134,"floorId":585169,"floorLevel":1,"name":"BA27N1038","type":"storage","category":"service","label":"Storage","passportNumber":"BA27N1038","seats":null,"hasProjector":false,"hasWhiteboard":false,"code":null}},{"type":"Feature","geometry":{"type":"Polygon","coordinates":[[[16.613763,49.210351],[16.613742,49.210343],[16.61373,49.210356],[16.613752,49.210364],[16.613763,49.210351]]]},"properties":{"id":585220,"buildingId":582134,"floorId":585169,"floorLevel":1,"name":"BA27N1079","type":"toilet","category":"service","label":"Toilet","passportNumber":"BA27N1079","seats":null,"hasProjector":false,"hasWhiteboard":false,"code":null}},{"type":"Feature","geometry":{"type":"Polygon","coordinates":[[[16.614122,49.210383],[16.614123,49.210384],[16.614127,49.210379],[16.614131,49.210381],[16.614143,49.210367],[16.614139,49.210366],[16.614174,49.210326],[16.614172,49.210326],[16.614175,49.210322],[16.614177,49.210323],[16.614189,49.210309],[16.614192,49.210311],[16.614204,49.210297],[16.614201,49.210296],[16.614207,49.210289],[16.614147,49.210266],[16.614122,49.210295],[16.614079,49.210279],[16.614072,49.210288],[16.61403,49.210272],[16.613981,49.210327],[16.613979,49.210329],[16.613978,49.210331],[16.614046,49.210357],[16.614048,49.210355],[16.614053,49.210357],[16.614051,49.210359],[16.61412,49.210385],[16.614122,49.210383]]]},"properties":{"id":585221,"buildingId":582134,"floorId":585169,"floorLevel":1,"name":"BA27N1081","type":"engine_room","category":"service","label":"Engine room","passportNumber":"BA27N1081","seats":null,"hasProjector":false,"hasWhiteboard":false,"code":null}},{"type":"Feature","geometry":{"type":"Polygon","coordinates":[[[16.614003,49.210343],[16.613976,49.210333],[16.613973,49.210331],[16.613938,49.210371],[16.613956,49.210377],[16.613967,49.210382],[16.613969,49.210382],[16.614003,49.210343]]]},"properties":{"id":585222,"buildingId":582134,"floorId":585169,"floorLevel":1,"name":"BA27N1042","type":"storage","category":"service","label":"Storage","passportNumber":"BA27N1042","seats":null,"hasProjector":false,"hasWhiteboard":false,"code":null}},{"type":"Feature","geometry":{"type":"Polygon","coordinates":[[[16.613751,49.210366],[16.613729,49.210358],[16.613718,49.210371],[16.613739,49.210379],[16.613751,49.210366]]]},"properties":{"id":585223,"buildingId":582134,"floorId":585169,"floorLevel":1,"name":"BA27N1077","type":"toilet","category":"service","label":"Toilet","passportNumber":"BA27N1077","seats":null,"hasProjector":false,"hasWhiteboard":false,"code":null}},{"type":"Feature","geometry":{"type":"Polygon","coordinates":[[[16.61373,49.210316],[16.613705,49.210306],[16.613702,49.21031],[16.613696,49.210308],[16.613699,49.210304],[16.613672,49.210294],[16.613671,49.210295],[16.613662,49.210291],[16.613608,49.210352],[16.61362,49.210357],[16.613638,49.210364],[16.613645,49.210366],[16.613646,49.210365],[16.613651,49.210367],[16.61365,49.210368],[16.613657,49.210371],[16.613675,49.210378],[16.61373,49.210316]]]},"properties":{"id":585224,"buildingId":582134,"floorId":585169,"floorLevel":1,"name":"BA27N1039","type":"classroom_and_laboratory","category":"teaching","label":"Classroom / lab","passportNumber":"BA27N1039","seats":null,"hasProjector":false,"hasWhiteboard":false,"code":null}},{"type":"Feature","geometry":{"type":"Polygon","coordinates":[[[16.613824,49.210383],[16.613829,49.210378],[16.613832,49.210374],[16.613837,49.210369],[16.613845,49.210359],[16.613819,49.210349],[16.613808,49.210361],[16.613803,49.210368],[16.613792,49.21038],[16.613818,49.21039],[16.613824,49.210383]]]},"properties":{"id":585225,"buildingId":582134,"floorId":585169,"floorLevel":1,"name":"BA27N1041","type":"coatroom","category":"service","label":"Cloakroom","passportNumber":"BA27N1041","seats":null,"hasProjector":false,"hasWhiteboard":false,"code":null}},{"type":"Feature","geometry":{"type":"Polygon","coordinates":[[[16.613845,49.210391],[16.613836,49.210387],[16.613837,49.210386],[16.613846,49.210389],[16.613854,49.210381],[16.613845,49.210377],[16.613846,49.210376],[16.613852,49.210379],[16.613863,49.210366],[16.613852,49.210362],[16.613849,49.210366],[16.613844,49.210363],[16.613836,49.210372],[16.613837,49.210373],[16.613836,49.210374],[16.613835,49.210374],[16.613827,49.210382],[16.613828,49.210383],[16.613827,49.210384],[16.613826,49.210383],[16.61382,49.21039],[16.613839,49.210398],[16.613845,49.210391]]]},"properties":{"id":585227,"buildingId":582134,"floorId":585169,"floorLevel":1,"name":"BA27N1041a","type":"toilet","category":"service","label":"Toilet","passportNumber":"BA27N1041a","seats":null,"hasProjector":false,"hasWhiteboard":false,"code":null}},{"type":"Feature","geometry":{"type":"Polygon","coordinates":[[[16.613738,49.21038],[16.613715,49.210371],[16.613714,49.210372],[16.613712,49.210372],[16.613725,49.210357],[16.613703,49.210349],[16.613677,49.210378],[16.613699,49.210387],[16.613707,49.210378],[16.613708,49.210379],[16.613702,49.210386],[16.613725,49.210395],[16.613738,49.21038]]]},"properties":{"id":585228,"buildingId":582134,"floorId":585169,"floorLevel":1,"name":"BA27N1076","type":"toilet","category":"service","label":"Toilet","passportNumber":"BA27N1076","seats":null,"hasProjector":false,"hasWhiteboard":false,"code":null}},{"type":"Feature","geometry":{"type":"Polygon","coordinates":[[[16.613818,49.210348],[16.613905,49.210381],[16.613916,49.210385],[16.613954,49.210399],[16.613968,49.210383],[16.613966,49.210383],[16.613955,49.210379],[16.613937,49.210372],[16.613935,49.210371],[16.613925,49.210367],[16.613919,49.210365],[16.61391,49.210362],[16.613899,49.210357],[16.61389,49.210354],[16.613883,49.210351],[16.61389,49.210343],[16.613831,49.210321],[16.613812,49.210314],[16.613802,49.21031],[16.613794,49.210319],[16.613783,49.210331],[16.613783,49.210332],[16.613781,49.210334],[16.613733,49.210389],[16.613741,49.210392],[16.613761,49.210399],[16.613769,49.210403],[16.613818,49.210348]]]},"properties":{"id":585229,"buildingId":582134,"floorId":585169,"floorLevel":1,"name":"BA27N1033","type":"floor","category":"structure","label":"Corridor","passportNumber":"BA27N1033","seats":null,"hasProjector":false,"hasWhiteboard":false,"code":null}},{"type":"Feature","geometry":{"type":"Polygon","coordinates":[[[16.614107,49.210403],[16.61411,49.210404],[16.614122,49.21039],[16.614119,49.210389],[16.61412,49.210387],[16.614118,49.210386],[16.61405,49.210361],[16.614045,49.210359],[16.614005,49.210344],[16.613971,49.210383],[16.614086,49.210426],[16.614107,49.210403]]]},"properties":{"id":585230,"buildingId":582134,"floorId":585169,"floorLevel":1,"name":"BA27N1080","type":"storage","category":"service","label":"Storage","passportNumber":"BA27N1080","seats":null,"hasProjector":false,"hasWhiteboard":false,"code":null}},{"type":"Feature","geometry":{"type":"Polygon","coordinates":[[[16.613799,49.210412],[16.613804,49.210406],[16.613807,49.210403],[16.613811,49.210397],[16.613817,49.210391],[16.613791,49.210381],[16.61378,49.210393],[16.613775,49.210399],[16.613764,49.210411],[16.613791,49.210421],[16.613799,49.210412]]]},"properties":{"id":585231,"buildingId":582134,"floorId":585169,"floorLevel":1,"name":"BA27N1040","type":"coatroom","category":"service","label":"Cloakroom","passportNumber":"BA27N1040","seats":null,"hasProjector":false,"hasWhiteboard":false,"code":null}},{"type":"Feature","geometry":{"type":"Polygon","coordinates":[[[16.613824,49.210417],[16.613813,49.210413],[16.613814,49.210412],[16.613823,49.210415],[16.613831,49.210407],[16.613821,49.210403],[16.613822,49.210402],[16.613832,49.210406],[16.613838,49.210399],[16.613819,49.210392],[16.613813,49.210399],[16.613814,49.210399],[16.613813,49.2104],[16.613812,49.2104],[16.613804,49.210408],[16.613805,49.210409],[16.613804,49.21041],[16.613803,49.210409],[16.613793,49.210421],[16.613799,49.210423],[16.613798,49.210424],[16.613813,49.21043],[16.613824,49.210417]]]},"properties":{"id":585232,"buildingId":582134,"floorId":585169,"floorLevel":1,"name":"BA27N1040a","type":"toilet","category":"service","label":"Toilet","passportNumber":"BA27N1040a","seats":null,"hasProjector":false,"hasWhiteboard":false,"code":null}},{"type":"Feature","geometry":{"type":"Polygon","coordinates":[[[16.614076,49.210438],[16.614079,49.210439],[16.614086,49.210431],[16.614083,49.21043],[16.614085,49.210428],[16.613971,49.210385],[16.613965,49.210392],[16.613963,49.210391],[16.613959,49.210396],[16.613965,49.210398],[16.613962,49.210402],[16.614071,49.210443],[16.614076,49.210438]]]},"properties":{"id":585233,"buildingId":582134,"floorId":585169,"floorLevel":1,"name":"BA27N1035","type":"storage","category":"service","label":"Storage","passportNumber":"BA27N1035","seats":null,"hasProjector":false,"hasWhiteboard":false,"code":null}},{"type":"Feature","geometry":{"type":"Polygon","coordinates":[[[16.614122,49.210443],[16.614113,49.21044],[16.614242,49.210294],[16.614218,49.210285],[16.614207,49.210298],[16.614195,49.210311],[16.614145,49.210368],[16.614133,49.210381],[16.614124,49.210392],[16.614113,49.210405],[16.614076,49.210447],[16.614109,49.210459],[16.614122,49.210443]]]},"properties":{"id":585234,"buildingId":582134,"floorId":585169,"floorLevel":1,"name":"BA27N1082","type":"ramp","category":"other","label":"ramp","passportNumber":"BA27N1082","seats":null,"hasProjector":false,"hasWhiteboard":false,"code":null}},{"type":"Feature","geometry":{"type":"Polygon","coordinates":[[[16.613288,49.210432],[16.6133,49.210418],[16.613301,49.210417],[16.613299,49.210417],[16.613301,49.210414],[16.613288,49.210409],[16.613286,49.210412],[16.613281,49.21041],[16.613282,49.21041],[16.613268,49.210405],[16.613255,49.21042],[16.613288,49.210432]]]},"properties":{"id":585235,"buildingId":582134,"floorId":585169,"floorLevel":1,"name":"BA27N1032a","type":"ramp","category":"other","label":"ramp","passportNumber":"BA27N1032a","seats":null,"hasProjector":false,"hasWhiteboard":false,"code":null}},{"type":"Feature","geometry":{"type":"Polygon","coordinates":[[[16.613468,49.210396],[16.613464,49.210395],[16.613445,49.210388],[16.613439,49.210385],[16.613438,49.210386],[16.613432,49.210384],[16.613391,49.210431],[16.613403,49.210436],[16.613414,49.21044],[16.613426,49.210444],[16.613468,49.210396]]]},"properties":{"id":585236,"buildingId":582134,"floorId":585169,"floorLevel":1,"name":"BA27N1019","type":"office","category":"office","label":"Office","passportNumber":"BA27N1019","seats":null,"hasProjector":false,"hasWhiteboard":false,"code":null}},{"type":"Feature","geometry":{"type":"Polygon","coordinates":[[[16.613382,49.210442],[16.613387,49.210444],[16.613395,49.210434],[16.613388,49.210432],[16.613431,49.210383],[16.613427,49.210381],[16.613408,49.210374],[16.61339,49.210367],[16.613371,49.21036],[16.613365,49.210357],[16.613364,49.210358],[16.613362,49.210358],[16.613312,49.210415],[16.613313,49.210416],[16.61331,49.210419],[16.613318,49.210422],[16.613329,49.210426],[16.613377,49.210444],[16.613379,49.210445],[16.613382,49.210442]]]},"properties":{"id":585237,"buildingId":582134,"floorId":585169,"floorLevel":1,"name":"BA27N1018","type":"library","category":"teaching","label":"Library","passportNumber":"BA27N1018","seats":null,"hasProjector":false,"hasWhiteboard":false,"code":null}},{"type":"Feature","geometry":{"type":"Polygon","coordinates":[[[16.613462,49.21045],[16.613468,49.210452],[16.613505,49.21041],[16.6135,49.210409],[16.613482,49.210402],[16.61347,49.210397],[16.613428,49.210445],[16.613457,49.210456],[16.613462,49.21045]]]},"properties":{"id":585239,"buildingId":582134,"floorId":585169,"floorLevel":1,"name":"BA27N1020","type":"office","category":"office","label":"Office","passportNumber":"BA27N1020","seats":null,"hasProjector":false,"hasWhiteboard":false,"code":null}},{"type":"Feature","geometry":{"type":"Polygon","coordinates":[[[16.613802,49.210458],[16.613741,49.210435],[16.613731,49.210446],[16.613774,49.210463],[16.613773,49.210464],[16.61373,49.210447],[16.61372,49.210459],[16.613781,49.210482],[16.613802,49.210458]]]},"properties":{"id":585240,"buildingId":582134,"floorId":585169,"floorLevel":1,"name":"BA27N1032","type":"stairs","category":"circulation","label":"Stairs","passportNumber":"BA27N1032","seats":null,"hasProjector":false,"hasWhiteboard":false,"code":null}},{"type":"Feature","geometry":{"type":"Polygon","coordinates":[[[16.613542,49.210424],[16.613537,49.210423],[16.613519,49.210416],[16.613512,49.210413],[16.613511,49.210414],[16.613506,49.210412],[16.613465,49.210459],[16.613477,49.210464],[16.613488,49.210468],[16.6135,49.210472],[16.613542,49.210424]]]},"properties":{"id":585241,"buildingId":582134,"floorId":585169,"floorLevel":1,"name":"BA27N1021","type":"office","category":"office","label":"Office","passportNumber":"BA27N1021","seats":null,"hasProjector":false,"hasWhiteboard":false,"code":null}},{"type":"Feature","geometry":{"type":"Polygon","coordinates":[[[16.614014,49.210504],[16.614016,49.210505],[16.614067,49.210448],[16.614065,49.210447],[16.614068,49.210444],[16.614,49.210418],[16.613997,49.210421],[16.613991,49.210419],[16.613994,49.210416],[16.613926,49.21039],[16.613923,49.210393],[16.613917,49.210391],[16.613921,49.210388],[16.613869,49.210369],[16.613815,49.21043],[16.613866,49.21045],[16.613867,49.210449],[16.613872,49.210451],[16.613871,49.210452],[16.61394,49.210478],[16.613941,49.210477],[16.613946,49.210479],[16.613945,49.21048],[16.614013,49.210506],[16.614014,49.210504]]]},"properties":{"id":585243,"buildingId":582134,"floorId":585169,"floorLevel":1,"name":"BA27N1043","type":"classroom_and_laboratory","category":"teaching","label":"Classroom / lab","passportNumber":"BA27N1043","seats":null,"hasProjector":false,"hasWhiteboard":false,"code":null}},{"type":"Feature","geometry":{"type":"Polygon","coordinates":[[[16.613579,49.210438],[16.613574,49.210436],[16.613556,49.21043],[16.613544,49.210425],[16.613502,49.210473],[16.613514,49.210478],[16.613524,49.210482],[16.613537,49.210486],[16.613579,49.210438]]]},"properties":{"id":585244,"buildingId":582134,"floorId":585169,"floorLevel":1,"name":"BA27N1022","type":"office","category":"office","label":"Office","passportNumber":"BA27N1022","seats":null,"hasProjector":false,"hasWhiteboard":false,"code":null}},{"type":"Feature","geometry":{"type":"Polygon","coordinates":[[[16.613702,49.210479],[16.613702,49.210479],[16.61372,49.210459],[16.61373,49.210447],[16.613731,49.210446],[16.613741,49.210435],[16.613759,49.210414],[16.613769,49.210403],[16.61376,49.2104],[16.613741,49.210393],[16.613732,49.210389],[16.613722,49.2104],[16.613703,49.210422],[16.6137,49.210421],[16.613683,49.210441],[16.613686,49.210442],[16.613665,49.210465],[16.613666,49.210465],[16.613651,49.210482],[16.613687,49.210496],[16.613702,49.210479]]]},"properties":{"id":585245,"buildingId":582134,"floorId":585169,"floorLevel":1,"name":"BA27N1031","type":"floor","category":"structure","label":"Corridor","passportNumber":"BA27N1031","seats":null,"hasProjector":false,"hasWhiteboard":false,"code":null}},{"type":"Feature","geometry":{"type":"Polygon","coordinates":[[[16.613324,49.210448],[16.613313,49.210444],[16.613302,49.21044],[16.613293,49.210436],[16.613258,49.210476],[16.61326,49.210476],[16.613259,49.210478],[16.613265,49.21048],[16.613284,49.210487],[16.613289,49.210489],[16.613324,49.210448]]]},"properties":{"id":585246,"buildingId":582134,"floorId":585169,"floorLevel":1,"name":"BA27N1001","type":"office","category":"office","label":"Office","passportNumber":"BA27N1001","seats":null,"hasProjector":false,"hasWhiteboard":false,"code":null}},{"type":"Feature","geometry":{"type":"Polygon","coordinates":[[[16.613361,49.210462],[16.613349,49.210458],[16.613338,49.210454],[16.613326,49.210449],[16.61329,49.21049],[16.613302,49.210494],[16.613321,49.210501],[16.613325,49.210503],[16.613361,49.210462]]]},"properties":{"id":585247,"buildingId":582134,"floorId":585169,"floorLevel":1,"name":"BA27N1002","type":"office","category":"office","label":"Office","passportNumber":"BA27N1002","seats":null,"hasProjector":false,"hasWhiteboard":false,"code":null}},{"type":"Feature","geometry":{"type":"Polygon","coordinates":[[[16.613398,49.210476],[16.613382,49.21047],[16.613372,49.210466],[16.613363,49.210463],[16.613328,49.210502],[16.613334,49.210504],[16.613333,49.210506],[16.613339,49.210508],[16.613358,49.210515],[16.613362,49.210517],[16.613398,49.210476]]]},"properties":{"id":585248,"buildingId":582134,"floorId":585169,"floorLevel":1,"name":"BA27N1003","type":"office","category":"office","label":"Office","passportNumber":"BA27N1003","seats":null,"hasProjector":false,"hasWhiteboard":false,"code":null}},{"type":"Feature","geometry":{"type":"Polygon","coordinates":[[[16.613603,49.210525],[16.613605,49.210526],[16.613614,49.210515],[16.613618,49.210517],[16.613659,49.21047],[16.613653,49.210468],[16.613654,49.210467],[16.613648,49.210464],[16.613629,49.210457],[16.613611,49.21045],[16.613593,49.210443],[16.613586,49.210441],[16.613585,49.210442],[16.61358,49.21044],[16.613536,49.21049],[16.613538,49.210491],[16.613531,49.210498],[16.613535,49.210499],[16.613531,49.210503],[16.6136,49.210529],[16.613603,49.210525]]]},"properties":{"id":585249,"buildingId":582134,"floorId":585169,"floorLevel":1,"name":"BA27N1023","type":"classroom_and_laboratory","category":"teaching","label":"Classroom / lab","passportNumber":"BA27N1023","seats":null,"hasProjector":false,"hasWhiteboard":false,"code":null}},{"type":"Feature","geometry":{"type":"Polygon","coordinates":[[[16.613435,49.21049],[16.613419,49.210484],[16.613408,49.21048],[16.6134,49.210477],[16.613364,49.210517],[16.613376,49.210522],[16.613394,49.210529],[16.613399,49.210531],[16.613435,49.21049]]]},"properties":{"id":585250,"buildingId":582134,"floorId":585169,"floorLevel":1,"name":"BA27N1004","type":"office","category":"office","label":"Office","passportNumber":"BA27N1004","seats":null,"hasProjector":false,"hasWhiteboard":false,"code":null}},{"type":"Feature","geometry":{"type":"Polygon","coordinates":[[[16.613605,49.210532],[16.613523,49.210501],[16.613536,49.210487],[16.613466,49.210461],[16.613397,49.210435],[16.613385,49.210449],[16.613308,49.21042],[16.613307,49.210421],[16.613303,49.210419],[16.613291,49.210433],[16.613295,49.210434],[16.613294,49.210435],[16.613592,49.210548],[16.613605,49.210532]]]},"properties":{"id":585251,"buildingId":582134,"floorId":585169,"floorLevel":1,"name":"BA27N1010","type":"floor","category":"structure","label":"Corridor","passportNumber":"BA27N1010","seats":null,"hasProjector":false,"hasWhiteboard":false,"code":null}},{"type":"Feature","geometry":{"type":"Polygon","coordinates":[[[16.613472,49.210504],[16.613459,49.2105],[16.613449,49.210496],[16.613437,49.210491],[16.613402,49.21053],[16.613407,49.210532],[16.613406,49.210533],[16.613413,49.210536],[16.613431,49.210543],[16.613436,49.210545],[16.613472,49.210504]]]},"properties":{"id":585252,"buildingId":582134,"floorId":585169,"floorLevel":1,"name":"BA27N1005","type":"office","category":"office","label":"Office","passportNumber":"BA27N1005","seats":null,"hasProjector":false,"hasWhiteboard":false,"code":null}},{"type":"Feature","geometry":{"type":"Polygon","coordinates":[[[16.613758,49.210506],[16.613733,49.210497],[16.613732,49.210498],[16.613727,49.210496],[16.613728,49.210495],[16.6137,49.210484],[16.613651,49.210539],[16.613646,49.210546],[16.613649,49.210547],[16.613674,49.210557],[16.613677,49.210553],[16.613682,49.210555],[16.613679,49.210559],[16.613704,49.210568],[16.613758,49.210506]]]},"properties":{"id":585253,"buildingId":582134,"floorId":585169,"floorLevel":1,"name":"BA27N1025","type":"classroom_and_laboratory","category":"teaching","label":"Classroom / lab","passportNumber":"BA27N1025","seats":null,"hasProjector":false,"hasWhiteboard":false,"code":null}},{"type":"Feature","geometry":{"type":"Polygon","coordinates":[[[16.613509,49.210518],[16.613493,49.210512],[16.613482,49.210508],[16.613473,49.210505],[16.613438,49.210545],[16.61345,49.21055],[16.613468,49.210557],[16.613473,49.210559],[16.613509,49.210518]]]},"properties":{"id":585254,"buildingId":582134,"floorId":585169,"floorLevel":1,"name":"BA27N1006","type":"office","category":"office","label":"Office","passportNumber":"BA27N1006","seats":null,"hasProjector":false,"hasWhiteboard":false,"code":null}},{"type":"Feature","geometry":{"type":"Polygon","coordinates":[[[16.613834,49.21055],[16.613841,49.210543],[16.613845,49.210539],[16.613832,49.210534],[16.613814,49.210527],[16.613809,49.210525],[16.613776,49.210563],[16.613812,49.210576],[16.613834,49.21055]]]},"properties":{"id":585255,"buildingId":582134,"floorId":585169,"floorLevel":1,"name":"BA27N1029","type":"preparatory","category":"service","label":"Preparatory","passportNumber":"BA27N1029","seats":null,"hasProjector":false,"hasWhiteboard":false,"code":null}},{"type":"Feature","geometry":{"type":"Polygon","coordinates":[[[16.613671,49.210557],[16.613643,49.210547],[16.613687,49.210496],[16.61365,49.210482],[16.613606,49.210533],[16.613605,49.210534],[16.613594,49.210547],[16.613592,49.210548],[16.613588,49.210552],[16.613653,49.210577],[16.613671,49.210557]]]},"properties":{"id":585256,"buildingId":582134,"floorId":585169,"floorLevel":1,"name":"BA27N1024","type":"floor","category":"structure","label":"Corridor","passportNumber":"BA27N1024","seats":null,"hasProjector":false,"hasWhiteboard":false,"code":null}},{"type":"Feature","geometry":{"type":"Polygon","coordinates":[[[16.61375,49.210581],[16.613756,49.210583],[16.613806,49.210526],[16.613801,49.210524],[16.613802,49.210523],[16.613777,49.210513],[16.61376,49.210507],[16.613706,49.210569],[16.613726,49.210577],[16.613737,49.210581],[16.613747,49.210585],[16.61375,49.210581]]]},"properties":{"id":585257,"buildingId":582134,"floorId":585169,"floorLevel":1,"name":"BA27N1026","type":"classroom_and_laboratory","category":"teaching","label":"Classroom / lab","passportNumber":"BA27N1026","seats":null,"hasProjector":false,"hasWhiteboard":false,"code":null}},{"type":"Feature","geometry":{"type":"Polygon","coordinates":[[[16.613553,49.210535],[16.613533,49.210527],[16.613522,49.210523],[16.61351,49.210519],[16.613476,49.210558],[16.613481,49.21056],[16.61348,49.210561],[16.613487,49.210564],[16.613505,49.210571],[16.613517,49.210575],[16.613553,49.210535]]]},"properties":{"id":585258,"buildingId":582134,"floorId":585169,"floorLevel":1,"name":"BA27N1007","type":"office","category":"office","label":"Office","passportNumber":"BA27N1007","seats":null,"hasProjector":false,"hasWhiteboard":false,"code":null}},{"type":"Feature","geometry":{"type":"Polygon","coordinates":[[[16.613589,49.210549],[16.613573,49.210542],[16.613562,49.210538],[16.613555,49.210536],[16.613519,49.210576],[16.613523,49.210578],[16.613542,49.210585],[16.613548,49.210587],[16.613549,49.210586],[16.613555,49.210588],[16.613589,49.210549]]]},"properties":{"id":585259,"buildingId":582134,"floorId":585169,"floorLevel":1,"name":"BA27N1008","type":"office","category":"office","label":"Office","passportNumber":"BA27N1008","seats":null,"hasProjector":false,"hasWhiteboard":false,"code":null}},{"type":"Feature","geometry":{"type":"Polygon","coordinates":[[[16.613797,49.210593],[16.613803,49.210586],[16.613811,49.210577],[16.613775,49.210564],[16.613754,49.210587],[16.61379,49.210601],[16.613797,49.210593]]]},"properties":{"id":585260,"buildingId":582134,"floorId":585169,"floorLevel":1,"name":"BA27N1028","type":"classroom_and_laboratory","category":"teaching","label":"Classroom / lab","passportNumber":"BA27N1028","seats":null,"hasProjector":false,"hasWhiteboard":false,"code":null}},{"type":"Feature","geometry":{"type":"Polygon","coordinates":[[[16.613705,49.210593],[16.613696,49.210589],[16.613686,49.210585],[16.613685,49.210585],[16.613669,49.210603],[16.613679,49.210606],[16.61368,49.210605],[16.613691,49.210609],[16.613705,49.210593]]]},"properties":{"id":585261,"buildingId":582134,"floorId":585169,"floorLevel":1,"name":"BA27N1013","type":"utility_room","category":"service","label":"Utility","passportNumber":"BA27N1013","seats":null,"hasProjector":false,"hasWhiteboard":false,"code":null}},{"type":"Feature","geometry":{"type":"Polygon","coordinates":[[[16.613653,49.210577],[16.613626,49.210567],[16.613591,49.210606],[16.613618,49.210617],[16.613653,49.210577]]]},"properties":{"id":585262,"buildingId":582134,"floorId":585169,"floorLevel":1,"name":"BA27N1009","type":"kitchen","category":"service","label":"Kitchen","passportNumber":"BA27N1009","seats":null,"hasProjector":false,"hasWhiteboard":false,"code":null}},{"type":"Feature","geometry":{"type":"Polygon","coordinates":[[[16.613676,49.210607],[16.613652,49.210598],[16.613653,49.210597],[16.613666,49.210601],[16.613682,49.210584],[16.613658,49.210575],[16.613642,49.210592],[16.613643,49.210593],[16.613642,49.210594],[16.613641,49.210594],[16.613623,49.210614],[16.613628,49.210616],[16.613627,49.210617],[16.613657,49.210628],[16.613676,49.210607]]]},"properties":{"id":585263,"buildingId":582134,"floorId":585169,"floorLevel":1,"name":"BA27N1011","type":"toilet","category":"service","label":"Toilet","passportNumber":"BA27N1011","seats":null,"hasProjector":false,"hasWhiteboard":false,"code":null}},{"type":"Feature","geometry":{"type":"Polygon","coordinates":[[[16.613898,49.210637],[16.6139,49.210637],[16.61395,49.21058],[16.613948,49.21058],[16.613949,49.210578],[16.613943,49.210576],[16.613924,49.210569],[16.613906,49.210562],[16.613887,49.210555],[16.613881,49.210553],[16.61388,49.210554],[16.613874,49.210552],[16.613876,49.21055],[16.613869,49.210548],[16.613851,49.210541],[16.613846,49.210539],[16.613842,49.210544],[16.613836,49.210551],[16.613805,49.210586],[16.613799,49.210593],[16.613792,49.210601],[16.613821,49.210612],[16.613824,49.210609],[16.613829,49.210611],[16.613827,49.210613],[16.613842,49.210619],[16.613841,49.21062],[16.613895,49.21064],[16.613898,49.210637]]]},"properties":{"id":585264,"buildingId":582134,"floorId":585169,"floorLevel":1,"name":"BA27N1030","type":"classroom_and_laboratory","category":"teaching","label":"Classroom / lab","passportNumber":"BA27N1030","seats":null,"hasProjector":false,"hasWhiteboard":false,"code":null}},{"type":"Feature","geometry":{"type":"Polygon","coordinates":[[[16.61372,49.210624],[16.613715,49.210622],[16.613716,49.21062],[16.613721,49.210622],[16.613737,49.210604],[16.613709,49.210594],[16.613693,49.210612],[16.613706,49.210617],[16.613705,49.210618],[16.61368,49.210608],[16.613661,49.21063],[16.613696,49.210643],[16.613697,49.210642],[16.613702,49.210644],[16.61372,49.210624]]]},"properties":{"id":585265,"buildingId":582134,"floorId":585169,"floorLevel":1,"name":"BA27N1012","type":"toilet","category":"service","label":"Toilet","passportNumber":"BA27N1012","seats":null,"hasProjector":false,"hasWhiteboard":false,"code":null}},{"type":"Feature","geometry":{"type":"Polygon","coordinates":[[[16.613895,49.210642],[16.613671,49.210557],[16.613658,49.210573],[16.613882,49.210658],[16.613895,49.210642]]]},"properties":{"id":585266,"buildingId":582134,"floorId":585169,"floorLevel":1,"name":"BA27N1010a","type":"floor","category":"structure","label":"Corridor","passportNumber":"BA27N1010a","seats":null,"hasProjector":false,"hasWhiteboard":false,"code":null}},{"type":"Feature","geometry":{"type":"Polygon","coordinates":[[[16.613773,49.210618],[16.613761,49.210614],[16.61375,49.21061],[16.613739,49.210605],[16.613703,49.210646],[16.613708,49.210647],[16.613726,49.210654],[16.613737,49.210659],[16.613773,49.210618]]]},"properties":{"id":585267,"buildingId":582134,"floorId":585169,"floorLevel":1,"name":"BA27N1014","type":"office","category":"office","label":"Office","passportNumber":"BA27N1014","seats":null,"hasProjector":false,"hasWhiteboard":false,"code":null}},{"type":"Feature","geometry":{"type":"Polygon","coordinates":[[[16.61381,49.210632],[16.613798,49.210628],[16.613787,49.210624],[16.613775,49.210619],[16.613739,49.210659],[16.613744,49.210661],[16.613763,49.210668],[16.613769,49.210671],[16.61377,49.21067],[16.613776,49.210672],[16.61381,49.210632]]]},"properties":{"id":585268,"buildingId":582134,"floorId":585169,"floorLevel":1,"name":"BA27N1015","type":"office","category":"office","label":"Office","passportNumber":"BA27N1015","seats":null,"hasProjector":false,"hasWhiteboard":false,"code":null}},{"type":"Feature","geometry":{"type":"Polygon","coordinates":[[[16.613848,49.210647],[16.613835,49.210642],[16.613825,49.210638],[16.613812,49.210633],[16.613777,49.210674],[16.613781,49.210675],[16.6138,49.210682],[16.613812,49.210687],[16.613848,49.210647]]]},"properties":{"id":585269,"buildingId":582134,"floorId":585169,"floorLevel":1,"name":"BA27N1016","type":"office","category":"office","label":"Office","passportNumber":"BA27N1016","seats":null,"hasProjector":false,"hasWhiteboard":false,"code":null}},{"type":"Feature","geometry":{"type":"Polygon","coordinates":[[[16.613844,49.210698],[16.613846,49.210698],[16.613881,49.210659],[16.613872,49.210655],[16.613861,49.210651],[16.61385,49.210647],[16.613814,49.210688],[16.613818,49.210689],[16.613837,49.210696],[16.613843,49.210699],[16.613844,49.210698]]]},"properties":{"id":585270,"buildingId":582134,"floorId":585169,"floorLevel":1,"name":"BA27N1017","type":"office","category":"office","label":"Office","passportNumber":"BA27N1017","seats":null,"hasProjector":false,"hasWhiteboard":false,"code":null}},{"type":"Feature","geometry":{"type":"Polygon","coordinates":[[[16.613765,49.21001],[16.613763,49.210009],[16.613764,49.210008],[16.613758,49.210005],[16.613739,49.209998],[16.613721,49.209991],[16.613702,49.209984],[16.613696,49.209982],[16.613695,49.209983],[16.613693,49.209982],[16.613657,49.210023],[16.613706,49.210041],[16.613717,49.210045],[16.613729,49.21005],[16.613765,49.21001]]]},"properties":{"id":588248,"buildingId":582134,"floorId":588247,"floorLevel":2,"name":"BA27N2018","type":"office","category":"office","label":"Office","passportNumber":"BA27N2018","seats":null,"hasProjector":false,"hasWhiteboard":false,"code":null}},{"type":"Feature","geometry":{"type":"Polygon","coordinates":[[[16.613839,49.210037],[16.613837,49.210037],[16.613838,49.210036],[16.613831,49.210033],[16.613813,49.210026],[16.613794,49.210019],[16.613776,49.210012],[16.61377,49.21001],[16.613768,49.210011],[16.613767,49.21001],[16.613731,49.210051],[16.613744,49.210056],[16.613754,49.21006],[16.613803,49.210078],[16.613839,49.210037]]]},"properties":{"id":588249,"buildingId":582134,"floorId":588247,"floorLevel":2,"name":"BA27N2019","type":"classroom_and_laboratory","category":"teaching","label":"Classroom / lab","passportNumber":"BA27N2019","seats":null,"hasProjector":false,"hasWhiteboard":false,"code":null}},{"type":"Feature","geometry":{"type":"Polygon","coordinates":[[[16.613711,49.21007],[16.61371,49.21007],[16.613663,49.210052],[16.613665,49.21005],[16.613643,49.210041],[16.613641,49.210044],[16.613639,49.210043],[16.613623,49.210062],[16.613695,49.210089],[16.613711,49.21007]]]},"properties":{"id":588250,"buildingId":582134,"floorId":588247,"floorLevel":2,"name":"BA27N2015","type":"storage","category":"service","label":"Storage","passportNumber":"BA27N2015","seats":null,"hasProjector":false,"hasWhiteboard":false,"code":null}},{"type":"Feature","geometry":{"type":"Polygon","coordinates":[[[16.613912,49.210065],[16.613911,49.210065],[16.613912,49.210064],[16.613905,49.210061],[16.613887,49.210054],[16.613868,49.210047],[16.61385,49.21004],[16.613843,49.210038],[16.613842,49.210039],[16.61384,49.210038],[16.613805,49.210079],[16.613854,49.210097],[16.613864,49.210101],[16.613877,49.210106],[16.613912,49.210065]]]},"properties":{"id":588251,"buildingId":582134,"floorId":588247,"floorLevel":2,"name":"BA27N2022","type":"classroom_and_laboratory","category":"teaching","label":"Classroom / lab","passportNumber":"BA27N2022","seats":null,"hasProjector":false,"hasWhiteboard":false,"code":null}},{"type":"Feature","geometry":{"type":"Polygon","coordinates":[[[16.61395,49.210078],[16.613942,49.210075],[16.613923,49.210068],[16.613917,49.210066],[16.613916,49.210067],[16.613914,49.210066],[16.613878,49.210107],[16.613884,49.210109],[16.613895,49.210113],[16.613913,49.21012],[16.61395,49.210078]]]},"properties":{"id":588252,"buildingId":582134,"floorId":588247,"floorLevel":2,"name":"BA27N2020","type":"office","category":"office","label":"Office","passportNumber":"BA27N2020","seats":null,"hasProjector":false,"hasWhiteboard":false,"code":null}},{"type":"Feature","geometry":{"type":"Polygon","coordinates":[[[16.614024,49.210106],[16.613991,49.210093],[16.61399,49.210095],[16.613988,49.210094],[16.613972,49.210112],[16.614007,49.210126],[16.614024,49.210106]]]},"properties":{"id":588253,"buildingId":582134,"floorId":588247,"floorLevel":2,"name":"BA27N2039a","type":"classroom_and_laboratory","category":"teaching","label":"Classroom / lab","passportNumber":"BA27N2039a","seats":null,"hasProjector":false,"hasWhiteboard":false,"code":null}},{"type":"Feature","geometry":{"type":"Polygon","coordinates":[[[16.613787,49.210102],[16.613736,49.210082],[16.61374,49.210078],[16.613738,49.210077],[16.613728,49.210073],[16.613717,49.210069],[16.613715,49.210072],[16.613713,49.210071],[16.613697,49.21009],[16.613772,49.210118],[16.613787,49.210102]]]},"properties":{"id":588254,"buildingId":582134,"floorId":588247,"floorLevel":2,"name":"BA27N2016","type":"office","category":"office","label":"Office","passportNumber":"BA27N2016","seats":null,"hasProjector":false,"hasWhiteboard":false,"code":null}},{"type":"Feature","geometry":{"type":"Polygon","coordinates":[[[16.613986,49.210093],[16.613984,49.210093],[16.613985,49.210091],[16.613979,49.210089],[16.61396,49.210082],[16.613952,49.210079],[16.613915,49.210121],[16.613934,49.210127],[16.613944,49.210132],[16.61395,49.210134],[16.613986,49.210093]]]},"properties":{"id":588255,"buildingId":582134,"floorId":588247,"floorLevel":2,"name":"BA27N2021","type":"office","category":"office","label":"Office","passportNumber":"BA27N2021","seats":null,"hasProjector":false,"hasWhiteboard":false,"code":null}},{"type":"Feature","geometry":{"type":"Polygon","coordinates":[[[16.613842,49.210117],[16.613831,49.210113],[16.61383,49.210113],[16.613829,49.210113],[16.613829,49.210112],[16.613816,49.210107],[16.613816,49.210108],[16.613814,49.210107],[16.613814,49.210106],[16.613792,49.210098],[16.613777,49.210115],[16.613799,49.210124],[16.613809,49.210112],[16.613811,49.210113],[16.613799,49.210127],[16.613812,49.210132],[16.613824,49.210118],[16.613826,49.210119],[16.613813,49.210134],[16.613823,49.210138],[16.613842,49.210117]]]},"properties":{"id":588256,"buildingId":582134,"floorId":588247,"floorLevel":2,"name":"BA27N2024","type":"toilet","category":"service","label":"Toilet","passportNumber":"BA27N2024","seats":null,"hasProjector":false,"hasWhiteboard":false,"code":null}},{"type":"Feature","geometry":{"type":"Polygon","coordinates":[[[16.614006,49.210127],[16.613971,49.210113],[16.613952,49.210134],[16.613987,49.210148],[16.614006,49.210127]]]},"properties":{"id":588257,"buildingId":582134,"floorId":588247,"floorLevel":2,"name":"BA27N2039b","type":"classroom_and_laboratory","category":"teaching","label":"Classroom / lab","passportNumber":"BA27N2039b","seats":null,"hasProjector":false,"hasWhiteboard":false,"code":null}},{"type":"Feature","geometry":{"type":"Polygon","coordinates":[[[16.613859,49.210126],[16.613857,49.210125],[16.613859,49.210123],[16.613856,49.210122],[16.613845,49.210118],[16.613844,49.210117],[16.613825,49.210138],[16.613842,49.210145],[16.613859,49.210126]]]},"properties":{"id":588258,"buildingId":582134,"floorId":588247,"floorLevel":2,"name":"BA27N2025b","type":"floor","category":"structure","label":"Corridor","passportNumber":"BA27N2025b","seats":null,"hasProjector":false,"hasWhiteboard":false,"code":null}},{"type":"Feature","geometry":{"type":"Polygon","coordinates":[[[16.613939,49.210146],[16.613945,49.210139],[16.613949,49.210135],[16.6139,49.210116],[16.61389,49.210112],[16.61387,49.210105],[16.613859,49.210101],[16.61382,49.210086],[16.61381,49.210082],[16.613753,49.210061],[16.613742,49.210057],[16.613716,49.210047],[16.613705,49.210043],[16.613656,49.210024],[16.613643,49.21004],[16.613644,49.21004],[16.613653,49.210044],[16.613664,49.210048],[16.613713,49.210066],[16.613718,49.210068],[16.613729,49.210072],[16.613739,49.210076],[16.613786,49.210094],[16.613792,49.210096],[16.613814,49.210105],[16.613824,49.210108],[16.613846,49.210117],[16.613857,49.210121],[16.61386,49.210122],[16.613865,49.210124],[16.613874,49.210127],[16.613885,49.210131],[16.613935,49.21015],[16.613939,49.210146]]]},"properties":{"id":588259,"buildingId":582134,"floorId":588247,"floorLevel":2,"name":"BA27N2025a","type":"floor","category":"structure","label":"Corridor","passportNumber":"BA27N2025a","seats":null,"hasProjector":false,"hasWhiteboard":false,"code":null}},{"type":"Feature","geometry":{"type":"Polygon","coordinates":[[[16.61406,49.210121],[16.614058,49.21012],[16.614059,49.210119],[16.614052,49.210117],[16.614034,49.21011],[16.614026,49.210107],[16.614025,49.210107],[16.614019,49.210115],[16.613989,49.210148],[16.614001,49.210153],[16.614012,49.210157],[16.614024,49.210162],[16.61406,49.210121]]]},"properties":{"id":588260,"buildingId":582134,"floorId":588247,"floorLevel":2,"name":"BA27N2039","type":"classroom_and_laboratory","category":"teaching","label":"Classroom / lab","passportNumber":"BA27N2039","seats":null,"hasProjector":false,"hasWhiteboard":false,"code":null}},{"type":"Feature","geometry":{"type":"Polygon","coordinates":[[[16.614098,49.210134],[16.614089,49.210131],[16.614071,49.210124],[16.614064,49.210121],[16.614063,49.210123],[16.614062,49.210122],[16.614026,49.210162],[16.614032,49.210165],[16.614042,49.210169],[16.614061,49.210176],[16.614098,49.210134]]]},"properties":{"id":588261,"buildingId":582134,"floorId":588247,"floorLevel":2,"name":"BA27N2040","type":"daily_room","category":"other","label":"daily room","passportNumber":"BA27N2040","seats":null,"hasProjector":false,"hasWhiteboard":false,"code":null}},{"type":"Feature","geometry":{"type":"Polygon","coordinates":[[[16.613933,49.210154],[16.613885,49.210136],[16.613887,49.210134],[16.613886,49.210133],[16.613875,49.210129],[16.613864,49.210125],[16.613862,49.210127],[16.613861,49.210127],[16.613844,49.210146],[16.613916,49.210173],[16.613933,49.210154]]]},"properties":{"id":588262,"buildingId":582134,"floorId":588247,"floorLevel":2,"name":"BA27N2017","type":"office","category":"office","label":"Office","passportNumber":"BA27N2017","seats":null,"hasProjector":false,"hasWhiteboard":false,"code":null}},{"type":"Feature","geometry":{"type":"Polygon","coordinates":[[[16.614012,49.210174],[16.614019,49.210167],[16.614022,49.210163],[16.614011,49.210158],[16.614,49.210154],[16.613949,49.210135],[16.613946,49.210139],[16.613939,49.210146],[16.613936,49.210151],[16.613986,49.21017],[16.613997,49.210174],[16.614008,49.210178],[16.614009,49.210178],[16.614012,49.210174]]]},"properties":{"id":588263,"buildingId":582134,"floorId":588247,"floorLevel":2,"name":"BA27N2025d","type":"floor","category":"structure","label":"Corridor","passportNumber":"BA27N2025d","seats":null,"hasProjector":false,"hasWhiteboard":false,"code":null}},{"type":"Feature","geometry":{"type":"Polygon","coordinates":[[[16.614133,49.210149],[16.614132,49.210148],[16.614133,49.210147],[16.614126,49.210145],[16.614108,49.210138],[16.614099,49.210135],[16.614063,49.210176],[16.614081,49.210183],[16.614092,49.210187],[16.614098,49.21019],[16.614133,49.210149]]]},"properties":{"id":588264,"buildingId":582134,"floorId":588247,"floorLevel":2,"name":"BA27N2041","type":"classroom_and_laboratory","category":"teaching","label":"Classroom / lab","passportNumber":"BA27N2041","seats":null,"hasProjector":false,"hasWhiteboard":false,"code":null}},{"type":"Feature","geometry":{"type":"Polygon","coordinates":[[[16.614135,49.210203],[16.614141,49.210196],[16.614171,49.210162],[16.614163,49.210159],[16.614145,49.210152],[16.614138,49.210149],[16.614137,49.21015],[16.614135,49.21015],[16.6141,49.21019],[16.614112,49.210195],[16.614122,49.210199],[16.614135,49.210203]]]},"properties":{"id":588265,"buildingId":582134,"floorId":588247,"floorLevel":2,"name":"BA27N2042","type":"classroom_and_laboratory","category":"teaching","label":"Classroom / lab","passportNumber":"BA27N2042","seats":null,"hasProjector":false,"hasWhiteboard":false,"code":null}},{"type":"Feature","geometry":{"type":"Polygon","coordinates":[[[16.614006,49.210182],[16.614004,49.210181],[16.614006,49.210179],[16.613996,49.210175],[16.613985,49.210171],[16.613984,49.21017],[16.613982,49.210173],[16.613934,49.210155],[16.613918,49.210173],[16.61399,49.210201],[16.614006,49.210182]]]},"properties":{"id":588266,"buildingId":582134,"floorId":588247,"floorLevel":2,"name":"BA27N2036","type":"office","category":"office","label":"Office","passportNumber":"BA27N2036","seats":null,"hasProjector":false,"hasWhiteboard":false,"code":null}},{"type":"Feature","geometry":{"type":"Polygon","coordinates":[[[16.614027,49.210187],[16.614026,49.210186],[16.614015,49.210182],[16.614012,49.210181],[16.61401,49.210183],[16.614008,49.210183],[16.613992,49.210201],[16.614009,49.210208],[16.614027,49.210187]]]},"properties":{"id":588267,"buildingId":582134,"floorId":588247,"floorLevel":2,"name":"BA27N2025c","type":"floor","category":"structure","label":"Corridor","passportNumber":"BA27N2025c","seats":null,"hasProjector":false,"hasWhiteboard":false,"code":null}},{"type":"Feature","geometry":{"type":"Polygon","coordinates":[[[16.614172,49.210217],[16.614178,49.21021],[16.614207,49.210177],[16.614205,49.210176],[16.614206,49.210175],[16.6142,49.210173],[16.614181,49.210166],[16.614173,49.210162],[16.614143,49.210196],[16.614137,49.210203],[16.614136,49.210204],[16.614171,49.210217],[16.614172,49.210217]]]},"properties":{"id":588268,"buildingId":582134,"floorId":588247,"floorLevel":2,"name":"BA27N2042a","type":"classroom_and_laboratory","category":"teaching","label":"Classroom / lab","passportNumber":"BA27N2042a","seats":null,"hasProjector":false,"hasWhiteboard":false,"code":null}},{"type":"Feature","geometry":{"type":"Polygon","coordinates":[[[16.614078,49.210206],[16.614068,49.210202],[16.614067,49.210203],[16.614065,49.210202],[16.614066,49.210201],[16.614042,49.210192],[16.61404,49.210194],[16.614038,49.210193],[16.614039,49.210193],[16.614028,49.210189],[16.614012,49.210207],[16.614022,49.210211],[16.614033,49.210199],[16.614035,49.2102],[16.614024,49.210212],[16.614048,49.210221],[16.61406,49.210208],[16.614062,49.210208],[16.614052,49.21022],[16.614063,49.210224],[16.614078,49.210206]]]},"properties":{"id":588269,"buildingId":582134,"floorId":588247,"floorLevel":2,"name":"BA27N2026","type":"toilet","category":"service","label":"Toilet","passportNumber":"BA27N2026","seats":null,"hasProjector":false,"hasWhiteboard":false,"code":null}},{"type":"Feature","geometry":{"type":"Polygon","coordinates":[[[16.614206,49.21023],[16.614213,49.210223],[16.614223,49.210211],[16.614262,49.210226],[16.614281,49.210205],[16.614279,49.210204],[16.61428,49.210203],[16.614274,49.2102],[16.614255,49.210194],[16.614237,49.210187],[16.614218,49.21018],[16.614212,49.210177],[16.614211,49.210178],[16.614209,49.210178],[16.61418,49.21021],[16.614174,49.210217],[16.614173,49.210218],[16.614206,49.21023]]]},"properties":{"id":588270,"buildingId":582134,"floorId":588247,"floorLevel":2,"name":"BA27N2043","type":"classroom_and_laboratory","category":"teaching","label":"Classroom / lab","passportNumber":"BA27N2043","seats":null,"hasProjector":false,"hasWhiteboard":false,"code":null}},{"type":"Feature","geometry":{"type":"Polygon","coordinates":[[[16.614261,49.210227],[16.614224,49.210213],[16.614214,49.210223],[16.614208,49.21023],[16.614207,49.210231],[16.614245,49.210245],[16.614261,49.210227]]]},"properties":{"id":588271,"buildingId":582134,"floorId":588247,"floorLevel":2,"name":"BA27N2043a","type":"classroom_and_laboratory","category":"teaching","label":"Classroom / lab","passportNumber":"BA27N2043a","seats":null,"hasProjector":false,"hasWhiteboard":false,"code":null}},{"type":"Feature","geometry":{"type":"Polygon","coordinates":[[[16.613877,49.210161],[16.613839,49.210147],[16.613778,49.210216],[16.613816,49.21023],[16.613877,49.210161]]]},"properties":{"id":588272,"buildingId":582134,"floorId":588247,"floorLevel":2,"name":"BA27N2014a","type":"office","category":"office","label":"Office","passportNumber":"BA27N2014a","seats":null,"hasProjector":false,"hasWhiteboard":false,"code":null}},{"type":"Feature","geometry":{"type":"Polygon","coordinates":[[[16.614198,49.210244],[16.614204,49.210237],[16.614208,49.210233],[16.614121,49.2102],[16.614111,49.210196],[16.614091,49.210188],[16.61408,49.210184],[16.614041,49.21017],[16.614031,49.210166],[16.614023,49.210163],[16.614019,49.210167],[16.614013,49.210174],[16.614009,49.210178],[16.614013,49.21018],[16.614016,49.210181],[16.614027,49.210185],[16.614043,49.210191],[16.614053,49.210195],[16.614081,49.210206],[16.614087,49.210208],[16.614115,49.210219],[16.614126,49.210223],[16.614155,49.210234],[16.61416,49.210236],[16.614194,49.210248],[16.614198,49.210244]]]},"properties":{"id":588273,"buildingId":582134,"floorId":588247,"floorLevel":2,"name":"BA27N2025","type":"floor","category":"structure","label":"Corridor","passportNumber":"BA27N2025","seats":null,"hasProjector":false,"hasWhiteboard":false,"code":null}},{"type":"Feature","geometry":{"type":"Polygon","coordinates":[[[16.614134,49.210253],[16.614139,49.210255],[16.614154,49.210238],[16.614152,49.210237],[16.614154,49.210235],[16.614143,49.210231],[16.614132,49.210227],[16.614131,49.210226],[16.614129,49.210228],[16.614078,49.210209],[16.614065,49.210224],[16.614077,49.210229],[16.614105,49.21024],[16.614102,49.210243],[16.614132,49.210255],[16.614134,49.210253]]]},"properties":{"id":588274,"buildingId":582134,"floorId":588247,"floorLevel":2,"name":"BA27N2037","type":"office","category":"office","label":"Office","passportNumber":"BA27N2037","seats":null,"hasProjector":false,"hasWhiteboard":false,"code":null}},{"type":"Feature","geometry":{"type":"Polygon","coordinates":[[[16.614231,49.210261],[16.614235,49.210262],[16.614247,49.210249],[16.614243,49.210247],[16.614244,49.210246],[16.614208,49.210233],[16.614205,49.210237],[16.614199,49.210244],[16.614195,49.210249],[16.614208,49.210254],[16.614219,49.210258],[16.61423,49.210262],[16.614231,49.210261]]]},"properties":{"id":588275,"buildingId":582134,"floorId":588247,"floorLevel":2,"name":"BA27N2027","type":"floor","category":"structure","label":"Corridor","passportNumber":"BA27N2027","seats":null,"hasProjector":false,"hasWhiteboard":false,"code":null}},{"type":"Feature","geometry":{"type":"Polygon","coordinates":[[[16.613915,49.210175],[16.613877,49.210161],[16.613816,49.21023],[16.613854,49.210244],[16.613915,49.210175]]]},"properties":{"id":588276,"buildingId":582134,"floorId":588247,"floorLevel":2,"name":"BA27N2014b","type":"office","category":"office","label":"Office","passportNumber":"BA27N2014b","seats":null,"hasProjector":false,"hasWhiteboard":false,"code":null}},{"type":"Feature","geometry":{"type":"Polygon","coordinates":[[[16.614268,49.210252],[16.614252,49.210246],[16.614249,49.210249],[16.614237,49.210263],[16.614237,49.210264],[16.614252,49.21027],[16.614268,49.210252]]]},"properties":{"id":588278,"buildingId":582134,"floorId":588247,"floorLevel":2,"name":"BA27N2049a","type":"ramp","category":"other","label":"ramp","passportNumber":"BA27N2049a","seats":null,"hasProjector":false,"hasWhiteboard":false,"code":null}},{"type":"Feature","geometry":{"type":"Polygon","coordinates":[[[16.614227,49.210266],[16.614226,49.210265],[16.614228,49.210263],[16.614218,49.210259],[16.614207,49.210255],[16.614206,49.210254],[16.614204,49.210257],[16.614155,49.210238],[16.614139,49.210257],[16.614211,49.210284],[16.614227,49.210266]]]},"properties":{"id":588279,"buildingId":582134,"floorId":588247,"floorLevel":2,"name":"BA27N2038","type":"office","category":"office","label":"Office","passportNumber":"BA27N2038","seats":null,"hasProjector":false,"hasWhiteboard":false,"code":null}},{"type":"Feature","geometry":{"type":"Polygon","coordinates":[[[16.613766,49.210119],[16.613621,49.210064],[16.613499,49.210203],[16.613644,49.210258],[16.613766,49.210119]]]},"properties":{"id":588280,"buildingId":582134,"floorId":588247,"floorLevel":2,"name":"BA27N2013","type":"office","category":"office","label":"Office","passportNumber":"BA27N2013","seats":null,"hasProjector":false,"hasWhiteboard":false,"code":null}},{"type":"Feature","geometry":{"type":"Polygon","coordinates":[[[16.613991,49.210204],[16.613915,49.210175],[16.613854,49.210245],[16.61393,49.210273],[16.613991,49.210204]]]},"properties":{"id":588281,"buildingId":582134,"floorId":588247,"floorLevel":2,"name":"BA27N2033a","type":"office","category":"office","label":"Office","passportNumber":"BA27N2033a","seats":null,"hasProjector":false,"hasWhiteboard":false,"code":null}},{"type":"Feature","geometry":{"type":"Polygon","coordinates":[[[16.613839,49.210146],[16.613824,49.210141],[16.613702,49.21028],[16.613716,49.210285],[16.613839,49.210146]]]},"properties":{"id":588282,"buildingId":582134,"floorId":588247,"floorLevel":2,"name":"BA27N2014c","type":"floor","category":"structure","label":"Corridor","passportNumber":"BA27N2014c","seats":null,"hasProjector":false,"hasWhiteboard":false,"code":null}},{"type":"Feature","geometry":{"type":"Polygon","coordinates":[[[16.613853,49.210245],[16.613778,49.210216],[16.613717,49.210285],[16.613792,49.210314],[16.613853,49.210245]]]},"properties":{"id":588283,"buildingId":582134,"floorId":588247,"floorLevel":2,"name":"BA27N2014","type":"office","category":"office","label":"Office","passportNumber":"BA27N2014","seats":null,"hasProjector":false,"hasWhiteboard":false,"code":null}},{"type":"Feature","geometry":{"type":"Polygon","coordinates":[[[16.613554,49.210254],[16.613549,49.210252],[16.613552,49.210248],[16.613484,49.210223],[16.613481,49.210226],[16.613479,49.210225],[16.613428,49.210283],[16.61343,49.210283],[16.613429,49.210284],[16.613472,49.210301],[16.613491,49.210308],[16.613497,49.21031],[16.613498,49.210309],[16.613504,49.210311],[16.613554,49.210254]]]},"properties":{"id":588284,"buildingId":582134,"floorId":588247,"floorLevel":2,"name":"BA27N2009","type":"storage","category":"service","label":"Storage","passportNumber":"BA27N2009","seats":null,"hasProjector":false,"hasWhiteboard":false,"code":null}},{"type":"Feature","geometry":{"type":"Polygon","coordinates":[[[16.61378,49.210328],[16.613786,49.210321],[16.613791,49.210316],[16.613497,49.210205],[16.613483,49.210221],[16.613516,49.210233],[16.613527,49.210237],[16.613609,49.210268],[16.61362,49.210272],[16.613652,49.210285],[16.613662,49.210289],[16.613709,49.210306],[16.61372,49.21031],[16.613777,49.210332],[16.61378,49.210328]]]},"properties":{"id":588285,"buildingId":582134,"floorId":588247,"floorLevel":2,"name":"BA27N2012","type":"floor","category":"structure","label":"Corridor","passportNumber":"BA27N2012","seats":null,"hasProjector":false,"hasWhiteboard":false,"code":null}},{"type":"Feature","geometry":{"type":"Polygon","coordinates":[[[16.614209,49.210286],[16.614136,49.210259],[16.614075,49.210328],[16.614148,49.210356],[16.614209,49.210286]]]},"properties":{"id":588286,"buildingId":582134,"floorId":588247,"floorLevel":2,"name":"BA27N2035a","type":"office","category":"office","label":"Office","passportNumber":"BA27N2035a","seats":null,"hasProjector":false,"hasWhiteboard":false,"code":null}},{"type":"Feature","geometry":{"type":"Polygon","coordinates":[[[16.61393,49.210274],[16.613854,49.210245],[16.613793,49.210314],[16.613869,49.210343],[16.61393,49.210274]]]},"properties":{"id":588287,"buildingId":582134,"floorId":588247,"floorLevel":2,"name":"BA27N2033","type":"office","category":"office","label":"Office","passportNumber":"BA27N2033","seats":null,"hasProjector":false,"hasWhiteboard":false,"code":null}},{"type":"Feature","geometry":{"type":"Polygon","coordinates":[[[16.614005,49.21021],[16.613991,49.210204],[16.613869,49.210343],[16.613883,49.210348],[16.614005,49.21021]]]},"properties":{"id":588288,"buildingId":582134,"floorId":588247,"floorLevel":2,"name":"BA27N2033b","type":"floor","category":"structure","label":"Corridor","passportNumber":"BA27N2033b","seats":null,"hasProjector":false,"hasWhiteboard":false,"code":null}},{"type":"Feature","geometry":{"type":"Polygon","coordinates":[[[16.613615,49.210296],[16.613613,49.210296],[16.613615,49.210293],[16.613617,49.210294],[16.613628,49.210282],[16.613623,49.21028],[16.613626,49.210276],[16.613582,49.21026],[16.613578,49.210264],[16.613568,49.21026],[16.613571,49.210256],[16.613559,49.210251],[16.613505,49.210313],[16.613509,49.210315],[16.613528,49.210322],[16.613546,49.210329],[16.613565,49.210336],[16.613571,49.210338],[16.613572,49.210337],[16.613578,49.210339],[16.613615,49.210296]]]},"properties":{"id":588289,"buildingId":582134,"floorId":588247,"floorLevel":2,"name":"BA27N2010","type":"classroom_and_laboratory","category":"teaching","label":"Classroom / lab","passportNumber":"BA27N2010","seats":null,"hasProjector":false,"hasWhiteboard":false,"code":null}},{"type":"Feature","geometry":{"type":"Polygon","coordinates":[[[16.613741,49.210339],[16.613742,49.21034],[16.613741,49.210341],[16.613764,49.21035],[16.613775,49.210338],[16.61377,49.210336],[16.613772,49.210333],[16.613754,49.210327],[16.613748,49.210334],[16.613746,49.210333],[16.613753,49.210326],[16.613731,49.210318],[16.613706,49.210346],[16.613728,49.210354],[16.613741,49.210339]]]},"properties":{"id":588290,"buildingId":582134,"floorId":588247,"floorLevel":2,"name":"BA27N2046","type":"toilet","category":"service","label":"Toilet","passportNumber":"BA27N2046","seats":null,"hasProjector":false,"hasWhiteboard":false,"code":null}},{"type":"Feature","geometry":{"type":"Polygon","coordinates":[[[16.613763,49.210351],[16.613742,49.210343],[16.61373,49.210356],[16.613752,49.210364],[16.613763,49.210351]]]},"properties":{"id":588291,"buildingId":582134,"floorId":588247,"floorLevel":2,"name":"BA27N2047","type":"toilet","category":"service","label":"Toilet","passportNumber":"BA27N2047","seats":null,"hasProjector":false,"hasWhiteboard":false,"code":null}},{"type":"Feature","geometry":{"type":"Polygon","coordinates":[[[16.613751,49.210366],[16.613729,49.210358],[16.613718,49.210371],[16.613739,49.210379],[16.613751,49.210366]]]},"properties":{"id":588292,"buildingId":582134,"floorId":588247,"floorLevel":2,"name":"BA27N2045","type":"toilet","category":"service","label":"Toilet","passportNumber":"BA27N2045","seats":null,"hasProjector":false,"hasWhiteboard":false,"code":null}},{"type":"Feature","geometry":{"type":"Polygon","coordinates":[[[16.61373,49.210316],[16.613718,49.210311],[16.613708,49.210307],[16.613705,49.210306],[16.613702,49.21031],[16.613696,49.210308],[16.613699,49.210304],[16.613633,49.210279],[16.613578,49.210341],[16.61362,49.210357],[16.613638,49.210364],[16.613645,49.210366],[16.613646,49.210365],[16.613651,49.210367],[16.61365,49.210368],[16.613675,49.210378],[16.61373,49.210316]]]},"properties":{"id":588293,"buildingId":582134,"floorId":588247,"floorLevel":2,"name":"BA27N2011","type":"storage","category":"service","label":"Storage","passportNumber":"BA27N2011","seats":null,"hasProjector":false,"hasWhiteboard":false,"code":null}},{"type":"Feature","geometry":{"type":"Polygon","coordinates":[[[16.614136,49.210259],[16.614063,49.210232],[16.613941,49.21037],[16.614014,49.210398],[16.614136,49.210259]]]},"properties":{"id":588294,"buildingId":582134,"floorId":588247,"floorLevel":2,"name":"BA27N2034","type":"office","category":"office","label":"Office","passportNumber":"BA27N2034","seats":null,"hasProjector":false,"hasWhiteboard":false,"code":null}},{"type":"Feature","geometry":{"type":"Polygon","coordinates":[[[16.613824,49.210383],[16.613829,49.210378],[16.613832,49.210374],[16.613837,49.210369],[16.613845,49.210359],[16.613819,49.210349],[16.613808,49.210361],[16.613803,49.210368],[16.613792,49.21038],[16.613818,49.21039],[16.613824,49.210383]]]},"properties":{"id":588295,"buildingId":582134,"floorId":588247,"floorLevel":2,"name":"BA27N2028","type":"coatroom","category":"service","label":"Cloakroom","passportNumber":"BA27N2028","seats":null,"hasProjector":false,"hasWhiteboard":false,"code":null}},{"type":"Feature","geometry":{"type":"Polygon","coordinates":[[[16.613845,49.210391],[16.613836,49.210387],[16.613837,49.210386],[16.613846,49.210389],[16.613854,49.210381],[16.613845,49.210377],[16.613846,49.210376],[16.613852,49.210379],[16.613863,49.210366],[16.613852,49.210362],[16.613849,49.210366],[16.613844,49.210363],[16.613836,49.210372],[16.613837,49.210373],[16.613836,49.210374],[16.613835,49.210374],[16.613827,49.210382],[16.613828,49.210383],[16.613827,49.210384],[16.613826,49.210383],[16.61382,49.21039],[16.613839,49.210398],[16.613845,49.210391]]]},"properties":{"id":588296,"buildingId":582134,"floorId":588247,"floorLevel":2,"name":"BA27N2028a","type":"toilet","category":"service","label":"Toilet","passportNumber":"BA27N2028a","seats":null,"hasProjector":false,"hasWhiteboard":false,"code":null}},{"type":"Feature","geometry":{"type":"Polygon","coordinates":[[[16.613728,49.210388],[16.61373,49.210389],[16.613738,49.21038],[16.613715,49.210371],[16.613714,49.210372],[16.613712,49.210372],[16.613725,49.210357],[16.613703,49.210349],[16.613677,49.210378],[16.613699,49.210387],[16.613707,49.210378],[16.613708,49.210379],[16.613702,49.210386],[16.613723,49.210394],[16.613728,49.210388]]]},"properties":{"id":588297,"buildingId":582134,"floorId":588247,"floorLevel":2,"name":"BA27N2044","type":"toilet","category":"service","label":"Toilet","passportNumber":"BA27N2044","seats":null,"hasProjector":false,"hasWhiteboard":false,"code":null}},{"type":"Feature","geometry":{"type":"Polygon","coordinates":[[[16.613773,49.210399],[16.613779,49.210392],[16.613801,49.210367],[16.613807,49.210361],[16.613818,49.210348],[16.613822,49.210349],[16.613826,49.210345],[16.613832,49.210338],[16.613836,49.210333],[16.613791,49.210317],[16.613787,49.210322],[16.613781,49.210329],[16.613777,49.210332],[16.613781,49.210334],[16.613777,49.210339],[16.613771,49.210345],[16.613762,49.210356],[16.613756,49.210363],[16.613741,49.210379],[16.613736,49.210385],[16.613733,49.210389],[16.613741,49.210392],[16.613761,49.210399],[16.613769,49.210403],[16.613773,49.210399]]]},"properties":{"id":588298,"buildingId":582134,"floorId":588247,"floorLevel":2,"name":"BA27N2008","type":"floor","category":"structure","label":"Corridor","passportNumber":"BA27N2008","seats":null,"hasProjector":false,"hasWhiteboard":false,"code":null}},{"type":"Feature","geometry":{"type":"Polygon","coordinates":[[[16.614147,49.210356],[16.614075,49.210329],[16.614014,49.210398],[16.614086,49.210425],[16.614147,49.210356]]]},"properties":{"id":588299,"buildingId":582134,"floorId":588247,"floorLevel":2,"name":"BA27N2035","type":"office","category":"office","label":"Office","passportNumber":"BA27N2035","seats":null,"hasProjector":false,"hasWhiteboard":false,"code":null}},{"type":"Feature","geometry":{"type":"Polygon","coordinates":[[[16.614038,49.210426],[16.614044,49.210419],[16.614048,49.210414],[16.613836,49.210334],[16.613833,49.210338],[16.613826,49.210345],[16.613823,49.210349],[16.613885,49.210373],[16.613904,49.21038],[16.613932,49.210391],[16.613943,49.210395],[16.61397,49.210405],[16.613981,49.210409],[16.614035,49.210429],[16.614038,49.210426]]]},"properties":{"id":588300,"buildingId":582134,"floorId":588247,"floorLevel":2,"name":"BA27N2032","type":"floor","category":"structure","label":"Corridor","passportNumber":"BA27N2032","seats":null,"hasProjector":false,"hasWhiteboard":false,"code":null}},{"type":"Feature","geometry":{"type":"Polygon","coordinates":[[[16.613799,49.210412],[16.613804,49.210406],[16.613807,49.210403],[16.613811,49.210397],[16.613817,49.210391],[16.613791,49.210381],[16.613769,49.210406],[16.613778,49.21041],[16.613774,49.210415],[16.613791,49.210421],[16.613799,49.210412]]]},"properties":{"id":588301,"buildingId":582134,"floorId":588247,"floorLevel":2,"name":"BA27N2023","type":"coatroom","category":"service","label":"Cloakroom","passportNumber":"BA27N2023","seats":null,"hasProjector":false,"hasWhiteboard":false,"code":null}},{"type":"Feature","geometry":{"type":"Polygon","coordinates":[[[16.613819,49.210416],[16.613813,49.210413],[16.613814,49.210412],[16.613823,49.210415],[16.613831,49.210407],[16.613821,49.210403],[16.613822,49.210402],[16.613832,49.210406],[16.613838,49.210399],[16.613819,49.210392],[16.613813,49.210399],[16.613814,49.210399],[16.613813,49.2104],[16.613812,49.2104],[16.613804,49.210408],[16.613805,49.210409],[16.613804,49.21041],[16.613803,49.210409],[16.613793,49.210421],[16.613799,49.210423],[16.613798,49.210424],[16.613808,49.210428],[16.613819,49.210416]]]},"properties":{"id":588302,"buildingId":582134,"floorId":588247,"floorLevel":2,"name":"BA27N2023a","type":"toilet","category":"service","label":"Toilet","passportNumber":"BA27N2023a","seats":null,"hasProjector":false,"hasWhiteboard":false,"code":null}},{"type":"Feature","geometry":{"type":"Polygon","coordinates":[[[16.614075,49.210444],[16.614086,49.210431],[16.614086,49.210431],[16.614083,49.21043],[16.614085,49.210428],[16.614049,49.210414],[16.614044,49.210419],[16.614038,49.210426],[16.614035,49.21043],[16.614071,49.210443],[16.614074,49.210445],[16.614075,49.210444]]]},"properties":{"id":588303,"buildingId":582134,"floorId":588247,"floorLevel":2,"name":"BA27N2048","type":"floor","category":"structure","label":"Corridor","passportNumber":"BA27N2048","seats":null,"hasProjector":false,"hasWhiteboard":false,"code":null}},{"type":"Feature","geometry":{"type":"Polygon","coordinates":[[[16.614123,49.210443],[16.614104,49.210436],[16.61409,49.21043],[16.614089,49.210432],[16.614077,49.210445],[16.614076,49.210447],[16.614109,49.210459],[16.614123,49.210443]]]},"properties":{"id":588305,"buildingId":582134,"floorId":588247,"floorLevel":2,"name":"BA27N2049","type":"ramp","category":"other","label":"ramp","passportNumber":"BA27N2049","seats":null,"hasProjector":false,"hasWhiteboard":false,"code":null}},{"type":"Feature","geometry":{"type":"Polygon","coordinates":[[[16.613921,49.210388],[16.613883,49.210373],[16.613882,49.210375],[16.613868,49.21037],[16.613815,49.21043],[16.613866,49.21045],[16.613921,49.210388]]]},"properties":{"id":588306,"buildingId":582134,"floorId":588247,"floorLevel":2,"name":"BA27N2030","type":"office","category":"office","label":"Office","passportNumber":"BA27N2030","seats":null,"hasProjector":false,"hasWhiteboard":false,"code":null}},{"type":"Feature","geometry":{"type":"Polygon","coordinates":[[[16.61395,49.210403],[16.613941,49.2104],[16.613944,49.210397],[16.613926,49.21039],[16.613923,49.210393],[16.613919,49.210392],[16.613869,49.210449],[16.613872,49.210451],[16.613871,49.210452],[16.613898,49.210462],[16.61395,49.210403]]]},"properties":{"id":588307,"buildingId":582134,"floorId":588247,"floorLevel":2,"name":"BA27N2029","type":"storage","category":"service","label":"Storage","passportNumber":"BA27N2029","seats":null,"hasProjector":false,"hasWhiteboard":false,"code":null}},{"type":"Feature","geometry":{"type":"Polygon","coordinates":[[[16.613702,49.210479],[16.613759,49.210414],[16.613769,49.210403],[16.61376,49.2104],[16.613741,49.210393],[16.613732,49.210389],[16.613722,49.2104],[16.613703,49.210422],[16.6137,49.210421],[16.613683,49.210441],[16.613686,49.210442],[16.613665,49.210465],[16.613666,49.210465],[16.613702,49.210479],[16.613702,49.210479]]]},"properties":{"id":588308,"buildingId":582134,"floorId":588247,"floorLevel":2,"name":"BA27N2006","type":"floor","category":"structure","label":"Corridor","passportNumber":"BA27N2006","seats":null,"hasProjector":false,"hasWhiteboard":false,"code":null}},{"type":"Feature","geometry":{"type":"Polygon","coordinates":[[[16.614014,49.210504],[16.614016,49.210505],[16.614067,49.210448],[16.614065,49.210447],[16.614068,49.210444],[16.614,49.210418],[16.613997,49.210421],[16.613991,49.210419],[16.613994,49.210416],[16.613961,49.210403],[16.613957,49.210407],[16.613951,49.210405],[16.6139,49.210463],[16.61394,49.210478],[16.613941,49.210477],[16.613946,49.210479],[16.613945,49.21048],[16.613952,49.210482],[16.61397,49.210489],[16.613988,49.210496],[16.614007,49.210503],[16.614013,49.210506],[16.614014,49.210504]]]},"properties":{"id":588309,"buildingId":582134,"floorId":588247,"floorLevel":2,"name":"BA27N2031","type":"classroom_and_laboratory","category":"teaching","label":"Classroom / lab","passportNumber":"BA27N2031","seats":null,"hasProjector":false,"hasWhiteboard":false,"code":null}},{"type":"Feature","geometry":{"type":"Polygon","coordinates":[[[16.613682,49.210505],[16.613692,49.210492],[16.613693,49.210492],[16.613691,49.210491],[16.613702,49.210479],[16.613666,49.210465],[16.613653,49.21048],[16.613651,49.21048],[16.613644,49.210479],[16.613629,49.210476],[16.613613,49.210474],[16.613597,49.210473],[16.613597,49.210474],[16.613595,49.210488],[16.613595,49.210489],[16.6136,49.210489],[16.613606,49.21049],[16.613612,49.21049],[16.613618,49.210491],[16.613623,49.210492],[16.613629,49.210492],[16.613635,49.210493],[16.613639,49.210494],[16.613643,49.210495],[16.613647,49.210496],[16.613651,49.210497],[16.613655,49.210498],[16.613659,49.210499],[16.613663,49.2105],[16.613665,49.2105],[16.613668,49.210501],[16.613671,49.210502],[16.613673,49.210503],[16.613676,49.210504],[16.613678,49.210504],[16.613681,49.210505],[16.613682,49.210505]]]},"properties":{"id":588310,"buildingId":582134,"floorId":588247,"floorLevel":2,"name":"BA27N2005","type":"floor","category":"structure","label":"Corridor","passportNumber":"BA27N2005","seats":null,"hasProjector":false,"hasWhiteboard":false,"code":null}},{"type":"Feature","geometry":{"type":"Polygon","coordinates":[[[16.613632,49.210496],[16.61363,49.210495],[16.613629,49.210495],[16.613627,49.210495],[16.613626,49.210495],[16.613624,49.210494],[16.613623,49.210494],[16.613621,49.210494],[16.613622,49.210493],[16.613619,49.210492],[16.613616,49.210492],[16.613613,49.210492],[16.613611,49.210491],[16.613608,49.210491],[16.613605,49.210491],[16.613602,49.210491],[16.613601,49.210497],[16.613598,49.210505],[16.613591,49.210532],[16.613621,49.210535],[16.613632,49.210496]]]},"properties":{"id":588311,"buildingId":582134,"floorId":588247,"floorLevel":2,"name":"BA27N2004","type":"storage","category":"service","label":"Storage","passportNumber":"BA27N2004","seats":null,"hasProjector":false,"hasWhiteboard":false,"code":null}},{"type":"Feature","geometry":{"type":"Polygon","coordinates":[[[16.613596,49.210505],[16.613599,49.210497],[16.6136,49.21049],[16.613599,49.21049],[16.613598,49.21049],[16.613597,49.21049],[16.613596,49.21049],[16.613595,49.21049],[16.613594,49.21049],[16.613593,49.21049],[16.613593,49.210489],[16.613594,49.210489],[16.613594,49.210488],[16.613596,49.210474],[16.613596,49.210473],[16.61358,49.210472],[16.613564,49.210472],[16.613548,49.210473],[16.613532,49.210475],[16.613517,49.210477],[16.613502,49.210481],[16.613488,49.210486],[16.613475,49.210492],[16.613465,49.2105],[16.613459,49.210509],[16.613458,49.210519],[16.613462,49.210529],[16.613469,49.210538],[16.613479,49.210546],[16.61349,49.210553],[16.613503,49.210559],[16.613517,49.210565],[16.613531,49.21057],[16.613546,49.210574],[16.613559,49.210576],[16.613559,49.210576],[16.613559,49.210576],[16.613559,49.210576],[16.613559,49.210576],[16.613559,49.210576],[16.613559,49.210576],[16.613559,49.210576],[16.613559,49.210576],[16.613559,49.210576],[16.613559,49.210576],[16.61356,49.210576],[16.61356,49.210575],[16.61356,49.210575],[16.61356,49.210575],[16.61356,49.210575],[16.61356,49.210575],[16.61356,49.210575],[16.61356,49.210575],[16.61356,49.210575],[16.613561,49.210575],[16.613561,49.210575],[16.613561,49.210575],[16.613561,49.210575],[16.613561,49.210575],[16.613561,49.210575],[16.613561,49.210575],[16.613562,49.210575],[16.613562,49.210575],[16.613562,49.210575],[16.613562,49.210575],[16.613562,49.210575],[16.613562,49.210575],[16.613562,49.210575],[16.613563,49.210575],[16.613563,49.210575],[16.613563,49.210575],[16.613563,49.210575],[16.613563,49.210575],[16.613563,49.210576],[16.613563,49.210576],[16.613563,49.210576],[16.613563,49.210576],[16.613563,49.210576],[16.613563,49.210576],[16.613563,49.210576],[16.613563,49.210576],[16.613563,49.210577],[16.613563,49.210577],[16.613563,49.210577],[16.613563,49.210577],[16.613563,49.210577],[16.613576,49.210579],[16.613596,49.210505]]]},"properties":{"id":588312,"buildingId":582134,"floorId":588247,"floorLevel":2,"name":"BA27N2001","type":"classroom_and_laboratory","category":"teaching","label":"Classroom / lab","passportNumber":"BA27N2001","seats":null,"hasProjector":false,"hasWhiteboard":false,"code":null}},{"type":"Feature","geometry":{"type":"Polygon","coordinates":[[[16.61361,49.210576],[16.613612,49.210568],[16.613621,49.210537],[16.613591,49.210533],[16.613578,49.21058],[16.613593,49.210582],[16.613608,49.210583],[16.61361,49.210576]]]},"properties":{"id":588313,"buildingId":582134,"floorId":588247,"floorLevel":2,"name":"BA27N2003","type":"storage","category":"service","label":"Storage","passportNumber":"BA27N2003","seats":null,"hasProjector":false,"hasWhiteboard":false,"code":null}},{"type":"Feature","geometry":{"type":"Polygon","coordinates":[[[16.613626,49.210584],[16.613642,49.210584],[16.613658,49.210583],[16.613674,49.210581],[16.613689,49.210579],[16.613705,49.210575],[16.613719,49.210571],[16.613731,49.210565],[16.613742,49.210557],[16.613748,49.210548],[16.61375,49.210538],[16.613747,49.210528],[16.61374,49.210519],[16.613731,49.210511],[16.613719,49.210504],[16.613707,49.210497],[16.613693,49.210492],[16.613693,49.210493],[16.613682,49.210505],[16.613682,49.210506],[16.613683,49.210506],[16.613682,49.210507],[16.613679,49.210506],[16.613676,49.210505],[16.613673,49.210504],[16.61367,49.210503],[16.613668,49.210502],[16.613665,49.210502],[16.613662,49.210501],[16.613658,49.2105],[16.613654,49.210499],[16.61365,49.210498],[16.613646,49.210497],[16.613642,49.210496],[16.613638,49.210495],[16.613634,49.210495],[16.613614,49.210568],[16.613612,49.210576],[16.61361,49.210583],[16.613626,49.210584]]]},"properties":{"id":588314,"buildingId":582134,"floorId":588247,"floorLevel":2,"name":"BA27N2002","type":"classroom_and_laboratory","category":"teaching","label":"Classroom / lab","passportNumber":"BA27N2002","seats":null,"hasProjector":false,"hasWhiteboard":false,"code":null}},{"type":"Feature","geometry":{"type":"Polygon","coordinates":[[[16.613652,49.210427],[16.613681,49.210438],[16.613696,49.210421],[16.613667,49.21041],[16.613652,49.210427]]]},"properties":{"id":588478,"buildingId":582134,"floorId":588247,"floorLevel":2,"name":"BA27N2083","type":"elevator","category":"circulation","label":"Elevator","passportNumber":"BA27N2083","seats":null,"hasProjector":false,"hasWhiteboard":false,"code":null}},{"type":"Feature","geometry":{"type":"Polygon","coordinates":[[[16.613719,49.21046],[16.613773,49.21048],[16.613799,49.210449],[16.613746,49.21043],[16.613719,49.21046]]]},"properties":{"id":588533,"buildingId":582134,"floorId":588247,"floorLevel":2,"name":"BA27","type":"stairs","category":"circulation","label":"Stairs","passportNumber":"BA27","seats":null,"hasProjector":false,"hasWhiteboard":false,"code":null}},{"type":"Feature","geometry":{"type":"Polygon","coordinates":[[[16.614252,49.210246],[16.614293,49.210261],[16.614322,49.210229],[16.614281,49.210213],[16.614252,49.210246]]]},"properties":{"id":588534,"buildingId":582134,"floorId":588247,"floorLevel":2,"name":"BA27","type":"stairs","category":"circulation","label":"Stairs","passportNumber":"BA27","seats":null,"hasProjector":false,"hasWhiteboard":false,"code":null}},{"type":"Feature","geometry":{"type":"Polygon","coordinates":[[[16.614059,49.210466],[16.614089,49.210477],[16.614103,49.21046],[16.614074,49.210449],[16.614059,49.210466]]]},"properties":{"id":588535,"buildingId":582134,"floorId":588247,"floorLevel":2,"name":"BA27","type":"elevator","category":"circulation","label":"Elevator","passportNumber":"BA27","seats":null,"hasProjector":false,"hasWhiteboard":false,"code":null}},{"type":"Feature","geometry":{"type":"Polygon","coordinates":[[[16.613646,49.21009],[16.613657,49.210077],[16.613659,49.210075],[16.613623,49.210062],[16.613622,49.210063],[16.613618,49.210062],[16.613606,49.210075],[16.61361,49.210077],[16.613608,49.210079],[16.613644,49.210092],[16.613646,49.21009]]]},"properties":{"id":591144,"buildingId":582134,"floorId":591142,"floorLevel":-1,"name":"BA27P1056","type":"floor","category":"structure","label":"Corridor","passportNumber":"BA27P1056","seats":null,"hasProjector":false,"hasWhiteboard":false,"code":null}},{"type":"Feature","geometry":{"type":"Polygon","coordinates":[[[16.613772,49.210108],[16.613778,49.210101],[16.613836,49.210035],[16.613831,49.210033],[16.613813,49.210026],[16.613794,49.210019],[16.613776,49.210012],[16.61377,49.21001],[16.613768,49.210011],[16.613763,49.210009],[16.613764,49.210008],[16.613758,49.210005],[16.613739,49.209998],[16.613721,49.209991],[16.613702,49.209984],[16.613696,49.209982],[16.613695,49.209983],[16.613693,49.209982],[16.613643,49.21004],[16.613644,49.21004],[16.613641,49.210044],[16.613639,49.210043],[16.613624,49.210061],[16.613702,49.21009],[16.613711,49.210094],[16.61373,49.210101],[16.613766,49.210114],[16.613772,49.210108]]]},"properties":{"id":591145,"buildingId":582134,"floorId":591142,"floorLevel":-1,"name":"BA27P1067","type":"office","category":"office","label":"Office","passportNumber":"BA27P1067","seats":null,"hasProjector":false,"hasWhiteboard":false,"code":null}},{"type":"Feature","geometry":{"type":"Polygon","coordinates":[[[16.613644,49.210094],[16.613607,49.21008],[16.613603,49.210084],[16.6136,49.210083],[16.613592,49.210092],[16.613595,49.210093],[16.613589,49.2101],[16.613591,49.210101],[16.613589,49.210103],[16.613624,49.210117],[16.613644,49.210094]]]},"properties":{"id":591146,"buildingId":582134,"floorId":591142,"floorLevel":-1,"name":"BA27P1054e","type":"storage","category":"service","label":"Storage","passportNumber":"BA27P1054e","seats":null,"hasProjector":false,"hasWhiteboard":false,"code":null}},{"type":"Feature","geometry":{"type":"Polygon","coordinates":[[[16.613829,49.210112],[16.613791,49.210097],[16.613789,49.2101],[16.613783,49.210098],[16.61378,49.210102],[16.613774,49.210109],[16.613768,49.210115],[16.613812,49.210132],[16.613829,49.210112]]]},"properties":{"id":591147,"buildingId":582134,"floorId":591142,"floorLevel":-1,"name":"BA27P1067a","type":"storage","category":"service","label":"Storage","passportNumber":"BA27P1067a","seats":null,"hasProjector":false,"hasWhiteboard":false,"code":null}},{"type":"Feature","geometry":{"type":"Polygon","coordinates":[[[16.613659,49.210127],[16.613663,49.210128],[16.613681,49.210108],[16.613646,49.210095],[16.613626,49.210118],[16.613657,49.210129],[16.613659,49.210127]]]},"properties":{"id":591148,"buildingId":582134,"floorId":591142,"floorLevel":-1,"name":"BA27P1054d","type":"storage","category":"service","label":"Storage","passportNumber":"BA27P1054d","seats":null,"hasProjector":false,"hasWhiteboard":false,"code":null}},{"type":"Feature","geometry":{"type":"Polygon","coordinates":[[[16.61391,49.210063],[16.613905,49.210061],[16.613887,49.210054],[16.613868,49.210047],[16.61385,49.21004],[16.613843,49.210038],[16.613842,49.210039],[16.613837,49.210037],[16.613786,49.210094],[16.613792,49.210096],[16.613832,49.210111],[16.613814,49.210132],[16.613821,49.210135],[16.613833,49.21014],[16.61384,49.210142],[16.61391,49.210063]]]},"properties":{"id":591149,"buildingId":582134,"floorId":591142,"floorLevel":-1,"name":"BA27P1068","type":"office","category":"office","label":"Office","passportNumber":"BA27P1068","seats":null,"hasProjector":false,"hasWhiteboard":false,"code":null}},{"type":"Feature","geometry":{"type":"Polygon","coordinates":[[[16.613873,49.210146],[16.61388,49.210139],[16.613886,49.210132],[16.613932,49.210149],[16.613984,49.210091],[16.613979,49.210089],[16.61396,49.210082],[16.613942,49.210075],[16.613923,49.210068],[16.613917,49.210066],[16.613916,49.210067],[16.613911,49.210065],[16.61386,49.210122],[16.613865,49.210124],[16.613862,49.210127],[16.613857,49.210125],[16.613842,49.210143],[16.613849,49.210146],[16.613861,49.21015],[16.613868,49.210153],[16.613873,49.210146]]]},"properties":{"id":591150,"buildingId":582134,"floorId":591142,"floorLevel":-1,"name":"BA27P1069","type":"office","category":"office","label":"Office","passportNumber":"BA27P1069","seats":null,"hasProjector":false,"hasWhiteboard":false,"code":null}},{"type":"Feature","geometry":{"type":"Polygon","coordinates":[[[16.613931,49.21015],[16.613887,49.210134],[16.613872,49.210151],[16.613882,49.210155],[16.61388,49.210157],[16.613894,49.210163],[16.613895,49.210162],[16.613915,49.210169],[16.613931,49.21015]]]},"properties":{"id":591152,"buildingId":582134,"floorId":591142,"floorLevel":-1,"name":"BA27P1069a","type":"storage","category":"service","label":"Storage","passportNumber":"BA27P1069a","seats":null,"hasProjector":false,"hasWhiteboard":false,"code":null}},{"type":"Feature","geometry":{"type":"Polygon","coordinates":[[[16.613965,49.210181],[16.613971,49.210174],[16.613977,49.210168],[16.613938,49.210153],[16.613936,49.210155],[16.613931,49.210153],[16.613915,49.210171],[16.613959,49.210188],[16.613965,49.210181]]]},"properties":{"id":591153,"buildingId":582134,"floorId":591142,"floorLevel":-1,"name":"BA27P1070a","type":"storage","category":"service","label":"Storage","passportNumber":"BA27P1070a","seats":null,"hasProjector":false,"hasWhiteboard":false,"code":null}},{"type":"Feature","geometry":{"type":"Polygon","coordinates":[[[16.614057,49.210119],[16.614052,49.210117],[16.614034,49.21011],[16.614016,49.210103],[16.613997,49.210096],[16.613991,49.210093],[16.61399,49.210095],[16.613984,49.210093],[16.613934,49.21015],[16.613939,49.210152],[16.61398,49.210167],[16.613973,49.210175],[16.613967,49.210182],[16.613961,49.210188],[16.613968,49.210191],[16.61398,49.210195],[16.613987,49.210198],[16.614057,49.210119]]]},"properties":{"id":591154,"buildingId":582134,"floorId":591142,"floorLevel":-1,"name":"BA27P1070","type":"office","category":"office","label":"Office","passportNumber":"BA27P1070","seats":null,"hasProjector":false,"hasWhiteboard":false,"code":null}},{"type":"Feature","geometry":{"type":"Polygon","coordinates":[[[16.613772,49.210173],[16.613804,49.210185],[16.613807,49.210183],[16.613812,49.210185],[16.61383,49.210164],[16.6138,49.210153],[16.613788,49.210149],[16.613734,49.210128],[16.613701,49.210166],[16.61369,49.210179],[16.613681,49.210189],[16.6137,49.210196],[16.613739,49.210211],[16.613772,49.210173]]]},"properties":{"id":591156,"buildingId":582134,"floorId":591142,"floorLevel":-1,"name":"BA27P1057","type":"storage","category":"service","label":"Storage","passportNumber":"BA27P1057","seats":null,"hasProjector":false,"hasWhiteboard":false,"code":null}},{"type":"Feature","geometry":{"type":"Polygon","coordinates":[[[16.614131,49.210147],[16.614126,49.210145],[16.614108,49.210138],[16.614089,49.210131],[16.614071,49.210124],[16.614064,49.210121],[16.614063,49.210123],[16.614058,49.21012],[16.614008,49.210178],[16.614013,49.21018],[16.61401,49.210183],[16.614004,49.210181],[16.613989,49.210199],[16.614023,49.210212],[16.614035,49.210216],[16.614061,49.210226],[16.614131,49.210147]]]},"properties":{"id":591157,"buildingId":582134,"floorId":591142,"floorLevel":-1,"name":"BA27P1071","type":"office","category":"office","label":"Office","passportNumber":"BA27P1071","seats":null,"hasProjector":false,"hasWhiteboard":false,"code":null}},{"type":"Feature","geometry":{"type":"Polygon","coordinates":[[[16.613688,49.210178],[16.613699,49.210165],[16.613732,49.210128],[16.613713,49.21012],[16.613694,49.210113],[16.613682,49.210109],[16.613661,49.210132],[16.613586,49.210104],[16.613552,49.210142],[16.613549,49.210141],[16.613537,49.210154],[16.61354,49.210156],[16.613535,49.210161],[16.613537,49.210162],[16.613535,49.210164],[16.613604,49.21019],[16.613606,49.210188],[16.613611,49.21019],[16.613609,49.210192],[16.613633,49.210201],[16.613644,49.210205],[16.613659,49.210211],[16.613688,49.210178]]]},"properties":{"id":591158,"buildingId":582134,"floorId":591142,"floorLevel":-1,"name":"BA27P1054","type":"office","category":"office","label":"Office","passportNumber":"BA27P1054","seats":null,"hasProjector":false,"hasWhiteboard":false,"code":null}},{"type":"Feature","geometry":{"type":"Polygon","coordinates":[[[16.613809,49.210188],[16.613773,49.210175],[16.613741,49.210211],[16.613777,49.210225],[16.613809,49.210188]]]},"properties":{"id":591159,"buildingId":582134,"floorId":591142,"floorLevel":-1,"name":"BA27P1057a","type":"storage","category":"service","label":"Storage","passportNumber":"BA27P1057a","seats":null,"hasProjector":false,"hasWhiteboard":false,"code":null}},{"type":"Feature","geometry":{"type":"Polygon","coordinates":[[[16.613572,49.21018],[16.613556,49.210174],[16.613546,49.21017],[16.613534,49.210165],[16.613532,49.210165],[16.6135,49.210201],[16.61354,49.210216],[16.613572,49.21018]]]},"properties":{"id":591161,"buildingId":582134,"floorId":591142,"floorLevel":-1,"name":"BA27P1054a","type":"storage","category":"service","label":"Storage","passportNumber":"BA27P1054a","seats":null,"hasProjector":false,"hasWhiteboard":false,"code":null}},{"type":"Feature","geometry":{"type":"Polygon","coordinates":[[[16.613481,49.210214],[16.613493,49.2102],[16.613534,49.210153],[16.613546,49.21014],[16.613604,49.210074],[16.613616,49.210061],[16.613628,49.210047],[16.613605,49.210038],[16.613456,49.210207],[16.613479,49.210216],[16.613481,49.210214]]]},"properties":{"id":591162,"buildingId":582134,"floorId":591142,"floorLevel":-1,"name":"BA27P1076","type":"ramp","category":"other","label":"ramp","passportNumber":"BA27P1076","seats":null,"hasProjector":false,"hasWhiteboard":false,"code":null}},{"type":"Feature","geometry":{"type":"Polygon","coordinates":[[[16.613615,49.210196],[16.613608,49.210193],[16.613603,49.210191],[16.6136,49.21019],[16.613589,49.210186],[16.613574,49.21018],[16.613551,49.210206],[16.613592,49.210221],[16.613615,49.210196]]]},"properties":{"id":591163,"buildingId":582134,"floorId":591142,"floorLevel":-1,"name":"BA27P1054b","type":"storage","category":"service","label":"Storage","passportNumber":"BA27P1054b","seats":null,"hasProjector":false,"hasWhiteboard":false,"code":null}},{"type":"Feature","geometry":{"type":"Polygon","coordinates":[[[16.613936,49.210205],[16.613928,49.210202],[16.613916,49.210197],[16.613869,49.210179],[16.613838,49.210214],[16.61387,49.210227],[16.613905,49.21024],[16.613936,49.210205]]]},"properties":{"id":591164,"buildingId":582134,"floorId":591142,"floorLevel":-1,"name":"BA27P1063a","type":"preparatory","category":"service","label":"Preparatory","passportNumber":"BA27P1063a","seats":null,"hasProjector":false,"hasWhiteboard":false,"code":null}},{"type":"Feature","geometry":{"type":"Polygon","coordinates":[[[16.613954,49.210238],[16.613959,49.210241],[16.613977,49.21022],[16.613963,49.210215],[16.613952,49.210211],[16.613938,49.210205],[16.613917,49.210229],[16.613951,49.210242],[16.613954,49.210238]]]},"properties":{"id":591165,"buildingId":582134,"floorId":591142,"floorLevel":-1,"name":"BA27P1063","type":"food_storage","category":"other","label":"food storage","passportNumber":"BA27P1063","seats":null,"hasProjector":false,"hasWhiteboard":false,"code":null}},{"type":"Feature","geometry":{"type":"Polygon","coordinates":[[[16.614205,49.210174],[16.6142,49.210173],[16.614181,49.210166],[16.614163,49.210159],[16.614145,49.210152],[16.614138,49.210149],[16.614137,49.21015],[16.614132,49.210148],[16.614081,49.210206],[16.614087,49.210208],[16.614083,49.210211],[16.614078,49.210209],[16.614063,49.210227],[16.614097,49.210239],[16.614108,49.210244],[16.614135,49.210254],[16.614205,49.210174]]]},"properties":{"id":591166,"buildingId":582134,"floorId":591142,"floorLevel":-1,"name":"BA27P1072","type":"office","category":"office","label":"Office","passportNumber":"BA27P1072","seats":null,"hasProjector":false,"hasWhiteboard":false,"code":null}},{"type":"Feature","geometry":{"type":"Polygon","coordinates":[[[16.613658,49.210212],[16.613642,49.210206],[16.613632,49.210202],[16.613616,49.210196],[16.613594,49.210222],[16.613635,49.210237],[16.613658,49.210212]]]},"properties":{"id":591167,"buildingId":582134,"floorId":591142,"floorLevel":-1,"name":"BA27P1054c","type":"storage","category":"service","label":"Storage","passportNumber":"BA27P1054c","seats":null,"hasProjector":false,"hasWhiteboard":false,"code":null}},{"type":"Feature","geometry":{"type":"Polygon","coordinates":[[[16.613522,49.210231],[16.613534,49.210217],[16.613535,49.210216],[16.613499,49.210202],[16.613495,49.210201],[16.613483,49.210215],[16.613487,49.210216],[16.613483,49.210221],[16.613519,49.210234],[16.613522,49.210231]]]},"properties":{"id":591168,"buildingId":582134,"floorId":591142,"floorLevel":-1,"name":"BA27P1075","type":"floor","category":"structure","label":"Corridor","passportNumber":"BA27P1075","seats":null,"hasProjector":false,"hasWhiteboard":false,"code":null}},{"type":"Feature","geometry":{"type":"Polygon","coordinates":[[[16.613955,49.210245],[16.613916,49.21023],[16.613907,49.21024],[16.613946,49.210255],[16.613955,49.210245]]]},"properties":{"id":591169,"buildingId":582134,"floorId":591142,"floorLevel":-1,"name":"BA27P1065b","type":"utility_room","category":"service","label":"Utility","passportNumber":"BA27P1065b","seats":null,"hasProjector":false,"hasWhiteboard":false,"code":null}},{"type":"Feature","geometry":{"type":"Polygon","coordinates":[[[16.614227,49.210266],[16.614226,49.210265],[16.614229,49.210261],[16.61423,49.210262],[16.614281,49.210205],[16.614279,49.210204],[16.61428,49.210203],[16.614274,49.2102],[16.614255,49.210194],[16.614237,49.210187],[16.614218,49.21018],[16.614212,49.210177],[16.614211,49.210178],[16.614205,49.210176],[16.614155,49.210234],[16.61416,49.210236],[16.614157,49.210239],[16.614152,49.210237],[16.614136,49.210255],[16.614142,49.210257],[16.614154,49.210261],[16.614166,49.210266],[16.614169,49.210262],[16.614215,49.210279],[16.614227,49.210266]]]},"properties":{"id":591170,"buildingId":582134,"floorId":591142,"floorLevel":-1,"name":"BA27P1061","type":"office","category":"office","label":"Office","passportNumber":"BA27P1061","seats":null,"hasProjector":false,"hasWhiteboard":false,"code":null}},{"type":"Feature","geometry":{"type":"Polygon","coordinates":[[[16.613511,49.210233],[16.613484,49.210223],[16.613481,49.210226],[16.613479,49.210225],[16.613469,49.210237],[16.613477,49.21024],[16.613487,49.210244],[16.613498,49.210248],[16.613511,49.210233]]]},"properties":{"id":591171,"buildingId":582134,"floorId":591142,"floorLevel":-1,"name":"BA27P1037a","type":"storage","category":"service","label":"Storage","passportNumber":"BA27P1037a","seats":null,"hasProjector":false,"hasWhiteboard":false,"code":null}},{"type":"Feature","geometry":{"type":"Polygon","coordinates":[[[16.614154,49.210279],[16.61416,49.210272],[16.614164,49.210267],[16.614153,49.210262],[16.614141,49.210258],[16.614107,49.210245],[16.614096,49.210241],[16.614034,49.210217],[16.614022,49.210213],[16.613979,49.210197],[16.613967,49.210192],[16.61386,49.210151],[16.613848,49.210147],[16.613832,49.210141],[16.61382,49.210136],[16.613729,49.210102],[16.61371,49.210095],[16.613659,49.210076],[16.613658,49.210077],[16.613647,49.21009],[16.613644,49.210093],[16.613658,49.210098],[16.613669,49.210102],[16.613695,49.210112],[16.613714,49.210119],[16.613789,49.210148],[16.613801,49.210152],[16.613833,49.210164],[16.613778,49.210226],[16.613787,49.210229],[16.613806,49.210236],[16.613814,49.210239],[16.613825,49.210227],[16.613832,49.210219],[16.613868,49.210177],[16.613917,49.210196],[16.613929,49.2102],[16.613953,49.210209],[16.613965,49.210214],[16.61398,49.21022],[16.613945,49.21026],[16.613948,49.210261],[16.613959,49.210265],[16.613962,49.210267],[16.613998,49.210227],[16.614029,49.210238],[16.614041,49.210243],[16.614075,49.210256],[16.614087,49.21026],[16.614129,49.210276],[16.614139,49.21028],[16.614149,49.210284],[16.614154,49.210279]]]},"properties":{"id":591172,"buildingId":582134,"floorId":591142,"floorLevel":-1,"name":"BA27P1055","type":"floor","category":"structure","label":"Corridor","passportNumber":"BA27P1055","seats":null,"hasProjector":false,"hasWhiteboard":false,"code":null}},{"type":"Feature","geometry":{"type":"Polygon","coordinates":[[[16.614214,49.21028],[16.614182,49.210268],[16.614176,49.210276],[16.614208,49.210288],[16.614214,49.21028]]]},"properties":{"id":591173,"buildingId":582134,"floorId":591142,"floorLevel":-1,"name":"BA27P1060b","type":"substation","category":"other","label":"substation","passportNumber":"BA27P1060b","seats":null,"hasProjector":false,"hasWhiteboard":false,"code":null}},{"type":"Feature","geometry":{"type":"Polygon","coordinates":[[[16.61403,49.210272],[16.614025,49.21027],[16.614028,49.210266],[16.614033,49.210268],[16.614051,49.210248],[16.61404,49.210244],[16.614028,49.21024],[16.613999,49.210228],[16.613964,49.210267],[16.614017,49.210287],[16.61403,49.210272]]]},"properties":{"id":591175,"buildingId":582134,"floorId":591142,"floorLevel":-1,"name":"BA27P1066","type":"office","category":"office","label":"Office","passportNumber":"BA27P1066","seats":null,"hasProjector":false,"hasWhiteboard":false,"code":null}},{"type":"Feature","geometry":{"type":"Polygon","coordinates":[[[16.613737,49.21027],[16.613743,49.210263],[16.613755,49.210249],[16.61375,49.210247],[16.613753,49.210243],[16.613758,49.210245],[16.613776,49.210226],[16.613699,49.210197],[16.61368,49.21019],[16.613637,49.210238],[16.613733,49.210274],[16.613737,49.21027]]]},"properties":{"id":591176,"buildingId":582134,"floorId":591142,"floorLevel":-1,"name":"BA27P1058","type":"classroom_and_laboratory","category":"teaching","label":"Classroom / lab","passportNumber":"BA27P1058","seats":null,"hasProjector":false,"hasWhiteboard":false,"code":null}},{"type":"Feature","geometry":{"type":"Polygon","coordinates":[[[16.614106,49.210289],[16.614102,49.210287],[16.614115,49.210272],[16.614095,49.210265],[16.614076,49.210288],[16.614099,49.210297],[16.614106,49.210289]]]},"properties":{"id":591177,"buildingId":582134,"floorId":591142,"floorLevel":-1,"name":"BA27P1059a","type":"preparatory","category":"service","label":"Preparatory","passportNumber":"BA27P1059a","seats":null,"hasProjector":false,"hasWhiteboard":false,"code":null}},{"type":"Feature","geometry":{"type":"Polygon","coordinates":[[[16.614207,49.210289],[16.614173,49.210276],[16.61418,49.210268],[16.61417,49.210263],[16.614151,49.210285],[16.614196,49.210301],[16.614207,49.210289]]]},"properties":{"id":591178,"buildingId":582134,"floorId":591142,"floorLevel":-1,"name":"BA27P1060","type":"storage","category":"service","label":"Storage","passportNumber":"BA27P1060","seats":null,"hasProjector":false,"hasWhiteboard":false,"code":null}},{"type":"Feature","geometry":{"type":"Polygon","coordinates":[[[16.613596,49.210265],[16.613572,49.210256],[16.613565,49.210264],[16.613563,49.210264],[16.61357,49.210255],[16.61356,49.210251],[16.613557,49.210255],[16.613546,49.210251],[16.613549,49.210247],[16.613538,49.210243],[16.613531,49.210251],[16.613529,49.210251],[16.613537,49.210243],[16.613513,49.210234],[16.613499,49.210249],[16.613523,49.210258],[16.613524,49.210257],[16.613526,49.210258],[16.613525,49.210258],[16.613557,49.210271],[16.613558,49.21027],[16.61356,49.21027],[16.613559,49.210271],[16.613583,49.21028],[16.613596,49.210265]]]},"properties":{"id":591179,"buildingId":582134,"floorId":591142,"floorLevel":-1,"name":"BA27P1043","type":"coatroom","category":"service","label":"Cloakroom","passportNumber":"BA27P1043","seats":null,"hasProjector":false,"hasWhiteboard":false,"code":null}},{"type":"Feature","geometry":{"type":"Polygon","coordinates":[[[16.61398,49.210294],[16.613985,49.210289],[16.613993,49.21028],[16.613958,49.210266],[16.613947,49.210262],[16.613944,49.210261],[16.613932,49.210274],[16.613926,49.210281],[16.613923,49.210284],[16.613972,49.210303],[16.61398,49.210294]]]},"properties":{"id":591180,"buildingId":582134,"floorId":591142,"floorLevel":-1,"name":"BA27P1065","type":"coatroom","category":"service","label":"Cloakroom","passportNumber":"BA27P1065","seats":null,"hasProjector":false,"hasWhiteboard":false,"code":null}},{"type":"Feature","geometry":{"type":"Polygon","coordinates":[[[16.614008,49.210296],[16.613997,49.210292],[16.613998,49.210291],[16.614008,49.210295],[16.614014,49.210288],[16.613995,49.21028],[16.613989,49.210287],[16.61399,49.210288],[16.613989,49.210289],[16.613988,49.210289],[16.613975,49.210303],[16.613996,49.21031],[16.614008,49.210296]]]},"properties":{"id":591182,"buildingId":582134,"floorId":591142,"floorLevel":-1,"name":"BA27P1065a","type":"toilet","category":"service","label":"Toilet","passportNumber":"BA27P1065a","seats":null,"hasProjector":false,"hasWhiteboard":false,"code":null}},{"type":"Feature","geometry":{"type":"Polygon","coordinates":[[[16.614175,49.210322],[16.614177,49.210323],[16.614195,49.210303],[16.614135,49.21028],[16.614122,49.210295],[16.614108,49.210289],[16.614103,49.210295],[16.614107,49.210296],[16.614105,49.210299],[16.614173,49.210324],[16.614175,49.210322]]]},"properties":{"id":591183,"buildingId":582134,"floorId":591142,"floorLevel":-1,"name":"BA27P1060a","type":"storage","category":"service","label":"Storage","passportNumber":"BA27P1060a","seats":null,"hasProjector":false,"hasWhiteboard":false,"code":null}},{"type":"Feature","geometry":{"type":"Polygon","coordinates":[[[16.61362,49.210291],[16.613626,49.210285],[16.613628,49.210282],[16.613623,49.21028],[16.613626,49.210276],[16.613598,49.210266],[16.613583,49.210283],[16.613577,49.210289],[16.613575,49.210291],[16.613608,49.210304],[16.61362,49.210291]]]},"properties":{"id":591184,"buildingId":582134,"floorId":591142,"floorLevel":-1,"name":"BA27P1073a","type":"coatroom","category":"service","label":"Cloakroom","passportNumber":"BA27P1073a","seats":null,"hasProjector":false,"hasWhiteboard":false,"code":null}},{"type":"Feature","geometry":{"type":"Polygon","coordinates":[[[16.613606,49.210305],[16.613574,49.210293],[16.613567,49.210301],[16.613575,49.210304],[16.613585,49.210308],[16.613598,49.210313],[16.613606,49.210305]]]},"properties":{"id":591185,"buildingId":582134,"floorId":591142,"floorLevel":-1,"name":"BA27P1073b","type":"utility_room","category":"service","label":"Utility","passportNumber":"BA27P1073b","seats":null,"hasProjector":false,"hasWhiteboard":false,"code":null}},{"type":"Feature","geometry":{"type":"Polygon","coordinates":[[[16.613654,49.210307],[16.613653,49.210307],[16.613654,49.210306],[16.613655,49.210306],[16.613666,49.210293],[16.613632,49.21028],[16.61362,49.210293],[16.613633,49.210298],[16.613632,49.210299],[16.613619,49.210294],[16.613607,49.210309],[16.613629,49.210317],[16.613641,49.210303],[16.61364,49.210302],[16.613641,49.210301],[16.613645,49.210303],[16.613644,49.210304],[16.613643,49.210303],[16.61363,49.210318],[16.613641,49.210322],[16.613654,49.210307]]]},"properties":{"id":591186,"buildingId":582134,"floorId":591142,"floorLevel":-1,"name":"BA27P1041","type":"toilet","category":"service","label":"Toilet","passportNumber":"BA27P1041","seats":null,"hasProjector":false,"hasWhiteboard":false,"code":null}},{"type":"Feature","geometry":{"type":"Polygon","coordinates":[[[16.613919,49.210332],[16.613925,49.210325],[16.61395,49.210296],[16.613917,49.210284],[16.613844,49.210256],[16.613812,49.210244],[16.613772,49.210289],[16.613863,49.210323],[16.613873,49.210327],[16.613911,49.210342],[16.613919,49.210332]]]},"properties":{"id":591187,"buildingId":582134,"floorId":591142,"floorLevel":-1,"name":"BA27P1047","type":"cultural_spaces","category":"other","label":"cultural spaces","passportNumber":"BA27P1047","seats":null,"hasProjector":false,"hasWhiteboard":false,"code":null}},{"type":"Feature","geometry":{"type":"Polygon","coordinates":[[[16.613557,49.21031],[16.613562,49.210304],[16.613575,49.210288],[16.613581,49.210282],[16.613582,49.210281],[16.613521,49.210258],[16.613511,49.210255],[16.613486,49.210245],[16.613476,49.210242],[16.613467,49.210238],[16.613428,49.210283],[16.61343,49.210283],[16.613429,49.210284],[16.613436,49.210287],[16.613454,49.210294],[16.613472,49.210301],[16.613491,49.210308],[16.613497,49.21031],[16.613498,49.210309],[16.613504,49.210311],[16.613503,49.210312],[16.613509,49.210315],[16.613528,49.210322],[16.613541,49.210327],[16.613557,49.21031]]]},"properties":{"id":591188,"buildingId":582134,"floorId":591142,"floorLevel":-1,"name":"BA27P1037","type":"office","category":"office","label":"Office","passportNumber":"BA27P1037","seats":null,"hasProjector":false,"hasWhiteboard":false,"code":null}},{"type":"Feature","geometry":{"type":"Polygon","coordinates":[[[16.613702,49.21031],[16.613696,49.210308],[16.613697,49.210307],[16.613685,49.210302],[16.613687,49.210299],[16.613679,49.210296],[16.613678,49.210298],[16.613668,49.210294],[16.613642,49.210323],[16.613678,49.210337],[16.613702,49.21031]]]},"properties":{"id":591189,"buildingId":582134,"floorId":591142,"floorLevel":-1,"name":"BA27P1040","type":"coatroom","category":"service","label":"Cloakroom","passportNumber":"BA27P1040","seats":null,"hasProjector":false,"hasWhiteboard":false,"code":null}},{"type":"Feature","geometry":{"type":"Polygon","coordinates":[[[16.613582,49.210334],[16.613588,49.210328],[16.613599,49.210315],[16.613584,49.210309],[16.613574,49.210305],[16.613566,49.210302],[16.613564,49.210304],[16.613558,49.210311],[16.613543,49.210328],[16.613571,49.210338],[16.613572,49.210337],[16.613578,49.210339],[16.613582,49.210334]]]},"properties":{"id":591190,"buildingId":582134,"floorId":591142,"floorLevel":-1,"name":"BA27P1073","type":"coatroom","category":"service","label":"Cloakroom","passportNumber":"BA27P1073","seats":null,"hasProjector":false,"hasWhiteboard":false,"code":null}},{"type":"Feature","geometry":{"type":"Polygon","coordinates":[[[16.613625,49.21034],[16.613624,49.210339],[16.613625,49.210338],[16.613626,49.210339],[16.613639,49.210324],[16.613628,49.21032],[16.613616,49.210335],[16.613617,49.210335],[16.613616,49.210336],[16.613612,49.210335],[16.613613,49.210333],[16.613614,49.210334],[16.613627,49.210319],[16.613605,49.210311],[16.613592,49.210326],[16.613604,49.21033],[16.613603,49.210331],[16.613591,49.210327],[16.613579,49.21034],[16.613614,49.210353],[16.613625,49.21034]]]},"properties":{"id":591191,"buildingId":582134,"floorId":591142,"floorLevel":-1,"name":"BA27P1038","type":"toilet","category":"service","label":"Toilet","passportNumber":"BA27P1038","seats":null,"hasProjector":false,"hasWhiteboard":false,"code":null}},{"type":"Feature","geometry":{"type":"Polygon","coordinates":[[[16.613751,49.210347],[16.613729,49.210338],[16.613717,49.210351],[16.613739,49.21036],[16.613751,49.210347]]]},"properties":{"id":591192,"buildingId":582134,"floorId":591142,"floorLevel":-1,"name":"BA27P1080","type":"toilet","category":"service","label":"Toilet","passportNumber":"BA27P1080","seats":null,"hasProjector":false,"hasWhiteboard":false,"code":null}},{"type":"Feature","geometry":{"type":"Polygon","coordinates":[[[16.613976,49.210333],[16.613971,49.210331],[16.613974,49.210327],[16.613979,49.210329],[16.613994,49.210313],[16.613952,49.210297],[16.613927,49.210325],[16.613921,49.210332],[16.613901,49.210355],[16.613917,49.210361],[16.613928,49.210365],[16.613943,49.21037],[16.613976,49.210333]]]},"properties":{"id":591193,"buildingId":582134,"floorId":591142,"floorLevel":-1,"name":"BA27P1048","type":"office","category":"office","label":"Office","passportNumber":"BA27P1048","seats":null,"hasProjector":false,"hasWhiteboard":false,"code":null}},{"type":"Feature","geometry":{"type":"Polygon","coordinates":[[[16.614174,49.210326],[16.614172,49.210326],[16.614104,49.2103],[16.614098,49.210298],[16.614073,49.210288],[16.614074,49.210286],[16.614081,49.210279],[16.614094,49.210264],[16.614086,49.210261],[16.614074,49.210257],[16.614053,49.210249],[16.613982,49.210329],[16.614124,49.210382],[16.614174,49.210326]]]},"properties":{"id":591194,"buildingId":582134,"floorId":591142,"floorLevel":-1,"name":"BA27P1059","type":"classroom_and_laboratory","category":"teaching","label":"Classroom / lab","passportNumber":"BA27P1059","seats":null,"hasProjector":false,"hasWhiteboard":false,"code":null}},{"type":"Feature","geometry":{"type":"Polygon","coordinates":[[[16.613787,49.210344],[16.613765,49.210335],[16.613762,49.210339],[16.61376,49.210339],[16.613767,49.210331],[16.613743,49.210322],[16.61373,49.210337],[16.613754,49.210346],[16.613755,49.210345],[16.613757,49.210346],[16.613744,49.21036],[16.613766,49.210368],[16.613787,49.210344]]]},"properties":{"id":591195,"buildingId":582134,"floorId":591142,"floorLevel":-1,"name":"BA27P1079","type":"toilet","category":"service","label":"Toilet","passportNumber":"BA27P1079","seats":null,"hasProjector":false,"hasWhiteboard":false,"code":null}},{"type":"Feature","geometry":{"type":"Polygon","coordinates":[[[16.61366,49.210357],[16.613666,49.21035],[16.613672,49.210344],[16.613677,49.210338],[16.613641,49.210324],[16.613626,49.210342],[16.61362,49.210348],[16.613615,49.210355],[16.613645,49.210366],[16.613646,49.210365],[16.613648,49.210366],[16.613651,49.210367],[16.61366,49.210357]]]},"properties":{"id":591196,"buildingId":582134,"floorId":591142,"floorLevel":-1,"name":"BA27P1039","type":"coatroom","category":"service","label":"Cloakroom","passportNumber":"BA27P1039","seats":null,"hasProjector":false,"hasWhiteboard":false,"code":null}},{"type":"Feature","geometry":{"type":"Polygon","coordinates":[[[16.613738,49.210361],[16.613716,49.210353],[16.613705,49.210366],[16.613727,49.210374],[16.613738,49.210361]]]},"properties":{"id":591197,"buildingId":582134,"floorId":591142,"floorLevel":-1,"name":"BA27P1078","type":"toilet","category":"service","label":"Toilet","passportNumber":"BA27P1078","seats":null,"hasProjector":false,"hasWhiteboard":false,"code":null}},{"type":"Feature","geometry":{"type":"Polygon","coordinates":[[[16.613697,49.210372],[16.613698,49.210371],[16.613703,49.210365],[16.613718,49.210348],[16.613724,49.210341],[16.613736,49.210327],[16.613742,49.210321],[16.613743,49.210319],[16.613745,49.210317],[16.613756,49.210304],[16.613769,49.21029],[16.613814,49.210239],[16.613805,49.210236],[16.613786,49.210229],[16.613778,49.210226],[16.613745,49.210264],[16.613739,49.210271],[16.613734,49.210276],[16.61355,49.210207],[16.61354,49.210218],[16.613535,49.210216],[16.613535,49.210217],[16.613524,49.210229],[16.613519,49.210234],[16.613574,49.210255],[16.613584,49.210259],[16.613708,49.210306],[16.613691,49.210325],[16.613685,49.210331],[16.613673,49.210345],[16.613668,49.210351],[16.613659,49.210361],[16.613667,49.210364],[16.613686,49.210371],[16.613695,49.210375],[16.613697,49.210372]]]},"properties":{"id":591198,"buildingId":582134,"floorId":591142,"floorLevel":-1,"name":"BA27P1074","type":"floor","category":"structure","label":"Corridor","passportNumber":"BA27P1074","seats":null,"hasProjector":false,"hasWhiteboard":false,"code":null}},{"type":"Feature","geometry":{"type":"Polygon","coordinates":[[[16.613817,49.210349],[16.613804,49.210344],[16.613795,49.21034],[16.613793,49.21034],[16.613767,49.21037],[16.61379,49.210379],[16.613817,49.210349]]]},"properties":{"id":591199,"buildingId":582134,"floorId":591142,"floorLevel":-1,"name":"BA27P1042","type":"storage","category":"service","label":"Storage","passportNumber":"BA27P1042","seats":null,"hasProjector":false,"hasWhiteboard":false,"code":null}},{"type":"Feature","geometry":{"type":"Polygon","coordinates":[[[16.614045,49.210359],[16.614048,49.210355],[16.613981,49.21033],[16.613945,49.210371],[16.613988,49.210388],[16.613999,49.210392],[16.614011,49.210396],[16.614045,49.210359]]]},"properties":{"id":591200,"buildingId":582134,"floorId":591142,"floorLevel":-1,"name":"BA27P1049","type":"storage","category":"service","label":"Storage","passportNumber":"BA27P1049","seats":null,"hasProjector":false,"hasWhiteboard":false,"code":null}},{"type":"Feature","geometry":{"type":"Polygon","coordinates":[[[16.614073,49.210366],[16.614054,49.210359],[16.614051,49.210362],[16.614047,49.210361],[16.614016,49.210396],[16.614022,49.210399],[16.614033,49.210403],[16.614039,49.210405],[16.614073,49.210366]]]},"properties":{"id":591201,"buildingId":582134,"floorId":591142,"floorLevel":-1,"name":"BA27P1050","type":"storage","category":"service","label":"Storage","passportNumber":"BA27P1050","seats":null,"hasProjector":false,"hasWhiteboard":false,"code":null}},{"type":"Feature","geometry":{"type":"Polygon","coordinates":[[[16.613626,49.210385],[16.613637,49.210373],[16.61364,49.210369],[16.613614,49.21036],[16.61361,49.210363],[16.6136,49.210375],[16.613597,49.210379],[16.613623,49.210389],[16.613626,49.210385]]]},"properties":{"id":591202,"buildingId":582134,"floorId":591142,"floorLevel":-1,"name":"BA27P1035b","type":"floor","category":"structure","label":"Corridor","passportNumber":"BA27P1035b","seats":null,"hasProjector":false,"hasWhiteboard":false,"code":null}},{"type":"Feature","geometry":{"type":"Polygon","coordinates":[[[16.613763,49.210372],[16.613741,49.210363],[16.613728,49.210378],[16.613726,49.210377],[16.613727,49.210376],[16.613704,49.210367],[16.61369,49.210382],[16.613714,49.210391],[16.613721,49.210383],[16.613723,49.210384],[16.613716,49.210391],[16.613725,49.210395],[16.613724,49.210396],[16.613737,49.210401],[16.613763,49.210372]]]},"properties":{"id":591203,"buildingId":582134,"floorId":591142,"floorLevel":-1,"name":"BA27P1077","type":"toilet","category":"service","label":"Toilet","passportNumber":"BA27P1077","seats":null,"hasProjector":false,"hasWhiteboard":false,"code":null}},{"type":"Feature","geometry":{"type":"Polygon","coordinates":[[[16.61412,49.210387],[16.614118,49.210386],[16.614122,49.210383],[16.614078,49.210366],[16.614041,49.210408],[16.614043,49.210408],[16.614054,49.210412],[16.614087,49.210425],[16.61412,49.210387]]]},"properties":{"id":591204,"buildingId":582134,"floorId":591142,"floorLevel":-1,"name":"BA27P1051","type":"office","category":"office","label":"Office","passportNumber":"BA27P1051","seats":null,"hasProjector":false,"hasWhiteboard":false,"code":null}},{"type":"Feature","geometry":{"type":"Polygon","coordinates":[[[16.613772,49.2104],[16.613778,49.210393],[16.613789,49.21038],[16.613766,49.210371],[16.613739,49.210402],[16.613763,49.210411],[16.613772,49.2104]]]},"properties":{"id":591205,"buildingId":582134,"floorId":591142,"floorLevel":-1,"name":"BA27P1044a","type":"storage","category":"service","label":"Storage","passportNumber":"BA27P1044a","seats":null,"hasProjector":false,"hasWhiteboard":false,"code":null}},{"type":"Feature","geometry":{"type":"Polygon","coordinates":[[[16.614045,49.210427],[16.614051,49.210419],[16.614056,49.210415],[16.614053,49.210413],[16.614042,49.210409],[16.614028,49.210404],[16.614018,49.2104],[16.613998,49.210393],[16.613987,49.210389],[16.613927,49.210366],[16.613916,49.210362],[16.613899,49.210355],[16.61391,49.210343],[16.613872,49.210329],[16.613862,49.210324],[16.61377,49.21029],[16.613757,49.210305],[16.613746,49.210317],[16.613744,49.210319],[16.613796,49.210339],[16.613805,49.210343],[16.61383,49.210352],[16.613841,49.210356],[16.613929,49.210389],[16.613939,49.210393],[16.614002,49.210417],[16.614013,49.210421],[16.61404,49.210432],[16.614045,49.210427]]]},"properties":{"id":591206,"buildingId":582134,"floorId":591142,"floorLevel":-1,"name":"BA27P1052","type":"floor","category":"structure","label":"Corridor","passportNumber":"BA27P1052","seats":null,"hasProjector":false,"hasWhiteboard":false,"code":null}},{"type":"Feature","geometry":{"type":"Polygon","coordinates":[[[16.614063,49.210436],[16.614064,49.210437],[16.614066,49.210435],[16.614073,49.210427],[16.614074,49.210425],[16.614073,49.210425],[16.614075,49.210422],[16.614056,49.210415],[16.614052,49.210419],[16.614045,49.210427],[16.614041,49.210432],[16.61406,49.210439],[16.614063,49.210436]]]},"properties":{"id":591207,"buildingId":582134,"floorId":591142,"floorLevel":-1,"name":"BA27P1053","type":"floor","category":"structure","label":"Corridor","passportNumber":"BA27P1053","seats":null,"hasProjector":false,"hasWhiteboard":false,"code":null}},{"type":"Feature","geometry":{"type":"Polygon","coordinates":[[[16.613386,49.210397],[16.613392,49.21039],[16.613407,49.210373],[16.61339,49.210367],[16.613371,49.21036],[16.613365,49.210357],[16.613364,49.210358],[16.613362,49.210358],[16.613326,49.210399],[16.613369,49.210415],[16.613386,49.210397]]]},"properties":{"id":591208,"buildingId":582134,"floorId":591142,"floorLevel":-1,"name":"BA27P1010","type":"preparatory","category":"service","label":"Preparatory","passportNumber":"BA27P1010","seats":null,"hasProjector":false,"hasWhiteboard":false,"code":null}},{"type":"Feature","geometry":{"type":"Polygon","coordinates":[[[16.613919,49.210387],[16.613852,49.210362],[16.613849,49.210366],[16.613844,49.210363],[16.613846,49.210361],[16.613835,49.210357],[16.613836,49.210356],[16.613819,49.210349],[16.61378,49.210394],[16.613774,49.2104],[16.613764,49.210411],[16.613767,49.210412],[16.613786,49.210419],[16.613792,49.210422],[16.613793,49.210421],[16.613799,49.210423],[16.613798,49.210424],[16.613804,49.210426],[16.613823,49.210433],[16.613841,49.21044],[16.613859,49.210447],[16.613864,49.210449],[16.613919,49.210387]]]},"properties":{"id":591209,"buildingId":582134,"floorId":591142,"floorLevel":-1,"name":"BA27P1044","type":"classroom_and_laboratory","category":"teaching","label":"Classroom / lab","passportNumber":"BA27P1044","seats":null,"hasProjector":false,"hasWhiteboard":false,"code":null}},{"type":"Feature","geometry":{"type":"Polygon","coordinates":[[[16.613688,49.210436],[16.613687,49.210435],[16.613696,49.210426],[16.613701,49.21042],[16.613666,49.210406],[16.613657,49.210416],[16.613646,49.210428],[16.613682,49.210442],[16.613688,49.210436]]]},"properties":{"id":591210,"buildingId":582134,"floorId":591142,"floorLevel":-1,"name":"BA27P1083","type":"elevator","category":"circulation","label":"Elevator","passportNumber":"BA27P1083","seats":null,"hasProjector":false,"hasWhiteboard":false,"code":null}},{"type":"Feature","geometry":{"type":"Polygon","coordinates":[[[16.613368,49.210416],[16.613325,49.2104],[16.613312,49.210415],[16.613313,49.210416],[16.61331,49.210419],[16.613335,49.210428],[16.613345,49.210433],[16.613352,49.210435],[16.613368,49.210416]]]},"properties":{"id":591211,"buildingId":582134,"floorId":591142,"floorLevel":-1,"name":"BA27P1008","type":"storage","category":"service","label":"Storage","passportNumber":"BA27P1008","seats":null,"hasProjector":false,"hasWhiteboard":false,"code":null}},{"type":"Feature","geometry":{"type":"Polygon","coordinates":[[[16.613288,49.210432],[16.6133,49.210418],[16.613301,49.210417],[16.613299,49.210417],[16.613301,49.210414],[16.613288,49.210409],[16.613286,49.210412],[16.613281,49.21041],[16.613282,49.21041],[16.613268,49.210405],[16.613255,49.21042],[16.613288,49.210432]]]},"properties":{"id":591212,"buildingId":582134,"floorId":591142,"floorLevel":-1,"name":"BA27P1033b","type":"ramp","category":"other","label":"ramp","passportNumber":"BA27P1033b","seats":null,"hasProjector":false,"hasWhiteboard":false,"code":null}},{"type":"Feature","geometry":{"type":"Polygon","coordinates":[[[16.613923,49.210436],[16.61393,49.210429],[16.613954,49.210401],[16.613938,49.210395],[16.613928,49.210391],[16.613926,49.21039],[16.613923,49.210393],[16.613917,49.210391],[16.613867,49.210449],[16.613872,49.210451],[16.613871,49.210452],[16.613878,49.210454],[16.613896,49.210461],[16.6139,49.210463],[16.613923,49.210436]]]},"properties":{"id":591213,"buildingId":582134,"floorId":591142,"floorLevel":-1,"name":"BA27P1045","type":"preparatory","category":"service","label":"Preparatory","passportNumber":"BA27P1045","seats":null,"hasProjector":false,"hasWhiteboard":false,"code":null}},{"type":"Feature","geometry":{"type":"Polygon","coordinates":[[[16.614102,49.21046],[16.614076,49.210451],[16.614062,49.210467],[16.614088,49.210477],[16.614102,49.21046]]]},"properties":{"id":591214,"buildingId":582134,"floorId":591142,"floorLevel":-1,"name":"BA27P1085","type":"elevator","category":"circulation","label":"Elevator","passportNumber":"BA27P1085","seats":null,"hasProjector":false,"hasWhiteboard":false,"code":null}},{"type":"Feature","geometry":{"type":"Polygon","coordinates":[[[16.613274,49.210449],[16.61328,49.210452],[16.613288,49.210443],[16.613281,49.21044],[16.613288,49.210433],[16.613254,49.210421],[16.613237,49.21044],[16.61327,49.210453],[16.613274,49.210449]]]},"properties":{"id":591215,"buildingId":582134,"floorId":591142,"floorLevel":-1,"name":"BA27P1033a","type":"floor","category":"structure","label":"Corridor","passportNumber":"BA27P1033a","seats":null,"hasProjector":false,"hasWhiteboard":false,"code":null}},{"type":"Feature","geometry":{"type":"Polygon","coordinates":[[[16.613432,49.21046],[16.613438,49.210462],[16.613489,49.210404],[16.613464,49.210395],[16.613445,49.210388],[16.613439,49.210385],[16.613438,49.210386],[16.613432,49.210384],[16.613433,49.210383],[16.613427,49.210381],[16.613408,49.210374],[16.613394,49.21039],[16.613388,49.210397],[16.613354,49.210436],[16.613379,49.210445],[16.613382,49.210442],[16.613387,49.210444],[16.613384,49.210447],[16.613428,49.210464],[16.613432,49.21046]]]},"properties":{"id":591216,"buildingId":582134,"floorId":591142,"floorLevel":-1,"name":"BA27P1009","type":"classroom_and_laboratory","category":"teaching","label":"Classroom / lab","passportNumber":"BA27P1009","seats":null,"hasProjector":false,"hasWhiteboard":false,"code":null}},{"type":"Feature","geometry":{"type":"Polygon","coordinates":[[[16.614014,49.210504],[16.614016,49.210505],[16.614067,49.210448],[16.614065,49.210447],[16.614068,49.210444],[16.614012,49.210423],[16.614001,49.210418],[16.614,49.210418],[16.613997,49.210421],[16.613991,49.210419],[16.613994,49.210416],[16.613956,49.210401],[16.613931,49.21043],[16.613925,49.210437],[16.613902,49.210463],[16.613915,49.210468],[16.613933,49.210475],[16.61394,49.210478],[16.613941,49.210477],[16.613946,49.210479],[16.613945,49.21048],[16.613952,49.210482],[16.61397,49.210489],[16.613988,49.210496],[16.614007,49.210503],[16.614013,49.210506],[16.614014,49.210504]]]},"properties":{"id":591217,"buildingId":582134,"floorId":591142,"floorLevel":-1,"name":"BA27P1046","type":"office","category":"office","label":"Office","passportNumber":"BA27P1046","seats":null,"hasProjector":false,"hasWhiteboard":false,"code":null}},{"type":"Feature","geometry":{"type":"Polygon","coordinates":[[[16.613319,49.210478],[16.613326,49.210471],[16.613339,49.210456],[16.613294,49.210438],[16.613288,49.210444],[16.613282,49.210451],[16.613262,49.210474],[16.613308,49.210491],[16.613319,49.210478]]]},"properties":{"id":591219,"buildingId":582134,"floorId":591142,"floorLevel":-1,"name":"BA27P1007","type":"storage","category":"service","label":"Storage","passportNumber":"BA27P1007","seats":null,"hasProjector":false,"hasWhiteboard":false,"code":null}},{"type":"Feature","geometry":{"type":"Polygon","coordinates":[[[16.613805,49.210513],[16.613815,49.210501],[16.613819,49.210497],[16.613793,49.210488],[16.613789,49.210491],[16.613779,49.210503],[16.613776,49.210507],[16.613802,49.210517],[16.613805,49.210513]]]},"properties":{"id":591220,"buildingId":582134,"floorId":591142,"floorLevel":-1,"name":"BA27P1035a","type":"floor","category":"structure","label":"Corridor","passportNumber":"BA27P1035a","seats":null,"hasProjector":false,"hasWhiteboard":false,"code":null}},{"type":"Feature","geometry":{"type":"Polygon","coordinates":[[[16.61377,49.210505],[16.613775,49.210507],[16.613792,49.210487],[16.613788,49.210486],[16.613789,49.210484],[16.613794,49.210486],[16.613832,49.210442],[16.613819,49.210437],[16.6138,49.21043],[16.613783,49.210423],[16.61377,49.210419],[16.613684,49.210386],[16.613694,49.210375],[16.613686,49.210372],[16.613667,49.210365],[16.613659,49.210361],[16.613649,49.210373],[16.613641,49.21037],[16.613623,49.210389],[16.613628,49.210391],[16.613626,49.210392],[16.613622,49.210391],[16.613614,49.210399],[16.613584,49.210434],[16.613666,49.210465],[16.613651,49.210482],[16.613657,49.210484],[16.613715,49.210507],[16.613716,49.210506],[16.613725,49.210509],[16.613756,49.210521],[16.61377,49.210505]]]},"properties":{"id":591221,"buildingId":582134,"floorId":591142,"floorLevel":-1,"name":"BA27P1035","type":"floor","category":"structure","label":"Corridor","passportNumber":"BA27P1035","seats":null,"hasProjector":false,"hasWhiteboard":false,"code":null}},{"type":"Feature","geometry":{"type":"Polygon","coordinates":[[[16.613237,49.210491],[16.613239,49.210492],[16.613247,49.210484],[16.613244,49.210483],[16.613251,49.210475],[16.613218,49.210462],[16.613194,49.21049],[16.613227,49.210502],[16.613237,49.210491]]]},"properties":{"id":591222,"buildingId":582134,"floorId":591142,"floorLevel":-1,"name":"BA27P1033","type":"floor","category":"structure","label":"Corridor","passportNumber":"BA27P1033","seats":null,"hasProjector":false,"hasWhiteboard":false,"code":null}},{"type":"Feature","geometry":{"type":"Polygon","coordinates":[[[16.613628,49.210457],[16.613611,49.21045],[16.613593,49.210443],[16.613586,49.210441],[16.613585,49.210442],[16.61358,49.21044],[16.613581,49.210439],[16.613574,49.210436],[16.613556,49.21043],[16.613537,49.210423],[16.613519,49.210416],[16.613512,49.210413],[16.613511,49.210414],[16.613506,49.210412],[16.613507,49.210411],[16.613491,49.210405],[16.613436,49.210467],[16.613452,49.210473],[16.613455,49.210469],[16.613461,49.210472],[16.613458,49.210475],[16.613512,49.210495],[16.613513,49.210494],[16.613527,49.2105],[16.613529,49.210497],[16.613535,49.210499],[16.613531,49.210503],[16.613573,49.210519],[16.613628,49.210457]]]},"properties":{"id":591223,"buildingId":582134,"floorId":591142,"floorLevel":-1,"name":"BA27P1011","type":"classroom_and_laboratory","category":"teaching","label":"Classroom / lab","passportNumber":"BA27P1011","seats":null,"hasProjector":false,"hasWhiteboard":false,"code":null}},{"type":"Feature","geometry":{"type":"Polygon","coordinates":[[[16.613295,49.21049],[16.61326,49.210476],[16.613257,49.21048],[16.613255,49.210479],[16.61325,49.210485],[16.613249,49.210484],[16.613241,49.210493],[16.613242,49.210494],[16.61324,49.210496],[16.613277,49.21051],[16.613295,49.21049]]]},"properties":{"id":591224,"buildingId":582134,"floorId":591142,"floorLevel":-1,"name":"BA27P1001c","type":"garbage","category":"other","label":"garbage","passportNumber":"BA27P1001c","seats":null,"hasProjector":false,"hasWhiteboard":false,"code":null}},{"type":"Feature","geometry":{"type":"Polygon","coordinates":[[[16.613397,49.210477],[16.613386,49.210473],[16.613387,49.210472],[16.613374,49.210467],[16.613373,49.210468],[16.613341,49.210456],[16.613327,49.210472],[16.613321,49.210479],[16.613308,49.210493],[16.613349,49.210509],[16.61336,49.210513],[16.613364,49.210514],[16.613397,49.210477]]]},"properties":{"id":591225,"buildingId":582134,"floorId":591142,"floorLevel":-1,"name":"BA27P1006","type":"office","category":"office","label":"Office","passportNumber":"BA27P1006","seats":null,"hasProjector":false,"hasWhiteboard":false,"code":null}},{"type":"Feature","geometry":{"type":"Polygon","coordinates":[[[16.613603,49.210525],[16.613605,49.210526],[16.613614,49.210515],[16.613618,49.210517],[16.613659,49.21047],[16.613653,49.210468],[16.613654,49.210467],[16.613648,49.210464],[16.613629,49.210457],[16.613575,49.210519],[16.6136,49.210529],[16.613603,49.210525]]]},"properties":{"id":591226,"buildingId":582134,"floorId":591142,"floorLevel":-1,"name":"BA27P1012","type":"kitchen","category":"service","label":"Kitchen","passportNumber":"BA27P1012","seats":null,"hasProjector":false,"hasWhiteboard":false,"code":null}},{"type":"Feature","geometry":{"type":"Polygon","coordinates":[[[16.613754,49.210524],[16.613742,49.21052],[16.613743,49.210519],[16.613716,49.210508],[16.6137,49.210527],[16.613739,49.210541],[16.613754,49.210524]]]},"properties":{"id":591227,"buildingId":582134,"floorId":591142,"floorLevel":-1,"name":"BA27P1034c","type":"substation","category":"other","label":"substation","passportNumber":"BA27P1034c","seats":null,"hasProjector":false,"hasWhiteboard":false,"code":null}},{"type":"Feature","geometry":{"type":"Polygon","coordinates":[[[16.613435,49.21049],[16.613428,49.210488],[16.613407,49.21048],[16.6134,49.210477],[16.613367,49.210515],[16.613373,49.210518],[16.613395,49.210526],[16.613401,49.210528],[16.613435,49.21049]]]},"properties":{"id":591228,"buildingId":582134,"floorId":591142,"floorLevel":-1,"name":"BA27P1005","type":"food_storage","category":"other","label":"food storage","passportNumber":"BA27P1005","seats":null,"hasProjector":false,"hasWhiteboard":false,"code":null}},{"type":"Feature","geometry":{"type":"Polygon","coordinates":[[[16.613806,49.210526],[16.613801,49.210524],[16.613802,49.210523],[16.613769,49.21051],[16.613766,49.210513],[16.61376,49.21052],[16.613741,49.210542],[16.613779,49.210557],[16.613806,49.210526]]]},"properties":{"id":591229,"buildingId":582134,"floorId":591142,"floorLevel":-1,"name":"BA27P1034","type":"office","category":"office","label":"Office","passportNumber":"BA27P1034","seats":null,"hasProjector":false,"hasWhiteboard":false,"code":null}},{"type":"Feature","geometry":{"type":"Polygon","coordinates":[[[16.613593,49.210546],[16.613604,49.210534],[16.613605,49.210532],[16.613592,49.210527],[16.613581,49.210523],[16.613512,49.210497],[16.613501,49.210493],[16.613404,49.210456],[16.613394,49.210452],[16.613344,49.210434],[16.613334,49.21043],[16.613308,49.21042],[16.613307,49.210421],[16.613303,49.210419],[16.613291,49.210433],[16.613295,49.210434],[16.613294,49.210435],[16.61338,49.210468],[16.613391,49.210472],[16.613409,49.210479],[16.613431,49.210487],[16.613543,49.21053],[16.613542,49.210531],[16.613554,49.210535],[16.613555,49.210534],[16.613581,49.210544],[16.613592,49.210548],[16.613593,49.210546]]]},"properties":{"id":591230,"buildingId":582134,"floorId":591142,"floorLevel":-1,"name":"BA27P1029","type":"floor","category":"structure","label":"Corridor","passportNumber":"BA27P1029","seats":null,"hasProjector":false,"hasWhiteboard":false,"code":null}},{"type":"Feature","geometry":{"type":"Polygon","coordinates":[[[16.613278,49.210512],[16.613239,49.210497],[16.613219,49.210521],[16.613257,49.210535],[16.613278,49.210512]]]},"properties":{"id":591231,"buildingId":582134,"floorId":591142,"floorLevel":-1,"name":"BA27P1001b","type":"office","category":"office","label":"Office","passportNumber":"BA27P1001b","seats":null,"hasProjector":false,"hasWhiteboard":false,"code":null}},{"type":"Feature","geometry":{"type":"Polygon","coordinates":[[[16.613443,49.210547],[16.61345,49.21054],[16.613478,49.210508],[16.613437,49.210493],[16.613405,49.21053],[16.61341,49.210532],[16.613407,49.210535],[16.613428,49.210543],[16.613439,49.210547],[16.613442,49.210549],[16.613443,49.210547]]]},"properties":{"id":591232,"buildingId":582134,"floorId":591142,"floorLevel":-1,"name":"BA27P1004","type":"storage","category":"service","label":"Storage","passportNumber":"BA27P1004","seats":null,"hasProjector":false,"hasWhiteboard":false,"code":null}},{"type":"Feature","geometry":{"type":"Polygon","coordinates":[[[16.613555,49.210537],[16.613552,49.210536],[16.613541,49.210532],[16.613479,49.210508],[16.613463,49.210526],[16.613526,49.21055],[16.613536,49.210554],[16.613539,49.210555],[16.613555,49.210537]]]},"properties":{"id":591233,"buildingId":582134,"floorId":591142,"floorLevel":-1,"name":"BA27P1002","type":"storage","category":"service","label":"Storage","passportNumber":"BA27P1002","seats":null,"hasProjector":false,"hasWhiteboard":false,"code":null}},{"type":"Feature","geometry":{"type":"Polygon","coordinates":[[[16.613738,49.210543],[16.613699,49.210528],[16.613687,49.210541],[16.613681,49.210548],[16.613677,49.210553],[16.613682,49.210555],[16.613699,49.210562],[16.613716,49.210568],[16.613738,49.210543]]]},"properties":{"id":591234,"buildingId":582134,"floorId":591142,"floorLevel":-1,"name":"BA27P1034b","type":"substation","category":"other","label":"substation","passportNumber":"BA27P1034b","seats":null,"hasProjector":false,"hasWhiteboard":false,"code":null}},{"type":"Feature","geometry":{"type":"Polygon","coordinates":[[[16.613835,49.210559],[16.613841,49.210552],[16.613851,49.210541],[16.613809,49.210525],[16.613771,49.210568],[16.613813,49.210584],[16.613835,49.210559]]]},"properties":{"id":591235,"buildingId":582134,"floorId":591142,"floorLevel":-1,"name":"BA27P1026","type":"storage","category":"service","label":"Storage","passportNumber":"BA27P1026","seats":null,"hasProjector":false,"hasWhiteboard":false,"code":null}},{"type":"Feature","geometry":{"type":"Polygon","coordinates":[[[16.61375,49.210581],[16.613756,49.210583],[16.613778,49.210558],[16.613766,49.210553],[16.613755,49.210549],[16.61374,49.210543],[16.613714,49.210572],[16.613747,49.210585],[16.61375,49.210581]]]},"properties":{"id":591236,"buildingId":582134,"floorId":591142,"floorLevel":-1,"name":"BA27P1034a","type":"substation","category":"other","label":"substation","passportNumber":"BA27P1034a","seats":null,"hasProjector":false,"hasWhiteboard":false,"code":null}},{"type":"Feature","geometry":{"type":"Polygon","coordinates":[[[16.613589,49.210549],[16.61358,49.210545],[16.613569,49.210541],[16.61356,49.210537],[16.613539,49.210561],[16.613533,49.210568],[16.613532,49.210569],[16.613562,49.21058],[16.613589,49.210549]]]},"properties":{"id":591237,"buildingId":582134,"floorId":591142,"floorLevel":-1,"name":"BA27P1003a","type":"storage","category":"service","label":"Storage","passportNumber":"BA27P1003a","seats":null,"hasProjector":false,"hasWhiteboard":false,"code":null}},{"type":"Feature","geometry":{"type":"Polygon","coordinates":[[[16.613531,49.210567],[16.613537,49.21056],[16.61354,49.210557],[16.613536,49.210555],[16.613525,49.210551],[16.613462,49.210527],[16.613451,49.21054],[16.613445,49.210547],[16.613442,49.21055],[16.613473,49.210562],[16.613476,49.210558],[16.613481,49.21056],[16.613478,49.210564],[16.61352,49.21058],[16.613531,49.210567]]]},"properties":{"id":591238,"buildingId":582134,"floorId":591142,"floorLevel":-1,"name":"BA27P1003","type":"office","category":"office","label":"Office","passportNumber":"BA27P1003","seats":null,"hasProjector":false,"hasWhiteboard":false,"code":null}},{"type":"Feature","geometry":{"type":"Polygon","coordinates":[[[16.613812,49.210585],[16.61377,49.210569],[16.613755,49.210586],[16.613768,49.210591],[16.613767,49.210592],[16.613796,49.210603],[16.613812,49.210585]]]},"properties":{"id":591240,"buildingId":582134,"floorId":591142,"floorLevel":-1,"name":"BA27P1024","type":"coatroom","category":"service","label":"Cloakroom","passportNumber":"BA27P1024","seats":null,"hasProjector":false,"hasWhiteboard":false,"code":null}},{"type":"Feature","geometry":{"type":"Polygon","coordinates":[[[16.613625,49.210566],[16.613607,49.21056],[16.613585,49.210585],[16.613584,49.210585],[16.613606,49.210559],[16.613588,49.210552],[16.613555,49.21059],[16.613592,49.210604],[16.613625,49.210566]]]},"properties":{"id":591241,"buildingId":582134,"floorId":591142,"floorLevel":-1,"name":"BA27P1028","type":"stairs","category":"circulation","label":"Stairs","passportNumber":"BA27P1028","seats":null,"hasProjector":false,"hasWhiteboard":false,"code":null}},{"type":"Feature","geometry":{"type":"Polygon","coordinates":[[[16.613657,49.210573],[16.613671,49.210557],[16.613679,49.210548],[16.613685,49.210541],[16.613715,49.210507],[16.613676,49.210492],[16.613657,49.210485],[16.61365,49.210482],[16.613605,49.210533],[16.613593,49.210547],[16.613588,49.210552],[16.613606,49.210559],[16.613607,49.21056],[16.613625,49.210566],[16.613592,49.210604],[16.613596,49.210605],[16.613615,49.210613],[16.61362,49.210614],[16.613657,49.210573]]]},"properties":{"id":591242,"buildingId":582134,"floorId":591142,"floorLevel":-1,"name":"BA27P1027","type":"floor","category":"structure","label":"Corridor","passportNumber":"BA27P1027","seats":null,"hasProjector":false,"hasWhiteboard":false,"code":null}},{"type":"Feature","geometry":{"type":"Polygon","coordinates":[[[16.613686,49.210604],[16.613659,49.210594],[16.61366,49.210593],[16.613674,49.210598],[16.613686,49.210585],[16.613658,49.210575],[16.613646,49.210588],[16.613651,49.21059],[16.61365,49.210591],[16.613645,49.210589],[16.613637,49.210598],[16.613667,49.210609],[16.613664,49.210613],[16.613675,49.210617],[16.613686,49.210604]]]},"properties":{"id":591243,"buildingId":582134,"floorId":591142,"floorLevel":-1,"name":"BA27P1030","type":"toilet","category":"service","label":"Toilet","passportNumber":"BA27P1030","seats":null,"hasProjector":false,"hasWhiteboard":false,"code":null}},{"type":"Feature","geometry":{"type":"Polygon","coordinates":[[[16.613394,49.210585],[16.613405,49.210572],[16.613407,49.210571],[16.6134,49.210568],[16.613421,49.210545],[16.613394,49.210535],[16.613398,49.21053],[16.613394,49.210528],[16.613395,49.210528],[16.613371,49.210519],[16.61337,49.210519],[16.613359,49.210515],[16.61336,49.210514],[16.613347,49.210509],[16.613346,49.21051],[16.613334,49.210506],[16.613331,49.210509],[16.613323,49.210506],[16.613326,49.210503],[16.613296,49.210491],[16.613288,49.2105],[16.613282,49.210507],[16.613278,49.210512],[16.613257,49.210535],[16.613256,49.210536],[16.613218,49.210522],[16.613205,49.210537],[16.613206,49.210537],[16.613205,49.210538],[16.613212,49.210541],[16.613274,49.210564],[16.613275,49.210563],[16.61328,49.210565],[16.613279,49.210566],[16.613347,49.210592],[16.613348,49.210591],[16.613354,49.210593],[16.613353,49.210594],[16.613378,49.210604],[16.613394,49.210585]]]},"properties":{"id":591244,"buildingId":582134,"floorId":591142,"floorLevel":-1,"name":"BA27P1001","type":"office","category":"office","label":"Office","passportNumber":"BA27P1001","seats":null,"hasProjector":false,"hasWhiteboard":false,"code":null}},{"type":"Feature","geometry":{"type":"Polygon","coordinates":[[[16.613555,49.210608],[16.613543,49.210604],[16.613541,49.210606],[16.61354,49.210605],[16.613551,49.210593],[16.613542,49.21059],[16.613543,49.210588],[16.613546,49.21059],[16.613549,49.210586],[16.613555,49.210588],[16.613561,49.210581],[16.613531,49.21057],[16.613522,49.21058],[16.613535,49.210585],[16.613534,49.210586],[16.613504,49.210575],[16.613482,49.210599],[16.613529,49.210617],[16.613535,49.210611],[16.613537,49.210611],[16.613532,49.210617],[16.613544,49.210621],[16.613555,49.210608]]]},"properties":{"id":591245,"buildingId":582134,"floorId":591142,"floorLevel":-1,"name":"BA27P1013c","type":"coatroom","category":"service","label":"Cloakroom","passportNumber":"BA27P1013c","seats":null,"hasProjector":false,"hasWhiteboard":false,"code":null}},{"type":"Feature","geometry":{"type":"Polygon","coordinates":[[[16.613898,49.210637],[16.6139,49.210637],[16.613914,49.210622],[16.61395,49.21058],[16.613948,49.21058],[16.613949,49.210578],[16.613943,49.210576],[16.613924,49.210569],[16.613906,49.210562],[16.613887,49.210555],[16.613881,49.210553],[16.61388,49.210554],[16.613874,49.210552],[16.613876,49.21055],[16.613852,49.210542],[16.613843,49.210552],[16.613837,49.210559],[16.613798,49.210604],[16.613821,49.210612],[16.613824,49.210609],[16.613829,49.210611],[16.613826,49.210614],[16.61384,49.21062],[16.613851,49.210624],[16.613858,49.210626],[16.613895,49.21064],[16.613898,49.210637]]]},"properties":{"id":591246,"buildingId":582134,"floorId":591142,"floorLevel":-1,"name":"BA27P1025","type":"classroom_and_laboratory","category":"teaching","label":"Classroom / lab","passportNumber":"BA27P1025","seats":null,"hasProjector":false,"hasWhiteboard":false,"code":null}},{"type":"Feature","geometry":{"type":"Polygon","coordinates":[[[16.613664,49.210611],[16.613653,49.210607],[16.613654,49.210606],[16.613636,49.210599],[16.613623,49.210614],[16.613628,49.210616],[16.613625,49.21062],[16.613648,49.210629],[16.613664,49.210611]]]},"properties":{"id":591247,"buildingId":582134,"floorId":591142,"floorLevel":-1,"name":"BA27P1013b","type":"toilet","category":"service","label":"Toilet","passportNumber":"BA27P1013b","seats":null,"hasProjector":false,"hasWhiteboard":false,"code":null}},{"type":"Feature","geometry":{"type":"Polygon","coordinates":[[[16.61361,49.210626],[16.613616,49.210619],[16.61362,49.210615],[16.613615,49.210613],[16.613596,49.210606],[16.613555,49.21059],[16.613551,49.210595],[16.613545,49.210602],[16.613544,49.210603],[16.613585,49.210618],[16.613594,49.210622],[16.613609,49.210627],[16.61361,49.210626]]]},"properties":{"id":591248,"buildingId":582134,"floorId":591142,"floorLevel":-1,"name":"BA27P1014","type":"floor","category":"structure","label":"Corridor","passportNumber":"BA27P1014","seats":null,"hasProjector":false,"hasWhiteboard":false,"code":null}},{"type":"Feature","geometry":{"type":"Polygon","coordinates":[[[16.613724,49.210619],[16.613723,49.210618],[16.613724,49.210617],[16.613725,49.210618],[16.613737,49.210604],[16.613714,49.210596],[16.613702,49.210609],[16.613714,49.210614],[16.613713,49.210615],[16.61369,49.210606],[16.613677,49.21062],[16.613712,49.210633],[16.613724,49.210619]]]},"properties":{"id":591249,"buildingId":582134,"floorId":591142,"floorLevel":-1,"name":"BA27P1031","type":"toilet","category":"service","label":"Toilet","passportNumber":"BA27P1031","seats":null,"hasProjector":false,"hasWhiteboard":false,"code":null}},{"type":"Feature","geometry":{"type":"Polygon","coordinates":[[[16.613847,49.210642],[16.613858,49.21063],[16.613859,49.210628],[16.61385,49.210625],[16.613839,49.210621],[16.613779,49.210598],[16.613769,49.210594],[16.613671,49.210557],[16.613657,49.210573],[16.613664,49.210575],[16.613673,49.210579],[16.613698,49.210588],[16.613709,49.210592],[16.613727,49.210599],[16.613737,49.210603],[16.613787,49.210622],[16.613804,49.210628],[16.613809,49.21063],[16.613819,49.210634],[16.613845,49.210644],[16.613847,49.210642]]]},"properties":{"id":591250,"buildingId":582134,"floorId":591142,"floorLevel":-1,"name":"BA27P1029a","type":"floor","category":"structure","label":"Corridor","passportNumber":"BA27P1029a","seats":null,"hasProjector":false,"hasWhiteboard":false,"code":null}},{"type":"Feature","geometry":{"type":"Polygon","coordinates":[[[16.613767,49.21064],[16.613773,49.210633],[16.613783,49.210622],[16.613739,49.210605],[16.613722,49.210624],[16.613766,49.210641],[16.613767,49.21064]]]},"properties":{"id":591251,"buildingId":582134,"floorId":591142,"floorLevel":-1,"name":"BA27P1023a","type":"storage","category":"service","label":"Storage","passportNumber":"BA27P1023a","seats":null,"hasProjector":false,"hasWhiteboard":false,"code":null}},{"type":"Feature","geometry":{"type":"Polygon","coordinates":[[[16.613472,49.210608],[16.613478,49.210601],[16.613502,49.210574],[16.613438,49.21055],[16.613439,49.210549],[16.613427,49.210544],[16.613426,49.210545],[16.613425,49.210545],[16.613405,49.210567],[16.613412,49.21057],[16.613408,49.210573],[16.613397,49.210586],[16.613381,49.210605],[16.613421,49.21062],[16.613422,49.210619],[16.613427,49.210621],[16.613426,49.210622],[16.613451,49.210632],[16.613472,49.210608]]]},"properties":{"id":591252,"buildingId":582134,"floorId":591142,"floorLevel":-1,"name":"BA27P1001a","type":"office","category":"office","label":"Office","passportNumber":"BA27P1001a","seats":null,"hasProjector":false,"hasWhiteboard":false,"code":null}},{"type":"Feature","geometry":{"type":"Polygon","coordinates":[[[16.613608,49.210628],[16.613582,49.210619],[16.613575,49.210627],[16.613574,49.210626],[16.613581,49.210618],[16.613559,49.21061],[16.613546,49.210624],[16.613568,49.210632],[16.613569,49.210631],[16.613571,49.210632],[16.61357,49.210633],[16.613596,49.210642],[16.613608,49.210628]]]},"properties":{"id":591253,"buildingId":582134,"floorId":591142,"floorLevel":-1,"name":"BA27P1013","type":"coatroom","category":"service","label":"Cloakroom","passportNumber":"BA27P1013","seats":null,"hasProjector":false,"hasWhiteboard":false,"code":null}},{"type":"Feature","geometry":{"type":"Polygon","coordinates":[[[16.613898,49.210644],[16.613895,49.210643],[16.613895,49.210642],[16.613881,49.210637],[16.61386,49.210629],[16.613858,49.21063],[16.613847,49.210643],[16.613846,49.210644],[16.613847,49.210644],[16.613857,49.210649],[16.613882,49.210658],[16.613883,49.210657],[16.613886,49.210658],[16.613898,49.210644]]]},"properties":{"id":591254,"buildingId":582134,"floorId":591142,"floorLevel":-1,"name":"BA27P1029b","type":"floor","category":"structure","label":"Corridor","passportNumber":"BA27P1029b","seats":null,"hasProjector":false,"hasWhiteboard":false,"code":null}},{"type":"Feature","geometry":{"type":"Polygon","coordinates":[[[16.613496,49.210647],[16.613499,49.210648],[16.613516,49.210629],[16.613509,49.210627],[16.61351,49.210626],[16.613472,49.210611],[16.613453,49.210632],[16.613495,49.210648],[16.613496,49.210647]]]},"properties":{"id":591255,"buildingId":582134,"floorId":591142,"floorLevel":-1,"name":"BA27P1017","type":"storage","category":"service","label":"Storage","passportNumber":"BA27P1017","seats":null,"hasProjector":false,"hasWhiteboard":false,"code":null}},{"type":"Feature","geometry":{"type":"Polygon","coordinates":[[[16.613765,49.210642],[16.613721,49.210625],[16.613701,49.210648],[16.613726,49.210658],[16.613737,49.210662],[16.613745,49.210665],[16.613765,49.210642]]]},"properties":{"id":591256,"buildingId":582134,"floorId":591142,"floorLevel":-1,"name":"BA27P1020","type":"office","category":"office","label":"Office","passportNumber":"BA27P1020","seats":null,"hasProjector":false,"hasWhiteboard":false,"code":null}},{"type":"Feature","geometry":{"type":"Polygon","coordinates":[[[16.613842,49.210644],[16.613818,49.210635],[16.613808,49.210631],[16.613805,49.21063],[16.613783,49.210655],[16.613786,49.210656],[16.613796,49.21066],[16.61382,49.210669],[16.613842,49.210644]]]},"properties":{"id":591257,"buildingId":582134,"floorId":591142,"floorLevel":-1,"name":"BA27P1023","type":"storage","category":"service","label":"Storage","passportNumber":"BA27P1023","seats":null,"hasProjector":false,"hasWhiteboard":false,"code":null}},{"type":"Feature","geometry":{"type":"Polygon","coordinates":[[[16.613803,49.21063],[16.613803,49.210629],[16.613786,49.210623],[16.613784,49.210622],[16.613774,49.210634],[16.613768,49.210641],[16.613747,49.210665],[16.613748,49.210666],[16.613764,49.210672],[16.613766,49.210673],[16.613803,49.21063]]]},"properties":{"id":591258,"buildingId":582134,"floorId":591142,"floorLevel":-1,"name":"BA27P1022","type":"floor","category":"structure","label":"Corridor","passportNumber":"BA27P1022","seats":null,"hasProjector":false,"hasWhiteboard":false,"code":null}},{"type":"Feature","geometry":{"type":"Polygon","coordinates":[[[16.613697,49.210649],[16.613691,49.210647],[16.613692,49.210646],[16.613693,49.210646],[16.613697,49.210642],[16.613702,49.210644],[16.613711,49.210634],[16.613695,49.210628],[16.613682,49.210642],[16.613683,49.210642],[16.613682,49.210644],[16.613671,49.210639],[16.613672,49.210638],[16.613681,49.210641],[16.613693,49.210627],[16.613662,49.210616],[16.61365,49.21063],[16.613664,49.210635],[16.613663,49.210636],[16.613618,49.210619],[16.613597,49.210643],[16.613676,49.210673],[16.613697,49.210649]]]},"properties":{"id":591259,"buildingId":582134,"floorId":591142,"floorLevel":-1,"name":"BA27P1013a","type":"coatroom","category":"service","label":"Cloakroom","passportNumber":"BA27P1013a","seats":null,"hasProjector":false,"hasWhiteboard":false,"code":null}},{"type":"Feature","geometry":{"type":"Polygon","coordinates":[[[16.613881,49.210659],[16.613857,49.21065],[16.613846,49.210646],[16.613844,49.210645],[16.613822,49.21067],[16.613824,49.210671],[16.613835,49.210675],[16.613859,49.210684],[16.613881,49.210659]]]},"properties":{"id":591260,"buildingId":582134,"floorId":591142,"floorLevel":-1,"name":"BA27P1021","type":"food_storage","category":"other","label":"food storage","passportNumber":"BA27P1021","seats":null,"hasProjector":false,"hasWhiteboard":false,"code":null}},{"type":"Feature","geometry":{"type":"Polygon","coordinates":[[[16.613724,49.210658],[16.6137,49.210649],[16.613682,49.21067],[16.613705,49.210679],[16.613724,49.210658]]]},"properties":{"id":591261,"buildingId":582134,"floorId":591142,"floorLevel":-1,"name":"BA27P1019a","type":"dish_washing_room","category":"other","label":"dish washing room","passportNumber":"BA27P1019a","seats":null,"hasProjector":false,"hasWhiteboard":false,"code":null}},{"type":"Feature","geometry":{"type":"Polygon","coordinates":[[[16.61357,49.210675],[16.613587,49.210655],[16.613571,49.210649],[16.61356,49.210645],[16.613519,49.210629],[16.613501,49.210649],[16.6135,49.21065],[16.613568,49.210676],[16.61357,49.210675]]]},"properties":{"id":591262,"buildingId":582134,"floorId":591142,"floorLevel":-1,"name":"BA27P1015","type":"daily_room","category":"other","label":"daily room","passportNumber":"BA27P1015","seats":null,"hasProjector":false,"hasWhiteboard":false,"code":null}},{"type":"Feature","geometry":{"type":"Polygon","coordinates":[[[16.613819,49.21067],[16.613795,49.210661],[16.613785,49.210657],[16.613782,49.210656],[16.61377,49.21067],[16.613776,49.210672],[16.613773,49.210675],[16.613775,49.210676],[16.613786,49.21068],[16.613804,49.210687],[16.613819,49.21067]]]},"properties":{"id":591263,"buildingId":582134,"floorId":591142,"floorLevel":-1,"name":"BA27P1021b","type":"preparatory","category":"service","label":"Preparatory","passportNumber":"BA27P1021b","seats":null,"hasProjector":false,"hasWhiteboard":false,"code":null}},{"type":"Feature","geometry":{"type":"Polygon","coordinates":[[[16.613668,49.210682],[16.613674,49.210675],[16.613675,49.210674],[16.613608,49.210649],[16.613597,49.210645],[16.61358,49.210638],[16.61357,49.210634],[16.613481,49.210601],[16.61348,49.210602],[16.613474,49.210609],[16.613473,49.21061],[16.613495,49.210618],[16.613505,49.210622],[16.613561,49.210643],[16.613572,49.210648],[16.613667,49.210684],[16.613668,49.210682]]]},"properties":{"id":591264,"buildingId":582134,"floorId":591142,"floorLevel":-1,"name":"BA27P1016","type":"floor","category":"structure","label":"Corridor","passportNumber":"BA27P1016","seats":null,"hasProjector":false,"hasWhiteboard":false,"code":null}},{"type":"Feature","geometry":{"type":"Polygon","coordinates":[[[16.613844,49.210698],[16.613846,49.210698],[16.613847,49.210697],[16.613858,49.210685],[16.613833,49.210676],[16.613823,49.210672],[16.613821,49.210671],[16.613806,49.210688],[16.613808,49.210688],[16.613819,49.210693],[16.613841,49.210701],[16.613844,49.210698]]]},"properties":{"id":591265,"buildingId":582134,"floorId":591142,"floorLevel":-1,"name":"BA27P1021a","type":"preparatory","category":"service","label":"Preparatory","passportNumber":"BA27P1021a","seats":null,"hasProjector":false,"hasWhiteboard":false,"code":null}},{"type":"Feature","geometry":{"type":"Polygon","coordinates":[[[16.613666,49.210685],[16.613654,49.21068],[16.613643,49.210676],[16.613589,49.210655],[16.613571,49.210675],[16.613575,49.210677],[16.613574,49.210678],[16.613642,49.210704],[16.613643,49.210703],[16.613649,49.210705],[16.613666,49.210685]]]},"properties":{"id":591266,"buildingId":582134,"floorId":591142,"floorLevel":-1,"name":"BA27P1018","type":"preparatory","category":"service","label":"Preparatory","passportNumber":"BA27P1018","seats":null,"hasProjector":false,"hasWhiteboard":false,"code":null}},{"type":"Feature","geometry":{"type":"Polygon","coordinates":[[[16.613791,49.210758],[16.613792,49.210759],[16.613842,49.210703],[16.613818,49.210694],[16.613807,49.21069],[16.613785,49.210681],[16.613774,49.210677],[16.613764,49.210673],[16.613747,49.210667],[16.613736,49.210663],[16.613725,49.210659],[16.613724,49.210658],[16.613705,49.210679],[16.613704,49.21068],[16.613681,49.210671],[16.613677,49.210675],[16.613676,49.210676],[16.613673,49.21068],[16.61367,49.210683],[16.61367,49.210683],[16.613665,49.210688],[16.613665,49.210688],[16.613659,49.210695],[16.613649,49.210706],[16.613716,49.210732],[16.613717,49.21073],[16.613722,49.210732],[16.613721,49.210734],[16.613783,49.210757],[16.61379,49.210759],[16.613791,49.210758]]]},"properties":{"id":591267,"buildingId":582134,"floorId":591142,"floorLevel":-1,"name":"BA27P1019","type":"office","category":"office","label":"Office","passportNumber":"BA27P1019","seats":null,"hasProjector":false,"hasWhiteboard":false,"code":null}},{"type":"Feature","geometry":{"type":"Polygon","coordinates":[[[16.613945,49.210256],[16.613877,49.210231],[16.613874,49.210234],[16.613872,49.210234],[16.613875,49.21023],[16.613837,49.210216],[16.613833,49.21022],[16.613827,49.210227],[16.613813,49.210243],[16.613851,49.210257],[16.613866,49.21024],[16.613868,49.210241],[16.613853,49.210258],[16.613921,49.210284],[16.613945,49.210256]]]},"properties":{"id":591454,"buildingId":582134,"floorId":591142,"floorLevel":-1,"name":"BA27P1064","type":"storage","category":"service","label":"Storage","passportNumber":"BA27P1064","seats":null,"hasProjector":false,"hasWhiteboard":false,"code":null}}]}