{"type":"FeatureCollection","features":[{"type":"Feature","geometry":{"type":"Polygon","coordinates":[[[16.616532,49.211914],[16.616521,49.211913],[16.616519,49.211926],[16.61653,49.211927],[16.616532,49.211914]]]},"properties":{"id":492532,"buildingId":489829,"floorId":492444,"floorLevel":-1,"name":"","nickname":null,"type":"toilet","category":"service","label":"Toilet","passportNumber":null,"seats":null,"hasProjector":false,"hasWhiteboard":false,"code":null}},{"type":"Feature","geometry":{"type":"Polygon","coordinates":[[[16.616658,49.211305],[16.616663,49.21128],[16.616665,49.211271],[16.616665,49.211271],[16.616706,49.211274],[16.616708,49.211266],[16.616684,49.211246],[16.616667,49.211255],[16.616665,49.211253],[16.616668,49.211251],[16.616652,49.211238],[16.616651,49.211237],[16.616661,49.211231],[16.616657,49.211228],[16.616625,49.211201],[16.616621,49.211198],[16.616614,49.211202],[16.61659,49.211214],[16.616578,49.21122],[16.616577,49.211226],[16.616576,49.211226],[16.616576,49.211227],[16.616572,49.211246],[16.61657,49.211258],[16.616568,49.211268],[16.616566,49.211282],[16.616563,49.2113],[16.616568,49.2113],[16.616595,49.211302],[16.616595,49.211299],[16.616606,49.2113],[16.616606,49.211303],[16.616613,49.211304],[16.616634,49.211306],[16.616638,49.211306],[16.616639,49.211303],[16.616658,49.211305]]]},"properties":{"id":492851,"buildingId":489829,"floorId":492444,"floorLevel":-1,"name":"","nickname":null,"type":"floor","category":"structure","label":"Corridor","passportNumber":null,"seats":null,"hasProjector":false,"hasWhiteboard":false,"code":null}},{"type":"Feature","geometry":{"type":"Polygon","coordinates":[[[16.616715,49.211228],[16.616703,49.211219],[16.616694,49.211224],[16.616705,49.211233],[16.616715,49.211228]]]},"properties":{"id":495103,"buildingId":489829,"floorId":495084,"floorLevel":5,"name":"","nickname":null,"type":"toilet","category":"service","label":"Toilet","passportNumber":null,"seats":null,"hasProjector":false,"hasWhiteboard":false,"code":null}},{"type":"Feature","geometry":{"type":"Polygon","coordinates":[[[16.616727,49.211239],[16.616715,49.211229],[16.616706,49.211234],[16.616717,49.211243],[16.616727,49.211239]]]},"properties":{"id":495104,"buildingId":489829,"floorId":495084,"floorLevel":5,"name":"","nickname":null,"type":"toilet","category":"service","label":"Toilet","passportNumber":null,"seats":null,"hasProjector":false,"hasWhiteboard":false,"code":null}},{"type":"Feature","geometry":{"type":"Polygon","coordinates":[[[16.616739,49.211248],[16.616728,49.211239],[16.616718,49.211244],[16.616729,49.211253],[16.616739,49.211248]]]},"properties":{"id":495106,"buildingId":489829,"floorId":495084,"floorLevel":5,"name":"","nickname":null,"type":"toilet","category":"service","label":"Toilet","passportNumber":null,"seats":null,"hasProjector":false,"hasWhiteboard":false,"code":null}},{"type":"Feature","geometry":{"type":"Polygon","coordinates":[[[16.616684,49.211246],[16.616682,49.211244],[16.616665,49.211253],[16.616667,49.211255],[16.616684,49.211246]]]},"properties":{"id":495108,"buildingId":489829,"floorId":495084,"floorLevel":5,"name":"","nickname":null,"type":"stairs","category":"circulation","label":"Stairs","passportNumber":null,"seats":null,"hasProjector":false,"hasWhiteboard":false,"code":null}},{"type":"Feature","geometry":{"type":"Polygon","coordinates":[[[16.616715,49.211228],[16.616703,49.211219],[16.616694,49.211224],[16.616705,49.211233],[16.616715,49.211228]]]},"properties":{"id":497429,"buildingId":489829,"floorId":497411,"floorLevel":4,"name":"","nickname":null,"type":"toilet","category":"service","label":"Toilet","passportNumber":null,"seats":null,"hasProjector":false,"hasWhiteboard":false,"code":null}},{"type":"Feature","geometry":{"type":"Polygon","coordinates":[[[16.616727,49.211239],[16.616715,49.211229],[16.616706,49.211234],[16.616717,49.211243],[16.616727,49.211239]]]},"properties":{"id":497430,"buildingId":489829,"floorId":497411,"floorLevel":4,"name":"","nickname":null,"type":"toilet","category":"service","label":"Toilet","passportNumber":null,"seats":null,"hasProjector":false,"hasWhiteboard":false,"code":null}},{"type":"Feature","geometry":{"type":"Polygon","coordinates":[[[16.616739,49.211248],[16.616728,49.211239],[16.616718,49.211244],[16.616729,49.211253],[16.616739,49.211248]]]},"properties":{"id":497432,"buildingId":489829,"floorId":497411,"floorLevel":4,"name":"","nickname":null,"type":"toilet","category":"service","label":"Toilet","passportNumber":null,"seats":null,"hasProjector":false,"hasWhiteboard":false,"code":null}},{"type":"Feature","geometry":{"type":"Polygon","coordinates":[[[16.616684,49.211246],[16.616684,49.211246],[16.616682,49.211244],[16.616682,49.211244],[16.616665,49.211253],[16.616667,49.211255],[16.616684,49.211246]]]},"properties":{"id":497433,"buildingId":489829,"floorId":497411,"floorLevel":4,"name":"","nickname":null,"type":"stairs","category":"circulation","label":"Stairs","passportNumber":null,"seats":null,"hasProjector":false,"hasWhiteboard":false,"code":null}},{"type":"Feature","geometry":{"type":"Polygon","coordinates":[[[16.616715,49.211228],[16.616703,49.211219],[16.616694,49.211224],[16.616705,49.211233],[16.616715,49.211228]]]},"properties":{"id":499454,"buildingId":489829,"floorId":499438,"floorLevel":3,"name":"","nickname":null,"type":"toilet","category":"service","label":"Toilet","passportNumber":null,"seats":null,"hasProjector":false,"hasWhiteboard":false,"code":null}},{"type":"Feature","geometry":{"type":"Polygon","coordinates":[[[16.616727,49.211239],[16.616715,49.211229],[16.616706,49.211234],[16.616717,49.211243],[16.616727,49.211239]]]},"properties":{"id":499455,"buildingId":489829,"floorId":499438,"floorLevel":3,"name":"","nickname":null,"type":"toilet","category":"service","label":"Toilet","passportNumber":null,"seats":null,"hasProjector":false,"hasWhiteboard":false,"code":null}},{"type":"Feature","geometry":{"type":"Polygon","coordinates":[[[16.616739,49.211248],[16.616728,49.211239],[16.616718,49.211244],[16.616729,49.211253],[16.616739,49.211248]]]},"properties":{"id":499457,"buildingId":489829,"floorId":499438,"floorLevel":3,"name":"","nickname":null,"type":"toilet","category":"service","label":"Toilet","passportNumber":null,"seats":null,"hasProjector":false,"hasWhiteboard":false,"code":null}},{"type":"Feature","geometry":{"type":"Polygon","coordinates":[[[16.616684,49.211246],[16.616684,49.211246],[16.616682,49.211244],[16.616682,49.211244],[16.616665,49.211253],[16.616667,49.211255],[16.616684,49.211246]]]},"properties":{"id":499459,"buildingId":489829,"floorId":499438,"floorLevel":3,"name":"","nickname":null,"type":"stairs","category":"circulation","label":"Stairs","passportNumber":null,"seats":null,"hasProjector":false,"hasWhiteboard":false,"code":null}},{"type":"Feature","geometry":{"type":"Polygon","coordinates":[[[16.616715,49.211228],[16.616703,49.211219],[16.616694,49.211224],[16.616705,49.211233],[16.616715,49.211228]]]},"properties":{"id":501706,"buildingId":489829,"floorId":501691,"floorLevel":2,"name":"","nickname":null,"type":"toilet","category":"service","label":"Toilet","passportNumber":null,"seats":null,"hasProjector":false,"hasWhiteboard":false,"code":null}},{"type":"Feature","geometry":{"type":"Polygon","coordinates":[[[16.616727,49.211239],[16.616715,49.211229],[16.616706,49.211234],[16.616717,49.211243],[16.616727,49.211239]]]},"properties":{"id":501707,"buildingId":489829,"floorId":501691,"floorLevel":2,"name":"","nickname":null,"type":"toilet","category":"service","label":"Toilet","passportNumber":null,"seats":null,"hasProjector":false,"hasWhiteboard":false,"code":null}},{"type":"Feature","geometry":{"type":"Polygon","coordinates":[[[16.616739,49.211248],[16.616728,49.211239],[16.616718,49.211244],[16.616729,49.211253],[16.616739,49.211248]]]},"properties":{"id":501709,"buildingId":489829,"floorId":501691,"floorLevel":2,"name":"","nickname":null,"type":"toilet","category":"service","label":"Toilet","passportNumber":null,"seats":null,"hasProjector":false,"hasWhiteboard":false,"code":null}},{"type":"Feature","geometry":{"type":"Polygon","coordinates":[[[16.616684,49.211246],[16.616684,49.211246],[16.616682,49.211244],[16.616682,49.211244],[16.616665,49.211253],[16.616667,49.211255],[16.616684,49.211246]]]},"properties":{"id":501710,"buildingId":489829,"floorId":501691,"floorLevel":2,"name":"","nickname":null,"type":"stairs","category":"circulation","label":"Stairs","passportNumber":null,"seats":null,"hasProjector":false,"hasWhiteboard":false,"code":null}},{"type":"Feature","geometry":{"type":"Polygon","coordinates":[[[16.616715,49.211228],[16.616703,49.211219],[16.616694,49.211224],[16.616705,49.211233],[16.616715,49.211228]]]},"properties":{"id":506194,"buildingId":489829,"floorId":506179,"floorLevel":1,"name":"","nickname":null,"type":"toilet","category":"service","label":"Toilet","passportNumber":null,"seats":null,"hasProjector":false,"hasWhiteboard":false,"code":null}},{"type":"Feature","geometry":{"type":"Polygon","coordinates":[[[16.616727,49.211239],[16.616715,49.211229],[16.616706,49.211234],[16.616717,49.211243],[16.616727,49.211239]]]},"properties":{"id":506195,"buildingId":489829,"floorId":506179,"floorLevel":1,"name":"","nickname":null,"type":"toilet","category":"service","label":"Toilet","passportNumber":null,"seats":null,"hasProjector":false,"hasWhiteboard":false,"code":null}},{"type":"Feature","geometry":{"type":"Polygon","coordinates":[[[16.616739,49.211248],[16.616728,49.211239],[16.616718,49.211244],[16.616729,49.211253],[16.616739,49.211248]]]},"properties":{"id":506197,"buildingId":489829,"floorId":506179,"floorLevel":1,"name":"","nickname":null,"type":"toilet","category":"service","label":"Toilet","passportNumber":null,"seats":null,"hasProjector":false,"hasWhiteboard":false,"code":null}},{"type":"Feature","geometry":{"type":"Polygon","coordinates":[[[16.616684,49.211246],[16.616684,49.211246],[16.616682,49.211244],[16.616682,49.211244],[16.616665,49.211253],[16.616667,49.211255],[16.616684,49.211246]]]},"properties":{"id":506198,"buildingId":489829,"floorId":506179,"floorLevel":1,"name":"","nickname":null,"type":"stairs","category":"circulation","label":"Stairs","passportNumber":null,"seats":null,"hasProjector":false,"hasWhiteboard":false,"code":null}},{"type":"Feature","geometry":{"type":"Polygon","coordinates":[[[16.616892,49.211308],[16.616885,49.211303],[16.616884,49.211303],[16.616883,49.211303],[16.616881,49.211304],[16.61688,49.211304],[16.616879,49.211305],[16.616878,49.211305],[16.616876,49.211306],[16.616875,49.211307],[16.616873,49.211307],[16.616872,49.211308],[16.61687,49.211309],[16.616868,49.21131],[16.616878,49.211317],[16.616892,49.211308]]]},"properties":{"id":506200,"buildingId":489829,"floorId":506179,"floorLevel":1,"name":"","nickname":null,"type":"toilet","category":"service","label":"Toilet","passportNumber":null,"seats":null,"hasProjector":false,"hasWhiteboard":false,"code":null}},{"type":"Feature","geometry":{"type":"Polygon","coordinates":[[[16.616921,49.211321],[16.616923,49.211297],[16.616922,49.211297],[16.616921,49.211297],[16.616919,49.211297],[16.616916,49.211297],[16.616915,49.211297],[16.616912,49.211297],[16.61691,49.211297],[16.616908,49.211297],[16.616906,49.211298],[16.616904,49.211298],[16.616901,49.211298],[16.616898,49.211299],[16.616897,49.211299],[16.616895,49.2113],[16.616893,49.2113],[16.616891,49.211301],[16.616889,49.211301],[16.616886,49.211302],[16.616912,49.211321],[16.616912,49.211321],[16.616921,49.211321]]]},"properties":{"id":506202,"buildingId":489829,"floorId":506179,"floorLevel":1,"name":"","nickname":null,"type":"hall","category":"other","label":"hall","passportNumber":null,"seats":null,"hasProjector":false,"hasWhiteboard":false,"code":null}},{"type":"Feature","geometry":{"type":"Polygon","coordinates":[[[16.616901,49.211315],[16.616893,49.211309],[16.616879,49.211317],[16.616887,49.211323],[16.616901,49.211315]]]},"properties":{"id":506208,"buildingId":489829,"floorId":506179,"floorLevel":1,"name":"","nickname":null,"type":"toilet","category":"service","label":"Toilet","passportNumber":null,"seats":null,"hasProjector":false,"hasWhiteboard":false,"code":null}},{"type":"Feature","geometry":{"type":"Polygon","coordinates":[[[16.616876,49.211318],[16.616867,49.211311],[16.616865,49.211312],[16.616863,49.211313],[16.616862,49.211314],[16.616861,49.211315],[16.61686,49.211315],[16.61686,49.211316],[16.616859,49.211316],[16.616858,49.211317],[16.616857,49.211318],[16.616856,49.211319],[16.616856,49.21132],[16.616855,49.21132],[16.616854,49.211321],[16.616862,49.211326],[16.616862,49.211326],[16.616876,49.211318]]]},"properties":{"id":506210,"buildingId":489829,"floorId":506179,"floorLevel":1,"name":"","nickname":null,"type":"toilet","category":"service","label":"Toilet","passportNumber":null,"seats":null,"hasProjector":false,"hasWhiteboard":false,"code":null}},{"type":"Feature","geometry":{"type":"Polygon","coordinates":[[[16.616911,49.211321],[16.616902,49.211315],[16.616888,49.211324],[16.616896,49.21133],[16.616911,49.211321]]]},"properties":{"id":506211,"buildingId":489829,"floorId":506179,"floorLevel":1,"name":"","nickname":null,"type":"toilet","category":"service","label":"Toilet","passportNumber":null,"seats":null,"hasProjector":false,"hasWhiteboard":false,"code":null}},{"type":"Feature","geometry":{"type":"Polygon","coordinates":[[[16.616941,49.211325],[16.61694,49.211324],[16.616939,49.211324],[16.616938,49.211324],[16.616937,49.211323],[16.616927,49.211322],[16.616926,49.211322],[16.616925,49.211322],[16.616924,49.211321],[16.616923,49.211321],[16.616921,49.211336],[16.616922,49.211336],[16.616923,49.211336],[16.616923,49.211336],[16.616924,49.211336],[16.616925,49.211336],[16.616926,49.211336],[16.616927,49.211336],[16.616928,49.211336],[16.616928,49.211336],[16.616929,49.211337],[16.616929,49.211337],[16.616941,49.211325]]]},"properties":{"id":506212,"buildingId":489829,"floorId":506179,"floorLevel":1,"name":"","nickname":null,"type":"room","category":"other","label":"Room","passportNumber":null,"seats":null,"hasProjector":false,"hasWhiteboard":false,"code":null}},{"type":"Feature","geometry":{"type":"Polygon","coordinates":[[[16.616885,49.211324],[16.616877,49.211318],[16.616863,49.211327],[16.616871,49.211333],[16.616885,49.211324]]]},"properties":{"id":506213,"buildingId":489829,"floorId":506179,"floorLevel":1,"name":"","nickname":null,"type":"toilet","category":"service","label":"Toilet","passportNumber":null,"seats":null,"hasProjector":false,"hasWhiteboard":false,"code":null}},{"type":"Feature","geometry":{"type":"Polygon","coordinates":[[[16.616909,49.211338],[16.61691,49.211338],[16.61691,49.211338],[16.616911,49.211337],[16.616912,49.211337],[16.616913,49.211337],[16.616914,49.211336],[16.616915,49.211336],[16.616915,49.211336],[16.616916,49.211336],[16.616917,49.211336],[16.616918,49.211336],[16.61692,49.211336],[16.616921,49.211322],[16.616911,49.211322],[16.616897,49.21133],[16.616909,49.211338]]]},"properties":{"id":506214,"buildingId":489829,"floorId":506179,"floorLevel":1,"name":"","nickname":null,"type":"toilet","category":"service","label":"Toilet","passportNumber":null,"seats":null,"hasProjector":false,"hasWhiteboard":false,"code":null}},{"type":"Feature","geometry":{"type":"Polygon","coordinates":[[[16.616895,49.211331],[16.616886,49.211325],[16.616872,49.211333],[16.61688,49.211339],[16.616895,49.211331]]]},"properties":{"id":506216,"buildingId":489829,"floorId":506179,"floorLevel":1,"name":"","nickname":null,"type":"toilet","category":"service","label":"Toilet","passportNumber":null,"seats":null,"hasProjector":false,"hasWhiteboard":false,"code":null}},{"type":"Feature","geometry":{"type":"Polygon","coordinates":[[[16.616902,49.211347],[16.616902,49.211347],[16.616902,49.211346],[16.616902,49.211346],[16.616902,49.211346],[16.616902,49.211345],[16.616902,49.211345],[16.616903,49.211344],[16.616903,49.211343],[16.616903,49.211343],[16.616904,49.211342],[16.616904,49.211342],[16.616905,49.211341],[16.616905,49.211341],[16.616906,49.21134],[16.616907,49.211339],[16.616896,49.211331],[16.616881,49.21134],[16.616881,49.211346],[16.616902,49.211347]]]},"properties":{"id":506217,"buildingId":489829,"floorId":506179,"floorLevel":1,"name":"","nickname":null,"type":"toilet","category":"service","label":"Toilet","passportNumber":null,"seats":null,"hasProjector":false,"hasWhiteboard":false,"code":null}},{"type":"Feature","geometry":{"type":"Polygon","coordinates":[[[16.61688,49.211346],[16.61688,49.21134],[16.61688,49.21134],[16.616854,49.211322],[16.616853,49.211323],[16.616852,49.211324],[16.616851,49.211325],[16.61685,49.211326],[16.616849,49.211327],[16.616848,49.211328],[16.616848,49.211329],[16.616847,49.211331],[16.616846,49.211333],[16.616845,49.211336],[16.616844,49.211338],[16.616843,49.211339],[16.616843,49.211342],[16.616842,49.211346],[16.61688,49.211346]]]},"properties":{"id":506220,"buildingId":489829,"floorId":506179,"floorLevel":1,"name":"","nickname":null,"type":"hall","category":"other","label":"hall","passportNumber":null,"seats":null,"hasProjector":false,"hasWhiteboard":false,"code":null}},{"type":"Feature","geometry":{"type":"Polygon","coordinates":[[[16.616903,49.211353],[16.616903,49.211352],[16.616902,49.211352],[16.616902,49.211352],[16.616902,49.211351],[16.616902,49.211351],[16.616902,49.211351],[16.616902,49.21135],[16.616902,49.21135],[16.616902,49.211349],[16.616902,49.211348],[16.61688,49.211347],[16.61688,49.211349],[16.61688,49.211349],[16.61688,49.21135],[16.61688,49.211351],[16.61688,49.211352],[16.616881,49.211353],[16.616881,49.211353],[16.616881,49.211354],[16.616882,49.211356],[16.616882,49.211356],[16.616882,49.211357],[16.616883,49.211358],[16.616883,49.211359],[16.616903,49.211353]]]},"properties":{"id":506223,"buildingId":489829,"floorId":506179,"floorLevel":1,"name":"","nickname":null,"type":"room","category":"other","label":"Room","passportNumber":null,"seats":null,"hasProjector":false,"hasWhiteboard":false,"code":null}},{"type":"Feature","geometry":{"type":"Polygon","coordinates":[[[16.617,49.211264],[16.616994,49.211262],[16.616989,49.211261],[16.616985,49.211259],[16.616981,49.211258],[16.616976,49.211257],[16.616973,49.211256],[16.616971,49.211255],[16.616969,49.211255],[16.616964,49.211265],[16.616991,49.211273],[16.617,49.211264]]]},"properties":{"id":509553,"buildingId":489829,"floorId":509542,"floorLevel":0,"name":"","nickname":null,"type":"floor","category":"structure","label":"Corridor","passportNumber":null,"seats":null,"hasProjector":false,"hasWhiteboard":false,"code":null}},{"type":"Feature","geometry":{"type":"Polygon","coordinates":[[[16.616684,49.211246],[16.616684,49.211246],[16.616682,49.211244],[16.616682,49.211244],[16.616665,49.211253],[16.616667,49.211255],[16.616684,49.211246]]]},"properties":{"id":509556,"buildingId":489829,"floorId":509542,"floorLevel":0,"name":"","nickname":null,"type":"stairs","category":"circulation","label":"Stairs","passportNumber":null,"seats":null,"hasProjector":false,"hasWhiteboard":false,"code":null}},{"type":"Feature","geometry":{"type":"Polygon","coordinates":[[[16.616792,49.211297],[16.616799,49.211291],[16.616795,49.211289],[16.616796,49.211287],[16.616799,49.211285],[16.616801,49.211283],[16.616804,49.211281],[16.616807,49.211278],[16.616811,49.211276],[16.616814,49.211274],[16.616817,49.211272],[16.61681,49.211266],[16.616806,49.211268],[16.616803,49.21127],[16.6168,49.211272],[16.616798,49.211274],[16.616794,49.211276],[16.616791,49.211279],[16.616787,49.211282],[16.616785,49.211284],[16.616782,49.211287],[16.616779,49.21129],[16.616778,49.211291],[16.616778,49.211291],[16.616774,49.21129],[16.616773,49.21129],[16.616779,49.211295],[16.616791,49.211299],[16.616792,49.211297]]]},"properties":{"id":509561,"buildingId":489829,"floorId":509542,"floorLevel":0,"name":"","nickname":null,"type":"floor","category":"structure","label":"Corridor","passportNumber":null,"seats":null,"hasProjector":false,"hasWhiteboard":false,"code":null}},{"type":"Feature","geometry":{"type":"Polygon","coordinates":[[[16.616914,49.211335],[16.616915,49.211334],[16.616916,49.211334],[16.616917,49.211334],[16.616919,49.211334],[16.616921,49.211334],[16.616921,49.211328],[16.616921,49.211322],[16.616921,49.211321],[16.616921,49.211321],[16.616918,49.211321],[16.616917,49.211321],[16.616914,49.211322],[16.616912,49.211322],[16.61691,49.211322],[16.616908,49.211323],[16.616906,49.211323],[16.616904,49.211324],[16.616913,49.211335],[16.616914,49.211335]]]},"properties":{"id":509567,"buildingId":489829,"floorId":509542,"floorLevel":0,"name":"","nickname":null,"type":"toilet","category":"service","label":"Toilet","passportNumber":null,"seats":null,"hasProjector":false,"hasWhiteboard":false,"code":null}},{"type":"Feature","geometry":{"type":"Polygon","coordinates":[[[16.616802,49.211387],[16.616792,49.211369],[16.616777,49.211371],[16.616778,49.211374],[16.61678,49.211379],[16.616782,49.211383],[16.616784,49.211386],[16.616786,49.211389],[16.616788,49.211391],[16.616789,49.211392],[16.616802,49.211387]]]},"properties":{"id":509581,"buildingId":489829,"floorId":509542,"floorLevel":0,"name":"","nickname":null,"type":"floor","category":"structure","label":"Corridor","passportNumber":null,"seats":null,"hasProjector":false,"hasWhiteboard":false,"code":null}},{"type":"Feature","geometry":{"type":"Polygon","coordinates":[[[16.616626,49.211197],[16.616623,49.211199],[16.616621,49.2112],[16.616617,49.211202],[16.616616,49.211202],[16.616616,49.211202],[16.616579,49.21122],[16.616575,49.21122],[16.616575,49.211219],[16.616555,49.211217],[16.616555,49.211216],[16.616539,49.211215],[16.616535,49.21124],[16.61654,49.211241],[16.616539,49.211244],[16.616534,49.211244],[16.616525,49.211294],[16.616559,49.211296],[16.61656,49.211291],[16.616565,49.211291],[16.616563,49.2113],[16.616563,49.211302],[16.616562,49.211302],[16.616558,49.211328],[16.61659,49.21133],[16.616594,49.211305],[16.616592,49.211305],[16.616592,49.211302],[16.616593,49.211298],[16.616656,49.211303],[16.616659,49.211286],[16.616662,49.211286],[16.616665,49.21127],[16.616664,49.21127],[16.616667,49.211255],[16.616665,49.211253],[16.616682,49.211244],[16.616669,49.211234],[16.616675,49.211231],[16.616732,49.211202],[16.616714,49.211187],[16.616713,49.211187],[16.616706,49.211181],[16.61671,49.211178],[16.616732,49.211167],[16.616731,49.211166],[16.616744,49.21116],[16.616751,49.211165],[16.616771,49.211155],[16.616765,49.21115],[16.61678,49.211142],[16.616786,49.211147],[16.616841,49.211119],[16.616822,49.211103],[16.616726,49.211152],[16.616692,49.211124],[16.616693,49.211123],[16.616689,49.21112],[16.616659,49.211136],[16.616667,49.211142],[16.616666,49.211143],[16.616689,49.211161],[16.616626,49.211194],[16.616629,49.211196],[16.616626,49.211197]]]},"properties":{"id":509756,"buildingId":489829,"floorId":509542,"floorLevel":0,"name":"","nickname":null,"type":"floor","category":"structure","label":"Corridor","passportNumber":null,"seats":null,"hasProjector":false,"hasWhiteboard":false,"code":null}},{"type":"Feature","geometry":{"type":"Polygon","coordinates":[[[16.616905,49.211091],[16.616897,49.211085],[16.616881,49.211093],[16.616889,49.2111],[16.616905,49.211091]]]},"properties":{"id":492445,"buildingId":489829,"floorId":492444,"floorLevel":-1,"name":"BA03P1013","nickname":null,"type":"substation","category":"other","label":"substation","passportNumber":"BA03P1013","seats":null,"hasProjector":false,"hasWhiteboard":false,"code":null}},{"type":"Feature","geometry":{"type":"Polygon","coordinates":[[[16.616878,49.211063],[16.616855,49.211044],[16.616796,49.211074],[16.616797,49.211075],[16.616795,49.211076],[16.616817,49.211095],[16.616878,49.211063]]]},"properties":{"id":492446,"buildingId":489829,"floorId":492444,"floorLevel":-1,"name":"BA03P1012","nickname":null,"type":"utility_room","category":"service","label":"Utility","passportNumber":"BA03P1012","seats":null,"hasProjector":false,"hasWhiteboard":false,"code":null}},{"type":"Feature","geometry":{"type":"Polygon","coordinates":[[[16.616814,49.211097],[16.616791,49.211078],[16.616775,49.211087],[16.616797,49.211105],[16.616814,49.211097]]]},"properties":{"id":492447,"buildingId":489829,"floorId":492444,"floorLevel":-1,"name":"BA03P1011","nickname":null,"type":"storage","category":"service","label":"Storage","passportNumber":"BA03P1011","seats":null,"hasProjector":false,"hasWhiteboard":false,"code":null}},{"type":"Feature","geometry":{"type":"Polygon","coordinates":[[[16.616796,49.211106],[16.616774,49.211087],[16.616747,49.211101],[16.61677,49.21112],[16.616796,49.211106]]]},"properties":{"id":492448,"buildingId":489829,"floorId":492444,"floorLevel":-1,"name":"BA03P1010","nickname":null,"type":"storage","category":"service","label":"Storage","passportNumber":"BA03P1010","seats":null,"hasProjector":false,"hasWhiteboard":false,"code":null}},{"type":"Feature","geometry":{"type":"Polygon","coordinates":[[[16.616768,49.21112],[16.616746,49.211102],[16.61673,49.21111],[16.616752,49.211129],[16.616768,49.21112]]]},"properties":{"id":492449,"buildingId":489829,"floorId":492444,"floorLevel":-1,"name":"BA03P1009","nickname":null,"type":"storage","category":"service","label":"Storage","passportNumber":"BA03P1009","seats":null,"hasProjector":false,"hasWhiteboard":false,"code":null}},{"type":"Feature","geometry":{"type":"Polygon","coordinates":[[[16.616893,49.211155],[16.616895,49.211156],[16.616954,49.211126],[16.61691,49.21109],[16.616888,49.211101],[16.616879,49.211094],[16.616846,49.211111],[16.616852,49.211117],[16.616847,49.21112],[16.616891,49.211156],[16.616893,49.211155]]]},"properties":{"id":492450,"buildingId":489829,"floorId":492444,"floorLevel":-1,"name":"BA03P1014","nickname":"C049","type":"storage","category":"service","label":"Storage","passportNumber":"BA03P1014","seats":null,"hasProjector":false,"hasWhiteboard":false,"code":null}},{"type":"Feature","geometry":{"type":"Polygon","coordinates":[[[16.616751,49.211129],[16.616731,49.211113],[16.616729,49.211114],[16.616725,49.21111],[16.616666,49.211141],[16.616667,49.211142],[16.616665,49.211143],[16.616688,49.211162],[16.616751,49.211129]]]},"properties":{"id":492451,"buildingId":489829,"floorId":492444,"floorLevel":-1,"name":"BA03P1008","nickname":null,"type":"storage","category":"service","label":"Storage","passportNumber":"BA03P1008","seats":null,"hasProjector":false,"hasWhiteboard":false,"code":null}},{"type":"Feature","geometry":{"type":"Polygon","coordinates":[[[16.616829,49.211189],[16.61683,49.21119],[16.616889,49.211159],[16.616888,49.211158],[16.61689,49.211157],[16.616844,49.211119],[16.616842,49.21112],[16.616837,49.211116],[16.616782,49.211144],[16.616789,49.21115],[16.616783,49.211153],[16.616827,49.21119],[16.616829,49.211189]]]},"properties":{"id":492452,"buildingId":489829,"floorId":492444,"floorLevel":-1,"name":"BA03P1015","nickname":"C048","type":"storage","category":"service","label":"Storage","passportNumber":"BA03P1015","seats":null,"hasProjector":false,"hasWhiteboard":false,"code":null}},{"type":"Feature","geometry":{"type":"Polygon","coordinates":[[[16.616686,49.211163],[16.616664,49.211144],[16.616662,49.211145],[16.616661,49.211144],[16.616602,49.211174],[16.616625,49.211194],[16.616686,49.211163]]]},"properties":{"id":492453,"buildingId":489829,"floorId":492444,"floorLevel":-1,"name":"BA03P1007","nickname":null,"type":"storage","category":"service","label":"Storage","passportNumber":"BA03P1007","seats":null,"hasProjector":false,"hasWhiteboard":false,"code":null}},{"type":"Feature","geometry":{"type":"Polygon","coordinates":[[[16.616824,49.211193],[16.616823,49.211192],[16.616825,49.211191],[16.616781,49.211154],[16.616776,49.211157],[16.616769,49.211151],[16.616748,49.211162],[16.616752,49.211165],[16.616748,49.211167],[16.616796,49.211207],[16.616824,49.211193]]]},"properties":{"id":492454,"buildingId":489829,"floorId":492444,"floorLevel":-1,"name":"BA03P1016","nickname":null,"type":"preparatory","category":"service","label":"Preparatory","passportNumber":"BA03P1016","seats":null,"hasProjector":false,"hasWhiteboard":false,"code":null}},{"type":"Feature","geometry":{"type":"Polygon","coordinates":[[[16.616624,49.211195],[16.616614,49.211186],[16.616602,49.211192],[16.616612,49.211201],[16.616624,49.211195]]]},"properties":{"id":492455,"buildingId":489829,"floorId":492444,"floorLevel":-1,"name":"BA03P1005","nickname":null,"type":"storage","category":"service","label":"Storage","passportNumber":"BA03P1005","seats":null,"hasProjector":false,"hasWhiteboard":false,"code":null}},{"type":"Feature","geometry":{"type":"Polygon","coordinates":[[[16.616611,49.211184],[16.616602,49.211176],[16.616597,49.211178],[16.616588,49.21117],[16.616559,49.211186],[16.616578,49.211201],[16.616611,49.211184]]]},"properties":{"id":492456,"buildingId":489829,"floorId":492444,"floorLevel":-1,"name":"BA03P1003","nickname":null,"type":"office","category":"office","label":"Office","passportNumber":"BA03P1003","seats":null,"hasProjector":false,"hasWhiteboard":false,"code":null}},{"type":"Feature","geometry":{"type":"Polygon","coordinates":[[[16.6169,49.211081],[16.61688,49.211065],[16.616623,49.211197],[16.616643,49.211214],[16.6169,49.211081]]]},"properties":{"id":492458,"buildingId":489829,"floorId":492444,"floorLevel":-1,"name":"BA03P1006","nickname":null,"type":"floor","category":"structure","label":"Corridor","passportNumber":"BA03P1006","seats":null,"hasProjector":false,"hasWhiteboard":false,"code":null}},{"type":"Feature","geometry":{"type":"Polygon","coordinates":[[[16.616794,49.211208],[16.616749,49.21117],[16.616745,49.211172],[16.616738,49.211167],[16.616714,49.211179],[16.616721,49.211185],[16.616718,49.211186],[16.616737,49.211202],[16.616738,49.211201],[16.616765,49.211223],[16.616794,49.211208]]]},"properties":{"id":492459,"buildingId":489829,"floorId":492444,"floorLevel":-1,"name":"BA03P1017","nickname":"C046","type":"storage","category":"service","label":"Storage","passportNumber":"BA03P1017","seats":null,"hasProjector":false,"hasWhiteboard":false,"code":null}},{"type":"Feature","geometry":{"type":"Polygon","coordinates":[[[16.616609,49.211202],[16.6166,49.211194],[16.616582,49.211203],[16.616591,49.211211],[16.616609,49.211202]]]},"properties":{"id":492460,"buildingId":489829,"floorId":492444,"floorLevel":-1,"name":"BA03P1004","nickname":null,"type":"elevator","category":"circulation","label":"Elevator","passportNumber":"BA03P1004","seats":null,"hasProjector":false,"hasWhiteboard":false,"code":null}},{"type":"Feature","geometry":{"type":"Polygon","coordinates":[[[16.616684,49.21122],[16.616671,49.211209],[16.61665,49.21122],[16.616663,49.21123],[16.616684,49.21122]]]},"properties":{"id":492461,"buildingId":489829,"floorId":492444,"floorLevel":-1,"name":"BA03P1020","nickname":null,"type":"substation","category":"other","label":"substation","passportNumber":"BA03P1020","seats":null,"hasProjector":false,"hasWhiteboard":false,"code":null}},{"type":"Feature","geometry":{"type":"Polygon","coordinates":[[[16.616576,49.211219],[16.616589,49.211212],[16.616557,49.211186],[16.61654,49.211195],[16.616535,49.211223],[16.616574,49.211226],[16.616576,49.211219]]]},"properties":{"id":492462,"buildingId":489829,"floorId":492444,"floorLevel":-1,"name":"BA03P1002","nickname":"C055","type":"office","category":"office","label":"Office","passportNumber":"BA03P1002","seats":null,"hasProjector":false,"hasWhiteboard":false,"code":null}},{"type":"Feature","geometry":{"type":"Polygon","coordinates":[[[16.616759,49.211226],[16.616758,49.211225],[16.616759,49.211225],[16.616714,49.211187],[16.616714,49.211188],[16.616707,49.211183],[16.616666,49.211204],[16.616686,49.21122],[16.616688,49.211219],[16.61672,49.211246],[16.616759,49.211226]]]},"properties":{"id":492463,"buildingId":489829,"floorId":492444,"floorLevel":-1,"name":"BA03P1018","nickname":"C045","type":"storage","category":"service","label":"Storage","passportNumber":"BA03P1018","seats":null,"hasProjector":false,"hasWhiteboard":false,"code":null}},{"type":"Feature","geometry":{"type":"Polygon","coordinates":[[[16.616574,49.211227],[16.616531,49.211224],[16.616529,49.211239],[16.616544,49.21124],[16.616543,49.211244],[16.616571,49.211246],[16.616574,49.211227]]]},"properties":{"id":492464,"buildingId":489829,"floorId":492444,"floorLevel":-1,"name":"BA03P1001","nickname":null,"type":"lobby","category":"circulation","label":"Lobby","passportNumber":"BA03P1001","seats":null,"hasProjector":false,"hasWhiteboard":false,"code":null}},{"type":"Feature","geometry":{"type":"Polygon","coordinates":[[[16.616728,49.211256],[16.616685,49.211221],[16.616663,49.211233],[16.616652,49.211238],[16.616668,49.211251],[16.616682,49.211244],[16.616684,49.211246],[16.616708,49.211266],[16.616728,49.211256]]]},"properties":{"id":492467,"buildingId":489829,"floorId":492444,"floorLevel":-1,"name":"BA03P1092","nickname":null,"type":"stairs","category":"circulation","label":"Stairs","passportNumber":"BA03P1092","seats":null,"hasProjector":false,"hasWhiteboard":false,"code":null}},{"type":"Feature","geometry":{"type":"Polygon","coordinates":[[[16.616791,49.211251],[16.616764,49.211229],[16.616764,49.211229],[16.616761,49.211227],[16.616723,49.211246],[16.616753,49.211271],[16.616791,49.211251]]]},"properties":{"id":492468,"buildingId":489829,"floorId":492444,"floorLevel":-1,"name":"BA03P1019","nickname":"C996","type":"storage","category":"service","label":"Storage","passportNumber":"BA03P1019","seats":null,"hasProjector":false,"hasWhiteboard":false,"code":null}},{"type":"Feature","geometry":{"type":"Polygon","coordinates":[[[16.616542,49.211245],[16.616531,49.211244],[16.616529,49.211255],[16.61654,49.211256],[16.616542,49.211245]]]},"properties":{"id":492469,"buildingId":489829,"floorId":492444,"floorLevel":-1,"name":"BA03P1024","nickname":null,"type":"room","category":"other","label":"Room","passportNumber":"BA03P1024","seats":null,"hasProjector":false,"hasWhiteboard":false,"code":null}},{"type":"Feature","geometry":{"type":"Polygon","coordinates":[[[16.616571,49.211247],[16.616546,49.211245],[16.616546,49.211247],[16.616543,49.211246],[16.616541,49.211256],[16.616569,49.211258],[16.616571,49.211247]]]},"properties":{"id":492470,"buildingId":489829,"floorId":492444,"floorLevel":-1,"name":"BA03P1023","nickname":null,"type":"room","category":"other","label":"Room","passportNumber":"BA03P1023","seats":null,"hasProjector":false,"hasWhiteboard":false,"code":null}},{"type":"Feature","geometry":{"type":"Polygon","coordinates":[[[16.616706,49.211274],[16.616666,49.211271],[16.616663,49.211286],[16.616704,49.211289],[16.616706,49.211274]]]},"properties":{"id":492471,"buildingId":489829,"floorId":492444,"floorLevel":-1,"name":"BA03P1021","nickname":"C044","type":"storage","category":"service","label":"Storage","passportNumber":"BA03P1021","seats":null,"hasProjector":false,"hasWhiteboard":false,"code":null}},{"type":"Feature","geometry":{"type":"Polygon","coordinates":[[[16.616694,49.211291],[16.616663,49.211289],[16.61666,49.211305],[16.616691,49.211307],[16.616694,49.211291]]]},"properties":{"id":492472,"buildingId":489829,"floorId":492444,"floorLevel":-1,"name":"BA03P1022","nickname":null,"type":"elevator","category":"circulation","label":"Elevator","passportNumber":"BA03P1022","seats":null,"hasProjector":false,"hasWhiteboard":false,"code":null}},{"type":"Feature","geometry":{"type":"Polygon","coordinates":[[[16.616568,49.211259],[16.616529,49.211256],[16.616522,49.211293],[16.616526,49.211294],[16.616525,49.211299],[16.616561,49.211302],[16.616568,49.211259]]]},"properties":{"id":492473,"buildingId":489829,"floorId":492444,"floorLevel":-1,"name":"BA03P1025","nickname":"C002","type":"classroom_and_laboratory","category":"teaching","label":"Classroom / lab","passportNumber":"BA03P1025","seats":null,"hasProjector":false,"hasWhiteboard":false,"code":null}},{"type":"Feature","geometry":{"type":"Polygon","coordinates":[[[16.616666,49.211325],[16.616668,49.211325],[16.616668,49.211325],[16.616669,49.211324],[16.61667,49.211324],[16.616671,49.211324],[16.616672,49.211324],[16.616673,49.211323],[16.616674,49.211323],[16.616675,49.211322],[16.616676,49.211321],[16.616676,49.211321],[16.616677,49.21132],[16.616677,49.21132],[16.616677,49.211319],[16.616677,49.211319],[16.616678,49.211318],[16.616678,49.211318],[16.616678,49.211317],[16.616678,49.211317],[16.616678,49.211316],[16.616677,49.211316],[16.616677,49.211315],[16.616677,49.211315],[16.616677,49.211314],[16.616677,49.211314],[16.616676,49.211314],[16.616676,49.211313],[16.616676,49.211313],[16.616675,49.211312],[16.616674,49.211312],[16.616674,49.211312],[16.616673,49.211311],[16.616672,49.211311],[16.616671,49.21131],[16.61667,49.21131],[16.616669,49.21131],[16.616668,49.21131],[16.616666,49.21131],[16.616665,49.21131],[16.616664,49.21131],[16.616663,49.21131],[16.616662,49.21131],[16.616661,49.211311],[16.61666,49.211311],[16.616658,49.211312],[16.616657,49.211313],[16.616656,49.211314],[16.616656,49.211315],[16.616655,49.211316],[16.616655,49.211317],[16.616655,49.211318],[16.616656,49.21132],[16.616657,49.211321],[16.616658,49.211322],[16.616658,49.211323],[16.616659,49.211323],[16.61666,49.211323],[16.61666,49.211324],[16.616661,49.211324],[16.616662,49.211324],[16.616663,49.211324],[16.616664,49.211325],[16.616665,49.211325],[16.616666,49.211325]]]},"properties":{"id":492474,"buildingId":489829,"floorId":492444,"floorLevel":-1,"name":"BA03P1030a","nickname":null,"type":"stairs","category":"circulation","label":"Stairs","passportNumber":"BA03P1030a","seats":null,"hasProjector":false,"hasWhiteboard":false,"code":null}},{"type":"Feature","geometry":{"type":"Polygon","coordinates":[[[16.61668,49.211313],[16.616664,49.211325],[16.616663,49.211324],[16.616678,49.211313],[16.616679,49.211311],[16.616662,49.211324],[16.616661,49.211324],[16.616656,49.211309],[16.61666,49.211324],[16.616652,49.21133],[16.61666,49.211323],[16.616677,49.211332],[16.616659,49.211323],[16.616658,49.211323],[16.616658,49.211322],[16.616657,49.211321],[16.616656,49.21132],[16.616655,49.211318],[16.616655,49.211317],[16.616655,49.211316],[16.616656,49.211315],[16.616656,49.211314],[16.616657,49.211313],[16.616658,49.211312],[16.61666,49.211311],[16.616661,49.211311],[16.616662,49.21131],[16.616663,49.21131],[16.616664,49.21131],[16.616665,49.21131],[16.616666,49.21131],[16.616668,49.21131],[16.616669,49.21131],[16.61667,49.21131],[16.616671,49.21131],[16.616672,49.211311],[16.616673,49.211311],[16.616674,49.211312],[16.616674,49.211312],[16.616675,49.211312],[16.616676,49.211313],[16.616676,49.211313],[16.616676,49.211314],[16.616677,49.211314],[16.616677,49.211314],[16.616677,49.211315],[16.616677,49.211315],[16.616677,49.211316],[16.616678,49.211316],[16.616678,49.211317],[16.616678,49.211317],[16.616678,49.211318],[16.616678,49.211318],[16.616677,49.211319],[16.616677,49.211319],[16.616677,49.21132],[16.616677,49.21132],[16.616676,49.211321],[16.616676,49.211321],[16.616675,49.211322],[16.616674,49.211323],[16.616673,49.211323],[16.616672,49.211324],[16.616671,49.211324],[16.61667,49.211324],[16.616669,49.211324],[16.616668,49.211325],[16.616668,49.211325],[16.616666,49.211325],[16.616665,49.211325],[16.61668,49.211313]]]},"properties":{"id":492475,"buildingId":489829,"floorId":492444,"floorLevel":-1,"name":"BA03P1030","nickname":null,"type":"utility_room","category":"service","label":"Utility","passportNumber":"BA03P1030","seats":null,"hasProjector":false,"hasWhiteboard":false,"code":null}},{"type":"Feature","geometry":{"type":"Polygon","coordinates":[[[16.616658,49.21134],[16.616675,49.211341],[16.616677,49.211333],[16.616652,49.211331],[16.61665,49.211341],[16.616658,49.211342],[16.616658,49.21134]]]},"properties":{"id":492476,"buildingId":489829,"floorId":492444,"floorLevel":-1,"name":"BA03P1029A","nickname":null,"type":"shower","category":"service","label":"Shower","passportNumber":"BA03P1029","seats":null,"hasProjector":false,"hasWhiteboard":false,"code":null}},{"type":"Feature","geometry":{"type":"Polygon","coordinates":[[[16.616654,49.211309],[16.616609,49.211305],[16.616608,49.211309],[16.616595,49.211308],[16.61659,49.211335],[16.616596,49.211335],[16.616594,49.211344],[16.616647,49.211348],[16.616654,49.211309]]]},"properties":{"id":492477,"buildingId":489829,"floorId":492444,"floorLevel":-1,"name":"BA03P1027","nickname":"C043","type":"office","category":"office","label":"Office","passportNumber":"BA03P1027","seats":null,"hasProjector":false,"hasWhiteboard":false,"code":null}},{"type":"Feature","geometry":{"type":"Polygon","coordinates":[[[16.616675,49.211342],[16.616661,49.211341],[16.61666,49.211344],[16.616655,49.211343],[16.616654,49.21135],[16.616673,49.211351],[16.616675,49.211342]]]},"properties":{"id":492478,"buildingId":489829,"floorId":492444,"floorLevel":-1,"name":"BA03P1029","nickname":null,"type":"toilet","category":"service","label":"Toilet","passportNumber":"BA03P1029","seats":null,"hasProjector":false,"hasWhiteboard":false,"code":null}},{"type":"Feature","geometry":{"type":"Polygon","coordinates":[[[16.616561,49.211303],[16.616525,49.2113],[16.616525,49.211301],[16.616515,49.2113],[16.616515,49.211299],[16.616487,49.211297],[16.616477,49.211348],[16.61648,49.211348],[16.61648,49.211349],[16.616506,49.211351],[16.616507,49.211349],[16.616515,49.21135],[16.616515,49.211352],[16.616551,49.211354],[16.616561,49.211303]]]},"properties":{"id":492479,"buildingId":489829,"floorId":492444,"floorLevel":-1,"name":"BA03P1091","nickname":"C003","type":"classroom_and_laboratory","category":"teaching","label":"Classroom / lab","passportNumber":"BA03P1091","seats":null,"hasProjector":false,"hasWhiteboard":false,"code":null}},{"type":"Feature","geometry":{"type":"Polygon","coordinates":[[[16.616671,49.211366],[16.616669,49.211366],[16.616669,49.211366],[16.616667,49.211365],[16.616667,49.211362],[16.616669,49.211362],[16.616669,49.211362],[16.616671,49.211362],[16.616673,49.211352],[16.616599,49.211346],[16.616596,49.211363],[16.616589,49.211363],[16.616588,49.21137],[16.616669,49.211377],[16.616671,49.211366]]]},"properties":{"id":492480,"buildingId":489829,"floorId":492444,"floorLevel":-1,"name":"BA03P1028","nickname":null,"type":"toilet","category":"service","label":"Toilet","passportNumber":"BA03P1028","seats":null,"hasProjector":false,"hasWhiteboard":false,"code":null}},{"type":"Feature","geometry":{"type":"Polygon","coordinates":[[[16.616604,49.211374],[16.616584,49.211372],[16.616582,49.211382],[16.616602,49.211384],[16.616604,49.211374]]]},"properties":{"id":492481,"buildingId":489829,"floorId":492444,"floorLevel":-1,"name":"BA03P1032","nickname":null,"type":"lobby","category":"circulation","label":"Lobby","passportNumber":"BA03P1032","seats":null,"hasProjector":false,"hasWhiteboard":false,"code":null}},{"type":"Feature","geometry":{"type":"Polygon","coordinates":[[[16.616585,49.211355],[16.616595,49.211356],[16.616597,49.211346],[16.616587,49.211345],[16.616595,49.211304],[16.616562,49.211301],[16.616547,49.211387],[16.616579,49.21139],[16.616585,49.211355]]]},"properties":{"id":492482,"buildingId":489829,"floorId":492444,"floorLevel":-1,"name":"BA03P1033","nickname":null,"type":"floor","category":"structure","label":"Corridor","passportNumber":"BA03P1033","seats":null,"hasProjector":false,"hasWhiteboard":false,"code":null}},{"type":"Feature","geometry":{"type":"Polygon","coordinates":[[[16.616602,49.211384],[16.616582,49.211383],[16.61658,49.211391],[16.6166,49.211392],[16.616602,49.211384]]]},"properties":{"id":492483,"buildingId":489829,"floorId":492444,"floorLevel":-1,"name":"BA03P1035","nickname":null,"type":"toilet","category":"service","label":"Toilet","passportNumber":"BA03P1035","seats":null,"hasProjector":false,"hasWhiteboard":false,"code":null}},{"type":"Feature","geometry":{"type":"Polygon","coordinates":[[[16.616645,49.211377],[16.616605,49.211374],[16.616602,49.211392],[16.616642,49.211395],[16.616645,49.211377]]]},"properties":{"id":492484,"buildingId":489829,"floorId":492444,"floorLevel":-1,"name":"BA03P1039","nickname":null,"type":"coatroom","category":"service","label":"Cloakroom","passportNumber":"BA03P1039","seats":null,"hasProjector":false,"hasWhiteboard":false,"code":null}},{"type":"Feature","geometry":{"type":"Polygon","coordinates":[[[16.6166,49.211393],[16.61658,49.211392],[16.616579,49.2114],[16.616599,49.211401],[16.6166,49.211393]]]},"properties":{"id":492485,"buildingId":489829,"floorId":492444,"floorLevel":-1,"name":"BA03P1034","nickname":"C040","type":"bathroom","category":"service","label":"Bathroom","passportNumber":"BA03P1034","seats":null,"hasProjector":false,"hasWhiteboard":false,"code":null}},{"type":"Feature","geometry":{"type":"Polygon","coordinates":[[[16.616667,49.211388],[16.616654,49.211387],[16.616654,49.211386],[16.616667,49.211387],[16.616668,49.211379],[16.616646,49.211377],[16.61664,49.211413],[16.616662,49.211415],[16.616667,49.211388]]]},"properties":{"id":492486,"buildingId":489829,"floorId":492444,"floorLevel":-1,"name":"BA03P1038","nickname":null,"type":"bathroom","category":"service","label":"Bathroom","passportNumber":"BA03P1038","seats":null,"hasProjector":false,"hasWhiteboard":false,"code":null}},{"type":"Feature","geometry":{"type":"Polygon","coordinates":[[[16.616551,49.211355],[16.616515,49.211353],[16.616514,49.211354],[16.616506,49.211354],[16.616506,49.211352],[16.61648,49.21135],[16.61648,49.211351],[16.616477,49.211351],[16.616468,49.211401],[16.616497,49.211404],[16.616497,49.211403],[16.616505,49.211403],[16.616505,49.211404],[16.616542,49.211407],[16.616551,49.211355]]]},"properties":{"id":492487,"buildingId":489829,"floorId":492444,"floorLevel":-1,"name":"BA03P1087","nickname":"C004","type":"office","category":"office","label":"Office","passportNumber":"BA03P1087","seats":null,"hasProjector":false,"hasWhiteboard":false,"code":null}},{"type":"Feature","geometry":{"type":"Polygon","coordinates":[[[16.616598,49.211402],[16.616579,49.211401],[16.616577,49.211409],[16.616587,49.21141],[16.616587,49.211411],[16.616597,49.211411],[16.616598,49.211402]]]},"properties":{"id":492488,"buildingId":489829,"floorId":492444,"floorLevel":-1,"name":"BA03P1036","nickname":"C039","type":"lobby","category":"circulation","label":"Lobby","passportNumber":"BA03P1036","seats":null,"hasProjector":false,"hasWhiteboard":false,"code":null}},{"type":"Feature","geometry":{"type":"Polygon","coordinates":[[[16.616641,49.211396],[16.616602,49.211393],[16.616598,49.211411],[16.616598,49.211412],[16.616638,49.211415],[16.616641,49.211396]]]},"properties":{"id":492489,"buildingId":489829,"floorId":492444,"floorLevel":-1,"name":"BA03P1037","nickname":null,"type":"coatroom","category":"service","label":"Cloakroom","passportNumber":"BA03P1037","seats":null,"hasProjector":false,"hasWhiteboard":false,"code":null}},{"type":"Feature","geometry":{"type":"Polygon","coordinates":[[[16.61648,49.211418],[16.616465,49.211417],[16.616463,49.211428],[16.616478,49.211429],[16.61648,49.211418]]]},"properties":{"id":492490,"buildingId":489829,"floorId":492444,"floorLevel":-1,"name":"BA03P1090","nickname":null,"type":"utility_room","category":"service","label":"Utility","passportNumber":"BA03P1090","seats":null,"hasProjector":false,"hasWhiteboard":false,"code":null}},{"type":"Feature","geometry":{"type":"Polygon","coordinates":[[[16.61652,49.211408],[16.616505,49.211407],[16.616505,49.211408],[16.616496,49.211407],[16.616496,49.211406],[16.616467,49.211404],[16.616465,49.211416],[16.616483,49.211417],[16.61648,49.21143],[16.616516,49.211432],[16.61652,49.211408]]]},"properties":{"id":492491,"buildingId":489829,"floorId":492444,"floorLevel":-1,"name":"BA03P1089","nickname":null,"type":"utility_room","category":"service","label":"Utility","passportNumber":"BA03P1089","seats":null,"hasProjector":false,"hasWhiteboard":false,"code":null}},{"type":"Feature","geometry":{"type":"Polygon","coordinates":[[[16.61654,49.211409],[16.616524,49.211408],[16.616519,49.211433],[16.616536,49.211434],[16.61654,49.211409]]]},"properties":{"id":492492,"buildingId":489829,"floorId":492444,"floorLevel":-1,"name":"BA03P1088","nickname":null,"type":"lobby","category":"circulation","label":"Lobby","passportNumber":"BA03P1088","seats":null,"hasProjector":false,"hasWhiteboard":false,"code":null}},{"type":"Feature","geometry":{"type":"Polygon","coordinates":[[[16.616661,49.21142],[16.616659,49.21142],[16.616659,49.211417],[16.616588,49.211412],[16.616587,49.211414],[16.616576,49.211413],[16.616573,49.211432],[16.616584,49.211433],[16.616583,49.211438],[16.616657,49.211444],[16.616661,49.21142]]]},"properties":{"id":492493,"buildingId":489829,"floorId":492444,"floorLevel":-1,"name":"BA03P1040","nickname":"C038","type":"workshop","category":"other","label":"workshop","passportNumber":"BA03P1040","seats":null,"hasProjector":false,"hasWhiteboard":false,"code":null}},{"type":"Feature","geometry":{"type":"Polygon","coordinates":[[[16.616536,49.211437],[16.616462,49.211431],[16.616458,49.211456],[16.616487,49.211458],[16.616487,49.211456],[16.616496,49.211457],[16.616495,49.211459],[16.616532,49.211461],[16.616536,49.211437]]]},"properties":{"id":492494,"buildingId":489829,"floorId":492444,"floorLevel":-1,"name":"BA03P1086","nickname":null,"type":"classroom_and_laboratory","category":"teaching","label":"Classroom / lab","passportNumber":"BA03P1086","seats":null,"hasProjector":false,"hasWhiteboard":false,"code":null}},{"type":"Feature","geometry":{"type":"Polygon","coordinates":[[[16.61665,49.211469],[16.616652,49.211469],[16.616657,49.211444],[16.616572,49.211438],[16.61657,49.211451],[16.61658,49.211452],[16.616578,49.211464],[16.616603,49.211466],[16.616603,49.211466],[16.616604,49.211463],[16.616608,49.211463],[16.616607,49.211467],[16.61665,49.21147],[16.61665,49.211469]]]},"properties":{"id":492495,"buildingId":489829,"floorId":492444,"floorLevel":-1,"name":"BA03P1041","nickname":"C037","type":"classroom_and_laboratory","category":"teaching","label":"Classroom / lab","passportNumber":"BA03P1041","seats":null,"hasProjector":false,"hasWhiteboard":false,"code":null}},{"type":"Feature","geometry":{"type":"Polygon","coordinates":[[[16.616651,49.211474],[16.616649,49.211473],[16.61665,49.211471],[16.616578,49.211466],[16.616577,49.211468],[16.616567,49.211467],[16.616565,49.211475],[16.616576,49.211476],[16.616574,49.21149],[16.616647,49.211496],[16.616651,49.211474]]]},"properties":{"id":492496,"buildingId":489829,"floorId":492444,"floorLevel":-1,"name":"BA03P1042","nickname":"C036","type":"preparatory","category":"service","label":"Preparatory","passportNumber":"BA03P1042","seats":null,"hasProjector":false,"hasWhiteboard":false,"code":null}},{"type":"Feature","geometry":{"type":"Polygon","coordinates":[[[16.61664,49.211522],[16.616643,49.211523],[16.616647,49.211497],[16.616562,49.21149],[16.61656,49.211503],[16.616571,49.211504],[16.616568,49.211518],[16.616592,49.21152],[16.616593,49.211517],[16.616598,49.211517],[16.616598,49.211512],[16.616603,49.211512],[16.616603,49.211513],[16.6166,49.211513],[16.616598,49.21152],[16.616618,49.211522],[16.61662,49.211515],[16.616617,49.211514],[16.616617,49.211514],[16.616621,49.211514],[16.61662,49.211522],[16.61664,49.211523],[16.61664,49.211522]]]},"properties":{"id":492497,"buildingId":489829,"floorId":492444,"floorLevel":-1,"name":"BA03P1043","nickname":"C035","type":"classroom_and_laboratory","category":"teaching","label":"Classroom / lab","passportNumber":"BA03P1043","seats":null,"hasProjector":false,"hasWhiteboard":false,"code":null}},{"type":"Feature","geometry":{"type":"Polygon","coordinates":[[[16.616525,49.211502],[16.616513,49.211501],[16.616513,49.2115],[16.616525,49.211501],[16.616529,49.211477],[16.616518,49.211476],[16.616518,49.211475],[16.616529,49.211476],[16.616532,49.211462],[16.616522,49.211462],[16.616522,49.211463],[16.616521,49.211462],[16.616521,49.211462],[16.616495,49.21146],[16.616495,49.211461],[16.616487,49.211461],[16.616487,49.211459],[16.616458,49.211457],[16.616448,49.211509],[16.616477,49.211512],[16.616478,49.21151],[16.616486,49.21151],[16.616486,49.211512],[16.61651,49.211514],[16.616511,49.21151],[16.616512,49.21151],[16.616512,49.211514],[16.616522,49.211515],[16.616525,49.211502]]]},"properties":{"id":492498,"buildingId":489829,"floorId":492444,"floorLevel":-1,"name":"BA03P1085","nickname":null,"type":"classroom_and_laboratory","category":"teaching","label":"Classroom / lab","passportNumber":"BA03P1085","seats":null,"hasProjector":false,"hasWhiteboard":false,"code":null}},{"type":"Feature","geometry":{"type":"Polygon","coordinates":[[[16.616624,49.211575],[16.616633,49.211576],[16.616642,49.211527],[16.61664,49.211527],[16.61664,49.211525],[16.616568,49.211519],[16.616567,49.211527],[16.616556,49.211526],[16.616554,49.211539],[16.616565,49.21154],[16.616564,49.211544],[16.616556,49.211544],[16.616555,49.211554],[16.616562,49.211554],[16.616559,49.21157],[16.616624,49.211576],[16.616624,49.211575]]]},"properties":{"id":492499,"buildingId":489829,"floorId":492444,"floorLevel":-1,"name":"BA03P1044","nickname":"C034","type":"classroom_and_laboratory","category":"teaching","label":"Classroom / lab","passportNumber":"BA03P1044","seats":null,"hasProjector":false,"hasWhiteboard":false,"code":null}},{"type":"Feature","geometry":{"type":"Polygon","coordinates":[[[16.61652,49.21153],[16.616508,49.211529],[16.616508,49.211528],[16.616508,49.211528],[16.61652,49.211529],[16.616522,49.211516],[16.616512,49.211515],[16.616511,49.21152],[16.616509,49.21152],[16.61651,49.211515],[16.616486,49.211513],[16.616485,49.211515],[16.616477,49.211514],[16.616477,49.211513],[16.616448,49.21151],[16.616439,49.211562],[16.616442,49.211562],[16.616442,49.211563],[16.616468,49.211565],[16.616468,49.211563],[16.616476,49.211564],[16.616476,49.211566],[16.616513,49.211569],[16.61652,49.21153]]]},"properties":{"id":492500,"buildingId":489829,"floorId":492444,"floorLevel":-1,"name":"BA03P1084","nickname":"C007","type":"classroom_and_laboratory","category":"teaching","label":"Classroom / lab","passportNumber":"BA03P1084","seats":null,"hasProjector":false,"hasWhiteboard":false,"code":null}},{"type":"Feature","geometry":{"type":"Polygon","coordinates":[[[16.616632,49.211581],[16.616623,49.21158],[16.616623,49.21158],[16.616614,49.211579],[16.616612,49.211589],[16.61663,49.211591],[16.616632,49.211581]]]},"properties":{"id":492501,"buildingId":489829,"floorId":492444,"floorLevel":-1,"name":"BA03P1046a","nickname":null,"type":"utility_room","category":"service","label":"Utility","passportNumber":"BA03P1046a","seats":null,"hasProjector":false,"hasWhiteboard":false,"code":null}},{"type":"Feature","geometry":{"type":"Polygon","coordinates":[[[16.616503,49.211617],[16.616504,49.211617],[16.61651,49.211583],[16.616498,49.211582],[16.616498,49.211581],[16.61651,49.211582],[16.616512,49.21157],[16.616476,49.211567],[16.616476,49.211569],[16.616467,49.211568],[16.616468,49.211566],[16.616441,49.211564],[16.616441,49.211565],[16.616438,49.211565],[16.616438,49.211565],[16.616429,49.211615],[16.616458,49.211617],[16.616459,49.211616],[16.616467,49.211616],[16.616467,49.211618],[16.616502,49.21162],[16.616503,49.211617]]]},"properties":{"id":492502,"buildingId":489829,"floorId":492444,"floorLevel":-1,"name":"BA03P1083","nickname":"C008","type":"classroom_and_laboratory","category":"teaching","label":"Classroom / lab","passportNumber":"BA03P1083","seats":null,"hasProjector":false,"hasWhiteboard":false,"code":null}},{"type":"Feature","geometry":{"type":"Polygon","coordinates":[[[16.616621,49.211629],[16.616623,49.21163],[16.61663,49.211592],[16.616609,49.21159],[16.616611,49.211579],[16.616558,49.211575],[16.616555,49.211595],[16.616564,49.211596],[16.616561,49.211612],[16.616541,49.211611],[16.616538,49.211623],[16.616548,49.211624],[16.616548,49.211624],[16.616621,49.21163],[16.616621,49.211629]]]},"properties":{"id":492503,"buildingId":489829,"floorId":492444,"floorLevel":-1,"name":"BA03P1046","nickname":null,"type":"utility_room","category":"service","label":"Utility","passportNumber":"BA03P1046","seats":null,"hasProjector":false,"hasWhiteboard":false,"code":null}},{"type":"Feature","geometry":{"type":"Polygon","coordinates":[[[16.616622,49.211636],[16.616538,49.21163],[16.616535,49.211648],[16.616543,49.211649],[16.616542,49.211656],[16.616617,49.211662],[16.616622,49.211636]]]},"properties":{"id":492504,"buildingId":489829,"floorId":492444,"floorLevel":-1,"name":"BA03P1047","nickname":"C032","type":"preparatory","category":"service","label":"Preparatory","passportNumber":"BA03P1047","seats":null,"hasProjector":false,"hasWhiteboard":false,"code":null}},{"type":"Feature","geometry":{"type":"Polygon","coordinates":[[[16.616483,49.211677],[16.616492,49.211678],[16.616497,49.21165],[16.616493,49.21165],[16.616494,49.211645],[16.616498,49.211646],[16.616499,49.21164],[16.616488,49.211639],[16.616488,49.211639],[16.616499,49.211639],[16.616501,49.211627],[16.616428,49.211621],[16.616419,49.211673],[16.616483,49.211678],[16.616483,49.211677]]]},"properties":{"id":492505,"buildingId":489829,"floorId":492444,"floorLevel":-1,"name":"BA03P1082","nickname":null,"type":"classroom_and_laboratory","category":"teaching","label":"Classroom / lab","passportNumber":"BA03P1082","seats":null,"hasProjector":false,"hasWhiteboard":false,"code":null}},{"type":"Feature","geometry":{"type":"Polygon","coordinates":[[[16.616617,49.211663],[16.616533,49.211657],[16.616529,49.211681],[16.616537,49.211681],[16.616537,49.211683],[16.616613,49.211688],[16.616617,49.211663]]]},"properties":{"id":492506,"buildingId":489829,"floorId":492444,"floorLevel":-1,"name":"BA03P1048","nickname":"C031","type":"preparatory","category":"service","label":"Preparatory","passportNumber":"BA03P1048","seats":null,"hasProjector":false,"hasWhiteboard":false,"code":null}},{"type":"Feature","geometry":{"type":"Polygon","coordinates":[[[16.616549,49.211685],[16.616537,49.211684],[16.616536,49.211686],[16.616528,49.211685],[16.616527,49.211693],[16.616547,49.211694],[16.616549,49.211685]]]},"properties":{"id":492507,"buildingId":489829,"floorId":492444,"floorLevel":-1,"name":"BA03P1049","nickname":null,"type":"lobby","category":"circulation","label":"Lobby","passportNumber":"BA03P1049","seats":null,"hasProjector":false,"hasWhiteboard":false,"code":null}},{"type":"Feature","geometry":{"type":"Polygon","coordinates":[[[16.616547,49.211569],[16.616558,49.21157],[16.61656,49.211555],[16.616549,49.211554],[16.616556,49.211515],[16.616567,49.211516],[16.616569,49.211505],[16.616559,49.211504],[16.616562,49.211485],[16.616573,49.211486],[16.616575,49.211476],[16.616564,49.211476],[16.616566,49.211462],[16.616577,49.211462],[16.616579,49.211452],[16.616568,49.211452],[16.616579,49.211391],[16.616547,49.211389],[16.616491,49.211698],[16.616523,49.211701],[16.616547,49.211569]]]},"properties":{"id":492508,"buildingId":489829,"floorId":492444,"floorLevel":-1,"name":"BA03P1045","nickname":"C033","type":"floor","category":"structure","label":"Corridor","passportNumber":"BA03P1045","seats":null,"hasProjector":false,"hasWhiteboard":false,"code":null}},{"type":"Feature","geometry":{"type":"Polygon","coordinates":[[[16.616546,49.211695],[16.616527,49.211694],[16.616525,49.211701],[16.616545,49.211703],[16.616546,49.211695]]]},"properties":{"id":492509,"buildingId":489829,"floorId":492444,"floorLevel":-1,"name":"BA03P1052","nickname":"C029","type":"bathroom","category":"service","label":"Bathroom","passportNumber":"BA03P1052","seats":null,"hasProjector":false,"hasWhiteboard":false,"code":null}},{"type":"Feature","geometry":{"type":"Polygon","coordinates":[[[16.616589,49.211688],[16.61655,49.211685],[16.616547,49.211703],[16.616586,49.211706],[16.616589,49.211688]]]},"properties":{"id":492510,"buildingId":489829,"floorId":492444,"floorLevel":-1,"name":"BA03P1050","nickname":null,"type":"coatroom","category":"service","label":"Cloakroom","passportNumber":"BA03P1050","seats":null,"hasProjector":false,"hasWhiteboard":false,"code":null}},{"type":"Feature","geometry":{"type":"Polygon","coordinates":[[[16.616545,49.211704],[16.616525,49.211702],[16.616524,49.21171],[16.616543,49.211711],[16.616545,49.211704]]]},"properties":{"id":492511,"buildingId":489829,"floorId":492444,"floorLevel":-1,"name":"BA03P1053","nickname":null,"type":"toilet","category":"service","label":"Toilet","passportNumber":"BA03P1053","seats":null,"hasProjector":false,"hasWhiteboard":false,"code":null}},{"type":"Feature","geometry":{"type":"Polygon","coordinates":[[[16.616544,49.211712],[16.616523,49.211711],[16.616522,49.211721],[16.616542,49.211723],[16.616544,49.211712]]]},"properties":{"id":492512,"buildingId":489829,"floorId":492444,"floorLevel":-1,"name":"BA03P1055","nickname":null,"type":"lobby","category":"circulation","label":"Lobby","passportNumber":"BA03P1055","seats":null,"hasProjector":false,"hasWhiteboard":false,"code":null}},{"type":"Feature","geometry":{"type":"Polygon","coordinates":[[[16.616586,49.211707],[16.616547,49.211704],[16.616544,49.211723],[16.616582,49.211726],[16.616586,49.211707]]]},"properties":{"id":492513,"buildingId":489829,"floorId":492444,"floorLevel":-1,"name":"BA03P1056","nickname":null,"type":"coatroom","category":"service","label":"Cloakroom","passportNumber":"BA03P1056","seats":null,"hasProjector":false,"hasWhiteboard":false,"code":null}},{"type":"Feature","geometry":{"type":"Polygon","coordinates":[[[16.616607,49.211719],[16.616594,49.211718],[16.616594,49.211717],[16.616607,49.211718],[16.616612,49.21169],[16.61659,49.211688],[16.616584,49.211726],[16.616605,49.211728],[16.616607,49.211719]]]},"properties":{"id":492514,"buildingId":489829,"floorId":492444,"floorLevel":-1,"name":"BA03P1051","nickname":null,"type":"bathroom","category":"service","label":"Bathroom","passportNumber":"BA03P1051","seats":null,"hasProjector":false,"hasWhiteboard":false,"code":null}},{"type":"Feature","geometry":{"type":"Polygon","coordinates":[[[16.616478,49.211731],[16.616482,49.211731],[16.616491,49.211682],[16.616483,49.211682],[16.616483,49.21168],[16.616418,49.211675],[16.616409,49.211727],[16.616478,49.211732],[16.616478,49.211731]]]},"properties":{"id":492515,"buildingId":489829,"floorId":492444,"floorLevel":-1,"name":"BA03P1081","nickname":"C010","type":"classroom_and_laboratory","category":"teaching","label":"Classroom / lab","passportNumber":"BA03P1081","seats":null,"hasProjector":false,"hasWhiteboard":false,"code":null}},{"type":"Feature","geometry":{"type":"Polygon","coordinates":[[[16.616541,49.211724],[16.616521,49.211723],[16.616519,49.211734],[16.616528,49.211734],[16.616527,49.211739],[16.616519,49.211738],[16.616516,49.21175],[16.616536,49.211751],[16.616541,49.211724]]]},"properties":{"id":492516,"buildingId":489829,"floorId":492444,"floorLevel":-1,"name":"BA03P1057a","nickname":null,"type":"lobby","category":"circulation","label":"Lobby","passportNumber":"BA03P1057a","seats":null,"hasProjector":false,"hasWhiteboard":false,"code":null}},{"type":"Feature","geometry":{"type":"Polygon","coordinates":[[[16.616577,49.211727],[16.616542,49.211725],[16.616537,49.211751],[16.616572,49.211754],[16.616577,49.211727]]]},"properties":{"id":492517,"buildingId":489829,"floorId":492444,"floorLevel":-1,"name":"BA03P1057","nickname":null,"type":"classroom_and_laboratory","category":"teaching","label":"Classroom / lab","passportNumber":"BA03P1057","seats":null,"hasProjector":false,"hasWhiteboard":false,"code":null}},{"type":"Feature","geometry":{"type":"Polygon","coordinates":[[[16.616605,49.211729],[16.616579,49.211727],[16.616574,49.211754],[16.6166,49.211756],[16.616605,49.211729]]]},"properties":{"id":492518,"buildingId":489829,"floorId":492444,"floorLevel":-1,"name":"BA03P1058","nickname":null,"type":"classroom_and_laboratory","category":"teaching","label":"Classroom / lab","passportNumber":"BA03P1058","seats":null,"hasProjector":false,"hasWhiteboard":false,"code":null}},{"type":"Feature","geometry":{"type":"Polygon","coordinates":[[[16.616482,49.211735],[16.616477,49.211735],[16.616478,49.211734],[16.616409,49.211728],[16.616404,49.211754],[16.616477,49.211759],[16.616482,49.211735]]]},"properties":{"id":492519,"buildingId":489829,"floorId":492444,"floorLevel":-1,"name":"BA03P1080","nickname":"C011","type":"office","category":"office","label":"Office","passportNumber":"BA03P1080","seats":null,"hasProjector":false,"hasWhiteboard":false,"code":null}},{"type":"Feature","geometry":{"type":"Polygon","coordinates":[[[16.6166,49.211758],[16.616516,49.211751],[16.61651,49.211787],[16.616594,49.211794],[16.6166,49.211758]]]},"properties":{"id":492520,"buildingId":489829,"floorId":492444,"floorLevel":-1,"name":"BA03P1059","nickname":null,"type":"office","category":"office","label":"Office","passportNumber":"BA03P1059","seats":null,"hasProjector":false,"hasWhiteboard":false,"code":null}},{"type":"Feature","geometry":{"type":"Polygon","coordinates":[[[16.616464,49.211784],[16.616473,49.211784],[16.616477,49.21176],[16.616404,49.211755],[16.616399,49.21178],[16.616464,49.211785],[16.616464,49.211784]]]},"properties":{"id":492521,"buildingId":489829,"floorId":492444,"floorLevel":-1,"name":"BA03P1079","nickname":"C012","type":"office","category":"office","label":"Office","passportNumber":"BA03P1079","seats":null,"hasProjector":false,"hasWhiteboard":false,"code":null}},{"type":"Feature","geometry":{"type":"Polygon","coordinates":[[[16.616472,49.211789],[16.616463,49.211788],[16.616464,49.211786],[16.616399,49.211781],[16.616395,49.211806],[16.616468,49.211812],[16.616472,49.211789]]]},"properties":{"id":492522,"buildingId":489829,"floorId":492444,"floorLevel":-1,"name":"BA03P1078","nickname":"C013","type":"office","category":"office","label":"Office","passportNumber":"BA03P1078","seats":null,"hasProjector":false,"hasWhiteboard":false,"code":null}},{"type":"Feature","geometry":{"type":"Polygon","coordinates":[[[16.616459,49.211837],[16.616463,49.211837],[16.616468,49.211813],[16.616395,49.211807],[16.61639,49.211833],[16.616459,49.211838],[16.616459,49.211837]]]},"properties":{"id":492523,"buildingId":489829,"floorId":492444,"floorLevel":-1,"name":"BA03P1077","nickname":"C014","type":"office","category":"office","label":"Office","passportNumber":"BA03P1077","seats":null,"hasProjector":false,"hasWhiteboard":false,"code":null}},{"type":"Feature","geometry":{"type":"Polygon","coordinates":[[[16.616462,49.211842],[16.616458,49.211842],[16.616459,49.211839],[16.61639,49.211834],[16.616385,49.211859],[16.616458,49.211865],[16.616462,49.211842]]]},"properties":{"id":492524,"buildingId":489829,"floorId":492444,"floorLevel":-1,"name":"BA03P1076b","nickname":null,"type":"office","category":"office","label":"Office","passportNumber":"BA03P1076b","seats":null,"hasProjector":false,"hasWhiteboard":false,"code":null}},{"type":"Feature","geometry":{"type":"Polygon","coordinates":[[[16.616445,49.21189],[16.616454,49.211891],[16.616458,49.211866],[16.616385,49.21186],[16.61638,49.211887],[16.616445,49.211892],[16.616445,49.21189]]]},"properties":{"id":492525,"buildingId":489829,"floorId":492444,"floorLevel":-1,"name":"BA03P1076a","nickname":null,"type":"office","category":"office","label":"Office","passportNumber":"BA03P1076a","seats":null,"hasProjector":false,"hasWhiteboard":false,"code":null}},{"type":"Feature","geometry":{"type":"Polygon","coordinates":[[[16.616593,49.211795],[16.616518,49.211789],[16.616517,49.211792],[16.616509,49.211792],[16.6165,49.21184],[16.616508,49.211841],[16.616508,49.211845],[16.616499,49.211845],[16.616491,49.211893],[16.616499,49.211894],[16.616499,49.211896],[16.616574,49.211902],[16.616593,49.211795]]]},"properties":{"id":492526,"buildingId":489829,"floorId":492444,"floorLevel":-1,"name":"BA03P1060","nickname":"C03","type":"classroom_and_laboratory","category":"teaching","label":"Classroom / lab","passportNumber":"BA03P1060","seats":null,"hasProjector":false,"hasWhiteboard":false,"code":null}},{"type":"Feature","geometry":{"type":"Polygon","coordinates":[[[16.616508,49.211898],[16.616498,49.211897],[16.616498,49.211899],[16.61649,49.211898],[16.616488,49.21191],[16.616506,49.211911],[16.616508,49.211898]]]},"properties":{"id":492527,"buildingId":489829,"floorId":492444,"floorLevel":-1,"name":"BA03P1061","nickname":"C024","type":"bathroom","category":"service","label":"Bathroom","passportNumber":"BA03P1061","seats":null,"hasProjector":false,"hasWhiteboard":false,"code":null}},{"type":"Feature","geometry":{"type":"Polygon","coordinates":[[[16.616535,49.2119],[16.61651,49.211898],[16.616507,49.211911],[16.616533,49.211913],[16.616535,49.2119]]]},"properties":{"id":492528,"buildingId":489829,"floorId":492444,"floorLevel":-1,"name":"BA03P1062","nickname":null,"type":"toilet","category":"service","label":"Toilet","passportNumber":"BA03P1062","seats":null,"hasProjector":false,"hasWhiteboard":false,"code":null}},{"type":"Feature","geometry":{"type":"Polygon","coordinates":[[[16.616453,49.211895],[16.616444,49.211894],[16.616445,49.211893],[16.61638,49.211888],[16.616375,49.211913],[16.616449,49.211919],[16.616453,49.211895]]]},"properties":{"id":492529,"buildingId":489829,"floorId":492444,"floorLevel":-1,"name":"BA03P1075","nickname":"C016","type":"office","category":"office","label":"Office","passportNumber":"BA03P1075","seats":null,"hasProjector":false,"hasWhiteboard":false,"code":null}},{"type":"Feature","geometry":{"type":"Polygon","coordinates":[[[16.616506,49.211912],[16.616487,49.211911],[16.616485,49.211923],[16.616503,49.211925],[16.616506,49.211912]]]},"properties":{"id":492530,"buildingId":489829,"floorId":492444,"floorLevel":-1,"name":"BA03P1063","nickname":"C023","type":"bathroom","category":"service","label":"Bathroom","passportNumber":"BA03P1063","seats":null,"hasProjector":false,"hasWhiteboard":false,"code":null}},{"type":"Feature","geometry":{"type":"Polygon","coordinates":[[[16.616519,49.211913],[16.616507,49.211912],[16.616505,49.211925],[16.616517,49.211926],[16.616519,49.211913]]]},"properties":{"id":492531,"buildingId":489829,"floorId":492444,"floorLevel":-1,"name":"BA03P1064","nickname":null,"type":"toilet","category":"service","label":"Toilet","passportNumber":"BA03P1064","seats":null,"hasProjector":false,"hasWhiteboard":false,"code":null}},{"type":"Feature","geometry":{"type":"Polygon","coordinates":[[[16.61644,49.211943],[16.616444,49.211944],[16.616444,49.211943],[16.616448,49.21192],[16.616375,49.211914],[16.616371,49.21194],[16.61644,49.211945],[16.61644,49.211943]]]},"properties":{"id":492533,"buildingId":489829,"floorId":492444,"floorLevel":-1,"name":"BA03P1074","nickname":"C017","type":"office","category":"office","label":"Office","passportNumber":"BA03P1074","seats":null,"hasProjector":false,"hasWhiteboard":false,"code":null}},{"type":"Feature","geometry":{"type":"Polygon","coordinates":[[[16.616574,49.211903],[16.616557,49.211902],[16.616556,49.211908],[16.616554,49.211908],[16.616555,49.211902],[16.616537,49.2119],[16.616534,49.211919],[16.616544,49.21192],[16.616544,49.211921],[16.616534,49.21192],[16.616532,49.211928],[16.616485,49.211924],[16.616481,49.211947],[16.616489,49.211947],[16.616489,49.211949],[16.616564,49.211955],[16.616574,49.211903]]]},"properties":{"id":492534,"buildingId":489829,"floorId":492444,"floorLevel":-1,"name":"BA03P1065","nickname":"C022","type":"coatroom","category":"service","label":"Cloakroom","passportNumber":"BA03P1065","seats":null,"hasProjector":false,"hasWhiteboard":false,"code":null}},{"type":"Feature","geometry":{"type":"Polygon","coordinates":[[[16.616523,49.211702],[16.61649,49.2117],[16.616446,49.211948],[16.616478,49.21195],[16.616523,49.211702]]]},"properties":{"id":492535,"buildingId":489829,"floorId":492444,"floorLevel":-1,"name":"BA03P1054","nickname":null,"type":"floor","category":"structure","label":"Corridor","passportNumber":"BA03P1054","seats":null,"hasProjector":false,"hasWhiteboard":false,"code":null}},{"type":"Feature","geometry":{"type":"Polygon","coordinates":[[[16.616443,49.211948],[16.616439,49.211948],[16.616439,49.211947],[16.61637,49.211941],[16.616364,49.211974],[16.616438,49.21198],[16.616443,49.211948]]]},"properties":{"id":492536,"buildingId":489829,"floorId":492444,"floorLevel":-1,"name":"BA03P1073","nickname":"C018","type":"preparatory","category":"service","label":"Preparatory","passportNumber":"BA03P1073","seats":null,"hasProjector":false,"hasWhiteboard":false,"code":null}},{"type":"Feature","geometry":{"type":"Polygon","coordinates":[[[16.61643,49.211997],[16.616435,49.211997],[16.616437,49.211981],[16.616359,49.211975],[16.616357,49.211991],[16.61643,49.211997]]]},"properties":{"id":492537,"buildingId":489829,"floorId":492444,"floorLevel":-1,"name":"BA03P1069","nickname":null,"type":"floor","category":"structure","label":"Corridor","passportNumber":"BA03P1069","seats":null,"hasProjector":false,"hasWhiteboard":false,"code":null}},{"type":"Feature","geometry":{"type":"Polygon","coordinates":[[[16.616469,49.212],[16.616477,49.212],[16.616486,49.211952],[16.616446,49.211948],[16.616436,49.212001],[16.616468,49.212004],[16.616469,49.212]]]},"properties":{"id":492538,"buildingId":489829,"floorId":492444,"floorLevel":-1,"name":"BA03P1066","nickname":null,"type":"floor","category":"structure","label":"Corridor","passportNumber":"BA03P1066","seats":null,"hasProjector":false,"hasWhiteboard":false,"code":null}},{"type":"Feature","geometry":{"type":"Polygon","coordinates":[[[16.616434,49.212001],[16.616425,49.212001],[16.616425,49.212001],[16.616426,49.211997],[16.616416,49.211997],[16.616414,49.212009],[16.616432,49.212011],[16.616434,49.212001]]]},"properties":{"id":492539,"buildingId":489829,"floorId":492444,"floorLevel":-1,"name":"BA03P1071","nickname":null,"type":"bathroom","category":"service","label":"Bathroom","passportNumber":"BA03P1071","seats":null,"hasProjector":false,"hasWhiteboard":false,"code":null}},{"type":"Feature","geometry":{"type":"Polygon","coordinates":[[[16.616413,49.211999],[16.6164,49.211998],[16.6164,49.211995],[16.616361,49.211992],[16.616357,49.212014],[16.61641,49.212018],[16.616413,49.211999]]]},"properties":{"id":492540,"buildingId":489829,"floorId":492444,"floorLevel":-1,"name":"BA03P1070","nickname":"C019","type":"utility_room","category":"service","label":"Utility","passportNumber":"BA03P1070","seats":null,"hasProjector":false,"hasWhiteboard":false,"code":null}},{"type":"Feature","geometry":{"type":"Polygon","coordinates":[[[16.616432,49.212012],[16.616413,49.21201],[16.616412,49.212018],[16.61643,49.21202],[16.616432,49.212012]]]},"properties":{"id":492541,"buildingId":489829,"floorId":492444,"floorLevel":-1,"name":"BA03P1072","nickname":null,"type":"toilet","category":"service","label":"Toilet","passportNumber":"BA03P1072","seats":null,"hasProjector":false,"hasWhiteboard":false,"code":null}},{"type":"Feature","geometry":{"type":"Polygon","coordinates":[[[16.616477,49.212005],[16.616436,49.212002],[16.616433,49.21202],[16.616473,49.212023],[16.616477,49.212005]]]},"properties":{"id":492542,"buildingId":489829,"floorId":492444,"floorLevel":-1,"name":"BA03P1067","nickname":null,"type":"floor","category":"structure","label":"Corridor","passportNumber":"BA03P1067","seats":null,"hasProjector":false,"hasWhiteboard":false,"code":null}},{"type":"Feature","geometry":{"type":"Polygon","coordinates":[[[16.616564,49.211957],[16.616489,49.211951],[16.616469,49.212061],[16.616544,49.212067],[16.616564,49.211957]]]},"properties":{"id":492543,"buildingId":489829,"floorId":492444,"floorLevel":-1,"name":"BA03P1068","nickname":"C021","type":"office","category":"office","label":"Office","passportNumber":"BA03P1068","seats":null,"hasProjector":false,"hasWhiteboard":false,"code":null}},{"type":"Feature","geometry":{"type":"Polygon","coordinates":[[[16.616647,49.211217],[16.61661,49.211187],[16.616579,49.211202],[16.616616,49.211233],[16.616647,49.211217]]]},"properties":{"id":493032,"buildingId":489829,"floorId":493031,"floorLevel":6,"name":"BA03N7002","nickname":null,"type":"room","category":"other","label":"Room","passportNumber":"BA03N7002","seats":null,"hasProjector":false,"hasWhiteboard":false,"code":null}},{"type":"Feature","geometry":{"type":"Polygon","coordinates":[[[16.616661,49.211277],[16.616653,49.211276],[16.616653,49.211275],[16.616664,49.211276],[16.616665,49.21127],[16.616664,49.21127],[16.616667,49.211255],[16.616665,49.211253],[16.61668,49.211245],[16.616648,49.211218],[16.616618,49.211234],[16.616617,49.211238],[16.616637,49.211239],[16.616632,49.21127],[16.616639,49.21127],[16.616636,49.211284],[16.616659,49.211286],[16.616661,49.211277]]]},"properties":{"id":493033,"buildingId":489829,"floorId":493031,"floorLevel":6,"name":"BA03N7005","nickname":null,"type":"floor","category":"structure","label":"Corridor","passportNumber":"BA03N7005","seats":null,"hasProjector":false,"hasWhiteboard":false,"code":null}},{"type":"Feature","geometry":{"type":"Polygon","coordinates":[[[16.616659,49.211287],[16.616635,49.211285],[16.616637,49.211271],[16.61663,49.211271],[16.616636,49.21124],[16.616617,49.211239],[16.616606,49.2113],[16.616656,49.211304],[16.616659,49.211287]]]},"properties":{"id":493034,"buildingId":489829,"floorId":493031,"floorLevel":6,"name":"BA03N7001","nickname":null,"type":"office","category":"office","label":"Office","passportNumber":"BA03N7001","seats":null,"hasProjector":false,"hasWhiteboard":false,"code":null}},{"type":"Feature","geometry":{"type":"Polygon","coordinates":[[[16.616705,49.21128],[16.616662,49.211277],[16.616657,49.211304],[16.6167,49.211308],[16.616705,49.21128]]]},"properties":{"id":493035,"buildingId":489829,"floorId":493031,"floorLevel":6,"name":"BA03N7003","nickname":null,"type":"room","category":"other","label":"Room","passportNumber":"BA03N7003","seats":null,"hasProjector":false,"hasWhiteboard":false,"code":null}},{"type":"Feature","geometry":{"type":"Polygon","coordinates":[[[16.616738,49.211288],[16.616738,49.211287],[16.616739,49.211287],[16.616739,49.211286],[16.616739,49.211285],[16.61674,49.211284],[16.61674,49.211283],[16.616741,49.211282],[16.616742,49.211281],[16.616742,49.211281],[16.616743,49.21128],[16.616743,49.21128],[16.616744,49.211279],[16.616744,49.211279],[16.616745,49.211278],[16.616747,49.211277],[16.616748,49.211276],[16.61675,49.211275],[16.616752,49.211274],[16.616732,49.211257],[16.61673,49.211258],[16.616703,49.211236],[16.616667,49.211255],[16.616664,49.21127],[16.616665,49.21127],[16.616664,49.211276],[16.616707,49.211279],[16.616702,49.211308],[16.616734,49.21131],[16.616738,49.211288]]]},"properties":{"id":493036,"buildingId":489829,"floorId":493031,"floorLevel":6,"name":"BA03N7901","nickname":null,"type":"stairs","category":"circulation","label":"Stairs","passportNumber":"BA03N7901","seats":null,"hasProjector":false,"hasWhiteboard":false,"code":null}},{"type":"Feature","geometry":{"type":"Polygon","coordinates":[[[16.616849,49.211079],[16.616842,49.211073],[16.616848,49.21107],[16.616855,49.211076],[16.61687,49.211068],[16.616864,49.211063],[16.616868,49.21106],[16.616875,49.211066],[16.616882,49.211062],[16.616858,49.211043],[16.616857,49.211044],[16.616851,49.211039],[16.616852,49.211039],[16.616847,49.211035],[16.616784,49.211068],[16.616789,49.211072],[16.61679,49.211071],[16.616797,49.211077],[16.616795,49.211078],[16.616816,49.211096],[16.616849,49.211079]]]},"properties":{"id":495085,"buildingId":489829,"floorId":495084,"floorLevel":5,"name":"BA03N6044","nickname":null,"type":"classroom_and_laboratory","category":"teaching","label":"Classroom / lab","passportNumber":"BA03N6044","seats":null,"hasProjector":false,"hasWhiteboard":false,"code":null}},{"type":"Feature","geometry":{"type":"Polygon","coordinates":[[[16.616815,49.211097],[16.616787,49.211073],[16.616788,49.211072],[16.616783,49.211068],[16.616752,49.211084],[16.616778,49.211106],[16.616782,49.211104],[16.616789,49.21111],[16.616815,49.211097]]]},"properties":{"id":495086,"buildingId":489829,"floorId":495084,"floorLevel":5,"name":"BA03N6043","nickname":"C523","type":"preparatory","category":"service","label":"Preparatory","passportNumber":"BA03N6043","seats":null,"hasProjector":false,"hasWhiteboard":false,"code":null}},{"type":"Feature","geometry":{"type":"Polygon","coordinates":[[[16.616782,49.211114],[16.61678,49.211112],[16.616782,49.211111],[16.616751,49.211085],[16.61672,49.211101],[16.616724,49.211105],[16.616726,49.211105],[16.616754,49.211128],[16.616782,49.211114]]]},"properties":{"id":495087,"buildingId":489829,"floorId":495084,"floorLevel":5,"name":"BA03N6042","nickname":"C524","type":"preparatory","category":"service","label":"Preparatory","passportNumber":"BA03N6042","seats":null,"hasProjector":false,"hasWhiteboard":false,"code":null}},{"type":"Feature","geometry":{"type":"Polygon","coordinates":[[[16.616745,49.211133],[16.616743,49.211131],[16.616751,49.211127],[16.61673,49.211109],[16.616727,49.21111],[16.616722,49.211106],[16.616723,49.211106],[16.616718,49.211102],[16.616688,49.211118],[16.616721,49.211145],[16.616745,49.211133]]]},"properties":{"id":495088,"buildingId":489829,"floorId":495084,"floorLevel":5,"name":"BA03N6041","nickname":"C525","type":"office","category":"office","label":"Office","passportNumber":"BA03N6041","seats":null,"hasProjector":false,"hasWhiteboard":false,"code":null}},{"type":"Feature","geometry":{"type":"Polygon","coordinates":[[[16.616715,49.211148],[16.616712,49.211146],[16.616717,49.211144],[16.616686,49.211118],[16.616655,49.211134],[16.61666,49.211138],[16.616661,49.211138],[16.61669,49.211162],[16.616715,49.211148]]]},"properties":{"id":495090,"buildingId":489829,"floorId":495084,"floorLevel":5,"name":"BA03N6040","nickname":"C526","type":"office","category":"office","label":"Office","passportNumber":"BA03N6040","seats":null,"hasProjector":false,"hasWhiteboard":false,"code":null}},{"type":"Feature","geometry":{"type":"Polygon","coordinates":[[[16.616964,49.211132],[16.616959,49.211128],[16.616959,49.211128],[16.616952,49.211123],[16.616955,49.211121],[16.616911,49.211085],[16.616899,49.211092],[16.616892,49.211086],[16.616876,49.211094],[16.616883,49.2111],[16.616878,49.211103],[16.616871,49.211097],[16.616855,49.211105],[16.616862,49.211111],[16.616814,49.211136],[16.616869,49.211181],[16.616964,49.211132]]]},"properties":{"id":495091,"buildingId":489829,"floorId":495084,"floorLevel":5,"name":"BA03N6045","nickname":"C52","type":"classroom_and_laboratory","category":"teaching","label":"Classroom / lab","passportNumber":"BA03N6045","seats":null,"hasProjector":false,"hasWhiteboard":false,"code":null}},{"type":"Feature","geometry":{"type":"Polygon","coordinates":[[[16.616688,49.211162],[16.616665,49.211143],[16.616663,49.211144],[16.616658,49.21114],[16.616658,49.211139],[16.616653,49.211135],[16.616607,49.211159],[16.61664,49.211187],[16.616688,49.211162]]]},"properties":{"id":495094,"buildingId":489829,"floorId":495084,"floorLevel":5,"name":"BA03N6039","nickname":"C527","type":"office","category":"office","label":"Office","passportNumber":"BA03N6039","seats":null,"hasProjector":false,"hasWhiteboard":false,"code":null}},{"type":"Feature","geometry":{"type":"Polygon","coordinates":[[[16.616634,49.21119],[16.616622,49.21118],[16.616626,49.211178],[16.616605,49.21116],[16.616574,49.211176],[16.616595,49.211194],[16.6166,49.211191],[16.616613,49.211201],[16.616634,49.21119]]]},"properties":{"id":495095,"buildingId":489829,"floorId":495084,"floorLevel":5,"name":"BA03N6037","nickname":"C528","type":"office","category":"office","label":"Office","passportNumber":"BA03N6037","seats":null,"hasProjector":false,"hasWhiteboard":false,"code":null}},{"type":"Feature","geometry":{"type":"Polygon","coordinates":[[[16.616594,49.211194],[16.616573,49.211177],[16.616558,49.211185],[16.616568,49.211193],[16.61657,49.211191],[16.61658,49.211199],[16.616582,49.211198],[16.616584,49.2112],[16.616594,49.211194]]]},"properties":{"id":495096,"buildingId":489829,"floorId":495084,"floorLevel":5,"name":"BA03N6038","nickname":null,"type":"storage","category":"service","label":"Storage","passportNumber":"BA03N6038","seats":null,"hasProjector":false,"hasWhiteboard":false,"code":null}},{"type":"Feature","geometry":{"type":"Polygon","coordinates":[[[16.616735,49.211201],[16.616717,49.211186],[16.616715,49.211187],[16.61671,49.211183],[16.616699,49.211189],[16.616697,49.211187],[16.616687,49.211192],[16.616712,49.211213],[16.616735,49.211201]]]},"properties":{"id":495097,"buildingId":489829,"floorId":495084,"floorLevel":5,"name":"BA03N6047","nickname":"C520","type":"bathroom","category":"service","label":"Bathroom","passportNumber":"BA03N6047","seats":null,"hasProjector":false,"hasWhiteboard":false,"code":null}},{"type":"Feature","geometry":{"type":"Polygon","coordinates":[[[16.616609,49.211202],[16.6166,49.211194],[16.616582,49.211203],[16.616591,49.211211],[16.616609,49.211202]]]},"properties":{"id":495099,"buildingId":489829,"floorId":495084,"floorLevel":5,"name":"BA03N6036","nickname":null,"type":"elevator","category":"circulation","label":"Elevator","passportNumber":"BA03N6036","seats":null,"hasProjector":false,"hasWhiteboard":false,"code":null}},{"type":"Feature","geometry":{"type":"Polygon","coordinates":[[[16.616711,49.211214],[16.616686,49.211193],[16.616666,49.211203],[16.616692,49.211224],[16.616711,49.211214]]]},"properties":{"id":495100,"buildingId":489829,"floorId":495084,"floorLevel":5,"name":"BA03N6050","nickname":"C519","type":"bathroom","category":"service","label":"Bathroom","passportNumber":"BA03N6050","seats":null,"hasProjector":false,"hasWhiteboard":false,"code":null}},{"type":"Feature","geometry":{"type":"Polygon","coordinates":[[[16.616867,49.211182],[16.616812,49.211137],[16.61677,49.211158],[16.616764,49.211152],[16.616742,49.211164],[16.616749,49.211169],[16.616743,49.211172],[16.616737,49.211166],[16.616717,49.211177],[16.616724,49.211182],[16.616718,49.211185],[16.616768,49.211227],[16.616767,49.211227],[16.616772,49.211231],[16.616867,49.211182]]]},"properties":{"id":495101,"buildingId":489829,"floorId":495084,"floorLevel":5,"name":"BA03N6046","nickname":"C51","type":"classroom_and_laboratory","category":"teaching","label":"Classroom / lab","passportNumber":"BA03N6046","seats":null,"hasProjector":false,"hasWhiteboard":false,"code":null}},{"type":"Feature","geometry":{"type":"Polygon","coordinates":[[[16.616723,49.211224],[16.616712,49.211215],[16.616704,49.211219],[16.616716,49.211228],[16.616723,49.211224]]]},"properties":{"id":495102,"buildingId":489829,"floorId":495084,"floorLevel":5,"name":"BA03N6049","nickname":null,"type":"shaft","category":"service","label":"Shaft","passportNumber":"BA03N6049","seats":null,"hasProjector":false,"hasWhiteboard":false,"code":null}},{"type":"Feature","geometry":{"type":"Polygon","coordinates":[[[16.61677,49.211232],[16.616765,49.211228],[16.616765,49.211229],[16.616734,49.211203],[16.616713,49.211214],[16.616725,49.211224],[16.616717,49.211229],[16.61674,49.211248],[16.61677,49.211232]]]},"properties":{"id":495105,"buildingId":489829,"floorId":495084,"floorLevel":5,"name":"BA03N6048","nickname":null,"type":"toilet","category":"service","label":"Toilet","passportNumber":"BA03N6048","seats":null,"hasProjector":false,"hasWhiteboard":false,"code":null}},{"type":"Feature","geometry":{"type":"Polygon","coordinates":[[[16.616576,49.21122],[16.61659,49.211213],[16.616556,49.211185],[16.616524,49.211202],[16.616513,49.211267],[16.616567,49.211271],[16.616576,49.21122]]]},"properties":{"id":495109,"buildingId":489829,"floorId":495084,"floorLevel":5,"name":"BA03N6035","nickname":"C53","type":"classroom_and_laboratory","category":"teaching","label":"Classroom / lab","passportNumber":"BA03N6035","seats":null,"hasProjector":false,"hasWhiteboard":false,"code":null}},{"type":"Feature","geometry":{"type":"Polygon","coordinates":[[[16.616694,49.211291],[16.616663,49.211289],[16.61666,49.211305],[16.616691,49.211307],[16.616694,49.211291]]]},"properties":{"id":495110,"buildingId":489829,"floorId":495084,"floorLevel":5,"name":"BA03N6052","nickname":null,"type":"elevator","category":"circulation","label":"Elevator","passportNumber":"BA03N6052","seats":null,"hasProjector":false,"hasWhiteboard":false,"code":null}},{"type":"Feature","geometry":{"type":"Polygon","coordinates":[[[16.616737,49.211292],[16.616738,49.211288],[16.616739,49.211286],[16.61674,49.211284],[16.616741,49.211282],[16.616742,49.211281],[16.616743,49.21128],[16.616745,49.211278],[16.616746,49.211277],[16.616747,49.211277],[16.616748,49.211276],[16.61675,49.211275],[16.616752,49.211274],[16.616732,49.211257],[16.61673,49.211258],[16.616699,49.211233],[16.61668,49.211243],[16.616682,49.211244],[16.616684,49.211246],[16.616708,49.211266],[16.616707,49.211273],[16.616665,49.21127],[16.616662,49.211286],[16.616705,49.211289],[16.616702,49.211308],[16.616702,49.211308],[16.616702,49.211308],[16.616734,49.21131],[16.616737,49.211292]]]},"properties":{"id":495111,"buildingId":489829,"floorId":495084,"floorLevel":5,"name":"BA03N6053","nickname":null,"type":"stairs","category":"circulation","label":"Stairs","passportNumber":"BA03N6053","seats":null,"hasProjector":false,"hasWhiteboard":false,"code":null}},{"type":"Feature","geometry":{"type":"Polygon","coordinates":[[[16.616659,49.211286],[16.616662,49.211286],[16.616665,49.21127],[16.616664,49.21127],[16.616667,49.211255],[16.616665,49.211253],[16.616682,49.211244],[16.61668,49.211243],[16.616699,49.211233],[16.616665,49.211204],[16.616647,49.211213],[16.616653,49.211218],[16.616649,49.21122],[16.616643,49.211215],[16.616609,49.211233],[16.616607,49.211246],[16.616616,49.211247],[16.616616,49.21125],[16.616606,49.211249],[16.616597,49.2113],[16.616608,49.211301],[16.616608,49.211302],[16.616656,49.211306],[16.616659,49.211286]]]},"properties":{"id":495112,"buildingId":489829,"floorId":495084,"floorLevel":5,"name":"BA03N6054","nickname":null,"type":"floor","category":"structure","label":"Corridor","passportNumber":"BA03N6054","seats":null,"hasProjector":false,"hasWhiteboard":false,"code":null}},{"type":"Feature","geometry":{"type":"Polygon","coordinates":[[[16.616566,49.211272],[16.616516,49.211268],[16.616516,49.211269],[16.616512,49.211269],[16.616508,49.211294],[16.616516,49.211294],[16.616516,49.211294],[16.616524,49.211294],[16.616523,49.211297],[16.616561,49.2113],[16.616566,49.211272]]]},"properties":{"id":495113,"buildingId":489829,"floorId":495084,"floorLevel":5,"name":"BA03N6034","nickname":"C501","type":"office","category":"office","label":"Office","passportNumber":"BA03N6034","seats":null,"hasProjector":false,"hasWhiteboard":false,"code":null}},{"type":"Feature","geometry":{"type":"Polygon","coordinates":[[[16.616595,49.2113],[16.616596,49.2113],[16.616605,49.211249],[16.616604,49.211249],[16.616605,49.211246],[16.616606,49.211246],[16.616608,49.211232],[16.616642,49.211215],[16.616642,49.211214],[16.616646,49.211212],[16.616646,49.211212],[16.616664,49.211203],[16.616663,49.211203],[16.616775,49.211145],[16.616782,49.211151],[16.61681,49.211137],[16.616803,49.211131],[16.616809,49.211128],[16.616815,49.211134],[16.616843,49.21112],[16.616836,49.211114],[16.616905,49.211078],[16.616885,49.211062],[16.616607,49.211206],[16.616605,49.211204],[16.616594,49.21121],[16.616596,49.211211],[16.616587,49.211216],[16.616586,49.211216],[16.616577,49.211221],[16.616562,49.211302],[16.616594,49.211305],[16.616595,49.2113]]]},"properties":{"id":495114,"buildingId":489829,"floorId":495084,"floorLevel":5,"name":"BA03N6001","nickname":"C530","type":"floor","category":"structure","label":"Corridor","passportNumber":"BA03N6001","seats":null,"hasProjector":false,"hasWhiteboard":false,"code":null}},{"type":"Feature","geometry":{"type":"Polygon","coordinates":[[[16.616667,49.21131],[16.61663,49.211307],[16.616628,49.211321],[16.616664,49.211324],[16.616667,49.21131]]]},"properties":{"id":495115,"buildingId":489829,"floorId":495084,"floorLevel":5,"name":"BA03N6004","nickname":null,"type":"lobby","category":"circulation","label":"Lobby","passportNumber":"BA03N6004","seats":null,"hasProjector":false,"hasWhiteboard":false,"code":null}},{"type":"Feature","geometry":{"type":"Polygon","coordinates":[[[16.616625,49.211328],[16.616629,49.211307],[16.616605,49.211305],[16.616605,49.211307],[16.616596,49.211306],[16.616594,49.211316],[16.6166,49.211316],[16.616598,49.211326],[16.616625,49.211328]]]},"properties":{"id":495116,"buildingId":489829,"floorId":495084,"floorLevel":5,"name":"BA03N6003","nickname":"C518","type":"bathroom","category":"service","label":"Bathroom","passportNumber":"BA03N6003","seats":null,"hasProjector":false,"hasWhiteboard":false,"code":null}},{"type":"Feature","geometry":{"type":"Polygon","coordinates":[[[16.616649,49.211324],[16.616627,49.211322],[16.616626,49.21133],[16.616647,49.211332],[16.616649,49.211324]]]},"properties":{"id":495117,"buildingId":489829,"floorId":495084,"floorLevel":5,"name":"BA03N6006","nickname":null,"type":"toilet","category":"service","label":"Toilet","passportNumber":"BA03N6006","seats":null,"hasProjector":false,"hasWhiteboard":false,"code":null}},{"type":"Feature","geometry":{"type":"Polygon","coordinates":[[[16.616695,49.211312],[16.616687,49.211311],[16.616687,49.211312],[16.616679,49.211312],[16.616679,49.211311],[16.616668,49.21131],[16.616666,49.211325],[16.616652,49.211324],[16.61665,49.211335],[16.61669,49.211338],[16.616695,49.211312]]]},"properties":{"id":495118,"buildingId":489829,"floorId":495084,"floorLevel":5,"name":"BA03N6005","nickname":null,"type":"bathroom","category":"service","label":"Bathroom","passportNumber":"BA03N6005","seats":null,"hasProjector":false,"hasWhiteboard":false,"code":null}},{"type":"Feature","geometry":{"type":"Polygon","coordinates":[[[16.61656,49.211307],[16.616557,49.211306],[16.616558,49.211301],[16.616523,49.211298],[16.616523,49.2113],[16.616515,49.211299],[16.616515,49.211299],[16.616507,49.211298],[16.616502,49.211324],[16.616556,49.211328],[16.61656,49.211307]]]},"properties":{"id":495119,"buildingId":489829,"floorId":495084,"floorLevel":5,"name":"BA03N6033","nickname":"C502","type":"office","category":"office","label":"Office","passportNumber":"BA03N6033","seats":null,"hasProjector":false,"hasWhiteboard":false,"code":null}},{"type":"Feature","geometry":{"type":"Polygon","coordinates":[[[16.616647,49.211333],[16.616626,49.211331],[16.616625,49.211336],[16.616646,49.211338],[16.616647,49.211333]]]},"properties":{"id":495120,"buildingId":489829,"floorId":495084,"floorLevel":5,"name":"BA03N6008","nickname":null,"type":"shaft","category":"service","label":"Shaft","passportNumber":"BA03N6008","seats":null,"hasProjector":false,"hasWhiteboard":false,"code":null}},{"type":"Feature","geometry":{"type":"Polygon","coordinates":[[[16.61662,49.211329],[16.616592,49.211327],[16.61659,49.211335],[16.616619,49.211337],[16.61662,49.211329]]]},"properties":{"id":495121,"buildingId":489829,"floorId":495084,"floorLevel":5,"name":"BA03N6007","nickname":"C517","type":"utility_room","category":"service","label":"Utility","passportNumber":"BA03N6007","seats":null,"hasProjector":false,"hasWhiteboard":false,"code":null}},{"type":"Feature","geometry":{"type":"Polygon","coordinates":[[[16.616646,49.211338],[16.616625,49.211337],[16.616623,49.211345],[16.616644,49.211346],[16.616646,49.211338]]]},"properties":{"id":495122,"buildingId":489829,"floorId":495084,"floorLevel":5,"name":"BA03N6012","nickname":null,"type":"toilet","category":"service","label":"Toilet","passportNumber":"BA03N6012","seats":null,"hasProjector":false,"hasWhiteboard":false,"code":null}},{"type":"Feature","geometry":{"type":"Polygon","coordinates":[[[16.616623,49.211338],[16.616596,49.211336],[16.616594,49.211346],[16.616588,49.211346],[16.616587,49.211356],[16.616597,49.211357],[16.616597,49.211358],[16.616619,49.21136],[16.616623,49.211338]]]},"properties":{"id":495123,"buildingId":489829,"floorId":495084,"floorLevel":5,"name":"BA03N6009","nickname":"C516","type":"bathroom","category":"service","label":"Bathroom","passportNumber":"BA03N6009","seats":null,"hasProjector":false,"hasWhiteboard":false,"code":null}},{"type":"Feature","geometry":{"type":"Polygon","coordinates":[[[16.61666,49.211349],[16.616623,49.211346],[16.616621,49.21136],[16.616657,49.211363],[16.61666,49.211349]]]},"properties":{"id":495124,"buildingId":489829,"floorId":495084,"floorLevel":5,"name":"BA03N6010","nickname":null,"type":"lobby","category":"circulation","label":"Lobby","passportNumber":"BA03N6010","seats":null,"hasProjector":false,"hasWhiteboard":false,"code":null}},{"type":"Feature","geometry":{"type":"Polygon","coordinates":[[[16.616666,49.211362],[16.616678,49.211363],[16.616678,49.211364],[16.616685,49.211364],[16.61669,49.211339],[16.61665,49.211336],[16.616648,49.211347],[16.616662,49.211348],[16.616659,49.211363],[16.616666,49.211364],[16.616666,49.211362]]]},"properties":{"id":495125,"buildingId":489829,"floorId":495084,"floorLevel":5,"name":"BA03N6011","nickname":null,"type":"bathroom","category":"service","label":"Bathroom","passportNumber":"BA03N6011","seats":null,"hasProjector":false,"hasWhiteboard":false,"code":null}},{"type":"Feature","geometry":{"type":"Polygon","coordinates":[[[16.61655,49.21136],[16.616547,49.21136],[16.616548,49.211355],[16.616551,49.211355],[16.616556,49.211329],[16.616502,49.211325],[16.616493,49.211377],[16.616547,49.211381],[16.61655,49.21136]]]},"properties":{"id":495127,"buildingId":489829,"floorId":495084,"floorLevel":5,"name":"BA03N6032","nickname":"C503","type":"office","category":"office","label":"Office","passportNumber":"BA03N6032","seats":null,"hasProjector":false,"hasWhiteboard":false,"code":null}},{"type":"Feature","geometry":{"type":"Polygon","coordinates":[[[16.616685,49.211366],[16.616677,49.211366],[16.616677,49.211366],[16.616597,49.21136],[16.616592,49.211385],[16.616681,49.211392],[16.616685,49.211366]]]},"properties":{"id":495128,"buildingId":489829,"floorId":495084,"floorLevel":5,"name":"BA03N6013","nickname":"C515","type":"office","category":"office","label":"Office","passportNumber":"BA03N6013","seats":null,"hasProjector":false,"hasWhiteboard":false,"code":null}},{"type":"Feature","geometry":{"type":"Polygon","coordinates":[[[16.616546,49.211382],[16.616493,49.211378],[16.616488,49.211403],[16.616496,49.211404],[16.616496,49.211404],[16.616504,49.211404],[16.616504,49.211405],[16.616542,49.211408],[16.616546,49.211382]]]},"properties":{"id":495129,"buildingId":489829,"floorId":495084,"floorLevel":5,"name":"BA03N6031","nickname":"C504","type":"kitchen","category":"service","label":"Kitchen","passportNumber":"BA03N6031","seats":null,"hasProjector":false,"hasWhiteboard":false,"code":null}},{"type":"Feature","geometry":{"type":"Polygon","coordinates":[[[16.616657,49.211416],[16.616668,49.211417],[16.616668,49.211417],[16.616676,49.211418],[16.61668,49.211392],[16.616581,49.211385],[16.61658,49.211393],[16.616591,49.211394],[16.616588,49.211412],[16.616657,49.211417],[16.616657,49.211416]]]},"properties":{"id":495130,"buildingId":489829,"floorId":495084,"floorLevel":5,"name":"BA03N6014","nickname":"C514","type":"classroom_and_laboratory","category":"teaching","label":"Classroom / lab","passportNumber":"BA03N6014","seats":null,"hasProjector":false,"hasWhiteboard":false,"code":null}},{"type":"Feature","geometry":{"type":"Polygon","coordinates":[[[16.616535,49.211429],[16.616538,49.211429],[16.616542,49.211409],[16.616504,49.211406],[16.616504,49.211407],[16.616495,49.211406],[16.616496,49.211406],[16.616488,49.211405],[16.616483,49.21143],[16.616487,49.211431],[16.616486,49.211431],[16.616534,49.211435],[16.616535,49.211429]]]},"properties":{"id":495131,"buildingId":489829,"floorId":495084,"floorLevel":5,"name":"BA03N6030","nickname":"C505","type":"office","category":"office","label":"Office","passportNumber":"BA03N6030","seats":null,"hasProjector":false,"hasWhiteboard":false,"code":null}},{"type":"Feature","geometry":{"type":"Polygon","coordinates":[[[16.616537,49.211436],[16.616483,49.211432],[16.616478,49.211457],[16.616486,49.211458],[16.616486,49.211457],[16.616495,49.211458],[16.616494,49.211458],[16.616494,49.211459],[16.616532,49.211462],[16.616537,49.211436]]]},"properties":{"id":495132,"buildingId":489829,"floorId":495084,"floorLevel":5,"name":"BA03N6029","nickname":"C506","type":"office","category":"office","label":"Office","passportNumber":"BA03N6029","seats":null,"hasProjector":false,"hasWhiteboard":false,"code":null}},{"type":"Feature","geometry":{"type":"Polygon","coordinates":[[[16.616675,49.21142],[16.616668,49.211419],[16.616668,49.21142],[16.616656,49.211419],[16.616656,49.211418],[16.616618,49.211415],[16.616618,49.211419],[16.616587,49.211416],[16.616586,49.21142],[16.616575,49.211419],[16.616573,49.211432],[16.616584,49.211433],[16.616583,49.211437],[16.616576,49.211437],[16.616574,49.21145],[16.616581,49.21145],[16.616578,49.211465],[16.616604,49.211467],[16.616604,49.211463],[16.616609,49.211464],[16.616609,49.211467],[16.616647,49.21147],[16.616647,49.21147],[16.616658,49.21147],[16.616658,49.211471],[16.616666,49.211472],[16.616675,49.21142]]]},"properties":{"id":495133,"buildingId":489829,"floorId":495084,"floorLevel":5,"name":"BA03N6015","nickname":"C513","type":"library","category":"teaching","label":"Library","passportNumber":"BA03N6015","seats":null,"hasProjector":false,"hasWhiteboard":false,"code":null}},{"type":"Feature","geometry":{"type":"Polygon","coordinates":[[[16.616525,49.211483],[16.616528,49.211483],[16.616532,49.211462],[16.616494,49.211459],[16.616494,49.21146],[16.616486,49.21146],[16.616486,49.211459],[16.616478,49.211459],[16.616474,49.211484],[16.616477,49.211484],[16.616477,49.211485],[16.616524,49.211488],[16.616525,49.211483]]]},"properties":{"id":495134,"buildingId":489829,"floorId":495084,"floorLevel":5,"name":"BA03N6028","nickname":"C507","type":"office","category":"office","label":"Office","passportNumber":"BA03N6028","seats":null,"hasProjector":false,"hasWhiteboard":false,"code":null}},{"type":"Feature","geometry":{"type":"Polygon","coordinates":[[[16.616527,49.21149],[16.616473,49.211485],[16.616469,49.211511],[16.616477,49.211511],[16.616477,49.211511],[16.616485,49.211511],[16.616485,49.211512],[16.616522,49.211515],[16.616527,49.21149]]]},"properties":{"id":495135,"buildingId":489829,"floorId":495084,"floorLevel":5,"name":"BA03N6027","nickname":"C508","type":"office","category":"office","label":"Office","passportNumber":"BA03N6027","seats":null,"hasProjector":false,"hasWhiteboard":false,"code":null}},{"type":"Feature","geometry":{"type":"Polygon","coordinates":[[[16.616666,49.211473],[16.616658,49.211473],[16.616658,49.211473],[16.616647,49.211472],[16.616647,49.211471],[16.616578,49.211466],[16.616576,49.211474],[16.616566,49.211473],[16.616563,49.211486],[16.616574,49.211486],[16.616573,49.211491],[16.616562,49.21149],[16.61656,49.211503],[16.616571,49.211504],[16.616568,49.211519],[16.61659,49.21152],[16.61659,49.211517],[16.616599,49.211517],[16.616598,49.211521],[16.616637,49.211524],[16.616637,49.211523],[16.616649,49.211524],[16.616649,49.211525],[16.616656,49.211525],[16.616666,49.211473]]]},"properties":{"id":495136,"buildingId":489829,"floorId":495084,"floorLevel":5,"name":"BA03N6016","nickname":null,"type":"classroom_and_laboratory","category":"teaching","label":"Classroom / lab","passportNumber":"BA03N6016","seats":null,"hasProjector":false,"hasWhiteboard":false,"code":null}},{"type":"Feature","geometry":{"type":"Polygon","coordinates":[[[16.61659,49.211523],[16.616568,49.211521],[16.616566,49.211529],[16.616556,49.211528],[16.616554,49.211539],[16.616587,49.211541],[16.61659,49.211523]]]},"properties":{"id":495137,"buildingId":489829,"floorId":495084,"floorLevel":5,"name":"BA03N6017","nickname":null,"type":"storage","category":"service","label":"Storage","passportNumber":"BA03N6017","seats":null,"hasProjector":false,"hasWhiteboard":false,"code":null}},{"type":"Feature","geometry":{"type":"Polygon","coordinates":[[[16.616514,49.211536],[16.616518,49.211537],[16.616522,49.211516],[16.616484,49.211513],[16.616484,49.211514],[16.616476,49.211513],[16.616476,49.211513],[16.616468,49.211512],[16.616464,49.211538],[16.616467,49.211538],[16.616467,49.211538],[16.616513,49.211541],[16.616514,49.211536]]]},"properties":{"id":495138,"buildingId":489829,"floorId":495084,"floorLevel":5,"name":"BA03N6026","nickname":"C509","type":"office","category":"office","label":"Office","passportNumber":"BA03N6026","seats":null,"hasProjector":false,"hasWhiteboard":false,"code":null}},{"type":"Feature","geometry":{"type":"Polygon","coordinates":[[[16.616656,49.211527],[16.616648,49.211526],[16.616648,49.211527],[16.616637,49.211526],[16.616637,49.211525],[16.616592,49.211521],[16.616587,49.211547],[16.616652,49.211552],[16.616656,49.211527]]]},"properties":{"id":495139,"buildingId":489829,"floorId":495084,"floorLevel":5,"name":"BA03N6019","nickname":"C998","type":"office","category":"office","label":"Office","passportNumber":"BA03N6019","seats":null,"hasProjector":false,"hasWhiteboard":false,"code":null}},{"type":"Feature","geometry":{"type":"Polygon","coordinates":[[[16.616467,49.211564],[16.616487,49.211566],[16.616492,49.211541],[16.616464,49.211539],[16.616464,49.211539],[16.616459,49.211564],[16.616467,49.211565],[16.616467,49.211564]]]},"properties":{"id":495140,"buildingId":489829,"floorId":495084,"floorLevel":5,"name":"BA03N6025","nickname":"C999","type":"office","category":"office","label":"Office","passportNumber":"BA03N6025","seats":null,"hasProjector":false,"hasWhiteboard":false,"code":null}},{"type":"Feature","geometry":{"type":"Polygon","coordinates":[[[16.616514,49.211548],[16.616492,49.211546],[16.616488,49.211567],[16.61651,49.211568],[16.616514,49.211548]]]},"properties":{"id":495141,"buildingId":489829,"floorId":495084,"floorLevel":5,"name":"BA03N6023","nickname":null,"type":"lobby","category":"circulation","label":"Lobby","passportNumber":"BA03N6023","seats":null,"hasProjector":false,"hasWhiteboard":false,"code":null}},{"type":"Feature","geometry":{"type":"Polygon","coordinates":[[[16.616547,49.21157],[16.616557,49.211571],[16.61656,49.211556],[16.616549,49.211555],[16.616556,49.211517],[16.616567,49.211518],[16.616569,49.211508],[16.616558,49.211507],[16.616566,49.211463],[16.616577,49.211464],[16.616579,49.211454],[16.616568,49.211453],[16.616582,49.211376],[16.616593,49.211377],[16.616594,49.211366],[16.616584,49.211365],[16.616594,49.211306],[16.616562,49.211303],[16.616514,49.211569],[16.616546,49.211571],[16.616547,49.21157]]]},"properties":{"id":495142,"buildingId":489829,"floorId":495084,"floorLevel":5,"name":"BA03N6002","nickname":null,"type":"floor","category":"structure","label":"Corridor","passportNumber":"BA03N6002","seats":null,"hasProjector":false,"hasWhiteboard":false,"code":null}},{"type":"Feature","geometry":{"type":"Polygon","coordinates":[[[16.616592,49.211571],[16.616601,49.211572],[16.616606,49.21155],[16.616563,49.211546],[16.616559,49.211572],[16.616591,49.211575],[16.616592,49.211571]]]},"properties":{"id":495143,"buildingId":489829,"floorId":495084,"floorLevel":5,"name":"BA03N6018","nickname":null,"type":"floor","category":"structure","label":"Corridor","passportNumber":"BA03N6018","seats":null,"hasProjector":false,"hasWhiteboard":false,"code":null}},{"type":"Feature","geometry":{"type":"Polygon","coordinates":[[[16.616651,49.211553],[16.616607,49.21155],[16.616602,49.211576],[16.616626,49.211577],[16.616626,49.211576],[16.616639,49.211577],[16.616639,49.211578],[16.616647,49.211579],[16.616651,49.211553]]]},"properties":{"id":495144,"buildingId":489829,"floorId":495084,"floorLevel":5,"name":"BA03N6020","nickname":"C997","type":"office","category":"office","label":"Office","passportNumber":"BA03N6020","seats":null,"hasProjector":false,"hasWhiteboard":false,"code":null}},{"type":"Feature","geometry":{"type":"Polygon","coordinates":[[[16.616501,49.211618],[16.616502,49.211619],[16.616505,49.211605],[16.616502,49.211605],[16.616503,49.2116],[16.6165,49.211599],[16.6165,49.211596],[16.616504,49.211597],[16.616509,49.21157],[16.616475,49.211567],[16.616475,49.211568],[16.616467,49.211567],[16.616467,49.211566],[16.616459,49.211566],[16.616449,49.211618],[16.616457,49.211619],[16.616457,49.211618],[16.616466,49.211618],[16.616465,49.211621],[16.6165,49.211624],[16.616501,49.211618]]]},"properties":{"id":495145,"buildingId":489829,"floorId":495084,"floorLevel":5,"name":"BA03N6024","nickname":"C510","type":"office","category":"office","label":"Office","passportNumber":"BA03N6024","seats":null,"hasProjector":false,"hasWhiteboard":false,"code":null}},{"type":"Feature","geometry":{"type":"Polygon","coordinates":[[[16.616621,49.21163],[16.616629,49.211631],[16.616629,49.211632],[16.616637,49.211633],[16.616647,49.21158],[16.616639,49.211579],[16.616639,49.21158],[16.616639,49.21158],[16.616626,49.211579],[16.616626,49.211578],[16.616559,49.211573],[16.616557,49.211584],[16.616546,49.211583],[16.616543,49.211596],[16.616554,49.211597],[16.616553,49.211602],[16.616542,49.211601],[16.61654,49.211614],[16.616552,49.211614],[16.616549,49.211627],[16.616573,49.211629],[16.616574,49.211623],[16.616586,49.211624],[16.616585,49.21163],[16.616621,49.211633],[16.616621,49.21163]]]},"properties":{"id":495146,"buildingId":489829,"floorId":495084,"floorLevel":5,"name":"BA03N6021","nickname":"C511","type":"classroom_and_laboratory","category":"teaching","label":"Classroom / lab","passportNumber":"BA03N6021","seats":null,"hasProjector":false,"hasWhiteboard":false,"code":null}},{"type":"Feature","geometry":{"type":"Polygon","coordinates":[[[16.616546,49.211572],[16.616514,49.21157],[16.616504,49.211627],[16.616536,49.211629],[16.616546,49.211572]]]},"properties":{"id":495147,"buildingId":489829,"floorId":495084,"floorLevel":5,"name":"BA03N6902","nickname":null,"type":"stairs","category":"circulation","label":"Stairs","passportNumber":"BA03N6902","seats":null,"hasProjector":false,"hasWhiteboard":false,"code":null}},{"type":"Feature","geometry":{"type":"Polygon","coordinates":[[[16.616864,49.211048],[16.616858,49.211043],[16.616857,49.211044],[16.616851,49.211039],[16.616852,49.211039],[16.616847,49.211035],[16.616832,49.211043],[16.616848,49.211057],[16.616864,49.211048]]]},"properties":{"id":497412,"buildingId":489829,"floorId":497411,"floorLevel":4,"name":"BA03N5041a","nickname":null,"type":"classroom_and_laboratory","category":"teaching","label":"Classroom / lab","passportNumber":"BA03N5041a","seats":null,"hasProjector":false,"hasWhiteboard":false,"code":null}},{"type":"Feature","geometry":{"type":"Polygon","coordinates":[[[16.61687,49.211068],[16.616864,49.211063],[16.616868,49.21106],[16.616875,49.211066],[16.616882,49.211062],[16.616865,49.211049],[16.616849,49.211057],[16.616865,49.211071],[16.61687,49.211068]]]},"properties":{"id":497413,"buildingId":489829,"floorId":497411,"floorLevel":4,"name":"BA03N5041A","nickname":null,"type":"classroom_and_laboratory","category":"teaching","label":"Classroom / lab","passportNumber":"BA03N5041","seats":null,"hasProjector":false,"hasWhiteboard":false,"code":null}},{"type":"Feature","geometry":{"type":"Polygon","coordinates":[[[16.616805,49.211085],[16.616796,49.211078],[16.616794,49.211079],[16.616787,49.211073],[16.616788,49.211072],[16.616783,49.211068],[16.616751,49.211085],[16.616772,49.211102],[16.616805,49.211085]]]},"properties":{"id":497414,"buildingId":489829,"floorId":497411,"floorLevel":4,"name":"BA03N5042","nickname":null,"type":"preparatory","category":"service","label":"Preparatory","passportNumber":"BA03N5042","seats":null,"hasProjector":false,"hasWhiteboard":false,"code":null}},{"type":"Feature","geometry":{"type":"Polygon","coordinates":[[[16.616849,49.211079],[16.616842,49.211073],[16.616848,49.21107],[16.616855,49.211076],[16.616865,49.211071],[16.616831,49.211043],[16.616784,49.211068],[16.616789,49.211072],[16.61679,49.211071],[16.616806,49.211084],[16.616772,49.211102],[16.616778,49.211107],[16.616782,49.211104],[16.616789,49.21111],[16.616849,49.211079]]]},"properties":{"id":497415,"buildingId":489829,"floorId":497411,"floorLevel":4,"name":"BA03N5041","nickname":"C421","type":"classroom_and_laboratory","category":"teaching","label":"Classroom / lab","passportNumber":"BA03N5041","seats":null,"hasProjector":false,"hasWhiteboard":false,"code":null}},{"type":"Feature","geometry":{"type":"Polygon","coordinates":[[[16.616777,49.211116],[16.616775,49.211115],[16.616782,49.211111],[16.61675,49.211085],[16.61672,49.211101],[16.616724,49.211105],[16.616726,49.211105],[16.616731,49.211109],[16.616728,49.21111],[16.616752,49.211129],[16.616777,49.211116]]]},"properties":{"id":497416,"buildingId":489829,"floorId":497411,"floorLevel":4,"name":"BA03N5040","nickname":"C422","type":"office","category":"office","label":"Office","passportNumber":"BA03N5040","seats":null,"hasProjector":false,"hasWhiteboard":false,"code":null}},{"type":"Feature","geometry":{"type":"Polygon","coordinates":[[[16.616745,49.211133],[16.616743,49.211131],[16.616748,49.211128],[16.616722,49.211106],[16.616723,49.211106],[16.616718,49.211102],[16.616688,49.211118],[16.616721,49.211145],[16.616745,49.211133]]]},"properties":{"id":497417,"buildingId":489829,"floorId":497411,"floorLevel":4,"name":"BA03N5039","nickname":"C423","type":"office","category":"office","label":"Office","passportNumber":"BA03N5039","seats":null,"hasProjector":false,"hasWhiteboard":false,"code":null}},{"type":"Feature","geometry":{"type":"Polygon","coordinates":[[[16.616715,49.211149],[16.616712,49.211147],[16.616717,49.211144],[16.616686,49.211118],[16.616655,49.211134],[16.61666,49.211138],[16.616661,49.211138],[16.61669,49.211162],[16.616715,49.211149]]]},"properties":{"id":497418,"buildingId":489829,"floorId":497411,"floorLevel":4,"name":"BA03N5038","nickname":"C424","type":"preparatory","category":"service","label":"Preparatory","passportNumber":"BA03N5038","seats":null,"hasProjector":false,"hasWhiteboard":false,"code":null}},{"type":"Feature","geometry":{"type":"Polygon","coordinates":[[[16.616964,49.211132],[16.616959,49.211128],[16.616959,49.211128],[16.616952,49.211123],[16.616955,49.211121],[16.616911,49.211085],[16.616899,49.211092],[16.616892,49.211086],[16.616876,49.211094],[16.616883,49.2111],[16.616878,49.211103],[16.616871,49.211097],[16.616855,49.211105],[16.616862,49.211111],[16.616814,49.211136],[16.616869,49.211181],[16.616964,49.211132]]]},"properties":{"id":497419,"buildingId":489829,"floorId":497411,"floorLevel":4,"name":"BA03N5043","nickname":"C42","type":"classroom_and_laboratory","category":"teaching","label":"Classroom / lab","passportNumber":"BA03N5043","seats":null,"hasProjector":false,"hasWhiteboard":false,"code":null}},{"type":"Feature","geometry":{"type":"Polygon","coordinates":[[[16.616688,49.211162],[16.616665,49.211143],[16.616663,49.211144],[16.616658,49.21114],[16.616658,49.211139],[16.616653,49.211135],[16.616638,49.211143],[16.616672,49.211171],[16.616688,49.211162]]]},"properties":{"id":497420,"buildingId":489829,"floorId":497411,"floorLevel":4,"name":"BA03N5037","nickname":"C425","type":"office","category":"office","label":"Office","passportNumber":"BA03N5037","seats":null,"hasProjector":false,"hasWhiteboard":false,"code":null}},{"type":"Feature","geometry":{"type":"Polygon","coordinates":[[[16.616671,49.211171],[16.616637,49.211144],[16.616607,49.211159],[16.61664,49.211187],[16.616671,49.211171]]]},"properties":{"id":497421,"buildingId":489829,"floorId":497411,"floorLevel":4,"name":"BA03N5036","nickname":"C426","type":"office","category":"office","label":"Office","passportNumber":"BA03N5036","seats":null,"hasProjector":false,"hasWhiteboard":false,"code":null}},{"type":"Feature","geometry":{"type":"Polygon","coordinates":[[[16.616634,49.21119],[16.616628,49.211185],[16.616632,49.211182],[16.616605,49.21116],[16.616574,49.211176],[16.616595,49.211194],[16.6166,49.211191],[16.616613,49.211201],[16.616634,49.21119]]]},"properties":{"id":497422,"buildingId":489829,"floorId":497411,"floorLevel":4,"name":"BA03N5034","nickname":"C427","type":"storage","category":"service","label":"Storage","passportNumber":"BA03N5034","seats":null,"hasProjector":false,"hasWhiteboard":false,"code":null}},{"type":"Feature","geometry":{"type":"Polygon","coordinates":[[[16.616594,49.211194],[16.616573,49.211177],[16.616558,49.211185],[16.61657,49.211194],[16.616572,49.211193],[16.61658,49.211199],[16.616581,49.211199],[16.616582,49.2112],[16.616594,49.211194]]]},"properties":{"id":497423,"buildingId":489829,"floorId":497411,"floorLevel":4,"name":"BA03N5035","nickname":null,"type":"storage","category":"service","label":"Storage","passportNumber":"BA03N5035","seats":null,"hasProjector":false,"hasWhiteboard":false,"code":null}},{"type":"Feature","geometry":{"type":"Polygon","coordinates":[[[16.616735,49.211201],[16.616717,49.211186],[16.616715,49.211187],[16.61671,49.211183],[16.616699,49.211189],[16.616697,49.211187],[16.616687,49.211192],[16.616712,49.211213],[16.616735,49.211201]]]},"properties":{"id":497424,"buildingId":489829,"floorId":497411,"floorLevel":4,"name":"BA03N5045","nickname":"C418","type":"bathroom","category":"service","label":"Bathroom","passportNumber":"BA03N5045","seats":null,"hasProjector":false,"hasWhiteboard":false,"code":null}},{"type":"Feature","geometry":{"type":"Polygon","coordinates":[[[16.616609,49.211202],[16.6166,49.211194],[16.616582,49.211203],[16.616591,49.211211],[16.616609,49.211202]]]},"properties":{"id":497425,"buildingId":489829,"floorId":497411,"floorLevel":4,"name":"BA03N5033","nickname":null,"type":"elevator","category":"circulation","label":"Elevator","passportNumber":"BA03N5033","seats":null,"hasProjector":false,"hasWhiteboard":false,"code":null}},{"type":"Feature","geometry":{"type":"Polygon","coordinates":[[[16.616711,49.211214],[16.616686,49.211193],[16.616666,49.211203],[16.616692,49.211224],[16.616711,49.211214]]]},"properties":{"id":497426,"buildingId":489829,"floorId":497411,"floorLevel":4,"name":"BA03N5048","nickname":null,"type":"bathroom","category":"service","label":"Bathroom","passportNumber":"BA03N5048","seats":null,"hasProjector":false,"hasWhiteboard":false,"code":null}},{"type":"Feature","geometry":{"type":"Polygon","coordinates":[[[16.616867,49.211182],[16.616812,49.211137],[16.616771,49.211158],[16.616764,49.211152],[16.616742,49.211164],[16.616749,49.211169],[16.616743,49.211172],[16.616737,49.211166],[16.616717,49.211177],[16.616724,49.211182],[16.616718,49.211185],[16.616768,49.211227],[16.616767,49.211227],[16.616772,49.211231],[16.616867,49.211182]]]},"properties":{"id":497427,"buildingId":489829,"floorId":497411,"floorLevel":4,"name":"BA03N5044","nickname":"C41","type":"classroom_and_laboratory","category":"teaching","label":"Classroom / lab","passportNumber":"BA03N5044","seats":null,"hasProjector":false,"hasWhiteboard":false,"code":null}},{"type":"Feature","geometry":{"type":"Polygon","coordinates":[[[16.616723,49.211224],[16.616712,49.211215],[16.616704,49.211219],[16.616716,49.211228],[16.616723,49.211224]]]},"properties":{"id":497428,"buildingId":489829,"floorId":497411,"floorLevel":4,"name":"BA03N5047","nickname":null,"type":"shaft","category":"service","label":"Shaft","passportNumber":"BA03N5047","seats":null,"hasProjector":false,"hasWhiteboard":false,"code":null}},{"type":"Feature","geometry":{"type":"Polygon","coordinates":[[[16.61677,49.211232],[16.616765,49.211228],[16.616765,49.211229],[16.616734,49.211203],[16.616713,49.211214],[16.616725,49.211224],[16.616717,49.211229],[16.61674,49.211248],[16.61677,49.211232]]]},"properties":{"id":497431,"buildingId":489829,"floorId":497411,"floorLevel":4,"name":"BA03N5046","nickname":null,"type":"toilet","category":"service","label":"Toilet","passportNumber":"BA03N5046","seats":null,"hasProjector":false,"hasWhiteboard":false,"code":null}},{"type":"Feature","geometry":{"type":"Polygon","coordinates":[[[16.616694,49.211291],[16.616663,49.211289],[16.61666,49.211305],[16.616691,49.211307],[16.616694,49.211291]]]},"properties":{"id":497434,"buildingId":489829,"floorId":497411,"floorLevel":4,"name":"BA03N5050","nickname":null,"type":"elevator","category":"circulation","label":"Elevator","passportNumber":"BA03N5050","seats":null,"hasProjector":false,"hasWhiteboard":false,"code":null}},{"type":"Feature","geometry":{"type":"Polygon","coordinates":[[[16.616738,49.211288],[16.616738,49.211288],[16.616738,49.211287],[16.616739,49.211286],[16.61674,49.211285],[16.61674,49.211284],[16.616741,49.211283],[16.616741,49.211283],[16.616741,49.211283],[16.616742,49.211281],[16.616742,49.211281],[16.616743,49.21128],[16.616744,49.211279],[16.616745,49.211279],[16.616745,49.211278],[16.616747,49.211277],[16.616748,49.211276],[16.616749,49.211275],[16.61675,49.211275],[16.616752,49.211274],[16.616732,49.211257],[16.61673,49.211258],[16.616699,49.211233],[16.61668,49.211243],[16.616682,49.211244],[16.616682,49.211244],[16.616684,49.211246],[16.616684,49.211246],[16.616708,49.211266],[16.616707,49.211273],[16.616665,49.21127],[16.616662,49.211286],[16.616705,49.211289],[16.616702,49.211308],[16.616702,49.211308],[16.616702,49.211308],[16.616734,49.21131],[16.616738,49.211288]]]},"properties":{"id":497435,"buildingId":489829,"floorId":497411,"floorLevel":4,"name":"BA03N5051","nickname":null,"type":"stairs","category":"circulation","label":"Stairs","passportNumber":"BA03N5051","seats":null,"hasProjector":false,"hasWhiteboard":false,"code":null}},{"type":"Feature","geometry":{"type":"Polygon","coordinates":[[[16.616657,49.2113],[16.61666,49.2113],[16.616662,49.211291],[16.616658,49.211291],[16.616659,49.211286],[16.616662,49.211286],[16.616665,49.21127],[16.616664,49.21127],[16.616667,49.211255],[16.616665,49.211253],[16.616682,49.211244],[16.61668,49.211243],[16.616699,49.211233],[16.616665,49.211204],[16.616647,49.211213],[16.616653,49.211218],[16.616649,49.21122],[16.616643,49.211215],[16.616609,49.211233],[16.616607,49.211246],[16.616616,49.211247],[16.616616,49.21125],[16.616606,49.211249],[16.616597,49.2113],[16.616608,49.211301],[16.616608,49.211302],[16.616656,49.211306],[16.616657,49.2113]]]},"properties":{"id":497436,"buildingId":489829,"floorId":497411,"floorLevel":4,"name":"BA03N5052","nickname":null,"type":"floor","category":"structure","label":"Corridor","passportNumber":"BA03N5052","seats":null,"hasProjector":false,"hasWhiteboard":false,"code":null}},{"type":"Feature","geometry":{"type":"Polygon","coordinates":[[[16.616566,49.211272],[16.616516,49.211268],[16.616516,49.211269],[16.616512,49.211269],[16.616508,49.211294],[16.616516,49.211294],[16.616516,49.211294],[16.616524,49.211294],[16.616523,49.211297],[16.616561,49.2113],[16.616566,49.211272]]]},"properties":{"id":497437,"buildingId":489829,"floorId":497411,"floorLevel":4,"name":"BA03N5031","nickname":"C401","type":"office","category":"office","label":"Office","passportNumber":"BA03N5031","seats":null,"hasProjector":false,"hasWhiteboard":false,"code":null}},{"type":"Feature","geometry":{"type":"Polygon","coordinates":[[[16.616595,49.2113],[16.616596,49.2113],[16.616605,49.211249],[16.616604,49.211249],[16.616605,49.211246],[16.616606,49.211246],[16.616608,49.211232],[16.616642,49.211215],[16.616642,49.211214],[16.616646,49.211212],[16.616646,49.211212],[16.616664,49.211203],[16.616663,49.211203],[16.616775,49.211145],[16.616782,49.211151],[16.61681,49.211137],[16.616803,49.211131],[16.616809,49.211128],[16.616815,49.211134],[16.616843,49.21112],[16.616836,49.211114],[16.616905,49.211078],[16.616885,49.211062],[16.616607,49.211206],[16.616605,49.211204],[16.616594,49.21121],[16.616596,49.211211],[16.616587,49.211216],[16.616586,49.211216],[16.616577,49.211221],[16.616562,49.211302],[16.616594,49.211305],[16.616595,49.2113]]]},"properties":{"id":497438,"buildingId":489829,"floorId":497411,"floorLevel":4,"name":"BA03N5001","nickname":null,"type":"floor","category":"structure","label":"Corridor","passportNumber":"BA03N5001","seats":null,"hasProjector":false,"hasWhiteboard":false,"code":null}},{"type":"Feature","geometry":{"type":"Polygon","coordinates":[[[16.616667,49.21131],[16.61663,49.211307],[16.616628,49.211321],[16.616664,49.211324],[16.616667,49.21131]]]},"properties":{"id":497439,"buildingId":489829,"floorId":497411,"floorLevel":4,"name":"BA03N5004","nickname":null,"type":"lobby","category":"circulation","label":"Lobby","passportNumber":"BA03N5004","seats":null,"hasProjector":false,"hasWhiteboard":false,"code":null}},{"type":"Feature","geometry":{"type":"Polygon","coordinates":[[[16.616629,49.211307],[16.616605,49.211305],[16.616605,49.211307],[16.616596,49.211306],[16.616594,49.211316],[16.6166,49.211316],[16.616598,49.211326],[16.616625,49.211328],[16.616629,49.211307]]]},"properties":{"id":497440,"buildingId":489829,"floorId":497411,"floorLevel":4,"name":"BA03N5003","nickname":"C416","type":"bathroom","category":"service","label":"Bathroom","passportNumber":"BA03N5003","seats":null,"hasProjector":false,"hasWhiteboard":false,"code":null}},{"type":"Feature","geometry":{"type":"Polygon","coordinates":[[[16.616649,49.211324],[16.616627,49.211322],[16.616626,49.21133],[16.616647,49.211332],[16.616649,49.211324]]]},"properties":{"id":497441,"buildingId":489829,"floorId":497411,"floorLevel":4,"name":"BA03N5006","nickname":null,"type":"toilet","category":"service","label":"Toilet","passportNumber":"BA03N5006","seats":null,"hasProjector":false,"hasWhiteboard":false,"code":null}},{"type":"Feature","geometry":{"type":"Polygon","coordinates":[[[16.616695,49.211312],[16.616687,49.211311],[16.616687,49.211312],[16.616679,49.211312],[16.616679,49.211311],[16.616668,49.21131],[16.616666,49.211325],[16.616652,49.211324],[16.61665,49.211335],[16.61669,49.211338],[16.616695,49.211312]]]},"properties":{"id":497442,"buildingId":489829,"floorId":497411,"floorLevel":4,"name":"BA03N5005","nickname":null,"type":"bathroom","category":"service","label":"Bathroom","passportNumber":"BA03N5005","seats":null,"hasProjector":false,"hasWhiteboard":false,"code":null}},{"type":"Feature","geometry":{"type":"Polygon","coordinates":[[[16.61656,49.211307],[16.616557,49.211307],[16.616558,49.211301],[16.616523,49.211298],[16.616523,49.2113],[16.616515,49.211299],[16.616515,49.211299],[16.616507,49.211298],[16.616502,49.211324],[16.616556,49.211328],[16.61656,49.211307]]]},"properties":{"id":497443,"buildingId":489829,"floorId":497411,"floorLevel":4,"name":"BA03N5030","nickname":null,"type":"office","category":"office","label":"Office","passportNumber":"BA03N5030","seats":null,"hasProjector":false,"hasWhiteboard":false,"code":null}},{"type":"Feature","geometry":{"type":"Polygon","coordinates":[[[16.616647,49.211333],[16.616626,49.211331],[16.616625,49.211336],[16.616646,49.211338],[16.616647,49.211333]]]},"properties":{"id":497444,"buildingId":489829,"floorId":497411,"floorLevel":4,"name":"BA03N5008","nickname":null,"type":"shaft","category":"service","label":"Shaft","passportNumber":"BA03N5008","seats":null,"hasProjector":false,"hasWhiteboard":false,"code":null}},{"type":"Feature","geometry":{"type":"Polygon","coordinates":[[[16.61662,49.211329],[16.616592,49.211327],[16.61659,49.211335],[16.616619,49.211337],[16.61662,49.211329]]]},"properties":{"id":497445,"buildingId":489829,"floorId":497411,"floorLevel":4,"name":"BA03N5007","nickname":"C415","type":"utility_room","category":"service","label":"Utility","passportNumber":"BA03N5007","seats":null,"hasProjector":false,"hasWhiteboard":false,"code":null}},{"type":"Feature","geometry":{"type":"Polygon","coordinates":[[[16.616646,49.211338],[16.616625,49.211337],[16.616623,49.211345],[16.616644,49.211346],[16.616646,49.211338]]]},"properties":{"id":497446,"buildingId":489829,"floorId":497411,"floorLevel":4,"name":"BA03N5012","nickname":null,"type":"toilet","category":"service","label":"Toilet","passportNumber":"BA03N5012","seats":null,"hasProjector":false,"hasWhiteboard":false,"code":null}},{"type":"Feature","geometry":{"type":"Polygon","coordinates":[[[16.616556,49.211329],[16.616502,49.211325],[16.616498,49.21135],[16.616506,49.211351],[16.616506,49.21135],[16.616514,49.211351],[16.616514,49.211352],[16.616551,49.211354],[16.616556,49.211329]]]},"properties":{"id":497447,"buildingId":489829,"floorId":497411,"floorLevel":4,"name":"BA03N5029","nickname":"C402","type":"office","category":"office","label":"Office","passportNumber":"BA03N5029","seats":null,"hasProjector":false,"hasWhiteboard":false,"code":null}},{"type":"Feature","geometry":{"type":"Polygon","coordinates":[[[16.616623,49.211338],[16.616596,49.211336],[16.616594,49.211346],[16.616588,49.211346],[16.616587,49.211356],[16.616597,49.211357],[16.616597,49.211358],[16.616619,49.21136],[16.616623,49.211338]]]},"properties":{"id":497448,"buildingId":489829,"floorId":497411,"floorLevel":4,"name":"BA03N5009","nickname":"C414","type":"bathroom","category":"service","label":"Bathroom","passportNumber":"BA03N5009","seats":null,"hasProjector":false,"hasWhiteboard":false,"code":null}},{"type":"Feature","geometry":{"type":"Polygon","coordinates":[[[16.61666,49.211349],[16.616623,49.211346],[16.616621,49.21136],[16.616657,49.211363],[16.61666,49.211349]]]},"properties":{"id":497449,"buildingId":489829,"floorId":497411,"floorLevel":4,"name":"BA03N5010","nickname":null,"type":"lobby","category":"circulation","label":"Lobby","passportNumber":"BA03N5010","seats":null,"hasProjector":false,"hasWhiteboard":false,"code":null}},{"type":"Feature","geometry":{"type":"Polygon","coordinates":[[[16.616666,49.211362],[16.616678,49.211363],[16.616678,49.211364],[16.616685,49.211364],[16.61669,49.211339],[16.61665,49.211336],[16.616648,49.211347],[16.616662,49.211348],[16.616659,49.211363],[16.616666,49.211364],[16.616666,49.211362]]]},"properties":{"id":497450,"buildingId":489829,"floorId":497411,"floorLevel":4,"name":"BA03N5011","nickname":null,"type":"bathroom","category":"service","label":"Bathroom","passportNumber":"BA03N5011","seats":null,"hasProjector":false,"hasWhiteboard":false,"code":null}},{"type":"Feature","geometry":{"type":"Polygon","coordinates":[[[16.61655,49.21136],[16.616548,49.21136],[16.616548,49.211355],[16.616513,49.211352],[16.616513,49.211353],[16.616505,49.211353],[16.616505,49.211352],[16.616497,49.211351],[16.616488,49.211403],[16.616496,49.211404],[16.616496,49.211404],[16.616504,49.211404],[16.616504,49.211405],[16.616542,49.211408],[16.61655,49.21136]]]},"properties":{"id":497451,"buildingId":489829,"floorId":497411,"floorLevel":4,"name":"BA03N5028","nickname":"C403","type":"office","category":"office","label":"Office","passportNumber":"BA03N5028","seats":null,"hasProjector":false,"hasWhiteboard":false,"code":null}},{"type":"Feature","geometry":{"type":"Polygon","coordinates":[[[16.616657,49.211416],[16.616668,49.211417],[16.616668,49.211417],[16.616676,49.211418],[16.616685,49.211366],[16.616677,49.211366],[16.616677,49.211366],[16.616597,49.21136],[16.616596,49.211366],[16.616585,49.211366],[16.616583,49.211378],[16.616593,49.211379],[16.616593,49.211384],[16.616582,49.211383],[16.616579,49.211396],[16.61659,49.211396],[16.616588,49.211412],[16.616657,49.211417],[16.616657,49.211416]]]},"properties":{"id":497452,"buildingId":489829,"floorId":497411,"floorLevel":4,"name":"BA03N5013","nickname":"C413","type":"classroom_and_laboratory","category":"teaching","label":"Classroom / lab","passportNumber":"BA03N5013","seats":null,"hasProjector":false,"hasWhiteboard":false,"code":null}},{"type":"Feature","geometry":{"type":"Polygon","coordinates":[[[16.616535,49.211429],[16.616538,49.211429],[16.616542,49.211409],[16.616504,49.211406],[16.616504,49.211407],[16.616495,49.211406],[16.616496,49.211406],[16.616488,49.211405],[16.616483,49.21143],[16.616487,49.211431],[16.616486,49.211431],[16.616534,49.211435],[16.616535,49.211429]]]},"properties":{"id":497453,"buildingId":489829,"floorId":497411,"floorLevel":4,"name":"BA03N5027","nickname":"C404","type":"office","category":"office","label":"Office","passportNumber":"BA03N5027","seats":null,"hasProjector":false,"hasWhiteboard":false,"code":null}},{"type":"Feature","geometry":{"type":"Polygon","coordinates":[[[16.616537,49.211436],[16.616483,49.211432],[16.616478,49.211457],[16.616486,49.211458],[16.616486,49.211457],[16.616495,49.211458],[16.616494,49.211459],[16.616532,49.211462],[16.616537,49.211436]]]},"properties":{"id":497454,"buildingId":489829,"floorId":497411,"floorLevel":4,"name":"BA03N5026","nickname":"C405","type":"office","category":"office","label":"Office","passportNumber":"BA03N5026","seats":null,"hasProjector":false,"hasWhiteboard":false,"code":null}},{"type":"Feature","geometry":{"type":"Polygon","coordinates":[[[16.616647,49.21147],[16.616658,49.21147],[16.616658,49.211471],[16.616666,49.211472],[16.616675,49.21142],[16.616668,49.211419],[16.616668,49.21142],[16.616656,49.211419],[16.616656,49.211418],[16.616618,49.211415],[16.616617,49.211419],[16.616587,49.211416],[16.616586,49.21142],[16.616575,49.211419],[16.616573,49.211432],[16.616584,49.211433],[16.616583,49.211438],[16.616572,49.211437],[16.61657,49.211449],[16.616581,49.21145],[16.616578,49.211465],[16.616604,49.211467],[16.616605,49.211463],[16.616609,49.211463],[16.616609,49.211468],[16.616647,49.21147]]]},"properties":{"id":497455,"buildingId":489829,"floorId":497411,"floorLevel":4,"name":"BA03N5014","nickname":"C412","type":"classroom_and_laboratory","category":"teaching","label":"Classroom / lab","passportNumber":"BA03N5014","seats":null,"hasProjector":false,"hasWhiteboard":false,"code":null}},{"type":"Feature","geometry":{"type":"Polygon","coordinates":[[[16.616525,49.211483],[16.616528,49.211483],[16.616532,49.211462],[16.616494,49.211459],[16.616494,49.21146],[16.616486,49.21146],[16.616486,49.211459],[16.616478,49.211459],[16.616474,49.211484],[16.616477,49.211484],[16.616477,49.211485],[16.616524,49.211488],[16.616525,49.211483]]]},"properties":{"id":497456,"buildingId":489829,"floorId":497411,"floorLevel":4,"name":"BA03N5025","nickname":"C406","type":"office","category":"office","label":"Office","passportNumber":"BA03N5025","seats":null,"hasProjector":false,"hasWhiteboard":false,"code":null}},{"type":"Feature","geometry":{"type":"Polygon","coordinates":[[[16.616527,49.21149],[16.616473,49.211485],[16.616469,49.211511],[16.616477,49.211511],[16.616477,49.211511],[16.616485,49.211511],[16.616485,49.211512],[16.616522,49.211515],[16.616527,49.21149]]]},"properties":{"id":497457,"buildingId":489829,"floorId":497411,"floorLevel":4,"name":"BA03N5024","nickname":"C407","type":"office","category":"office","label":"Office","passportNumber":"BA03N5024","seats":null,"hasProjector":false,"hasWhiteboard":false,"code":null}},{"type":"Feature","geometry":{"type":"Polygon","coordinates":[[[16.616666,49.211473],[16.616658,49.211473],[16.616658,49.211473],[16.616647,49.211472],[16.616647,49.211471],[16.616578,49.211466],[16.616576,49.211474],[16.616566,49.211473],[16.616563,49.211486],[16.616574,49.211486],[16.616573,49.211491],[16.616562,49.21149],[16.61656,49.211503],[16.616571,49.211504],[16.616568,49.211519],[16.61659,49.21152],[16.61659,49.211516],[16.616599,49.211517],[16.616598,49.211521],[16.616637,49.211524],[16.616637,49.211523],[16.616649,49.211524],[16.616649,49.211525],[16.616656,49.211525],[16.616666,49.211473]]]},"properties":{"id":497458,"buildingId":489829,"floorId":497411,"floorLevel":4,"name":"BA03N5015","nickname":"C411","type":"classroom_and_laboratory","category":"teaching","label":"Classroom / lab","passportNumber":"BA03N5015","seats":null,"hasProjector":false,"hasWhiteboard":false,"code":null}},{"type":"Feature","geometry":{"type":"Polygon","coordinates":[[[16.616515,49.211536],[16.616518,49.211537],[16.616522,49.211516],[16.616485,49.211513],[16.616484,49.211514],[16.616476,49.211513],[16.616476,49.211513],[16.616468,49.211512],[16.616464,49.211538],[16.616467,49.211538],[16.616467,49.211538],[16.616514,49.211542],[16.616515,49.211536]]]},"properties":{"id":497459,"buildingId":489829,"floorId":497411,"floorLevel":4,"name":"BA03N5023","nickname":"C408","type":"office","category":"office","label":"Office","passportNumber":"BA03N5023","seats":null,"hasProjector":false,"hasWhiteboard":false,"code":null}},{"type":"Feature","geometry":{"type":"Polygon","coordinates":[[[16.616656,49.211527],[16.616648,49.211526],[16.616648,49.211527],[16.616637,49.211526],[16.616637,49.211525],[16.616568,49.211519],[16.616567,49.211527],[16.616556,49.211526],[16.616554,49.211539],[16.616565,49.21154],[16.616564,49.211545],[16.61658,49.211547],[16.616581,49.211543],[16.616595,49.211544],[16.616594,49.211548],[16.616652,49.211552],[16.616656,49.211527]]]},"properties":{"id":497460,"buildingId":489829,"floorId":497411,"floorLevel":4,"name":"BA03N5017","nickname":null,"type":"classroom_and_laboratory","category":"teaching","label":"Classroom / lab","passportNumber":"BA03N5017","seats":null,"hasProjector":false,"hasWhiteboard":false,"code":null}},{"type":"Feature","geometry":{"type":"Polygon","coordinates":[[[16.61651,49.211567],[16.616513,49.211568],[16.616517,49.211543],[16.616464,49.211539],[16.616459,49.211564],[16.616467,49.211565],[16.616467,49.211564],[16.616475,49.211565],[16.616475,49.211566],[16.61651,49.211568],[16.61651,49.211567]]]},"properties":{"id":497461,"buildingId":489829,"floorId":497411,"floorLevel":4,"name":"BA03N5021","nickname":null,"type":"office","category":"office","label":"Office","passportNumber":"BA03N5021","seats":null,"hasProjector":false,"hasWhiteboard":false,"code":null}},{"type":"Feature","geometry":{"type":"Polygon","coordinates":[[[16.616547,49.21157],[16.616557,49.211571],[16.61656,49.211556],[16.616549,49.211555],[16.616556,49.211517],[16.616567,49.211518],[16.616569,49.211508],[16.616558,49.211507],[16.616566,49.211463],[16.616577,49.211464],[16.616579,49.211454],[16.616568,49.211453],[16.616576,49.21141],[16.616586,49.21141],[16.616588,49.2114],[16.616577,49.211399],[16.616594,49.211306],[16.616562,49.211303],[16.616514,49.211569],[16.616546,49.211571],[16.616547,49.21157]]]},"properties":{"id":497462,"buildingId":489829,"floorId":497411,"floorLevel":4,"name":"BA03N5002","nickname":null,"type":"floor","category":"structure","label":"Corridor","passportNumber":"BA03N5002","seats":null,"hasProjector":false,"hasWhiteboard":false,"code":null}},{"type":"Feature","geometry":{"type":"Polygon","coordinates":[[[16.616589,49.211548],[16.616557,49.211546],[16.616556,49.211555],[16.616562,49.211555],[16.616559,49.211572],[16.616584,49.211574],[16.616589,49.211548]]]},"properties":{"id":497463,"buildingId":489829,"floorId":497411,"floorLevel":4,"name":"BA03N5016","nickname":"C410","type":"lobby","category":"circulation","label":"Lobby","passportNumber":"BA03N5016","seats":null,"hasProjector":false,"hasWhiteboard":false,"code":null}},{"type":"Feature","geometry":{"type":"Polygon","coordinates":[[[16.616651,49.211553],[16.61659,49.211548],[16.616585,49.211574],[16.616623,49.211577],[16.616623,49.211576],[16.616639,49.211577],[16.616639,49.211578],[16.616647,49.211579],[16.616651,49.211553]]]},"properties":{"id":497464,"buildingId":489829,"floorId":497411,"floorLevel":4,"name":"BA03N5018","nickname":null,"type":"office","category":"office","label":"Office","passportNumber":"BA03N5018","seats":null,"hasProjector":false,"hasWhiteboard":false,"code":null}},{"type":"Feature","geometry":{"type":"Polygon","coordinates":[[[16.6165,49.211618],[16.616504,49.211619],[16.616507,49.211599],[16.6165,49.211598],[16.6165,49.211595],[16.616508,49.211596],[16.616512,49.211573],[16.616511,49.211573],[16.616509,49.211573],[16.61651,49.211569],[16.616475,49.211567],[16.616475,49.211568],[16.616467,49.211567],[16.616467,49.211566],[16.616459,49.211566],[16.616449,49.211618],[16.616457,49.211619],[16.616457,49.211618],[16.616466,49.211618],[16.616465,49.211621],[16.616499,49.211624],[16.6165,49.211618]]]},"properties":{"id":497465,"buildingId":489829,"floorId":497411,"floorLevel":4,"name":"BA03N5022","nickname":"C409","type":"office","category":"office","label":"Office","passportNumber":"BA03N5022","seats":null,"hasProjector":false,"hasWhiteboard":false,"code":null}},{"type":"Feature","geometry":{"type":"Polygon","coordinates":[[[16.616621,49.21163],[16.616629,49.211631],[16.616629,49.211632],[16.616637,49.211633],[16.616647,49.21158],[16.616639,49.211579],[16.616639,49.21158],[16.616623,49.211579],[16.616623,49.211578],[16.616559,49.211573],[16.616557,49.211584],[16.616551,49.211584],[16.616549,49.211597],[16.616554,49.211597],[16.616553,49.211602],[16.616542,49.211601],[16.61654,49.211614],[16.616551,49.211614],[16.616549,49.211627],[16.616573,49.211629],[16.616574,49.211623],[16.616586,49.211624],[16.616585,49.21163],[16.616621,49.211633],[16.616621,49.21163]]]},"properties":{"id":497466,"buildingId":489829,"floorId":497411,"floorLevel":4,"name":"BA03N5019","nickname":null,"type":"classroom_and_laboratory","category":"teaching","label":"Classroom / lab","passportNumber":"BA03N5019","seats":null,"hasProjector":false,"hasWhiteboard":false,"code":null}},{"type":"Feature","geometry":{"type":"Polygon","coordinates":[[[16.616546,49.211572],[16.616514,49.21157],[16.616504,49.211627],[16.616536,49.211629],[16.616546,49.211572]]]},"properties":{"id":497467,"buildingId":489829,"floorId":497411,"floorLevel":4,"name":"BA03N5020","nickname":null,"type":"stairs","category":"circulation","label":"Stairs","passportNumber":"BA03N5020","seats":null,"hasProjector":false,"hasWhiteboard":false,"code":null}},{"type":"Feature","geometry":{"type":"Polygon","coordinates":[[[16.616524,49.211202],[16.616513,49.211267],[16.616567,49.211271],[16.616576,49.21122],[16.61659,49.211213],[16.616556,49.211185],[16.616524,49.211202]]]},"properties":{"id":497668,"buildingId":489829,"floorId":497411,"floorLevel":4,"name":"BA03N5032","nickname":null,"type":"office","category":"office","label":"Office","passportNumber":"BA03N5032","seats":null,"hasProjector":false,"hasWhiteboard":false,"code":null}},{"type":"Feature","geometry":{"type":"Polygon","coordinates":[[[16.616849,49.211079],[16.616842,49.211073],[16.616848,49.21107],[16.616855,49.211076],[16.61687,49.211068],[16.616864,49.211063],[16.616868,49.21106],[16.616875,49.211066],[16.616882,49.211062],[16.616858,49.211043],[16.616857,49.211044],[16.616851,49.211039],[16.616852,49.211039],[16.616847,49.211035],[16.616784,49.211068],[16.616789,49.211072],[16.61679,49.211071],[16.616797,49.211077],[16.616795,49.211078],[16.616816,49.211096],[16.616849,49.211079]]]},"properties":{"id":499439,"buildingId":489829,"floorId":499438,"floorLevel":3,"name":"BA03N4039","nickname":"C322","type":"preparatory","category":"service","label":"Preparatory","passportNumber":"BA03N4039","seats":null,"hasProjector":false,"hasWhiteboard":false,"code":null}},{"type":"Feature","geometry":{"type":"Polygon","coordinates":[[[16.616815,49.211097],[16.616787,49.211073],[16.616788,49.211072],[16.616783,49.211068],[16.616751,49.211085],[16.616778,49.211107],[16.616782,49.211104],[16.616789,49.21111],[16.616815,49.211097]]]},"properties":{"id":499440,"buildingId":489829,"floorId":499438,"floorLevel":3,"name":"BA03N4038","nickname":"C323","type":"preparatory","category":"service","label":"Preparatory","passportNumber":"BA03N4038","seats":null,"hasProjector":false,"hasWhiteboard":false,"code":null}},{"type":"Feature","geometry":{"type":"Polygon","coordinates":[[[16.616781,49.211114],[16.61678,49.211113],[16.616782,49.211111],[16.61675,49.211085],[16.61672,49.211101],[16.616724,49.211105],[16.616726,49.211105],[16.616731,49.211109],[16.616728,49.21111],[16.616752,49.211129],[16.616781,49.211114]]]},"properties":{"id":499441,"buildingId":489829,"floorId":499438,"floorLevel":3,"name":"BA03N4037","nickname":"C324","type":"storage","category":"service","label":"Storage","passportNumber":"BA03N4037","seats":null,"hasProjector":false,"hasWhiteboard":false,"code":null}},{"type":"Feature","geometry":{"type":"Polygon","coordinates":[[[16.616964,49.211132],[16.616959,49.211128],[16.616959,49.211128],[16.616952,49.211123],[16.616955,49.211121],[16.616911,49.211085],[16.616899,49.211092],[16.616892,49.211086],[16.616876,49.211094],[16.616883,49.2111],[16.616878,49.211103],[16.616871,49.211097],[16.616855,49.211105],[16.616862,49.211111],[16.61683,49.211127],[16.616885,49.211173],[16.616964,49.211132]]]},"properties":{"id":499443,"buildingId":489829,"floorId":499438,"floorLevel":3,"name":"BA03N4040","nickname":"C32","type":"classroom_and_laboratory","category":"teaching","label":"Classroom / lab","passportNumber":"BA03N4040","seats":null,"hasProjector":false,"hasWhiteboard":false,"code":null}},{"type":"Feature","geometry":{"type":"Polygon","coordinates":[[[16.616715,49.211149],[16.616712,49.211147],[16.616718,49.211143],[16.616721,49.211145],[16.616745,49.211133],[16.616743,49.211131],[16.616748,49.211128],[16.616722,49.211106],[16.616723,49.211106],[16.616718,49.211102],[16.616655,49.211134],[16.61666,49.211138],[16.616661,49.211138],[16.61669,49.211162],[16.616715,49.211149]]]},"properties":{"id":499444,"buildingId":489829,"floorId":499438,"floorLevel":3,"name":"BA03N4036","nickname":"C325","type":"library","category":"teaching","label":"Library","passportNumber":"BA03N4036","seats":null,"hasProjector":false,"hasWhiteboard":false,"code":null}},{"type":"Feature","geometry":{"type":"Polygon","coordinates":[[[16.616688,49.211162],[16.616665,49.211143],[16.616663,49.211144],[16.616658,49.21114],[16.616658,49.211139],[16.616653,49.211135],[16.616607,49.211159],[16.61664,49.211187],[16.616688,49.211162]]]},"properties":{"id":499446,"buildingId":489829,"floorId":499438,"floorLevel":3,"name":"BA03N4035","nickname":"C326","type":"office","category":"office","label":"Office","passportNumber":"BA03N4035","seats":null,"hasProjector":false,"hasWhiteboard":false,"code":null}},{"type":"Feature","geometry":{"type":"Polygon","coordinates":[[[16.6166,49.211191],[16.616613,49.211201],[16.616634,49.21119],[16.616629,49.211185],[16.616633,49.211183],[16.616605,49.21116],[16.616558,49.211185],[16.616572,49.211196],[16.616574,49.211195],[16.61658,49.211199],[16.616581,49.211199],[16.616582,49.2112],[16.6166,49.211191]]]},"properties":{"id":499447,"buildingId":489829,"floorId":499438,"floorLevel":3,"name":"BA03N4034","nickname":"C327","type":"storage","category":"service","label":"Storage","passportNumber":"BA03N4034","seats":null,"hasProjector":false,"hasWhiteboard":false,"code":null}},{"type":"Feature","geometry":{"type":"Polygon","coordinates":[[[16.616735,49.211201],[16.616717,49.211186],[16.616715,49.211187],[16.61671,49.211183],[16.616699,49.211189],[16.616697,49.211187],[16.616687,49.211192],[16.616712,49.211213],[16.616735,49.211201]]]},"properties":{"id":499448,"buildingId":489829,"floorId":499438,"floorLevel":3,"name":"BA03N4042","nickname":"C319","type":"bathroom","category":"service","label":"Bathroom","passportNumber":"BA03N4042","seats":null,"hasProjector":false,"hasWhiteboard":false,"code":null}},{"type":"Feature","geometry":{"type":"Polygon","coordinates":[[[16.616609,49.211202],[16.6166,49.211194],[16.616582,49.211203],[16.616591,49.211211],[16.616609,49.211202]]]},"properties":{"id":499450,"buildingId":489829,"floorId":499438,"floorLevel":3,"name":"BA03N4033","nickname":null,"type":"elevator","category":"circulation","label":"Elevator","passportNumber":"BA03N4033","seats":null,"hasProjector":false,"hasWhiteboard":false,"code":null}},{"type":"Feature","geometry":{"type":"Polygon","coordinates":[[[16.616711,49.211214],[16.616686,49.211193],[16.616666,49.211203],[16.616692,49.211224],[16.616711,49.211214]]]},"properties":{"id":499451,"buildingId":489829,"floorId":499438,"floorLevel":3,"name":"BA03N4045","nickname":"C318","type":"bathroom","category":"service","label":"Bathroom","passportNumber":"BA03N4045","seats":null,"hasProjector":false,"hasWhiteboard":false,"code":null}},{"type":"Feature","geometry":{"type":"Polygon","coordinates":[[[16.616883,49.211174],[16.616828,49.211128],[16.616764,49.211162],[16.616757,49.211156],[16.616742,49.211164],[16.616749,49.211169],[16.616743,49.211172],[16.616736,49.211167],[16.616721,49.211175],[16.616728,49.21118],[16.616718,49.211185],[16.616768,49.211227],[16.616767,49.211227],[16.616772,49.211231],[16.616883,49.211174]]]},"properties":{"id":499452,"buildingId":489829,"floorId":499438,"floorLevel":3,"name":"BA03N4041","nickname":"C31","type":"classroom_and_laboratory","category":"teaching","label":"Classroom / lab","passportNumber":"BA03N4041","seats":null,"hasProjector":false,"hasWhiteboard":false,"code":null}},{"type":"Feature","geometry":{"type":"Polygon","coordinates":[[[16.616723,49.211224],[16.616712,49.211215],[16.616704,49.211219],[16.616716,49.211228],[16.616723,49.211224]]]},"properties":{"id":499453,"buildingId":489829,"floorId":499438,"floorLevel":3,"name":"BA03N4044","nickname":null,"type":"shaft","category":"service","label":"Shaft","passportNumber":"BA03N4044","seats":null,"hasProjector":false,"hasWhiteboard":false,"code":null}},{"type":"Feature","geometry":{"type":"Polygon","coordinates":[[[16.61677,49.211232],[16.616765,49.211228],[16.616765,49.211229],[16.616734,49.211203],[16.616713,49.211214],[16.616725,49.211224],[16.616717,49.211229],[16.61674,49.211248],[16.61677,49.211232]]]},"properties":{"id":499456,"buildingId":489829,"floorId":499438,"floorLevel":3,"name":"BA03N4043","nickname":null,"type":"toilet","category":"service","label":"Toilet","passportNumber":"BA03N4043","seats":null,"hasProjector":false,"hasWhiteboard":false,"code":null}},{"type":"Feature","geometry":{"type":"Polygon","coordinates":[[[16.616576,49.21122],[16.61659,49.211213],[16.616556,49.211185],[16.616524,49.211202],[16.616513,49.211267],[16.616567,49.211271],[16.616576,49.21122]]]},"properties":{"id":499460,"buildingId":489829,"floorId":499438,"floorLevel":3,"name":"BA03N4032","nickname":null,"type":"office","category":"office","label":"Office","passportNumber":"BA03N4032","seats":null,"hasProjector":false,"hasWhiteboard":false,"code":null}},{"type":"Feature","geometry":{"type":"Polygon","coordinates":[[[16.616694,49.211291],[16.616663,49.211289],[16.61666,49.211305],[16.616691,49.211307],[16.616694,49.211291]]]},"properties":{"id":499461,"buildingId":489829,"floorId":499438,"floorLevel":3,"name":"BA03N4047","nickname":null,"type":"elevator","category":"circulation","label":"Elevator","passportNumber":"BA03N4047","seats":null,"hasProjector":false,"hasWhiteboard":false,"code":null}},{"type":"Feature","geometry":{"type":"Polygon","coordinates":[[[16.616737,49.211292],[16.616738,49.211288],[16.616738,49.211288],[16.616738,49.211287],[16.616739,49.211287],[16.616739,49.211286],[16.616739,49.211286],[16.616739,49.211285],[16.616739,49.211285],[16.61674,49.211284],[16.61674,49.211283],[16.61674,49.211283],[16.616741,49.211283],[16.616741,49.211282],[16.616742,49.211281],[16.616743,49.21128],[16.616744,49.211279],[16.616745,49.211278],[16.616746,49.211277],[16.616747,49.211277],[16.616748,49.211276],[16.616748,49.211276],[16.61675,49.211275],[16.61675,49.211275],[16.616752,49.211274],[16.616732,49.211257],[16.61673,49.211258],[16.616699,49.211233],[16.61668,49.211243],[16.616682,49.211244],[16.616682,49.211244],[16.616684,49.211246],[16.616684,49.211246],[16.616708,49.211266],[16.616707,49.211273],[16.616665,49.21127],[16.616662,49.211286],[16.616705,49.211289],[16.616702,49.211308],[16.616702,49.211308],[16.616702,49.211308],[16.616734,49.21131],[16.616737,49.211292]]]},"properties":{"id":499462,"buildingId":489829,"floorId":499438,"floorLevel":3,"name":"BA03N4048","nickname":null,"type":"stairs","category":"circulation","label":"Stairs","passportNumber":"BA03N4048","seats":null,"hasProjector":false,"hasWhiteboard":false,"code":null}},{"type":"Feature","geometry":{"type":"Polygon","coordinates":[[[16.616659,49.211286],[16.616662,49.211286],[16.616665,49.21127],[16.616664,49.21127],[16.616667,49.211255],[16.616665,49.211253],[16.616682,49.211244],[16.61668,49.211243],[16.616699,49.211233],[16.616665,49.211204],[16.616647,49.211213],[16.616653,49.211218],[16.616649,49.21122],[16.616643,49.211215],[16.616609,49.211233],[16.616607,49.211246],[16.616616,49.211247],[16.616616,49.21125],[16.616606,49.211249],[16.616597,49.2113],[16.616608,49.211301],[16.616608,49.211302],[16.616656,49.211306],[16.616659,49.211286]]]},"properties":{"id":499463,"buildingId":489829,"floorId":499438,"floorLevel":3,"name":"BA03N4049","nickname":null,"type":"floor","category":"structure","label":"Corridor","passportNumber":"BA03N4049","seats":null,"hasProjector":false,"hasWhiteboard":false,"code":null}},{"type":"Feature","geometry":{"type":"Polygon","coordinates":[[[16.616566,49.211272],[16.616516,49.211268],[16.616516,49.211269],[16.616512,49.211269],[16.616508,49.211294],[16.616516,49.211294],[16.616516,49.211294],[16.616524,49.211294],[16.616523,49.211297],[16.616561,49.2113],[16.616566,49.211272]]]},"properties":{"id":499464,"buildingId":489829,"floorId":499438,"floorLevel":3,"name":"BA03N4031","nickname":"C301","type":"office","category":"office","label":"Office","passportNumber":"BA03N4031","seats":null,"hasProjector":false,"hasWhiteboard":false,"code":null}},{"type":"Feature","geometry":{"type":"Polygon","coordinates":[[[16.616595,49.2113],[16.616596,49.2113],[16.616605,49.211249],[16.616604,49.211249],[16.616605,49.211246],[16.616606,49.211246],[16.616608,49.211232],[16.616642,49.211215],[16.616642,49.211214],[16.616646,49.211212],[16.616646,49.211212],[16.616664,49.211203],[16.616663,49.211203],[16.616775,49.211145],[16.616782,49.211151],[16.61681,49.211137],[16.616803,49.211131],[16.616809,49.211128],[16.616815,49.211134],[16.616843,49.21112],[16.616836,49.211114],[16.616905,49.211078],[16.616885,49.211062],[16.616607,49.211206],[16.616605,49.211204],[16.616594,49.21121],[16.616596,49.211211],[16.616587,49.211216],[16.616586,49.211216],[16.616577,49.211221],[16.616562,49.211302],[16.616594,49.211305],[16.616595,49.2113]]]},"properties":{"id":499465,"buildingId":489829,"floorId":499438,"floorLevel":3,"name":"BA03N4001","nickname":null,"type":"floor","category":"structure","label":"Corridor","passportNumber":"BA03N4001","seats":null,"hasProjector":false,"hasWhiteboard":false,"code":null}},{"type":"Feature","geometry":{"type":"Polygon","coordinates":[[[16.616667,49.21131],[16.61663,49.211307],[16.616628,49.211321],[16.616664,49.211324],[16.616667,49.21131]]]},"properties":{"id":499466,"buildingId":489829,"floorId":499438,"floorLevel":3,"name":"BA03N4004","nickname":null,"type":"lobby","category":"circulation","label":"Lobby","passportNumber":"BA03N4004","seats":null,"hasProjector":false,"hasWhiteboard":false,"code":null}},{"type":"Feature","geometry":{"type":"Polygon","coordinates":[[[16.616629,49.211307],[16.616605,49.211305],[16.616605,49.211307],[16.616596,49.211306],[16.616594,49.211316],[16.6166,49.211316],[16.616598,49.211326],[16.616625,49.211328],[16.616629,49.211307]]]},"properties":{"id":499467,"buildingId":489829,"floorId":499438,"floorLevel":3,"name":"BA03N4003","nickname":"C317","type":"bathroom","category":"service","label":"Bathroom","passportNumber":"BA03N4003","seats":null,"hasProjector":false,"hasWhiteboard":false,"code":null}},{"type":"Feature","geometry":{"type":"Polygon","coordinates":[[[16.616649,49.211324],[16.616627,49.211322],[16.616626,49.21133],[16.616647,49.211332],[16.616649,49.211324]]]},"properties":{"id":499468,"buildingId":489829,"floorId":499438,"floorLevel":3,"name":"BA03N4006","nickname":null,"type":"toilet","category":"service","label":"Toilet","passportNumber":"BA03N4006","seats":null,"hasProjector":false,"hasWhiteboard":false,"code":null}},{"type":"Feature","geometry":{"type":"Polygon","coordinates":[[[16.616695,49.211312],[16.616693,49.211312],[16.616687,49.211311],[16.616687,49.211312],[16.616679,49.211312],[16.616679,49.211311],[16.616668,49.21131],[16.616666,49.211325],[16.616652,49.211324],[16.61665,49.211335],[16.61669,49.211338],[16.616695,49.211312]]]},"properties":{"id":499469,"buildingId":489829,"floorId":499438,"floorLevel":3,"name":"BA03N4005","nickname":null,"type":"bathroom","category":"service","label":"Bathroom","passportNumber":"BA03N4005","seats":null,"hasProjector":false,"hasWhiteboard":false,"code":null}},{"type":"Feature","geometry":{"type":"Polygon","coordinates":[[[16.616647,49.211333],[16.616626,49.211331],[16.616625,49.211336],[16.616646,49.211338],[16.616647,49.211333]]]},"properties":{"id":499470,"buildingId":489829,"floorId":499438,"floorLevel":3,"name":"BA03N4008","nickname":null,"type":"shaft","category":"service","label":"Shaft","passportNumber":"BA03N4008","seats":null,"hasProjector":false,"hasWhiteboard":false,"code":null}},{"type":"Feature","geometry":{"type":"Polygon","coordinates":[[[16.61662,49.211329],[16.616592,49.211327],[16.61659,49.211335],[16.616619,49.211337],[16.61662,49.211329]]]},"properties":{"id":499471,"buildingId":489829,"floorId":499438,"floorLevel":3,"name":"BA03N4007","nickname":"C316","type":"utility_room","category":"service","label":"Utility","passportNumber":"BA03N4007","seats":null,"hasProjector":false,"hasWhiteboard":false,"code":null}},{"type":"Feature","geometry":{"type":"Polygon","coordinates":[[[16.616646,49.211338],[16.616625,49.211337],[16.616623,49.211345],[16.616644,49.211346],[16.616646,49.211338]]]},"properties":{"id":499472,"buildingId":489829,"floorId":499438,"floorLevel":3,"name":"BA03N4012","nickname":null,"type":"toilet","category":"service","label":"Toilet","passportNumber":"BA03N4012","seats":null,"hasProjector":false,"hasWhiteboard":false,"code":null}},{"type":"Feature","geometry":{"type":"Polygon","coordinates":[[[16.61656,49.211307],[16.616557,49.211306],[16.616558,49.211301],[16.616523,49.211298],[16.616523,49.2113],[16.616515,49.211299],[16.616515,49.211299],[16.616507,49.211298],[16.616498,49.21135],[16.616506,49.211351],[16.616506,49.21135],[16.616514,49.211351],[16.616514,49.211352],[16.616551,49.211354],[16.61656,49.211307]]]},"properties":{"id":499473,"buildingId":489829,"floorId":499438,"floorLevel":3,"name":"BA03N4030","nickname":"C302","type":"office","category":"office","label":"Office","passportNumber":"BA03N4030","seats":null,"hasProjector":false,"hasWhiteboard":false,"code":null}},{"type":"Feature","geometry":{"type":"Polygon","coordinates":[[[16.616623,49.211338],[16.616596,49.211336],[16.616594,49.211346],[16.616588,49.211346],[16.616587,49.211356],[16.616597,49.211357],[16.616597,49.211358],[16.616619,49.21136],[16.616623,49.211338]]]},"properties":{"id":499474,"buildingId":489829,"floorId":499438,"floorLevel":3,"name":"BA03N4009","nickname":"C315","type":"bathroom","category":"service","label":"Bathroom","passportNumber":"BA03N4009","seats":null,"hasProjector":false,"hasWhiteboard":false,"code":null}},{"type":"Feature","geometry":{"type":"Polygon","coordinates":[[[16.61666,49.211349],[16.616623,49.211346],[16.616621,49.21136],[16.616657,49.211363],[16.61666,49.211349]]]},"properties":{"id":499475,"buildingId":489829,"floorId":499438,"floorLevel":3,"name":"BA03N4010","nickname":null,"type":"lobby","category":"circulation","label":"Lobby","passportNumber":"BA03N4010","seats":null,"hasProjector":false,"hasWhiteboard":false,"code":null}},{"type":"Feature","geometry":{"type":"Polygon","coordinates":[[[16.616666,49.211362],[16.616678,49.211363],[16.616678,49.211364],[16.616685,49.211364],[16.61669,49.211339],[16.61665,49.211336],[16.616648,49.211347],[16.616662,49.211348],[16.616659,49.211363],[16.616666,49.211364],[16.616666,49.211362]]]},"properties":{"id":499476,"buildingId":489829,"floorId":499438,"floorLevel":3,"name":"BA03N4011","nickname":null,"type":"bathroom","category":"service","label":"Bathroom","passportNumber":"BA03N4011","seats":null,"hasProjector":false,"hasWhiteboard":false,"code":null}},{"type":"Feature","geometry":{"type":"Polygon","coordinates":[[[16.61655,49.21136],[16.616548,49.21136],[16.616548,49.211355],[16.616513,49.211352],[16.616513,49.211353],[16.616505,49.211353],[16.616505,49.211352],[16.616497,49.211351],[16.616493,49.211377],[16.616496,49.211377],[16.616496,49.211378],[16.616546,49.211381],[16.61655,49.21136]]]},"properties":{"id":499477,"buildingId":489829,"floorId":499438,"floorLevel":3,"name":"BA03N4029","nickname":"C304","type":"office","category":"office","label":"Office","passportNumber":"BA03N4029","seats":null,"hasProjector":false,"hasWhiteboard":false,"code":null}},{"type":"Feature","geometry":{"type":"Polygon","coordinates":[[[16.616546,49.211382],[16.616493,49.211378],[16.616488,49.211403],[16.616496,49.211404],[16.616496,49.211404],[16.616504,49.211404],[16.616504,49.211405],[16.616542,49.211408],[16.616546,49.211382]]]},"properties":{"id":499478,"buildingId":489829,"floorId":499438,"floorLevel":3,"name":"BA03N4028","nickname":"C303","type":"office","category":"office","label":"Office","passportNumber":"BA03N4028","seats":null,"hasProjector":false,"hasWhiteboard":false,"code":null}},{"type":"Feature","geometry":{"type":"Polygon","coordinates":[[[16.616657,49.211416],[16.616668,49.211417],[16.616668,49.211417],[16.616676,49.211418],[16.616685,49.211366],[16.616677,49.211366],[16.616677,49.211366],[16.616597,49.21136],[16.616596,49.211367],[16.616585,49.211366],[16.616583,49.211378],[16.616593,49.211379],[16.616593,49.211384],[16.616582,49.211383],[16.616579,49.211396],[16.61659,49.211396],[16.616588,49.211412],[16.616657,49.211417],[16.616657,49.211416]]]},"properties":{"id":499479,"buildingId":489829,"floorId":499438,"floorLevel":3,"name":"BA03N4013","nickname":"C314","type":"classroom_and_laboratory","category":"teaching","label":"Classroom / lab","passportNumber":"BA03N4013","seats":null,"hasProjector":false,"hasWhiteboard":false,"code":null}},{"type":"Feature","geometry":{"type":"Polygon","coordinates":[[[16.616535,49.211429],[16.616538,49.211429],[16.616542,49.211409],[16.616504,49.211406],[16.616504,49.211407],[16.616495,49.211406],[16.616496,49.211406],[16.616488,49.211405],[16.616483,49.21143],[16.616487,49.211431],[16.616486,49.211431],[16.616534,49.211435],[16.616535,49.211429]]]},"properties":{"id":499480,"buildingId":489829,"floorId":499438,"floorLevel":3,"name":"BA03N4027","nickname":"C305","type":"office","category":"office","label":"Office","passportNumber":"BA03N4027","seats":null,"hasProjector":false,"hasWhiteboard":false,"code":null}},{"type":"Feature","geometry":{"type":"Polygon","coordinates":[[[16.616537,49.211436],[16.616483,49.211432],[16.616478,49.211457],[16.616486,49.211458],[16.616486,49.211457],[16.616495,49.211458],[16.616494,49.211459],[16.616532,49.211462],[16.616537,49.211436]]]},"properties":{"id":499481,"buildingId":489829,"floorId":499438,"floorLevel":3,"name":"BA03N4026","nickname":"C306","type":"office","category":"office","label":"Office","passportNumber":"BA03N4026","seats":null,"hasProjector":false,"hasWhiteboard":false,"code":null}},{"type":"Feature","geometry":{"type":"Polygon","coordinates":[[[16.616647,49.21147],[16.616658,49.21147],[16.616658,49.211471],[16.616666,49.211472],[16.616675,49.21142],[16.616668,49.211419],[16.616668,49.21142],[16.616656,49.211419],[16.616656,49.211418],[16.616617,49.211415],[16.616617,49.211419],[16.616587,49.211416],[16.616586,49.21142],[16.616575,49.21142],[16.616573,49.211432],[16.616584,49.211433],[16.616583,49.211438],[16.616572,49.211437],[16.61657,49.21145],[16.616581,49.211451],[16.616578,49.211465],[16.616604,49.211467],[16.616605,49.211463],[16.616609,49.211463],[16.616609,49.211468],[16.616647,49.21147]]]},"properties":{"id":499482,"buildingId":489829,"floorId":499438,"floorLevel":3,"name":"BA03N4014","nickname":"C313","type":"classroom_and_laboratory","category":"teaching","label":"Classroom / lab","passportNumber":"BA03N4014","seats":null,"hasProjector":false,"hasWhiteboard":false,"code":null}},{"type":"Feature","geometry":{"type":"Polygon","coordinates":[[[16.616525,49.211483],[16.616528,49.211483],[16.616532,49.211462],[16.616494,49.211459],[16.616494,49.21146],[16.616486,49.21146],[16.616486,49.211459],[16.616478,49.211459],[16.616474,49.211484],[16.616477,49.211484],[16.616477,49.211485],[16.616524,49.211488],[16.616525,49.211483]]]},"properties":{"id":499483,"buildingId":489829,"floorId":499438,"floorLevel":3,"name":"BA03N4025","nickname":"C307","type":"classroom_and_laboratory","category":"teaching","label":"Classroom / lab","passportNumber":"BA03N4025","seats":null,"hasProjector":false,"hasWhiteboard":false,"code":null}},{"type":"Feature","geometry":{"type":"Polygon","coordinates":[[[16.616527,49.21149],[16.616473,49.211485],[16.616469,49.211511],[16.616477,49.211511],[16.616477,49.211511],[16.616485,49.211511],[16.616485,49.211512],[16.616522,49.211515],[16.616527,49.21149]]]},"properties":{"id":499484,"buildingId":489829,"floorId":499438,"floorLevel":3,"name":"BA03N4024","nickname":"C308","type":"office","category":"office","label":"Office","passportNumber":"BA03N4024","seats":null,"hasProjector":false,"hasWhiteboard":false,"code":null}},{"type":"Feature","geometry":{"type":"Polygon","coordinates":[[[16.616666,49.211473],[16.616658,49.211473],[16.616658,49.211473],[16.616647,49.211472],[16.616647,49.211471],[16.616579,49.211466],[16.616577,49.211473],[16.616577,49.211473],[16.616576,49.211474],[16.616566,49.211473],[16.616563,49.211486],[16.616574,49.211486],[16.616573,49.211491],[16.616562,49.21149],[16.61656,49.211503],[16.616571,49.211504],[16.616568,49.211519],[16.616589,49.21152],[16.61659,49.211516],[16.616599,49.211517],[16.616598,49.211521],[16.616637,49.211524],[16.616637,49.211523],[16.616649,49.211524],[16.616649,49.211525],[16.616656,49.211525],[16.616666,49.211473]]]},"properties":{"id":499485,"buildingId":489829,"floorId":499438,"floorLevel":3,"name":"BA03N4015","nickname":"C312","type":"classroom_and_laboratory","category":"teaching","label":"Classroom / lab","passportNumber":"BA03N4015","seats":null,"hasProjector":false,"hasWhiteboard":false,"code":null}},{"type":"Feature","geometry":{"type":"Polygon","coordinates":[[[16.616515,49.211536],[16.616519,49.211536],[16.616522,49.211516],[16.616485,49.211513],[16.616484,49.211514],[16.616476,49.211513],[16.616476,49.211513],[16.616468,49.211512],[16.616464,49.211538],[16.616467,49.211538],[16.616467,49.211538],[16.616514,49.211542],[16.616515,49.211536]]]},"properties":{"id":499486,"buildingId":489829,"floorId":499438,"floorLevel":3,"name":"BA03N4023","nickname":"C309","type":"office","category":"office","label":"Office","passportNumber":"BA03N4023","seats":null,"hasProjector":false,"hasWhiteboard":false,"code":null}},{"type":"Feature","geometry":{"type":"Polygon","coordinates":[[[16.616656,49.211527],[16.616648,49.211526],[16.616648,49.211527],[16.616637,49.211526],[16.616637,49.211525],[16.616568,49.211519],[16.616567,49.211527],[16.616556,49.211526],[16.616554,49.211539],[16.616564,49.21154],[16.616563,49.211546],[16.616584,49.211547],[16.616585,49.211543],[16.616595,49.211544],[16.616594,49.211548],[16.616651,49.211553],[16.616656,49.211527]]]},"properties":{"id":499487,"buildingId":489829,"floorId":499438,"floorLevel":3,"name":"BA03N4017","nickname":null,"type":"classroom_and_laboratory","category":"teaching","label":"Classroom / lab","passportNumber":"BA03N4017","seats":null,"hasProjector":false,"hasWhiteboard":false,"code":null}},{"type":"Feature","geometry":{"type":"Polygon","coordinates":[[[16.61651,49.211568],[16.616513,49.211568],[16.616517,49.211543],[16.616464,49.211539],[16.616459,49.211564],[16.616467,49.211565],[16.616467,49.211564],[16.616475,49.211565],[16.616475,49.211566],[16.61651,49.211568]]]},"properties":{"id":499488,"buildingId":489829,"floorId":499438,"floorLevel":3,"name":"BA03N4021","nickname":null,"type":"office","category":"office","label":"Office","passportNumber":"BA03N4021","seats":null,"hasProjector":false,"hasWhiteboard":false,"code":null}},{"type":"Feature","geometry":{"type":"Polygon","coordinates":[[[16.616547,49.21157],[16.616557,49.211571],[16.61656,49.211556],[16.616549,49.211555],[16.616556,49.211517],[16.616567,49.211518],[16.616569,49.211508],[16.616558,49.211507],[16.616566,49.211463],[16.616577,49.211464],[16.616579,49.211454],[16.616568,49.211453],[16.616576,49.21141],[16.616586,49.21141],[16.616588,49.2114],[16.616577,49.211399],[16.616594,49.211306],[16.616562,49.211303],[16.616514,49.211569],[16.616546,49.211571],[16.616547,49.21157]]]},"properties":{"id":499489,"buildingId":489829,"floorId":499438,"floorLevel":3,"name":"BA03N4002","nickname":null,"type":"floor","category":"structure","label":"Corridor","passportNumber":"BA03N4002","seats":null,"hasProjector":false,"hasWhiteboard":false,"code":null}},{"type":"Feature","geometry":{"type":"Polygon","coordinates":[[[16.616589,49.211549],[16.616557,49.211546],[16.616555,49.211555],[16.616562,49.211555],[16.616559,49.211572],[16.616584,49.211574],[16.616589,49.211549]]]},"properties":{"id":499490,"buildingId":489829,"floorId":499438,"floorLevel":3,"name":"BA03N4016","nickname":null,"type":"lobby","category":"circulation","label":"Lobby","passportNumber":"BA03N4016","seats":null,"hasProjector":false,"hasWhiteboard":false,"code":null}},{"type":"Feature","geometry":{"type":"Polygon","coordinates":[[[16.616651,49.211554],[16.61659,49.211549],[16.616585,49.211574],[16.616623,49.211577],[16.616623,49.211576],[16.616639,49.211577],[16.616639,49.211578],[16.616647,49.211579],[16.616651,49.211554]]]},"properties":{"id":499491,"buildingId":489829,"floorId":499438,"floorLevel":3,"name":"BA03N4018","nickname":null,"type":"preparatory","category":"service","label":"Preparatory","passportNumber":"BA03N4018","seats":null,"hasProjector":false,"hasWhiteboard":false,"code":null}},{"type":"Feature","geometry":{"type":"Polygon","coordinates":[[[16.616501,49.211618],[16.616504,49.211619],[16.616507,49.211599],[16.6165,49.211598],[16.616501,49.211595],[16.616508,49.211596],[16.616512,49.211573],[16.616509,49.211573],[16.61651,49.211569],[16.616475,49.211567],[16.616475,49.211568],[16.616467,49.211567],[16.616467,49.211566],[16.616459,49.211566],[16.616449,49.211618],[16.616457,49.211619],[16.616457,49.211618],[16.616466,49.211618],[16.616465,49.211621],[16.6165,49.211624],[16.616501,49.211618]]]},"properties":{"id":499492,"buildingId":489829,"floorId":499438,"floorLevel":3,"name":"BA03N4022","nickname":null,"type":"office","category":"office","label":"Office","passportNumber":"BA03N4022","seats":null,"hasProjector":false,"hasWhiteboard":false,"code":null}},{"type":"Feature","geometry":{"type":"Polygon","coordinates":[[[16.616621,49.21163],[16.616629,49.211631],[16.616629,49.211632],[16.616637,49.211633],[16.616647,49.21158],[16.616639,49.211579],[16.616639,49.21158],[16.616623,49.211579],[16.616623,49.211578],[16.616559,49.211573],[16.616556,49.211585],[16.616546,49.211584],[16.616543,49.211596],[16.616554,49.211597],[16.616553,49.211602],[16.616542,49.211601],[16.61654,49.211614],[16.616551,49.211615],[16.616549,49.211627],[16.616573,49.211629],[16.616574,49.211622],[16.616586,49.211623],[16.616584,49.21163],[16.616621,49.211633],[16.616621,49.21163]]]},"properties":{"id":499493,"buildingId":489829,"floorId":499438,"floorLevel":3,"name":"BA03N4019","nickname":null,"type":"classroom_and_laboratory","category":"teaching","label":"Classroom / lab","passportNumber":"BA03N4019","seats":null,"hasProjector":false,"hasWhiteboard":false,"code":null}},{"type":"Feature","geometry":{"type":"Polygon","coordinates":[[[16.616546,49.211572],[16.616514,49.21157],[16.616504,49.211627],[16.616536,49.211629],[16.616546,49.211572]]]},"properties":{"id":499494,"buildingId":489829,"floorId":499438,"floorLevel":3,"name":"BA03N4020","nickname":null,"type":"stairs","category":"circulation","label":"Stairs","passportNumber":"BA03N4020","seats":null,"hasProjector":false,"hasWhiteboard":false,"code":null}},{"type":"Feature","geometry":{"type":"Polygon","coordinates":[[[16.616851,49.211078],[16.616848,49.211076],[16.616854,49.211073],[16.616857,49.211075],[16.616883,49.211062],[16.61686,49.211042],[16.616857,49.211044],[16.616851,49.211039],[16.616852,49.211039],[16.616847,49.211035],[16.616752,49.211084],[16.616778,49.211106],[16.616782,49.211104],[16.61679,49.21111],[16.616851,49.211078]]]},"properties":{"id":501692,"buildingId":489829,"floorId":501691,"floorLevel":2,"name":"BA03N3040","nickname":"C224","type":"library","category":"teaching","label":"Library","passportNumber":"BA03N3040","seats":null,"hasProjector":false,"hasWhiteboard":false,"code":null}},{"type":"Feature","geometry":{"type":"Polygon","coordinates":[[[16.616778,49.211116],[16.616776,49.211115],[16.616783,49.211111],[16.616751,49.211085],[16.61672,49.211101],[16.616724,49.211105],[16.616726,49.211105],[16.616731,49.211109],[16.616728,49.21111],[16.616752,49.211129],[16.616778,49.211116]]]},"properties":{"id":501693,"buildingId":489829,"floorId":501691,"floorLevel":2,"name":"BA03N3039","nickname":"C225","type":"office","category":"office","label":"Office","passportNumber":"BA03N3039","seats":null,"hasProjector":false,"hasWhiteboard":false,"code":null}},{"type":"Feature","geometry":{"type":"Polygon","coordinates":[[[16.616745,49.211133],[16.616742,49.211131],[16.616748,49.211128],[16.616722,49.211106],[16.616723,49.211106],[16.616718,49.211102],[16.616688,49.211118],[16.616721,49.211145],[16.616745,49.211133]]]},"properties":{"id":501694,"buildingId":489829,"floorId":501691,"floorLevel":2,"name":"BA03N3038","nickname":"C226","type":"office","category":"office","label":"Office","passportNumber":"BA03N3038","seats":null,"hasProjector":false,"hasWhiteboard":false,"code":null}},{"type":"Feature","geometry":{"type":"Polygon","coordinates":[[[16.616715,49.211149],[16.616712,49.211147],[16.616717,49.211144],[16.616686,49.211118],[16.616655,49.211134],[16.61666,49.211138],[16.616661,49.211138],[16.61669,49.211162],[16.616715,49.211149]]]},"properties":{"id":501695,"buildingId":489829,"floorId":501691,"floorLevel":2,"name":"BA03N3037","nickname":"C227","type":"preparatory","category":"service","label":"Preparatory","passportNumber":"BA03N3037","seats":null,"hasProjector":false,"hasWhiteboard":false,"code":null}},{"type":"Feature","geometry":{"type":"Polygon","coordinates":[[[16.616964,49.211132],[16.616959,49.211128],[16.616959,49.211128],[16.616952,49.211123],[16.616955,49.211121],[16.616911,49.211085],[16.616899,49.211092],[16.616892,49.211086],[16.616876,49.211094],[16.616883,49.2111],[16.616878,49.211103],[16.616871,49.211097],[16.616855,49.211105],[16.616862,49.211111],[16.616814,49.211136],[16.616869,49.211181],[16.616964,49.211132]]]},"properties":{"id":501696,"buildingId":489829,"floorId":501691,"floorLevel":2,"name":"BA03N3041","nickname":"C22","type":"classroom_and_laboratory","category":"teaching","label":"Classroom / lab","passportNumber":"BA03N3041","seats":null,"hasProjector":false,"hasWhiteboard":false,"code":null}},{"type":"Feature","geometry":{"type":"Polygon","coordinates":[[[16.616688,49.211162],[16.616665,49.211143],[16.616663,49.211144],[16.616658,49.21114],[16.616658,49.211139],[16.616653,49.211135],[16.616638,49.211143],[16.616672,49.211171],[16.616688,49.211162]]]},"properties":{"id":501697,"buildingId":489829,"floorId":501691,"floorLevel":2,"name":"BA03N3036","nickname":"C228","type":"coatroom","category":"service","label":"Cloakroom","passportNumber":"BA03N3036","seats":null,"hasProjector":false,"hasWhiteboard":false,"code":null}},{"type":"Feature","geometry":{"type":"Polygon","coordinates":[[[16.616671,49.211171],[16.616637,49.211144],[16.616607,49.211159],[16.61664,49.211187],[16.616671,49.211171]]]},"properties":{"id":501698,"buildingId":489829,"floorId":501691,"floorLevel":2,"name":"BA03N3035","nickname":"C229","type":"office","category":"office","label":"Office","passportNumber":"BA03N3035","seats":null,"hasProjector":false,"hasWhiteboard":false,"code":null}},{"type":"Feature","geometry":{"type":"Polygon","coordinates":[[[16.616634,49.21119],[16.61663,49.211187],[16.616634,49.211185],[16.616605,49.21116],[16.616574,49.211176],[16.616595,49.211194],[16.6166,49.211191],[16.616613,49.211201],[16.616634,49.21119]]]},"properties":{"id":501699,"buildingId":489829,"floorId":501691,"floorLevel":2,"name":"BA03N3033","nickname":null,"type":"storage","category":"service","label":"Storage","passportNumber":"BA03N3033","seats":null,"hasProjector":false,"hasWhiteboard":false,"code":null}},{"type":"Feature","geometry":{"type":"Polygon","coordinates":[[[16.616594,49.211194],[16.616573,49.211177],[16.616558,49.211185],[16.616574,49.211197],[16.616576,49.211196],[16.61658,49.211199],[16.616581,49.211199],[16.616583,49.2112],[16.616594,49.211194]]]},"properties":{"id":501700,"buildingId":489829,"floorId":501691,"floorLevel":2,"name":"BA03N3034","nickname":null,"type":"storage","category":"service","label":"Storage","passportNumber":"BA03N3034","seats":null,"hasProjector":false,"hasWhiteboard":false,"code":null}},{"type":"Feature","geometry":{"type":"Polygon","coordinates":[[[16.616735,49.211201],[16.616717,49.211186],[16.616715,49.211187],[16.61671,49.211183],[16.616699,49.211189],[16.616697,49.211187],[16.616687,49.211192],[16.616712,49.211213],[16.616735,49.211201]]]},"properties":{"id":501701,"buildingId":489829,"floorId":501691,"floorLevel":2,"name":"BA03N3043","nickname":null,"type":"bathroom","category":"service","label":"Bathroom","passportNumber":"BA03N3043","seats":null,"hasProjector":false,"hasWhiteboard":false,"code":null}},{"type":"Feature","geometry":{"type":"Polygon","coordinates":[[[16.616609,49.211202],[16.6166,49.211194],[16.616582,49.211203],[16.616591,49.211211],[16.616609,49.211202]]]},"properties":{"id":501702,"buildingId":489829,"floorId":501691,"floorLevel":2,"name":"BA03N3032","nickname":null,"type":"elevator","category":"circulation","label":"Elevator","passportNumber":"BA03N3032","seats":null,"hasProjector":false,"hasWhiteboard":false,"code":null}},{"type":"Feature","geometry":{"type":"Polygon","coordinates":[[[16.616711,49.211214],[16.616686,49.211193],[16.616666,49.211203],[16.616692,49.211224],[16.616711,49.211214]]]},"properties":{"id":501703,"buildingId":489829,"floorId":501691,"floorLevel":2,"name":"BA03N3046","nickname":null,"type":"bathroom","category":"service","label":"Bathroom","passportNumber":"BA03N3046","seats":null,"hasProjector":false,"hasWhiteboard":false,"code":null}},{"type":"Feature","geometry":{"type":"Polygon","coordinates":[[[16.616867,49.211182],[16.616812,49.211137],[16.616764,49.211161],[16.616757,49.211156],[16.616742,49.211164],[16.616749,49.211169],[16.616742,49.211173],[16.616735,49.211167],[16.616715,49.211177],[16.616723,49.211183],[16.616718,49.211186],[16.616768,49.211227],[16.616767,49.211227],[16.616772,49.211231],[16.616867,49.211182]]]},"properties":{"id":501704,"buildingId":489829,"floorId":501691,"floorLevel":2,"name":"BA03N3042","nickname":"C21","type":"classroom_and_laboratory","category":"teaching","label":"Classroom / lab","passportNumber":"BA03N3042","seats":null,"hasProjector":false,"hasWhiteboard":false,"code":null}},{"type":"Feature","geometry":{"type":"Polygon","coordinates":[[[16.616723,49.211224],[16.616712,49.211215],[16.616704,49.211219],[16.616716,49.211228],[16.616723,49.211224]]]},"properties":{"id":501705,"buildingId":489829,"floorId":501691,"floorLevel":2,"name":"BA03N3045","nickname":null,"type":"shaft","category":"service","label":"Shaft","passportNumber":"BA03N3045","seats":null,"hasProjector":false,"hasWhiteboard":false,"code":null}},{"type":"Feature","geometry":{"type":"Polygon","coordinates":[[[16.61677,49.211232],[16.616765,49.211228],[16.616765,49.211229],[16.616734,49.211203],[16.616713,49.211214],[16.616725,49.211224],[16.616717,49.211229],[16.61674,49.211248],[16.61677,49.211232]]]},"properties":{"id":501708,"buildingId":489829,"floorId":501691,"floorLevel":2,"name":"BA03N3044","nickname":null,"type":"toilet","category":"service","label":"Toilet","passportNumber":"BA03N3044","seats":null,"hasProjector":false,"hasWhiteboard":false,"code":null}},{"type":"Feature","geometry":{"type":"Polygon","coordinates":[[[16.616576,49.21122],[16.61659,49.211213],[16.616556,49.211185],[16.616524,49.211202],[16.616513,49.211267],[16.616567,49.211271],[16.616576,49.21122]]]},"properties":{"id":501711,"buildingId":489829,"floorId":501691,"floorLevel":2,"name":"BA03N3031","nickname":"C200","type":"boardroom","category":"teaching","label":"Boardroom","passportNumber":"BA03N3031","seats":null,"hasProjector":false,"hasWhiteboard":false,"code":null}},{"type":"Feature","geometry":{"type":"Polygon","coordinates":[[[16.616694,49.211291],[16.616663,49.211289],[16.61666,49.211305],[16.616691,49.211307],[16.616694,49.211291]]]},"properties":{"id":501712,"buildingId":489829,"floorId":501691,"floorLevel":2,"name":"BA03N3048","nickname":null,"type":"elevator","category":"circulation","label":"Elevator","passportNumber":"BA03N3048","seats":null,"hasProjector":false,"hasWhiteboard":false,"code":null}},{"type":"Feature","geometry":{"type":"Polygon","coordinates":[[[16.616734,49.21131],[16.616734,49.21131],[16.616738,49.211288],[16.616738,49.211287],[16.616739,49.211286],[16.616739,49.211286],[16.616739,49.211285],[16.61674,49.211285],[16.61674,49.211284],[16.61674,49.211283],[16.616741,49.211283],[16.616741,49.211282],[16.616741,49.211282],[16.616742,49.211281],[16.616744,49.211279],[16.616745,49.211278],[16.616746,49.211277],[16.616746,49.211277],[16.616748,49.211276],[16.616748,49.211276],[16.616749,49.211275],[16.616751,49.211274],[16.616752,49.211274],[16.616732,49.211257],[16.61673,49.211258],[16.616699,49.211233],[16.61668,49.211243],[16.616682,49.211244],[16.616682,49.211244],[16.616684,49.211246],[16.616684,49.211246],[16.616708,49.211266],[16.616707,49.211273],[16.616665,49.21127],[16.616662,49.211286],[16.616705,49.211289],[16.616702,49.211308],[16.616702,49.211308],[16.616702,49.211308],[16.616734,49.21131]]]},"properties":{"id":501713,"buildingId":489829,"floorId":501691,"floorLevel":2,"name":"BA03N3049","nickname":null,"type":"stairs","category":"circulation","label":"Stairs","passportNumber":"BA03N3049","seats":null,"hasProjector":false,"hasWhiteboard":false,"code":null}},{"type":"Feature","geometry":{"type":"Polygon","coordinates":[[[16.616659,49.211286],[16.616662,49.211286],[16.616665,49.21127],[16.616664,49.21127],[16.616667,49.211255],[16.616665,49.211253],[16.616682,49.211244],[16.61668,49.211243],[16.616699,49.211233],[16.616665,49.211204],[16.616647,49.211213],[16.616653,49.211218],[16.616649,49.21122],[16.616643,49.211215],[16.616609,49.211233],[16.616607,49.211246],[16.616616,49.211247],[16.616616,49.21125],[16.616606,49.211249],[16.616597,49.2113],[16.616608,49.211301],[16.616608,49.211302],[16.616656,49.211306],[16.616659,49.211286]]]},"properties":{"id":501714,"buildingId":489829,"floorId":501691,"floorLevel":2,"name":"BA03N3050","nickname":null,"type":"floor","category":"structure","label":"Corridor","passportNumber":"BA03N3050","seats":null,"hasProjector":false,"hasWhiteboard":false,"code":null}},{"type":"Feature","geometry":{"type":"Polygon","coordinates":[[[16.616566,49.211272],[16.616516,49.211268],[16.616516,49.211269],[16.616512,49.211269],[16.616508,49.211294],[16.616516,49.211294],[16.616516,49.211294],[16.616524,49.211294],[16.616523,49.211297],[16.616561,49.2113],[16.616566,49.211272]]]},"properties":{"id":501715,"buildingId":489829,"floorId":501691,"floorLevel":2,"name":"BA03N3030","nickname":"C201","type":"office","category":"office","label":"Office","passportNumber":"BA03N3030","seats":null,"hasProjector":false,"hasWhiteboard":false,"code":null}},{"type":"Feature","geometry":{"type":"Polygon","coordinates":[[[16.616595,49.2113],[16.616596,49.2113],[16.616605,49.211249],[16.616604,49.211249],[16.616605,49.211246],[16.616606,49.211246],[16.616608,49.211232],[16.616642,49.211215],[16.616642,49.211214],[16.616646,49.211212],[16.616646,49.211212],[16.616664,49.211203],[16.616663,49.211203],[16.616775,49.211145],[16.616782,49.211151],[16.61681,49.211137],[16.616803,49.211131],[16.616809,49.211128],[16.616815,49.211134],[16.616843,49.21112],[16.616836,49.211114],[16.616905,49.211078],[16.616885,49.211062],[16.616607,49.211206],[16.616605,49.211204],[16.616594,49.21121],[16.616596,49.211211],[16.616587,49.211216],[16.616586,49.211216],[16.616577,49.211221],[16.616562,49.211302],[16.616594,49.211305],[16.616595,49.2113]]]},"properties":{"id":501716,"buildingId":489829,"floorId":501691,"floorLevel":2,"name":"BA03N3001","nickname":null,"type":"floor","category":"structure","label":"Corridor","passportNumber":"BA03N3001","seats":null,"hasProjector":false,"hasWhiteboard":false,"code":null}},{"type":"Feature","geometry":{"type":"Polygon","coordinates":[[[16.616667,49.21131],[16.61663,49.211307],[16.616628,49.211321],[16.616664,49.211324],[16.616667,49.21131]]]},"properties":{"id":501717,"buildingId":489829,"floorId":501691,"floorLevel":2,"name":"BA03N3004","nickname":null,"type":"lobby","category":"circulation","label":"Lobby","passportNumber":"BA03N3004","seats":null,"hasProjector":false,"hasWhiteboard":false,"code":null}},{"type":"Feature","geometry":{"type":"Polygon","coordinates":[[[16.616629,49.211307],[16.616605,49.211305],[16.616605,49.211307],[16.616596,49.211306],[16.616594,49.211316],[16.6166,49.211316],[16.616598,49.211326],[16.616625,49.211328],[16.616629,49.211307]]]},"properties":{"id":501718,"buildingId":489829,"floorId":501691,"floorLevel":2,"name":"BA03N3003","nickname":null,"type":"bathroom","category":"service","label":"Bathroom","passportNumber":"BA03N3003","seats":null,"hasProjector":false,"hasWhiteboard":false,"code":null}},{"type":"Feature","geometry":{"type":"Polygon","coordinates":[[[16.616649,49.211324],[16.616627,49.211322],[16.616626,49.21133],[16.616647,49.211332],[16.616649,49.211324]]]},"properties":{"id":501719,"buildingId":489829,"floorId":501691,"floorLevel":2,"name":"BA03N3006","nickname":null,"type":"toilet","category":"service","label":"Toilet","passportNumber":"BA03N3006","seats":null,"hasProjector":false,"hasWhiteboard":false,"code":null}},{"type":"Feature","geometry":{"type":"Polygon","coordinates":[[[16.616695,49.211312],[16.616687,49.211311],[16.616687,49.211312],[16.616679,49.211312],[16.616679,49.211311],[16.616668,49.21131],[16.616666,49.211325],[16.616652,49.211324],[16.61665,49.211335],[16.61669,49.211338],[16.616695,49.211312]]]},"properties":{"id":501720,"buildingId":489829,"floorId":501691,"floorLevel":2,"name":"BA03N3005","nickname":null,"type":"bathroom","category":"service","label":"Bathroom","passportNumber":"BA03N3005","seats":null,"hasProjector":false,"hasWhiteboard":false,"code":null}},{"type":"Feature","geometry":{"type":"Polygon","coordinates":[[[16.616647,49.211333],[16.616626,49.211331],[16.616625,49.211336],[16.616646,49.211338],[16.616647,49.211333]]]},"properties":{"id":501721,"buildingId":489829,"floorId":501691,"floorLevel":2,"name":"BA03N3008","nickname":"C218","type":"shaft","category":"service","label":"Shaft","passportNumber":"BA03N3008","seats":null,"hasProjector":false,"hasWhiteboard":false,"code":null}},{"type":"Feature","geometry":{"type":"Polygon","coordinates":[[[16.61662,49.211329],[16.616592,49.211327],[16.61659,49.211335],[16.616619,49.211337],[16.61662,49.211329]]]},"properties":{"id":501722,"buildingId":489829,"floorId":501691,"floorLevel":2,"name":"BA03N3007","nickname":null,"type":"utility_room","category":"service","label":"Utility","passportNumber":"BA03N3007","seats":null,"hasProjector":false,"hasWhiteboard":false,"code":null}},{"type":"Feature","geometry":{"type":"Polygon","coordinates":[[[16.616646,49.211338],[16.616625,49.211337],[16.616623,49.211345],[16.616644,49.211346],[16.616646,49.211338]]]},"properties":{"id":501723,"buildingId":489829,"floorId":501691,"floorLevel":2,"name":"BA03N3012","nickname":null,"type":"toilet","category":"service","label":"Toilet","passportNumber":"BA03N3012","seats":null,"hasProjector":false,"hasWhiteboard":false,"code":null}},{"type":"Feature","geometry":{"type":"Polygon","coordinates":[[[16.61656,49.211307],[16.616557,49.211307],[16.616558,49.211301],[16.616523,49.211298],[16.616523,49.2113],[16.616515,49.211299],[16.616515,49.211299],[16.616507,49.211298],[16.616498,49.21135],[16.616506,49.211351],[16.616506,49.21135],[16.616514,49.211351],[16.616514,49.211351],[16.616551,49.211354],[16.61656,49.211307]]]},"properties":{"id":501724,"buildingId":489829,"floorId":501691,"floorLevel":2,"name":"BA03N3029","nickname":"C202","type":"office","category":"office","label":"Office","passportNumber":"BA03N3029","seats":null,"hasProjector":false,"hasWhiteboard":false,"code":null}},{"type":"Feature","geometry":{"type":"Polygon","coordinates":[[[16.616623,49.211338],[16.61659,49.211336],[16.616587,49.211356],[16.616597,49.211357],[16.616597,49.211358],[16.616619,49.21136],[16.616623,49.211338]]]},"properties":{"id":501725,"buildingId":489829,"floorId":501691,"floorLevel":2,"name":"BA03N3009","nickname":null,"type":"bathroom","category":"service","label":"Bathroom","passportNumber":"BA03N3009","seats":null,"hasProjector":false,"hasWhiteboard":false,"code":null}},{"type":"Feature","geometry":{"type":"Polygon","coordinates":[[[16.61666,49.211349],[16.616623,49.211346],[16.616621,49.21136],[16.616657,49.211363],[16.61666,49.211349]]]},"properties":{"id":501726,"buildingId":489829,"floorId":501691,"floorLevel":2,"name":"BA03N3010","nickname":null,"type":"lobby","category":"circulation","label":"Lobby","passportNumber":"BA03N3010","seats":null,"hasProjector":false,"hasWhiteboard":false,"code":null}},{"type":"Feature","geometry":{"type":"Polygon","coordinates":[[[16.616666,49.211362],[16.616678,49.211363],[16.616678,49.211364],[16.616685,49.211364],[16.61669,49.211339],[16.61665,49.211336],[16.616648,49.211347],[16.616662,49.211348],[16.616659,49.211363],[16.616666,49.211364],[16.616666,49.211362]]]},"properties":{"id":501727,"buildingId":489829,"floorId":501691,"floorLevel":2,"name":"BA03N3011","nickname":null,"type":"bathroom","category":"service","label":"Bathroom","passportNumber":"BA03N3011","seats":null,"hasProjector":false,"hasWhiteboard":false,"code":null}},{"type":"Feature","geometry":{"type":"Polygon","coordinates":[[[16.61655,49.21136],[16.616548,49.21136],[16.616548,49.211355],[16.616514,49.211352],[16.616513,49.211353],[16.616505,49.211353],[16.616505,49.211352],[16.616497,49.211351],[16.616493,49.211377],[16.616496,49.211377],[16.616496,49.211377],[16.616546,49.211381],[16.61655,49.21136]]]},"properties":{"id":501728,"buildingId":489829,"floorId":501691,"floorLevel":2,"name":"BA03N3028","nickname":"C203","type":"office","category":"office","label":"Office","passportNumber":"BA03N3028","seats":null,"hasProjector":false,"hasWhiteboard":false,"code":null}},{"type":"Feature","geometry":{"type":"Polygon","coordinates":[[[16.616685,49.211366],[16.616677,49.211366],[16.616677,49.211366],[16.616597,49.21136],[16.616593,49.211383],[16.616666,49.211389],[16.616666,49.21139],[16.616681,49.211391],[16.616685,49.211366]]]},"properties":{"id":501729,"buildingId":489829,"floorId":501691,"floorLevel":2,"name":"BA03N3013","nickname":"C216","type":"classroom_and_laboratory","category":"teaching","label":"Classroom / lab","passportNumber":"BA03N3013","seats":null,"hasProjector":false,"hasWhiteboard":false,"code":null}},{"type":"Feature","geometry":{"type":"Polygon","coordinates":[[[16.616546,49.211382],[16.616493,49.211378],[16.616488,49.211403],[16.616496,49.211404],[16.616496,49.211404],[16.616504,49.211404],[16.616504,49.211405],[16.616542,49.211408],[16.616546,49.211382]]]},"properties":{"id":501730,"buildingId":489829,"floorId":501691,"floorLevel":2,"name":"BA03N3027","nickname":"C204","type":"office","category":"office","label":"Office","passportNumber":"BA03N3027","seats":null,"hasProjector":false,"hasWhiteboard":false,"code":null}},{"type":"Feature","geometry":{"type":"Polygon","coordinates":[[[16.616657,49.211416],[16.616668,49.211417],[16.616668,49.211417],[16.616676,49.211418],[16.616676,49.211418],[16.61668,49.211393],[16.616664,49.211392],[16.616664,49.211389],[16.616582,49.211383],[16.616579,49.211396],[16.61659,49.211396],[16.616588,49.211412],[16.616657,49.211417],[16.616657,49.211416]]]},"properties":{"id":501731,"buildingId":489829,"floorId":501691,"floorLevel":2,"name":"BA03N3014","nickname":"C215","type":"preparatory","category":"service","label":"Preparatory","passportNumber":"BA03N3014","seats":null,"hasProjector":false,"hasWhiteboard":false,"code":null}},{"type":"Feature","geometry":{"type":"Polygon","coordinates":[[[16.616535,49.211429],[16.616538,49.211429],[16.616542,49.211409],[16.616504,49.211406],[16.616504,49.211407],[16.616495,49.211406],[16.616496,49.211406],[16.616488,49.211405],[16.616483,49.21143],[16.616487,49.211431],[16.616486,49.211431],[16.616534,49.211435],[16.616535,49.211429]]]},"properties":{"id":501732,"buildingId":489829,"floorId":501691,"floorLevel":2,"name":"BA03N3026","nickname":"C205","type":"office","category":"office","label":"Office","passportNumber":"BA03N3026","seats":null,"hasProjector":false,"hasWhiteboard":false,"code":null}},{"type":"Feature","geometry":{"type":"Polygon","coordinates":[[[16.616537,49.211436],[16.616483,49.211432],[16.616478,49.211457],[16.616486,49.211458],[16.616486,49.211457],[16.616495,49.211458],[16.616494,49.211459],[16.616532,49.211462],[16.616537,49.211436]]]},"properties":{"id":501733,"buildingId":489829,"floorId":501691,"floorLevel":2,"name":"BA03N3025","nickname":"C206","type":"office","category":"office","label":"Office","passportNumber":"BA03N3025","seats":null,"hasProjector":false,"hasWhiteboard":false,"code":null}},{"type":"Feature","geometry":{"type":"Polygon","coordinates":[[[16.616675,49.21142],[16.616668,49.211419],[16.616668,49.21142],[16.616617,49.211416],[16.616616,49.211419],[16.616587,49.211417],[16.616586,49.21142],[16.616575,49.21142],[16.616573,49.211432],[16.616584,49.211433],[16.616583,49.211438],[16.616572,49.211437],[16.61657,49.21145],[16.616581,49.211451],[16.616578,49.211465],[16.616604,49.211467],[16.616605,49.211463],[16.616609,49.211463],[16.616608,49.211467],[16.616647,49.21147],[16.616647,49.21147],[16.616658,49.21147],[16.616658,49.211471],[16.616666,49.211472],[16.616675,49.21142]]]},"properties":{"id":501734,"buildingId":489829,"floorId":501691,"floorLevel":2,"name":"BA03N3015","nickname":"C214","type":"classroom_and_laboratory","category":"teaching","label":"Classroom / lab","passportNumber":"BA03N3015","seats":null,"hasProjector":false,"hasWhiteboard":false,"code":null}},{"type":"Feature","geometry":{"type":"Polygon","coordinates":[[[16.616525,49.211483],[16.616528,49.211483],[16.616532,49.211462],[16.616494,49.211459],[16.616494,49.21146],[16.616486,49.21146],[16.616486,49.211459],[16.616478,49.211459],[16.616474,49.211484],[16.616477,49.211484],[16.616477,49.211485],[16.616524,49.211488],[16.616525,49.211483]]]},"properties":{"id":501735,"buildingId":489829,"floorId":501691,"floorLevel":2,"name":"BA03N3024","nickname":"C207","type":"office","category":"office","label":"Office","passportNumber":"BA03N3024","seats":null,"hasProjector":false,"hasWhiteboard":false,"code":null}},{"type":"Feature","geometry":{"type":"Polygon","coordinates":[[[16.616527,49.21149],[16.616473,49.211485],[16.616469,49.211511],[16.616477,49.211511],[16.616477,49.211511],[16.616485,49.211511],[16.616485,49.211512],[16.616522,49.211515],[16.616527,49.21149]]]},"properties":{"id":501736,"buildingId":489829,"floorId":501691,"floorLevel":2,"name":"BA03N3023","nickname":"C208","type":"office","category":"office","label":"Office","passportNumber":"BA03N3023","seats":null,"hasProjector":false,"hasWhiteboard":false,"code":null}},{"type":"Feature","geometry":{"type":"Polygon","coordinates":[[[16.61659,49.211517],[16.616598,49.211518],[16.616598,49.211521],[16.616637,49.211524],[16.616637,49.211523],[16.616649,49.211524],[16.616649,49.211525],[16.616656,49.211525],[16.616666,49.211473],[16.616658,49.211473],[16.616658,49.211473],[16.616647,49.211472],[16.616647,49.211471],[16.616578,49.211466],[16.616576,49.211474],[16.61657,49.211473],[16.616567,49.211486],[16.616574,49.211486],[16.616573,49.211491],[16.616562,49.21149],[16.61656,49.211503],[16.616571,49.211504],[16.616568,49.211519],[16.616589,49.21152],[16.61659,49.211517]]]},"properties":{"id":501737,"buildingId":489829,"floorId":501691,"floorLevel":2,"name":"BA03N3016","nickname":"C213","type":"classroom_and_laboratory","category":"teaching","label":"Classroom / lab","passportNumber":"BA03N3016","seats":null,"hasProjector":false,"hasWhiteboard":false,"code":null}},{"type":"Feature","geometry":{"type":"Polygon","coordinates":[[[16.616515,49.211537],[16.616518,49.211537],[16.616522,49.211516],[16.616485,49.211513],[16.616484,49.211514],[16.616476,49.211513],[16.616476,49.211513],[16.616468,49.211512],[16.616464,49.211538],[16.616467,49.211538],[16.616467,49.211538],[16.616514,49.211542],[16.616515,49.211537]]]},"properties":{"id":501738,"buildingId":489829,"floorId":501691,"floorLevel":2,"name":"BA03N3022","nickname":"C209","type":"office","category":"office","label":"Office","passportNumber":"BA03N3022","seats":null,"hasProjector":false,"hasWhiteboard":false,"code":null}},{"type":"Feature","geometry":{"type":"Polygon","coordinates":[[[16.616585,49.211543],[16.61659,49.211543],[16.616594,49.211522],[16.616568,49.21152],[16.616563,49.211546],[16.616584,49.211547],[16.616585,49.211543]]]},"properties":{"id":501739,"buildingId":489829,"floorId":501691,"floorLevel":2,"name":"BA03N3017","nickname":"C212","type":"lobby","category":"circulation","label":"Lobby","passportNumber":"BA03N3017","seats":null,"hasProjector":false,"hasWhiteboard":false,"code":null}},{"type":"Feature","geometry":{"type":"Polygon","coordinates":[[[16.616656,49.211527],[16.616648,49.211526],[16.616648,49.211527],[16.616637,49.211526],[16.616637,49.211525],[16.616595,49.211522],[16.616591,49.211544],[16.616595,49.211544],[16.616594,49.211548],[16.616651,49.211553],[16.616656,49.211527]]]},"properties":{"id":501740,"buildingId":489829,"floorId":501691,"floorLevel":2,"name":"BA03N3018","nickname":null,"type":"classroom_and_laboratory","category":"teaching","label":"Classroom / lab","passportNumber":"BA03N3018","seats":null,"hasProjector":false,"hasWhiteboard":false,"code":null}},{"type":"Feature","geometry":{"type":"Polygon","coordinates":[[[16.616547,49.21157],[16.616557,49.211571],[16.61656,49.211556],[16.616549,49.211555],[16.616552,49.211538],[16.616563,49.211539],[16.616565,49.211529],[16.616554,49.211528],[16.616556,49.211517],[16.616567,49.211518],[16.616569,49.211509],[16.616558,49.211508],[16.616566,49.211463],[16.616577,49.211464],[16.616579,49.211454],[16.616568,49.211453],[16.616576,49.21141],[16.616586,49.21141],[16.616588,49.2114],[16.616577,49.211399],[16.616582,49.211376],[16.616593,49.211376],[16.616594,49.211366],[16.616584,49.211365],[16.616594,49.211306],[16.616562,49.211303],[16.616514,49.211569],[16.616546,49.211571],[16.616547,49.21157]]]},"properties":{"id":501741,"buildingId":489829,"floorId":501691,"floorLevel":2,"name":"BA03N3002","nickname":null,"type":"floor","category":"structure","label":"Corridor","passportNumber":"BA03N3002","seats":null,"hasProjector":false,"hasWhiteboard":false,"code":null}},{"type":"Feature","geometry":{"type":"Polygon","coordinates":[[[16.616502,49.211619],[16.616504,49.211619],[16.616507,49.211599],[16.6165,49.211598],[16.616501,49.211595],[16.616508,49.211596],[16.616512,49.211573],[16.616509,49.211573],[16.61651,49.211567],[16.616513,49.211568],[16.616517,49.211543],[16.616464,49.211539],[16.616459,49.211564],[16.616467,49.211565],[16.616467,49.211564],[16.616475,49.211565],[16.616475,49.211568],[16.616467,49.211567],[16.616467,49.211566],[16.616459,49.211566],[16.616449,49.211618],[16.616457,49.211619],[16.616457,49.211618],[16.616466,49.211618],[16.616465,49.211621],[16.616501,49.211624],[16.616502,49.211619]]]},"properties":{"id":501742,"buildingId":489829,"floorId":501691,"floorLevel":2,"name":"BA03N3021","nickname":"C23","type":"classroom_and_laboratory","category":"teaching","label":"Classroom / lab","passportNumber":"BA03N3021","seats":null,"hasProjector":false,"hasWhiteboard":false,"code":null}},{"type":"Feature","geometry":{"type":"Polygon","coordinates":[[[16.616621,49.21163],[16.616629,49.211631],[16.616629,49.211632],[16.616637,49.211633],[16.616651,49.211554],[16.616557,49.211546],[16.616555,49.211555],[16.616562,49.211555],[16.616556,49.211585],[16.616546,49.211584],[16.616543,49.211596],[16.616554,49.211597],[16.616553,49.211602],[16.616542,49.211601],[16.61654,49.211614],[16.616551,49.211615],[16.616549,49.211627],[16.616573,49.211629],[16.616574,49.211622],[16.616586,49.211623],[16.616584,49.21163],[16.616621,49.211633],[16.616621,49.21163]]]},"properties":{"id":501743,"buildingId":489829,"floorId":501691,"floorLevel":2,"name":"BA03N3019","nickname":null,"type":"classroom_and_laboratory","category":"teaching","label":"Classroom / lab","passportNumber":"BA03N3019","seats":null,"hasProjector":false,"hasWhiteboard":false,"code":null}},{"type":"Feature","geometry":{"type":"Polygon","coordinates":[[[16.616546,49.211572],[16.616514,49.21157],[16.616513,49.211574],[16.616512,49.211582],[16.616504,49.211627],[16.616536,49.211629],[16.616546,49.211572]]]},"properties":{"id":501939,"buildingId":489829,"floorId":501691,"floorLevel":2,"name":"BA03N3020","nickname":null,"type":"stairs","category":"circulation","label":"Stairs","passportNumber":"BA03N3020","seats":null,"hasProjector":false,"hasWhiteboard":false,"code":null}},{"type":"Feature","geometry":{"type":"Polygon","coordinates":[[[16.616848,49.21108],[16.616845,49.211078],[16.616852,49.211074],[16.616855,49.211076],[16.616881,49.211063],[16.616858,49.211043],[16.616857,49.211044],[16.616851,49.211039],[16.616852,49.211039],[16.616847,49.211035],[16.616785,49.211067],[16.616789,49.211071],[16.61679,49.211071],[16.616819,49.211095],[16.616848,49.21108]]]},"properties":{"id":506180,"buildingId":489829,"floorId":506179,"floorLevel":1,"name":"BA03N2043","nickname":"C119","type":"preparatory","category":"service","label":"Preparatory","passportNumber":"BA03N2043","seats":null,"hasProjector":false,"hasWhiteboard":false,"code":null}},{"type":"Feature","geometry":{"type":"Polygon","coordinates":[[[16.616805,49.211102],[16.616798,49.211096],[16.616799,49.211096],[16.616806,49.211102],[16.616818,49.211095],[16.616794,49.211076],[16.616792,49.211077],[16.616787,49.211073],[16.616788,49.211072],[16.616783,49.211068],[16.616752,49.211084],[16.616779,49.211106],[16.616783,49.211104],[16.61679,49.21111],[16.616805,49.211102]]]},"properties":{"id":506181,"buildingId":489829,"floorId":506179,"floorLevel":1,"name":"BA03N2042","nickname":"C120","type":"office","category":"office","label":"Office","passportNumber":"BA03N2042","seats":null,"hasProjector":false,"hasWhiteboard":false,"code":null}},{"type":"Feature","geometry":{"type":"Polygon","coordinates":[[[16.616778,49.211116],[16.616776,49.211115],[16.616783,49.211111],[16.616751,49.211085],[16.61672,49.211101],[16.616724,49.211105],[16.616726,49.211105],[16.616731,49.211109],[16.616728,49.21111],[16.616752,49.211129],[16.616778,49.211116]]]},"properties":{"id":506182,"buildingId":489829,"floorId":506179,"floorLevel":1,"name":"BA03N2041","nickname":"C121","type":"preparatory","category":"service","label":"Preparatory","passportNumber":"BA03N2041","seats":null,"hasProjector":false,"hasWhiteboard":false,"code":null}},{"type":"Feature","geometry":{"type":"Polygon","coordinates":[[[16.616745,49.211133],[16.616742,49.21113],[16.616747,49.211127],[16.616722,49.211106],[16.616723,49.211106],[16.616718,49.211102],[16.616688,49.211118],[16.616721,49.211145],[16.616745,49.211133]]]},"properties":{"id":506183,"buildingId":489829,"floorId":506179,"floorLevel":1,"name":"BA03N2040","nickname":"C122","type":"office","category":"office","label":"Office","passportNumber":"BA03N2040","seats":null,"hasProjector":false,"hasWhiteboard":false,"code":null}},{"type":"Feature","geometry":{"type":"Polygon","coordinates":[[[16.616715,49.211149],[16.616712,49.211147],[16.616718,49.211144],[16.616686,49.211118],[16.616655,49.211134],[16.61666,49.211138],[16.616661,49.211138],[16.61669,49.211162],[16.616715,49.211149]]]},"properties":{"id":506184,"buildingId":489829,"floorId":506179,"floorLevel":1,"name":"BA03N2039","nickname":"C123","type":"preparatory","category":"service","label":"Preparatory","passportNumber":"BA03N2039","seats":null,"hasProjector":false,"hasWhiteboard":false,"code":null}},{"type":"Feature","geometry":{"type":"Polygon","coordinates":[[[16.616964,49.211132],[16.616959,49.211128],[16.616959,49.211128],[16.616952,49.211123],[16.616955,49.211121],[16.616911,49.211085],[16.616899,49.211092],[16.616892,49.211086],[16.616876,49.211094],[16.616883,49.2111],[16.616878,49.211103],[16.616871,49.211097],[16.616855,49.211105],[16.616862,49.211111],[16.616814,49.211136],[16.616869,49.211181],[16.616964,49.211132]]]},"properties":{"id":506185,"buildingId":489829,"floorId":506179,"floorLevel":1,"name":"BA03N2044","nickname":"C12","type":"classroom_and_laboratory","category":"teaching","label":"Classroom / lab","passportNumber":"BA03N2044","seats":null,"hasProjector":false,"hasWhiteboard":false,"code":null}},{"type":"Feature","geometry":{"type":"Polygon","coordinates":[[[16.616688,49.211162],[16.616665,49.211143],[16.616663,49.211144],[16.616658,49.21114],[16.616658,49.211139],[16.616653,49.211135],[16.616638,49.211143],[16.616672,49.211171],[16.616688,49.211162]]]},"properties":{"id":506186,"buildingId":489829,"floorId":506179,"floorLevel":1,"name":"BA03N2038","nickname":"C124","type":"coatroom","category":"service","label":"Cloakroom","passportNumber":"BA03N2038","seats":null,"hasProjector":false,"hasWhiteboard":false,"code":null}},{"type":"Feature","geometry":{"type":"Polygon","coordinates":[[[16.616671,49.211171],[16.616637,49.211144],[16.616607,49.211159],[16.61664,49.211187],[16.616671,49.211171]]]},"properties":{"id":506187,"buildingId":489829,"floorId":506179,"floorLevel":1,"name":"BA03N2037","nickname":"C125","type":"office","category":"office","label":"Office","passportNumber":"BA03N2037","seats":null,"hasProjector":false,"hasWhiteboard":false,"code":null}},{"type":"Feature","geometry":{"type":"Polygon","coordinates":[[[16.616634,49.21119],[16.616633,49.211189],[16.616637,49.211186],[16.616605,49.21116],[16.616574,49.211176],[16.616595,49.211194],[16.6166,49.211191],[16.616613,49.211201],[16.616634,49.21119]]]},"properties":{"id":506188,"buildingId":489829,"floorId":506179,"floorLevel":1,"name":"BA03N2035","nickname":"C126","type":"storage","category":"service","label":"Storage","passportNumber":"BA03N2035","seats":null,"hasProjector":false,"hasWhiteboard":false,"code":null}},{"type":"Feature","geometry":{"type":"Polygon","coordinates":[[[16.616578,49.211198],[16.61658,49.211199],[16.616583,49.211198],[16.616585,49.211199],[16.616594,49.211194],[16.616573,49.211177],[16.616558,49.211185],[16.616576,49.211199],[16.616578,49.211198]]]},"properties":{"id":506189,"buildingId":489829,"floorId":506179,"floorLevel":1,"name":"BA03N2036","nickname":null,"type":"storage","category":"service","label":"Storage","passportNumber":"BA03N2036","seats":null,"hasProjector":false,"hasWhiteboard":false,"code":null}},{"type":"Feature","geometry":{"type":"Polygon","coordinates":[[[16.616735,49.211201],[16.616717,49.211186],[16.616715,49.211187],[16.61671,49.211183],[16.616699,49.211189],[16.616697,49.211187],[16.616687,49.211192],[16.616712,49.211213],[16.616735,49.211201]]]},"properties":{"id":506190,"buildingId":489829,"floorId":506179,"floorLevel":1,"name":"BA03N2046","nickname":null,"type":"bathroom","category":"service","label":"Bathroom","passportNumber":"BA03N2046","seats":null,"hasProjector":false,"hasWhiteboard":false,"code":null}},{"type":"Feature","geometry":{"type":"Polygon","coordinates":[[[16.616609,49.211202],[16.6166,49.211194],[16.616582,49.211203],[16.616591,49.211211],[16.616609,49.211202]]]},"properties":{"id":506191,"buildingId":489829,"floorId":506179,"floorLevel":1,"name":"BA03N2034","nickname":null,"type":"elevator","category":"circulation","label":"Elevator","passportNumber":"BA03N2034","seats":null,"hasProjector":false,"hasWhiteboard":false,"code":null}},{"type":"Feature","geometry":{"type":"Polygon","coordinates":[[[16.616711,49.211214],[16.616686,49.211193],[16.616666,49.211203],[16.616692,49.211224],[16.616711,49.211214]]]},"properties":{"id":506192,"buildingId":489829,"floorId":506179,"floorLevel":1,"name":"BA03N2049","nickname":null,"type":"bathroom","category":"service","label":"Bathroom","passportNumber":"BA03N2049","seats":null,"hasProjector":false,"hasWhiteboard":false,"code":null}},{"type":"Feature","geometry":{"type":"Polygon","coordinates":[[[16.616867,49.211182],[16.616812,49.211137],[16.616773,49.211157],[16.616767,49.211151],[16.616746,49.211162],[16.616753,49.211167],[16.616743,49.211172],[16.616736,49.211167],[16.616717,49.211177],[16.616724,49.211183],[16.616718,49.211186],[16.616768,49.211227],[16.616767,49.211227],[16.616772,49.211231],[16.616867,49.211182]]]},"properties":{"id":506193,"buildingId":489829,"floorId":506179,"floorLevel":1,"name":"BA03N2045","nickname":"C11","type":"classroom_and_laboratory","category":"teaching","label":"Classroom / lab","passportNumber":"BA03N2045","seats":null,"hasProjector":false,"hasWhiteboard":false,"code":null}},{"type":"Feature","geometry":{"type":"Polygon","coordinates":[[[16.61677,49.211232],[16.616765,49.211228],[16.616765,49.211229],[16.616734,49.211203],[16.616713,49.211214],[16.616725,49.211224],[16.616717,49.211229],[16.61674,49.211248],[16.61677,49.211232]]]},"properties":{"id":506196,"buildingId":489829,"floorId":506179,"floorLevel":1,"name":"BA03N2047","nickname":null,"type":"toilet","category":"service","label":"Toilet","passportNumber":"BA03N2047","seats":null,"hasProjector":false,"hasWhiteboard":false,"code":null}},{"type":"Feature","geometry":{"type":"Polygon","coordinates":[[[16.616576,49.21122],[16.61659,49.211213],[16.616556,49.211185],[16.616524,49.211202],[16.616513,49.211267],[16.616567,49.211271],[16.616576,49.21122]]]},"properties":{"id":506199,"buildingId":489829,"floorId":506179,"floorLevel":1,"name":"BA03N2033","nickname":"C100","type":"office","category":"office","label":"Office","passportNumber":"BA03N2033","seats":null,"hasProjector":false,"hasWhiteboard":false,"code":null}},{"type":"Feature","geometry":{"type":"Polygon","coordinates":[[[16.616774,49.211289],[16.616759,49.211283],[16.61675,49.211275],[16.616749,49.211275],[16.616748,49.211276],[16.616747,49.211277],[16.616746,49.211278],[16.616744,49.211279],[16.616743,49.21128],[16.616742,49.211281],[16.61674,49.211284],[16.616739,49.211286],[16.616738,49.211288],[16.616735,49.211306],[16.616739,49.211307],[16.616739,49.211308],[16.616759,49.21131],[16.616774,49.211289]]]},"properties":{"id":506201,"buildingId":489829,"floorId":506179,"floorLevel":1,"name":"BA03N2057","nickname":null,"type":"floor","category":"structure","label":"Corridor","passportNumber":"BA03N2057","seats":null,"hasProjector":false,"hasWhiteboard":false,"code":null}},{"type":"Feature","geometry":{"type":"Polygon","coordinates":[[[16.61696,49.211305],[16.616958,49.211305],[16.616957,49.211304],[16.616956,49.211304],[16.616955,49.211303],[16.616952,49.211303],[16.61695,49.211302],[16.616938,49.2113],[16.616937,49.211299],[16.616936,49.211299],[16.616933,49.211299],[16.616931,49.211299],[16.61693,49.211299],[16.616928,49.211299],[16.616926,49.211298],[16.616925,49.211298],[16.616923,49.21132],[16.616924,49.21132],[16.616925,49.21132],[16.616926,49.211321],[16.616927,49.211321],[16.616928,49.211321],[16.616937,49.211322],[16.616938,49.211323],[16.616939,49.211323],[16.616939,49.211323],[16.616941,49.211324],[16.616942,49.211324],[16.61696,49.211305]]]},"properties":{"id":506203,"buildingId":489829,"floorId":506179,"floorLevel":1,"name":"BA03N2052","nickname":null,"type":"toilet","category":"service","label":"Toilet","passportNumber":"BA03N2052","seats":null,"hasProjector":false,"hasWhiteboard":false,"code":null}},{"type":"Feature","geometry":{"type":"Polygon","coordinates":[[[16.616694,49.211291],[16.616663,49.211289],[16.61666,49.211305],[16.616691,49.211307],[16.616694,49.211291]]]},"properties":{"id":506204,"buildingId":489829,"floorId":506179,"floorLevel":1,"name":"BA03N2058","nickname":null,"type":"elevator","category":"circulation","label":"Elevator","passportNumber":"BA03N2058","seats":null,"hasProjector":false,"hasWhiteboard":false,"code":null}},{"type":"Feature","geometry":{"type":"Polygon","coordinates":[[[16.616735,49.211306],[16.616738,49.211288],[16.616738,49.211287],[16.616739,49.211286],[16.616739,49.211285],[16.61674,49.211284],[16.61674,49.211284],[16.616741,49.211283],[16.616742,49.211281],[16.616742,49.211281],[16.616743,49.21128],[16.616744,49.211279],[16.616745,49.211278],[16.616746,49.211278],[16.616746,49.211277],[16.616747,49.211277],[16.616748,49.211276],[16.616749,49.211275],[16.61675,49.211275],[16.616699,49.211233],[16.61668,49.211243],[16.616682,49.211244],[16.616682,49.211244],[16.616684,49.211246],[16.616684,49.211246],[16.616708,49.211266],[16.616707,49.211273],[16.616665,49.21127],[16.616662,49.211286],[16.616705,49.211289],[16.616702,49.211308],[16.616702,49.211308],[16.616702,49.211308],[16.616734,49.21131],[16.616735,49.211306]]]},"properties":{"id":506205,"buildingId":489829,"floorId":506179,"floorLevel":1,"name":"BA03N2059","nickname":null,"type":"stairs","category":"circulation","label":"Stairs","passportNumber":"BA03N2059","seats":null,"hasProjector":false,"hasWhiteboard":false,"code":null}},{"type":"Feature","geometry":{"type":"Polygon","coordinates":[[[16.616657,49.2113],[16.616658,49.211291],[16.616659,49.211286],[16.616662,49.211286],[16.616665,49.21127],[16.616664,49.21127],[16.616667,49.211255],[16.616665,49.211253],[16.616682,49.211244],[16.61668,49.211243],[16.616699,49.211233],[16.616665,49.211204],[16.616647,49.211213],[16.616653,49.211218],[16.616649,49.21122],[16.616643,49.211215],[16.616609,49.211233],[16.616607,49.211246],[16.616616,49.211247],[16.616616,49.21125],[16.616606,49.211249],[16.616597,49.2113],[16.616608,49.211301],[16.616608,49.211302],[16.616656,49.211306],[16.616657,49.2113]]]},"properties":{"id":506206,"buildingId":489829,"floorId":506179,"floorLevel":1,"name":"BA03N2060","nickname":null,"type":"floor","category":"structure","label":"Corridor","passportNumber":"BA03N2060","seats":null,"hasProjector":false,"hasWhiteboard":false,"code":null}},{"type":"Feature","geometry":{"type":"Polygon","coordinates":[[[16.616566,49.211272],[16.616516,49.211268],[16.616516,49.211269],[16.616512,49.211269],[16.616508,49.211294],[16.616516,49.211294],[16.616516,49.211294],[16.616524,49.211294],[16.616523,49.211297],[16.616561,49.2113],[16.616566,49.211272]]]},"properties":{"id":506207,"buildingId":489829,"floorId":506179,"floorLevel":1,"name":"BA03N2032","nickname":"C101","type":"office","category":"office","label":"Office","passportNumber":"BA03N2032","seats":null,"hasProjector":false,"hasWhiteboard":false,"code":null}},{"type":"Feature","geometry":{"type":"Polygon","coordinates":[[[16.616595,49.2113],[16.616596,49.2113],[16.616605,49.211249],[16.616604,49.211249],[16.616605,49.211246],[16.616606,49.211246],[16.616608,49.211232],[16.616642,49.211215],[16.616642,49.211214],[16.616646,49.211212],[16.616646,49.211212],[16.616664,49.211203],[16.616663,49.211203],[16.616775,49.211145],[16.616782,49.211151],[16.61681,49.211137],[16.616803,49.211131],[16.616809,49.211128],[16.616815,49.211134],[16.616843,49.21112],[16.616836,49.211114],[16.616905,49.211078],[16.616885,49.211062],[16.616607,49.211206],[16.616605,49.211204],[16.616594,49.21121],[16.616596,49.211211],[16.616587,49.211216],[16.616586,49.211216],[16.616577,49.211221],[16.616562,49.211302],[16.616594,49.211305],[16.616595,49.2113]]]},"properties":{"id":506209,"buildingId":489829,"floorId":506179,"floorLevel":1,"name":"BA03N2001","nickname":null,"type":"floor","category":"structure","label":"Corridor","passportNumber":"BA03N2001","seats":null,"hasProjector":false,"hasWhiteboard":false,"code":null}},{"type":"Feature","geometry":{"type":"Polygon","coordinates":[[[16.616667,49.21131],[16.61663,49.211307],[16.616628,49.211321],[16.616664,49.211324],[16.616667,49.21131]]]},"properties":{"id":506215,"buildingId":489829,"floorId":506179,"floorLevel":1,"name":"BA03N2004","nickname":null,"type":"lobby","category":"circulation","label":"Lobby","passportNumber":"BA03N2004","seats":null,"hasProjector":false,"hasWhiteboard":false,"code":null}},{"type":"Feature","geometry":{"type":"Polygon","coordinates":[[[16.616629,49.211307],[16.616605,49.211305],[16.616605,49.211307],[16.616596,49.211306],[16.616594,49.211316],[16.6166,49.211316],[16.616598,49.211326],[16.616625,49.211328],[16.616629,49.211307]]]},"properties":{"id":506218,"buildingId":489829,"floorId":506179,"floorLevel":1,"name":"BA03N2003","nickname":null,"type":"bathroom","category":"service","label":"Bathroom","passportNumber":"BA03N2003","seats":null,"hasProjector":false,"hasWhiteboard":false,"code":null}},{"type":"Feature","geometry":{"type":"Polygon","coordinates":[[[16.616649,49.211324],[16.616627,49.211322],[16.616626,49.21133],[16.616647,49.211332],[16.616649,49.211324]]]},"properties":{"id":506219,"buildingId":489829,"floorId":506179,"floorLevel":1,"name":"BA03N2006","nickname":null,"type":"toilet","category":"service","label":"Toilet","passportNumber":"BA03N2006","seats":null,"hasProjector":false,"hasWhiteboard":false,"code":null}},{"type":"Feature","geometry":{"type":"Polygon","coordinates":[[[16.616695,49.211312],[16.616687,49.211311],[16.616687,49.211312],[16.616679,49.211312],[16.616679,49.211311],[16.616668,49.21131],[16.616666,49.211325],[16.616652,49.211324],[16.61665,49.211335],[16.61669,49.211338],[16.616695,49.211312]]]},"properties":{"id":506221,"buildingId":489829,"floorId":506179,"floorLevel":1,"name":"BA03N2005","nickname":null,"type":"bathroom","category":"service","label":"Bathroom","passportNumber":"BA03N2005","seats":null,"hasProjector":false,"hasWhiteboard":false,"code":null}},{"type":"Feature","geometry":{"type":"Polygon","coordinates":[[[16.61662,49.211329],[16.616592,49.211327],[16.61659,49.211335],[16.616619,49.211337],[16.61662,49.211329]]]},"properties":{"id":506222,"buildingId":489829,"floorId":506179,"floorLevel":1,"name":"BA03N2007","nickname":"C113","type":"utility_room","category":"service","label":"Utility","passportNumber":"BA03N2007","seats":null,"hasProjector":false,"hasWhiteboard":false,"code":null}},{"type":"Feature","geometry":{"type":"Polygon","coordinates":[[[16.616646,49.211338],[16.616625,49.211337],[16.616623,49.211345],[16.616644,49.211346],[16.616646,49.211338]]]},"properties":{"id":506224,"buildingId":489829,"floorId":506179,"floorLevel":1,"name":"BA03N2012","nickname":null,"type":"toilet","category":"service","label":"Toilet","passportNumber":"BA03N2012","seats":null,"hasProjector":false,"hasWhiteboard":false,"code":null}},{"type":"Feature","geometry":{"type":"Polygon","coordinates":[[[16.616882,49.21136],[16.616881,49.211359],[16.616881,49.211358],[16.616881,49.211358],[16.61688,49.211357],[16.61688,49.211356],[16.61688,49.211356],[16.61688,49.211355],[16.61688,49.211354],[16.616879,49.211354],[16.616879,49.211353],[16.616879,49.211352],[16.616879,49.211352],[16.616879,49.211351],[16.616879,49.211351],[16.616879,49.211351],[16.616878,49.21135],[16.616878,49.211349],[16.616878,49.211348],[16.616878,49.211348],[16.616878,49.211347],[16.616845,49.211347],[16.616845,49.211348],[16.616845,49.211349],[16.616845,49.211351],[16.616845,49.211353],[16.616845,49.211354],[16.616845,49.211355],[16.616846,49.211356],[16.616846,49.211357],[16.616847,49.211359],[16.616847,49.211359],[16.616847,49.21136],[16.616848,49.211362],[16.616848,49.211363],[16.616848,49.211363],[16.616848,49.211364],[16.616849,49.211364],[16.616849,49.211366],[16.61685,49.211366],[16.61685,49.211367],[16.616851,49.211368],[16.616851,49.211369],[16.616852,49.21137],[16.616852,49.21137],[16.616882,49.21136]]]},"properties":{"id":506225,"buildingId":489829,"floorId":506179,"floorLevel":1,"name":"BA03N2053","nickname":null,"type":"toilet","category":"service","label":"Toilet","passportNumber":"BA03N2053","seats":null,"hasProjector":false,"hasWhiteboard":false,"code":null}},{"type":"Feature","geometry":{"type":"Polygon","coordinates":[[[16.61656,49.211307],[16.616556,49.211306],[16.616557,49.211301],[16.616523,49.211298],[16.616523,49.2113],[16.616515,49.211299],[16.616515,49.211299],[16.616507,49.211298],[16.616498,49.21135],[16.616506,49.211351],[16.616506,49.21135],[16.616514,49.211351],[16.616514,49.211351],[16.616551,49.211354],[16.61656,49.211307]]]},"properties":{"id":506226,"buildingId":489829,"floorId":506179,"floorLevel":1,"name":"BA03N2031","nickname":null,"type":"office","category":"office","label":"Office","passportNumber":"BA03N2031","seats":null,"hasProjector":false,"hasWhiteboard":false,"code":null}},{"type":"Feature","geometry":{"type":"Polygon","coordinates":[[[16.616623,49.211338],[16.61659,49.211336],[16.616587,49.211356],[16.616597,49.211357],[16.616597,49.211358],[16.616619,49.21136],[16.616623,49.211338]]]},"properties":{"id":506227,"buildingId":489829,"floorId":506179,"floorLevel":1,"name":"BA03N2009","nickname":null,"type":"bathroom","category":"service","label":"Bathroom","passportNumber":"BA03N2009","seats":null,"hasProjector":false,"hasWhiteboard":false,"code":null}},{"type":"Feature","geometry":{"type":"Polygon","coordinates":[[[16.61666,49.211349],[16.616623,49.211346],[16.616621,49.21136],[16.616657,49.211363],[16.61666,49.211349]]]},"properties":{"id":506228,"buildingId":489829,"floorId":506179,"floorLevel":1,"name":"BA03N2010","nickname":null,"type":"lobby","category":"circulation","label":"Lobby","passportNumber":"BA03N2010","seats":null,"hasProjector":false,"hasWhiteboard":false,"code":null}},{"type":"Feature","geometry":{"type":"Polygon","coordinates":[[[16.616666,49.211362],[16.616678,49.211363],[16.616678,49.211364],[16.616685,49.211364],[16.61669,49.211339],[16.61665,49.211336],[16.616648,49.211347],[16.616662,49.211348],[16.616659,49.211363],[16.616666,49.211364],[16.616666,49.211362]]]},"properties":{"id":506229,"buildingId":489829,"floorId":506179,"floorLevel":1,"name":"BA03N2011","nickname":null,"type":"bathroom","category":"service","label":"Bathroom","passportNumber":"BA03N2011","seats":null,"hasProjector":false,"hasWhiteboard":false,"code":null}},{"type":"Feature","geometry":{"type":"Polygon","coordinates":[[[16.616795,49.211391],[16.616794,49.21139],[16.61685,49.211371],[16.616849,49.211369],[16.616848,49.211368],[16.616847,49.211366],[16.616847,49.211365],[16.616846,49.211365],[16.616846,49.211364],[16.616843,49.211356],[16.616843,49.211354],[16.616842,49.211352],[16.616842,49.21135],[16.616842,49.211349],[16.616842,49.211348],[16.61684,49.211348],[16.61684,49.211345],[16.616841,49.211341],[16.616841,49.211339],[16.616842,49.211337],[16.616843,49.211334],[16.616844,49.211332],[16.616845,49.21133],[16.616846,49.211328],[16.616847,49.211326],[16.61685,49.211323],[16.616852,49.21132],[16.616854,49.211319],[16.616856,49.211317],[16.616857,49.211316],[16.616859,49.211314],[16.61686,49.211313],[16.616863,49.211311],[16.616866,49.211309],[16.616868,49.211308],[16.616871,49.211307],[16.616872,49.211306],[16.616874,49.211305],[16.616877,49.211303],[16.616881,49.211302],[16.616883,49.211301],[16.616886,49.211301],[16.616888,49.2113],[16.61689,49.211299],[16.616893,49.211298],[16.616896,49.211298],[16.616901,49.211297],[16.616903,49.211296],[16.616905,49.211296],[16.616908,49.211296],[16.616912,49.211296],[16.616915,49.211295],[16.616919,49.211295],[16.616922,49.211295],[16.616926,49.211295],[16.616927,49.211295],[16.616927,49.211297],[16.61693,49.211297],[16.616933,49.211297],[16.616935,49.211297],[16.616936,49.211298],[16.616939,49.211298],[16.61695,49.2113],[16.616952,49.211301],[16.616955,49.211302],[16.616957,49.211302],[16.616959,49.211303],[16.616961,49.211304],[16.616995,49.211269],[16.616996,49.211269],[16.617011,49.211254],[16.617008,49.211253],[16.617006,49.211253],[16.617004,49.211252],[16.616992,49.211248],[16.616971,49.211242],[16.61695,49.211239],[16.616928,49.211237],[16.616906,49.211238],[16.616884,49.21124],[16.616863,49.211244],[16.616842,49.21125],[16.616823,49.211258],[16.616824,49.211258],[16.61682,49.211261],[16.616816,49.211263],[16.616811,49.211266],[16.616806,49.211268],[16.616805,49.211269],[16.616802,49.211271],[16.616801,49.211271],[16.616797,49.211274],[16.616795,49.211276],[16.616792,49.211278],[16.61679,49.211279],[16.616788,49.211282],[16.616786,49.211283],[16.616784,49.211285],[16.616782,49.211286],[16.616781,49.211288],[16.61678,49.211289],[16.616779,49.211289],[16.616778,49.211291],[16.616774,49.21129],[16.61676,49.211309],[16.616764,49.21131],[16.616763,49.211312],[16.616762,49.211313],[16.616761,49.211314],[16.616761,49.211316],[16.616759,49.211315],[16.616754,49.211329],[16.616752,49.211344],[16.616752,49.211358],[16.616756,49.211373],[16.616762,49.211387],[16.616771,49.211399],[16.616795,49.211391]]]},"properties":{"id":506230,"buildingId":489829,"floorId":506179,"floorLevel":1,"name":"BA03N2056","nickname":null,"type":"floor","category":"structure","label":"Corridor","passportNumber":"BA03N2056","seats":null,"hasProjector":false,"hasWhiteboard":false,"code":null}},{"type":"Feature","geometry":{"type":"Polygon","coordinates":[[[16.61655,49.21136],[16.616547,49.21136],[16.616548,49.211355],[16.616514,49.211352],[16.616513,49.211353],[16.616505,49.211353],[16.616505,49.211352],[16.616497,49.211351],[16.616488,49.211403],[16.616496,49.211404],[16.616496,49.211404],[16.616504,49.211404],[16.616504,49.211405],[16.616542,49.211408],[16.61655,49.21136]]]},"properties":{"id":506231,"buildingId":489829,"floorId":506179,"floorLevel":1,"name":"BA03N2030","nickname":null,"type":"office","category":"office","label":"Office","passportNumber":"BA03N2030","seats":null,"hasProjector":false,"hasWhiteboard":false,"code":null}},{"type":"Feature","geometry":{"type":"Polygon","coordinates":[[[16.616685,49.211366],[16.616677,49.211366],[16.616677,49.211366],[16.616597,49.21136],[16.616596,49.211367],[16.616585,49.211366],[16.616583,49.211379],[16.616593,49.21138],[16.616593,49.211384],[16.616582,49.211383],[16.616579,49.211396],[16.61659,49.211397],[16.616588,49.211411],[16.616668,49.211417],[16.616668,49.211417],[16.616676,49.211418],[16.616685,49.211366]]]},"properties":{"id":506232,"buildingId":489829,"floorId":506179,"floorLevel":1,"name":"BA03N2013","nickname":"C111","type":"classroom_and_laboratory","category":"teaching","label":"Classroom / lab","passportNumber":"BA03N2013","seats":null,"hasProjector":false,"hasWhiteboard":false,"code":null}},{"type":"Feature","geometry":{"type":"Polygon","coordinates":[[[16.616675,49.21142],[16.616668,49.211419],[16.616668,49.21142],[16.616659,49.211419],[16.61666,49.211418],[16.616621,49.211415],[16.61662,49.211419],[16.616612,49.211419],[16.616612,49.211414],[16.616598,49.211413],[16.616598,49.211417],[16.616587,49.211416],[16.616586,49.21142],[16.616575,49.211419],[16.616573,49.211432],[16.616584,49.211433],[16.616583,49.211438],[16.616671,49.211445],[16.616675,49.21142]]]},"properties":{"id":506233,"buildingId":489829,"floorId":506179,"floorLevel":1,"name":"BA03N2014","nickname":"C988","type":"classroom_and_laboratory","category":"teaching","label":"Classroom / lab","passportNumber":"BA03N2014","seats":null,"hasProjector":false,"hasWhiteboard":false,"code":null}},{"type":"Feature","geometry":{"type":"Polygon","coordinates":[[[16.616537,49.211436],[16.616534,49.211436],[16.616535,49.21143],[16.616535,49.211429],[16.616538,49.211429],[16.616542,49.211409],[16.616504,49.211406],[16.616504,49.211407],[16.616495,49.211406],[16.616496,49.211406],[16.616488,49.211405],[16.616478,49.211457],[16.616486,49.211458],[16.616486,49.211457],[16.616495,49.211458],[16.616494,49.211459],[16.616532,49.211462],[16.616537,49.211436]]]},"properties":{"id":506234,"buildingId":489829,"floorId":506179,"floorLevel":1,"name":"BA03N2029","nickname":null,"type":"office","category":"office","label":"Office","passportNumber":"BA03N2029","seats":null,"hasProjector":false,"hasWhiteboard":false,"code":null}},{"type":"Feature","geometry":{"type":"Polygon","coordinates":[[[16.616608,49.211441],[16.616577,49.211439],[16.616575,49.21145],[16.616581,49.21145],[16.616578,49.211465],[16.616604,49.211467],[16.616608,49.211441]]]},"properties":{"id":506235,"buildingId":489829,"floorId":506179,"floorLevel":1,"name":"BA03N2015","nickname":null,"type":"lobby","category":"circulation","label":"Lobby","passportNumber":"BA03N2015","seats":null,"hasProjector":false,"hasWhiteboard":false,"code":null}},{"type":"Feature","geometry":{"type":"Polygon","coordinates":[[[16.616647,49.21147],[16.616658,49.21147],[16.616658,49.211471],[16.616666,49.211472],[16.616671,49.211446],[16.61661,49.211441],[16.616606,49.211463],[16.616614,49.211464],[16.616613,49.211468],[16.616647,49.21147]]]},"properties":{"id":506236,"buildingId":489829,"floorId":506179,"floorLevel":1,"name":"BA03N2016","nickname":null,"type":"preparatory","category":"service","label":"Preparatory","passportNumber":"BA03N2016","seats":null,"hasProjector":false,"hasWhiteboard":false,"code":null}},{"type":"Feature","geometry":{"type":"Polygon","coordinates":[[[16.616525,49.211483],[16.616528,49.211483],[16.616532,49.211462],[16.616494,49.211459],[16.616494,49.21146],[16.616486,49.21146],[16.616486,49.211459],[16.616478,49.211459],[16.616474,49.211484],[16.616477,49.211484],[16.616477,49.211485],[16.616524,49.211488],[16.616525,49.211483]]]},"properties":{"id":506237,"buildingId":489829,"floorId":506179,"floorLevel":1,"name":"BA03N2028","nickname":null,"type":"office","category":"office","label":"Office","passportNumber":"BA03N2028","seats":null,"hasProjector":false,"hasWhiteboard":false,"code":null}},{"type":"Feature","geometry":{"type":"Polygon","coordinates":[[[16.616527,49.211489],[16.616473,49.211485],[16.616469,49.211511],[16.616477,49.211511],[16.616477,49.211511],[16.616485,49.211511],[16.616485,49.211512],[16.616522,49.211515],[16.616527,49.211489]]]},"properties":{"id":506238,"buildingId":489829,"floorId":506179,"floorLevel":1,"name":"BA03N2027","nickname":"C106","type":"office","category":"office","label":"Office","passportNumber":"BA03N2027","seats":null,"hasProjector":false,"hasWhiteboard":false,"code":null}},{"type":"Feature","geometry":{"type":"Polygon","coordinates":[[[16.616637,49.211523],[16.616649,49.211524],[16.616649,49.211525],[16.616656,49.211525],[16.616666,49.211473],[16.616658,49.211473],[16.616658,49.211473],[16.616647,49.211472],[16.616647,49.211471],[16.616578,49.211466],[16.616576,49.211473],[16.616566,49.211473],[16.616563,49.211485],[16.616574,49.211486],[16.616573,49.211491],[16.616562,49.21149],[16.61656,49.211503],[16.616571,49.211504],[16.61657,49.211507],[16.616559,49.211507],[16.616558,49.211517],[16.616569,49.211518],[16.616568,49.211519],[16.61659,49.21152],[16.61659,49.211516],[16.616599,49.211517],[16.616598,49.211521],[16.616637,49.211524],[16.616637,49.211523]]]},"properties":{"id":506239,"buildingId":489829,"floorId":506179,"floorLevel":1,"name":"BA03N2017","nickname":null,"type":"classroom_and_laboratory","category":"teaching","label":"Classroom / lab","passportNumber":"BA03N2017","seats":null,"hasProjector":false,"hasWhiteboard":false,"code":null}},{"type":"Feature","geometry":{"type":"Polygon","coordinates":[[[16.616515,49.211536],[16.616518,49.211537],[16.616522,49.211516],[16.616485,49.211513],[16.616484,49.211514],[16.616476,49.211513],[16.616476,49.211513],[16.616468,49.211512],[16.616464,49.211538],[16.616467,49.211538],[16.616467,49.211538],[16.616514,49.211542],[16.616515,49.211536]]]},"properties":{"id":506240,"buildingId":489829,"floorId":506179,"floorLevel":1,"name":"BA03N2026","nickname":"C107","type":"office","category":"office","label":"Office","passportNumber":"BA03N2026","seats":null,"hasProjector":false,"hasWhiteboard":false,"code":null}},{"type":"Feature","geometry":{"type":"Polygon","coordinates":[[[16.616656,49.211527],[16.616648,49.211526],[16.616648,49.211527],[16.616637,49.211526],[16.616637,49.211525],[16.616568,49.211519],[16.616567,49.211528],[16.616556,49.211527],[16.616554,49.211539],[16.616564,49.21154],[16.616564,49.211545],[16.616585,49.211547],[16.616586,49.211543],[16.616595,49.211543],[16.616595,49.211548],[16.616652,49.211552],[16.616656,49.211527]]]},"properties":{"id":506241,"buildingId":489829,"floorId":506179,"floorLevel":1,"name":"BA03N2019","nickname":"C990","type":"kitchen","category":"service","label":"Kitchen","passportNumber":"BA03N2019","seats":null,"hasProjector":false,"hasWhiteboard":false,"code":null}},{"type":"Feature","geometry":{"type":"Polygon","coordinates":[[[16.616511,49.211567],[16.616513,49.211568],[16.616517,49.211543],[16.616464,49.211539],[16.616459,49.211564],[16.616467,49.211565],[16.616467,49.211564],[16.616475,49.211565],[16.616475,49.211566],[16.61651,49.211568],[16.616511,49.211567]]]},"properties":{"id":506242,"buildingId":489829,"floorId":506179,"floorLevel":1,"name":"BA03N2023","nickname":"C108","type":"office","category":"office","label":"Office","passportNumber":"BA03N2023","seats":null,"hasProjector":false,"hasWhiteboard":false,"code":null}},{"type":"Feature","geometry":{"type":"Polygon","coordinates":[[[16.616589,49.211548],[16.616557,49.211546],[16.616556,49.211554],[16.616562,49.211555],[16.616559,49.211572],[16.616585,49.211574],[16.616589,49.211548]]]},"properties":{"id":506243,"buildingId":489829,"floorId":506179,"floorLevel":1,"name":"BA03N2018","nickname":null,"type":"lobby","category":"circulation","label":"Lobby","passportNumber":"BA03N2018","seats":null,"hasProjector":false,"hasWhiteboard":false,"code":null}},{"type":"Feature","geometry":{"type":"Polygon","coordinates":[[[16.616547,49.21157],[16.616557,49.211571],[16.61656,49.211556],[16.616549,49.211555],[16.616566,49.211463],[16.616577,49.211464],[16.616579,49.211454],[16.616568,49.211453],[16.616576,49.21141],[16.616586,49.21141],[16.616588,49.2114],[16.616577,49.2114],[16.616594,49.211306],[16.616562,49.211303],[16.616514,49.211569],[16.616546,49.211571],[16.616547,49.21157]]]},"properties":{"id":506244,"buildingId":489829,"floorId":506179,"floorLevel":1,"name":"BA03N2002","nickname":"C994","type":"floor","category":"structure","label":"Corridor","passportNumber":"BA03N2002","seats":null,"hasProjector":false,"hasWhiteboard":false,"code":null}},{"type":"Feature","geometry":{"type":"Polygon","coordinates":[[[16.616651,49.211553],[16.616591,49.211548],[16.616586,49.211574],[16.616623,49.211577],[16.616624,49.211576],[16.616639,49.211577],[16.616639,49.211578],[16.616647,49.211579],[16.616651,49.211553]]]},"properties":{"id":506245,"buildingId":489829,"floorId":506179,"floorLevel":1,"name":"BA03N2020","nickname":"C991","type":"office","category":"office","label":"Office","passportNumber":"BA03N2020","seats":null,"hasProjector":false,"hasWhiteboard":false,"code":null}},{"type":"Feature","geometry":{"type":"Polygon","coordinates":[[[16.61651,49.211569],[16.616475,49.211566],[16.616475,49.211568],[16.616467,49.211567],[16.616467,49.211566],[16.616459,49.211566],[16.616454,49.211591],[16.616506,49.211595],[16.61651,49.211569]]]},"properties":{"id":506246,"buildingId":489829,"floorId":506179,"floorLevel":1,"name":"BA03N2024","nickname":"C992","type":"office","category":"office","label":"Office","passportNumber":"BA03N2024","seats":null,"hasProjector":false,"hasWhiteboard":false,"code":null}},{"type":"Feature","geometry":{"type":"Polygon","coordinates":[[[16.616502,49.211618],[16.616504,49.211618],[16.616507,49.211599],[16.6165,49.211599],[16.6165,49.211596],[16.616454,49.211592],[16.616449,49.211618],[16.616457,49.211619],[16.616457,49.211618],[16.616466,49.211618],[16.616465,49.21162],[16.616501,49.211623],[16.616502,49.211618]]]},"properties":{"id":506247,"buildingId":489829,"floorId":506179,"floorLevel":1,"name":"BA03N2025","nickname":"C993","type":"office","category":"office","label":"Office","passportNumber":"BA03N2025","seats":null,"hasProjector":false,"hasWhiteboard":false,"code":null}},{"type":"Feature","geometry":{"type":"Polygon","coordinates":[[[16.616621,49.21163],[16.616629,49.211631],[16.616629,49.211632],[16.616637,49.211633],[16.616646,49.21158],[16.616639,49.21158],[16.616639,49.21158],[16.616623,49.211579],[16.616623,49.211578],[16.616559,49.211573],[16.616556,49.211585],[16.616546,49.211584],[16.616543,49.211596],[16.616554,49.211597],[16.616553,49.211602],[16.616542,49.211601],[16.61654,49.211614],[16.616551,49.211615],[16.616549,49.211627],[16.616573,49.211629],[16.616574,49.211622],[16.616586,49.211623],[16.616584,49.21163],[16.616621,49.211633],[16.616621,49.21163]]]},"properties":{"id":506248,"buildingId":489829,"floorId":506179,"floorLevel":1,"name":"BA03N2021","nickname":null,"type":"classroom_and_laboratory","category":"teaching","label":"Classroom / lab","passportNumber":"BA03N2021","seats":null,"hasProjector":false,"hasWhiteboard":false,"code":null}},{"type":"Feature","geometry":{"type":"Polygon","coordinates":[[[16.616546,49.211572],[16.616514,49.21157],[16.616504,49.211627],[16.616536,49.211629],[16.616546,49.211572]]]},"properties":{"id":506249,"buildingId":489829,"floorId":506179,"floorLevel":1,"name":"BA03N2022","nickname":null,"type":"stairs","category":"circulation","label":"Stairs","passportNumber":"BA03N2022","seats":null,"hasProjector":false,"hasWhiteboard":false,"code":null}},{"type":"Feature","geometry":{"type":"Polygon","coordinates":[[[16.616647,49.211333],[16.616626,49.211331],[16.616625,49.211336],[16.616646,49.211338],[16.616647,49.211333]]]},"properties":{"id":506365,"buildingId":489829,"floorId":506179,"floorLevel":1,"name":"BA03N2008","nickname":null,"type":"shaft","category":"service","label":"Shaft","passportNumber":"BA03N2008","seats":null,"hasProjector":false,"hasWhiteboard":false,"code":null}},{"type":"Feature","geometry":{"type":"Polygon","coordinates":[[[16.617051,49.211419],[16.617064,49.211408],[16.617075,49.211395],[16.617083,49.211381],[16.617088,49.211367],[16.61709,49.211353],[16.61709,49.211338],[16.617086,49.211324],[16.61708,49.21131],[16.617071,49.211297],[16.61706,49.211285],[16.617046,49.211273],[16.617029,49.211263],[16.617012,49.211255],[16.616998,49.21127],[16.616999,49.21127],[16.616999,49.211271],[16.616942,49.21133],[16.616949,49.211366],[16.616965,49.211377],[16.617019,49.211416],[16.617028,49.211422],[16.617027,49.211422],[16.617037,49.211429],[16.617051,49.211419]]]},"properties":{"id":506479,"buildingId":489829,"floorId":506179,"floorLevel":1,"name":"BA03N2051","nickname":"C02","type":"classroom_and_laboratory","category":"teaching","label":"Classroom / lab","passportNumber":"BA03N2051","seats":null,"hasProjector":false,"hasWhiteboard":false,"code":null}},{"type":"Feature","geometry":{"type":"Polygon","coordinates":[[[16.616979,49.211452],[16.617,49.211447],[16.617019,49.211439],[16.617035,49.21143],[16.617025,49.211423],[16.617024,49.211424],[16.617015,49.211418],[16.616961,49.211379],[16.616945,49.211368],[16.616891,49.211361],[16.616796,49.211393],[16.616796,49.211393],[16.616795,49.211392],[16.616771,49.2114],[16.616783,49.211412],[16.616796,49.211424],[16.616813,49.211434],[16.61683,49.211442],[16.61685,49.211449],[16.616871,49.211454],[16.616892,49.211458],[16.616914,49.211459],[16.616936,49.211459],[16.616958,49.211457],[16.616979,49.211452]]]},"properties":{"id":506480,"buildingId":489829,"floorId":506179,"floorLevel":1,"name":"BA03N2055","nickname":"C01","type":"classroom_and_laboratory","category":"teaching","label":"Classroom / lab","passportNumber":"BA03N2055","seats":null,"hasProjector":false,"hasWhiteboard":false,"code":null}},{"type":"Feature","geometry":{"type":"Polygon","coordinates":[[[16.616716,49.211228],[16.616724,49.211224],[16.616712,49.211215],[16.616705,49.211219],[16.616716,49.211228]]]},"properties":{"id":506481,"buildingId":489829,"floorId":506179,"floorLevel":1,"name":"BA03N2048","nickname":null,"type":"shaft","category":"service","label":"Shaft","passportNumber":"BA03N2048","seats":null,"hasProjector":false,"hasWhiteboard":false,"code":null}},{"type":"Feature","geometry":{"type":"Polygon","coordinates":[[[16.616822,49.2111],[16.616837,49.211113],[16.6169,49.21108],[16.616856,49.211044],[16.616856,49.211044],[16.61685,49.21104],[16.616851,49.211039],[16.616849,49.211038],[16.616787,49.21107],[16.616788,49.21107],[16.61679,49.211069],[16.616799,49.211076],[16.616791,49.21108],[16.616783,49.211073],[16.616787,49.211071],[16.616786,49.21107],[16.616755,49.211086],[16.616757,49.211088],[16.616758,49.211088],[16.616792,49.211116],[16.616822,49.2111]]]},"properties":{"id":509543,"buildingId":489829,"floorId":509542,"floorLevel":0,"name":"BA03N1010","nickname":"C34","type":"office","category":"office","label":"Office","passportNumber":"BA03N1010","seats":null,"hasProjector":false,"hasWhiteboard":false,"code":null}},{"type":"Feature","geometry":{"type":"Polygon","coordinates":[[[16.61679,49.211117],[16.616754,49.211087],[16.616722,49.211103],[16.616723,49.211104],[16.616726,49.211103],[16.616734,49.211109],[16.616726,49.211113],[16.616718,49.211106],[16.616722,49.211104],[16.616721,49.211104],[16.61669,49.21112],[16.616693,49.211123],[16.616694,49.211123],[16.616726,49.21115],[16.61679,49.211117]]]},"properties":{"id":509544,"buildingId":489829,"floorId":509542,"floorLevel":0,"name":"BA03N1009","nickname":"C35","type":"office","category":"office","label":"Office","passportNumber":"BA03N1009","seats":null,"hasProjector":false,"hasWhiteboard":false,"code":null}},{"type":"Feature","geometry":{"type":"Polygon","coordinates":[[[16.616649,49.211134],[16.616617,49.211107],[16.616557,49.211138],[16.616589,49.211164],[16.616649,49.211134]]]},"properties":{"id":509545,"buildingId":489829,"floorId":509542,"floorLevel":0,"name":"BA03N1001","nickname":null,"type":"stairs","category":"circulation","label":"Stairs","passportNumber":"BA03N1001","seats":null,"hasProjector":false,"hasWhiteboard":false,"code":null}},{"type":"Feature","geometry":{"type":"Polygon","coordinates":[[[16.616687,49.211161],[16.616665,49.211143],[16.616662,49.211144],[16.61665,49.211134],[16.616591,49.211164],[16.616626,49.211193],[16.616687,49.211161]]]},"properties":{"id":509546,"buildingId":489829,"floorId":509542,"floorLevel":0,"name":"BA03N1002","nickname":null,"type":"lobby","category":"circulation","label":"Lobby","passportNumber":"BA03N1002","seats":null,"hasProjector":false,"hasWhiteboard":false,"code":null}},{"type":"Feature","geometry":{"type":"Polygon","coordinates":[[[16.616601,49.21119],[16.616615,49.211201],[16.616626,49.211195],[16.616607,49.211179],[16.616603,49.211181],[16.616591,49.21117],[16.616563,49.211185],[16.616581,49.2112],[16.616601,49.21119]]]},"properties":{"id":509547,"buildingId":489829,"floorId":509542,"floorLevel":0,"name":"BA03N1055","nickname":"C4","type":"storage","category":"service","label":"Storage","passportNumber":"BA03N1055","seats":null,"hasProjector":false,"hasWhiteboard":false,"code":null}},{"type":"Feature","geometry":{"type":"Polygon","coordinates":[[[16.616611,49.211202],[16.616602,49.211194],[16.616584,49.211203],[16.616593,49.211211],[16.616611,49.211202]]]},"properties":{"id":509549,"buildingId":489829,"floorId":509542,"floorLevel":0,"name":"BA03N1054","nickname":null,"type":"elevator","category":"circulation","label":"Elevator","passportNumber":"BA03N1054","seats":null,"hasProjector":false,"hasWhiteboard":false,"code":null}},{"type":"Feature","geometry":{"type":"Polygon","coordinates":[[[16.616793,49.211209],[16.616791,49.211207],[16.616796,49.211205],[16.616801,49.211208],[16.616826,49.211195],[16.61682,49.21119],[16.616827,49.211186],[16.616833,49.211191],[16.616859,49.211178],[16.616855,49.211175],[16.616861,49.211172],[16.616865,49.211175],[16.616891,49.211162],[16.616885,49.211157],[16.616892,49.211153],[16.616898,49.211158],[16.616923,49.211145],[16.616919,49.211141],[16.616926,49.211138],[16.61693,49.211141],[16.616956,49.211128],[16.616953,49.211126],[16.616952,49.211126],[16.616949,49.211123],[16.616951,49.211122],[16.616908,49.211086],[16.616901,49.21109],[16.616896,49.211085],[16.616847,49.21111],[16.616853,49.211115],[16.616815,49.211134],[16.616817,49.211136],[16.616812,49.211139],[16.61681,49.211137],[16.61674,49.211173],[16.616734,49.211168],[16.616712,49.21118],[16.616718,49.211184],[16.616718,49.211185],[16.616763,49.211222],[16.616763,49.211222],[16.616765,49.211223],[16.616793,49.211209]]]},"properties":{"id":509550,"buildingId":489829,"floorId":509542,"floorLevel":0,"name":"BA03N1011","nickname":"C33","type":"boardroom","category":"teaching","label":"Boardroom","passportNumber":"BA03N1011","seats":null,"hasProjector":false,"hasWhiteboard":false,"code":null}},{"type":"Feature","geometry":{"type":"Polygon","coordinates":[[[16.616579,49.211216],[16.616581,49.211218],[16.61659,49.211213],[16.616587,49.211212],[16.616589,49.211211],[16.61656,49.211186],[16.616543,49.211195],[16.616539,49.211215],[16.616541,49.211215],[16.616576,49.211218],[16.616579,49.211216]]]},"properties":{"id":509552,"buildingId":489829,"floorId":509542,"floorLevel":0,"name":"BA03N1053","nickname":null,"type":"storage","category":"service","label":"Storage","passportNumber":"BA03N1053","seats":null,"hasProjector":false,"hasWhiteboard":false,"code":null}},{"type":"Feature","geometry":{"type":"Polygon","coordinates":[[[16.616794,49.211253],[16.616785,49.211245],[16.616767,49.211254],[16.616777,49.211262],[16.616794,49.211253]]]},"properties":{"id":509555,"buildingId":489829,"floorId":509542,"floorLevel":0,"name":"BA03N1016","nickname":null,"type":"toilet","category":"service","label":"Toilet","passportNumber":"BA03N1016","seats":null,"hasProjector":false,"hasWhiteboard":false,"code":null}},{"type":"Feature","geometry":{"type":"Polygon","coordinates":[[[16.616783,49.211244],[16.616733,49.211202],[16.616732,49.211202],[16.616692,49.211222],[16.616743,49.211265],[16.616783,49.211244]]]},"properties":{"id":509557,"buildingId":489829,"floorId":509542,"floorLevel":0,"name":"BA03N1057","nickname":null,"type":"stairs","category":"circulation","label":"Stairs","passportNumber":"BA03N1057","seats":null,"hasProjector":false,"hasWhiteboard":false,"code":null}},{"type":"Feature","geometry":{"type":"Polygon","coordinates":[[[16.616776,49.211263],[16.616766,49.211255],[16.616744,49.211266],[16.616754,49.211274],[16.616776,49.211263]]]},"properties":{"id":509558,"buildingId":489829,"floorId":509542,"floorLevel":0,"name":"BA03N1015","nickname":"C29","type":"bathroom","category":"service","label":"Bathroom","passportNumber":"BA03N1015","seats":null,"hasProjector":false,"hasWhiteboard":false,"code":null}},{"type":"Feature","geometry":{"type":"Polygon","coordinates":[[[16.61699,49.211274],[16.616962,49.211266],[16.616967,49.211255],[16.616965,49.211254],[16.616952,49.211252],[16.616949,49.211252],[16.616935,49.21125],[16.616935,49.21125],[16.616929,49.211295],[16.616933,49.211295],[16.616936,49.211296],[16.616941,49.211296],[16.616957,49.2113],[16.61696,49.211301],[16.616963,49.211302],[16.61699,49.211274]]]},"properties":{"id":509559,"buildingId":489829,"floorId":509542,"floorLevel":0,"name":"BA03N1022","nickname":"C26","type":"utility_room","category":"service","label":"Utility","passportNumber":"BA03N1022","seats":null,"hasProjector":false,"hasWhiteboard":false,"code":null}},{"type":"Feature","geometry":{"type":"Polygon","coordinates":[[[16.616778,49.211291],[16.616779,49.21129],[16.616782,49.211287],[16.616785,49.211284],[16.616787,49.211282],[16.616791,49.211279],[16.616794,49.211276],[16.616798,49.211274],[16.6168,49.211272],[16.616803,49.21127],[16.616806,49.211268],[16.61681,49.211266],[16.616796,49.211254],[16.616756,49.211275],[16.616773,49.21129],[16.616774,49.21129],[16.616778,49.211291]]]},"properties":{"id":509560,"buildingId":489829,"floorId":509542,"floorLevel":0,"name":"BA03N1017","nickname":"C28","type":"workshop","category":"other","label":"workshop","passportNumber":"BA03N1017","seats":null,"hasProjector":false,"hasWhiteboard":false,"code":null}},{"type":"Feature","geometry":{"type":"Polygon","coordinates":[[[16.616694,49.211291],[16.616663,49.211289],[16.61666,49.211305],[16.616691,49.211307],[16.616694,49.211291]]]},"properties":{"id":509562,"buildingId":489829,"floorId":509542,"floorLevel":0,"name":"BA03N1029","nickname":null,"type":"elevator","category":"circulation","label":"Elevator","passportNumber":"BA03N1029","seats":null,"hasProjector":false,"hasWhiteboard":false,"code":null}},{"type":"Feature","geometry":{"type":"Polygon","coordinates":[[[16.616789,49.2113],[16.616773,49.211294],[16.61675,49.211275],[16.616749,49.211275],[16.616748,49.211276],[16.616747,49.211277],[16.616746,49.211278],[16.616744,49.211279],[16.616743,49.21128],[16.616742,49.211281],[16.61674,49.211284],[16.616739,49.211286],[16.616738,49.211288],[16.616734,49.211309],[16.616738,49.21131],[16.616738,49.211311],[16.61678,49.211314],[16.616789,49.2113]]]},"properties":{"id":509563,"buildingId":489829,"floorId":509542,"floorLevel":0,"name":"BA03N1058","nickname":null,"type":"floor","category":"structure","label":"Corridor","passportNumber":"BA03N1058","seats":null,"hasProjector":false,"hasWhiteboard":false,"code":null}},{"type":"Feature","geometry":{"type":"Polygon","coordinates":[[[16.616851,49.211317],[16.616854,49.211318],[16.616855,49.211317],[16.616856,49.211316],[16.616859,49.211314],[16.61686,49.211313],[16.616863,49.211311],[16.616866,49.211309],[16.616868,49.211308],[16.616872,49.211306],[16.616891,49.211298],[16.616892,49.211298],[16.616894,49.211298],[16.616898,49.211297],[16.616902,49.211296],[16.616907,49.211295],[16.61691,49.211295],[16.616913,49.211295],[16.616918,49.211295],[16.61692,49.211295],[16.616923,49.211295],[16.616926,49.211295],[16.616932,49.21125],[16.616916,49.21125],[16.616913,49.21125],[16.616896,49.211251],[16.616893,49.211252],[16.616877,49.211254],[16.616875,49.211255],[16.616859,49.211259],[16.616856,49.21126],[16.616842,49.211265],[16.616838,49.211267],[16.616836,49.211268],[16.616832,49.211269],[16.616828,49.211272],[16.616822,49.211275],[16.616817,49.211278],[16.616815,49.21128],[16.616812,49.211281],[16.616809,49.211284],[16.616806,49.211286],[16.616804,49.211287],[16.616802,49.211289],[16.6168,49.211291],[16.616793,49.211298],[16.616792,49.211299],[16.616792,49.211299],[16.616849,49.21132],[16.616851,49.211317]]]},"properties":{"id":509564,"buildingId":489829,"floorId":509542,"floorLevel":0,"name":"BA03N1021","nickname":"C27","type":"office","category":"office","label":"Office","passportNumber":"BA03N1021","seats":null,"hasProjector":false,"hasWhiteboard":false,"code":null}},{"type":"Feature","geometry":{"type":"Polygon","coordinates":[[[16.616734,49.211309],[16.616738,49.211288],[16.616738,49.211287],[16.616739,49.211286],[16.616739,49.211285],[16.61674,49.211284],[16.61674,49.211284],[16.616741,49.211283],[16.616742,49.211281],[16.616742,49.211281],[16.616743,49.21128],[16.616744,49.211279],[16.616745,49.211278],[16.616746,49.211278],[16.616746,49.211277],[16.616747,49.211277],[16.616748,49.211276],[16.616749,49.211275],[16.61675,49.211275],[16.616689,49.211224],[16.616669,49.211234],[16.616682,49.211244],[16.616682,49.211244],[16.616684,49.211246],[16.616684,49.211246],[16.616708,49.211266],[16.616707,49.211273],[16.616665,49.21127],[16.616662,49.211286],[16.616705,49.211289],[16.616701,49.211311],[16.616702,49.211311],[16.616734,49.211313],[16.616734,49.211309]]]},"properties":{"id":509565,"buildingId":489829,"floorId":509542,"floorLevel":0,"name":"BA03N1056","nickname":null,"type":"stairs","category":"circulation","label":"Stairs","passportNumber":"BA03N1056","seats":null,"hasProjector":false,"hasWhiteboard":false,"code":null}},{"type":"Feature","geometry":{"type":"Polygon","coordinates":[[[16.616941,49.211325],[16.61694,49.211324],[16.616939,49.211324],[16.616937,49.211323],[16.616936,49.211323],[16.616927,49.211322],[16.616926,49.211321],[16.616925,49.211321],[16.616924,49.211321],[16.616922,49.211321],[16.616922,49.211334],[16.616923,49.211334],[16.616924,49.211334],[16.616926,49.211334],[16.616927,49.211334],[16.616928,49.211335],[16.61693,49.211335],[16.616931,49.211335],[16.616941,49.211325]]]},"properties":{"id":509566,"buildingId":489829,"floorId":509542,"floorLevel":0,"name":"BA03N1024","nickname":"C24","type":"toilet","category":"service","label":"Toilet","passportNumber":"BA03N1024","seats":null,"hasProjector":false,"hasWhiteboard":false,"code":null}},{"type":"Feature","geometry":{"type":"Polygon","coordinates":[[[16.616855,49.211324],[16.616791,49.211301],[16.616781,49.211315],[16.616847,49.211338],[16.616855,49.211324]]]},"properties":{"id":509568,"buildingId":489829,"floorId":509542,"floorLevel":0,"name":"BA03N1018","nickname":null,"type":"floor","category":"structure","label":"Corridor","passportNumber":"BA03N1018","seats":null,"hasProjector":false,"hasWhiteboard":false,"code":null}},{"type":"Feature","geometry":{"type":"Polygon","coordinates":[[[16.6169,49.211347],[16.6169,49.211346],[16.616901,49.211345],[16.616901,49.211344],[16.616901,49.211343],[16.616902,49.211342],[16.616904,49.21134],[16.616905,49.211339],[16.616906,49.211338],[16.616907,49.211338],[16.616908,49.211337],[16.61691,49.211336],[16.616911,49.211336],[16.616912,49.211335],[16.616903,49.211324],[16.616903,49.211324],[16.616902,49.211325],[16.616901,49.211325],[16.616893,49.211329],[16.616892,49.211329],[16.616892,49.21133],[16.61689,49.211331],[16.616889,49.211331],[16.616888,49.211332],[16.616887,49.211334],[16.616886,49.211335],[16.616885,49.211336],[16.616884,49.211338],[16.616886,49.211338],[16.616883,49.211346],[16.6169,49.211347]]]},"properties":{"id":509569,"buildingId":489829,"floorId":509542,"floorLevel":0,"name":"BA03N1025","nickname":"C210","type":"utility_room","category":"service","label":"Utility","passportNumber":"BA03N1025","seats":null,"hasProjector":false,"hasWhiteboard":false,"code":null}},{"type":"Feature","geometry":{"type":"Polygon","coordinates":[[[16.616654,49.21131],[16.61665,49.21131],[16.616651,49.211308],[16.616606,49.211304],[16.616605,49.211307],[16.616596,49.211306],[16.616592,49.211323],[16.616604,49.211324],[16.616604,49.211326],[16.616636,49.211329],[16.616636,49.211331],[16.61665,49.211333],[16.616654,49.21131]]]},"properties":{"id":509570,"buildingId":489829,"floorId":509542,"floorLevel":0,"name":"BA03N1033","nickname":null,"type":"storage","category":"service","label":"Storage","passportNumber":"BA03N1033","seats":null,"hasProjector":false,"hasWhiteboard":false,"code":null}},{"type":"Feature","geometry":{"type":"Polygon","coordinates":[[[16.616561,49.211302],[16.616523,49.211299],[16.616523,49.2113],[16.616515,49.2113],[16.616514,49.211304],[16.616513,49.211304],[16.616511,49.211312],[16.616513,49.211312],[16.61651,49.211325],[16.616556,49.211328],[16.616561,49.211302]]]},"properties":{"id":509571,"buildingId":489829,"floorId":509542,"floorLevel":0,"name":"BA03N1050","nickname":"C7","type":"office","category":"office","label":"Office","passportNumber":"BA03N1050","seats":null,"hasProjector":false,"hasWhiteboard":false,"code":null}},{"type":"Feature","geometry":{"type":"Polygon","coordinates":[[[16.616838,49.211347],[16.616838,49.211345],[16.616846,49.211345],[16.616846,49.21134],[16.61678,49.211316],[16.616777,49.211324],[16.616774,49.211335],[16.616773,49.211337],[16.616772,49.211348],[16.616838,49.211347]]]},"properties":{"id":509572,"buildingId":489829,"floorId":509542,"floorLevel":0,"name":"BA03N1019","nickname":"C19","type":"coatroom","category":"service","label":"Cloakroom","passportNumber":"BA03N1019","seats":null,"hasProjector":false,"hasWhiteboard":false,"code":null}},{"type":"Feature","geometry":{"type":"Polygon","coordinates":[[[16.616902,49.211353],[16.616901,49.211351],[16.616901,49.211351],[16.6169,49.211349],[16.6169,49.211348],[16.616881,49.211347],[16.616881,49.211348],[16.616881,49.211349],[16.616881,49.211349],[16.616883,49.211355],[16.616883,49.211356],[16.616884,49.211357],[16.616884,49.211358],[16.616885,49.211359],[16.616902,49.211353]]]},"properties":{"id":509573,"buildingId":489829,"floorId":509542,"floorLevel":0,"name":"BA03N1026","nickname":null,"type":"storage","category":"service","label":"Storage","passportNumber":"BA03N1026","seats":null,"hasProjector":false,"hasWhiteboard":false,"code":null}},{"type":"Feature","geometry":{"type":"Polygon","coordinates":[[[16.616859,49.211368],[16.61686,49.211369],[16.616879,49.211363],[16.616878,49.211361],[16.616883,49.21136],[16.616882,49.211359],[16.616881,49.211358],[16.616881,49.211357],[16.61688,49.211355],[16.616879,49.211353],[16.616879,49.211352],[16.616879,49.21135],[16.616879,49.211349],[16.616879,49.211348],[16.616879,49.211345],[16.616879,49.211342],[16.61688,49.211341],[16.61688,49.211339],[16.616881,49.211338],[16.616883,49.211336],[16.616884,49.211334],[16.616886,49.211332],[16.616887,49.211331],[16.61689,49.211329],[16.616892,49.211327],[16.616895,49.211326],[16.616897,49.211324],[16.616899,49.211324],[16.616901,49.211323],[16.616906,49.211322],[16.61691,49.211321],[16.616913,49.21132],[16.616916,49.21132],[16.61692,49.21132],[16.616924,49.21132],[16.616926,49.21132],[16.616931,49.21132],[16.616935,49.211321],[16.616937,49.211322],[16.616939,49.211322],[16.616942,49.211323],[16.616943,49.211323],[16.616943,49.211323],[16.616946,49.21132],[16.616948,49.211321],[16.616959,49.211309],[16.616957,49.211308],[16.61696,49.211306],[16.616955,49.211304],[16.616939,49.2113],[16.616937,49.2113],[16.616933,49.2113],[16.61693,49.211299],[16.616923,49.211299],[16.616916,49.211299],[16.616908,49.2113],[16.616904,49.2113],[16.616899,49.211301],[16.616896,49.211302],[16.616895,49.211302],[16.616892,49.211299],[16.616872,49.211307],[16.616875,49.21131],[16.616872,49.211311],[16.616869,49.211313],[16.616866,49.211315],[16.616864,49.211317],[16.616861,49.211319],[16.616859,49.211321],[16.616857,49.211323],[16.616856,49.211324],[16.616849,49.211338],[16.616848,49.211339],[16.616848,49.21134],[16.616848,49.21134],[16.616848,49.211342],[16.616847,49.211343],[16.616847,49.211344],[16.616847,49.211345],[16.616847,49.211347],[16.616847,49.211348],[16.616847,49.21135],[16.616847,49.211352],[16.616847,49.211353],[16.616848,49.211354],[16.616848,49.211355],[16.616848,49.211355],[16.616852,49.211366],[16.616853,49.211367],[16.616854,49.211368],[16.616854,49.211369],[16.616855,49.211369],[16.616859,49.211368]]]},"properties":{"id":509574,"buildingId":489829,"floorId":509542,"floorLevel":0,"name":"BA03N1020","nickname":null,"type":"floor","category":"structure","label":"Corridor","passportNumber":"BA03N1020","seats":null,"hasProjector":false,"hasWhiteboard":false,"code":null}},{"type":"Feature","geometry":{"type":"Polygon","coordinates":[[[16.616974,49.211376],[16.616978,49.211378],[16.616981,49.211376],[16.616984,49.211373],[16.616988,49.211369],[16.61699,49.211365],[16.616992,49.211361],[16.616994,49.211356],[16.616995,49.211352],[16.616995,49.211346],[16.616994,49.211341],[16.616993,49.211336],[16.616991,49.211331],[16.616988,49.211328],[16.616985,49.211323],[16.61698,49.211319],[16.616975,49.211315],[16.616971,49.211318],[16.616959,49.211311],[16.616942,49.211329],[16.616948,49.211365],[16.616969,49.21138],[16.616974,49.211376]]]},"properties":{"id":509575,"buildingId":489829,"floorId":509542,"floorLevel":0,"name":"BA03N1023","nickname":null,"type":"classroom_and_laboratory","category":"teaching","label":"Classroom / lab","passportNumber":"BA03N1023","seats":null,"hasProjector":false,"hasWhiteboard":false,"code":null}},{"type":"Feature","geometry":{"type":"Polygon","coordinates":[[[16.616648,49.211339],[16.61664,49.211338],[16.616641,49.211333],[16.616634,49.211332],[16.616635,49.21133],[16.616592,49.211326],[16.616587,49.211355],[16.616645,49.21136],[16.616648,49.211339]]]},"properties":{"id":509576,"buildingId":489829,"floorId":509542,"floorLevel":0,"name":"BA03N1031","nickname":null,"type":"storage","category":"service","label":"Storage","passportNumber":"BA03N1031","seats":null,"hasProjector":false,"hasWhiteboard":false,"code":null}},{"type":"Feature","geometry":{"type":"Polygon","coordinates":[[[16.616667,49.211362],[16.616673,49.211362],[16.616674,49.211357],[16.616677,49.211357],[16.61668,49.211345],[16.616676,49.211344],[16.616682,49.211313],[16.616675,49.211312],[16.616676,49.21131],[16.616656,49.211309],[16.616654,49.211324],[16.616667,49.211325],[16.616667,49.211326],[16.616653,49.211325],[16.616646,49.211363],[16.616666,49.211365],[16.616667,49.211362]]]},"properties":{"id":509577,"buildingId":489829,"floorId":509542,"floorLevel":0,"name":"BA03N1032","nickname":null,"type":"floor","category":"structure","label":"Corridor","passportNumber":"BA03N1032","seats":null,"hasProjector":false,"hasWhiteboard":false,"code":null}},{"type":"Feature","geometry":{"type":"Polygon","coordinates":[[[16.616849,49.211371],[16.616848,49.211369],[16.616847,49.211368],[16.616846,49.211367],[16.616846,49.211367],[16.616842,49.211356],[16.616841,49.211354],[16.616841,49.211352],[16.616841,49.21135],[16.61684,49.211348],[16.616772,49.211349],[16.616772,49.21135],[16.616773,49.211359],[16.616774,49.21136],[16.616776,49.211369],[16.616793,49.211367],[16.616804,49.211387],[16.616849,49.211371]]]},"properties":{"id":509578,"buildingId":489829,"floorId":509542,"floorLevel":0,"name":"BA03N1028","nickname":"C20","type":"utility_room","category":"service","label":"Utility","passportNumber":"BA03N1028","seats":null,"hasProjector":false,"hasWhiteboard":false,"code":null}},{"type":"Feature","geometry":{"type":"Polygon","coordinates":[[[16.616556,49.211329],[16.61651,49.211326],[16.616506,49.211349],[16.616514,49.21135],[16.616513,49.211354],[16.616505,49.211353],[16.616503,49.211365],[16.616549,49.211369],[16.616556,49.211329]]]},"properties":{"id":509579,"buildingId":489829,"floorId":509542,"floorLevel":0,"name":"BA03N1049","nickname":"C8","type":"office","category":"office","label":"Office","passportNumber":"BA03N1049","seats":null,"hasProjector":false,"hasWhiteboard":false,"code":null}},{"type":"Feature","geometry":{"type":"Polygon","coordinates":[[[16.616922,49.211396],[16.616929,49.211396],[16.616936,49.211395],[16.616943,49.211394],[16.616948,49.211393],[16.616955,49.21139],[16.61696,49.211389],[16.616964,49.211387],[16.61696,49.211384],[16.616966,49.211381],[16.616946,49.211367],[16.616891,49.21136],[16.616862,49.21137],[16.616871,49.211378],[16.616867,49.21138],[16.616873,49.211384],[16.616879,49.211387],[16.616885,49.21139],[16.616891,49.211392],[16.616898,49.211393],[16.616905,49.211395],[16.616914,49.211395],[16.616922,49.211396]]]},"properties":{"id":509580,"buildingId":489829,"floorId":509542,"floorLevel":0,"name":"BA03N1027","nickname":null,"type":"classroom_and_laboratory","category":"teaching","label":"Classroom / lab","passportNumber":"BA03N1027","seats":null,"hasProjector":false,"hasWhiteboard":false,"code":null}},{"type":"Feature","geometry":{"type":"Polygon","coordinates":[[[16.617015,49.211404],[16.61702,49.2114],[16.617024,49.211397],[16.61703,49.211392],[16.617034,49.211387],[16.617036,49.211384],[16.61704,49.211378],[16.617043,49.211372],[16.617046,49.211366],[16.617047,49.211362],[16.617048,49.211358],[16.617049,49.21135],[16.617049,49.211342],[16.617048,49.211338],[16.617046,49.21133],[16.617044,49.211325],[16.617042,49.21132],[16.61704,49.211317],[16.617036,49.211311],[16.617033,49.211308],[16.61703,49.211304],[16.617026,49.2113],[16.61702,49.211295],[16.617017,49.211292],[16.617011,49.211288],[16.617006,49.211285],[16.617003,49.211283],[16.616999,49.211281],[16.616994,49.211279],[16.616991,49.211278],[16.616959,49.211311],[16.616971,49.211318],[16.616975,49.211315],[16.61698,49.211319],[16.616985,49.211323],[16.616988,49.211328],[16.616991,49.211331],[16.616993,49.211336],[16.616994,49.211341],[16.616995,49.211346],[16.616995,49.211352],[16.616994,49.211356],[16.616992,49.211361],[16.61699,49.211365],[16.616988,49.211369],[16.616984,49.211373],[16.616981,49.211376],[16.616978,49.211378],[16.616974,49.211376],[16.616969,49.21138],[16.617009,49.211408],[16.617015,49.211404]]]},"properties":{"id":509582,"buildingId":489829,"floorId":509542,"floorLevel":0,"name":"BA03N1023a","nickname":null,"type":"floor","category":"structure","label":"Corridor","passportNumber":"BA03N1023a","seats":null,"hasProjector":false,"hasWhiteboard":false,"code":null}},{"type":"Feature","geometry":{"type":"Polygon","coordinates":[[[16.616672,49.211366],[16.616644,49.211364],[16.616644,49.211361],[16.616597,49.211358],[16.616596,49.211366],[16.616585,49.211365],[16.616582,49.211379],[16.616669,49.211386],[16.616672,49.211366]]]},"properties":{"id":509583,"buildingId":489829,"floorId":509542,"floorLevel":0,"name":"BA03N1031a","nickname":null,"type":"office","category":"office","label":"Office","passportNumber":"BA03N1031a","seats":null,"hasProjector":false,"hasWhiteboard":false,"code":null}},{"type":"Feature","geometry":{"type":"Polygon","coordinates":[[[16.616914,49.211431],[16.616926,49.211431],[16.616933,49.211431],[16.61694,49.21143],[16.616949,49.211429],[16.616958,49.211428],[16.616967,49.211426],[16.616972,49.211424],[16.616979,49.211422],[16.616988,49.211419],[16.616993,49.211417],[16.617,49.211414],[16.617006,49.21141],[16.616966,49.211381],[16.61696,49.211384],[16.616964,49.211387],[16.61696,49.211389],[16.616955,49.21139],[16.616948,49.211393],[16.616943,49.211394],[16.616936,49.211395],[16.616929,49.211396],[16.616922,49.211396],[16.616914,49.211395],[16.616905,49.211395],[16.616898,49.211393],[16.616891,49.211392],[16.616885,49.21139],[16.616879,49.211387],[16.616873,49.211384],[16.616867,49.21138],[16.616871,49.211378],[16.616862,49.21137],[16.616809,49.211387],[16.616811,49.211389],[16.616814,49.211393],[16.616817,49.211396],[16.61682,49.211398],[16.616824,49.211402],[16.61683,49.211405],[16.616834,49.211408],[16.616841,49.211412],[16.616846,49.211415],[16.616851,49.211417],[16.616857,49.21142],[16.616865,49.211423],[16.61687,49.211424],[16.616877,49.211426],[16.616885,49.211428],[16.616896,49.211429],[16.616903,49.21143],[16.616914,49.211431]]]},"properties":{"id":509584,"buildingId":489829,"floorId":509542,"floorLevel":0,"name":"BA03N1027a","nickname":null,"type":"floor","category":"structure","label":"Corridor","passportNumber":"BA03N1027a","seats":null,"hasProjector":false,"hasWhiteboard":false,"code":null}},{"type":"Feature","geometry":{"type":"Polygon","coordinates":[[[16.616549,49.21137],[16.616503,49.211366],[16.616496,49.211403],[16.616504,49.211404],[16.616504,49.211404],[16.616542,49.211407],[16.616549,49.21137]]]},"properties":{"id":509585,"buildingId":489829,"floorId":509542,"floorLevel":0,"name":"BA03N1048","nickname":"C9","type":"office","category":"office","label":"Office","passportNumber":"BA03N1048","seats":null,"hasProjector":false,"hasWhiteboard":false,"code":null}},{"type":"Feature","geometry":{"type":"Polygon","coordinates":[[[16.616668,49.211386],[16.616582,49.21138],[16.616581,49.211386],[16.616584,49.211386],[16.616584,49.211389],[16.616581,49.211389],[16.616577,49.211409],[16.616663,49.211416],[16.616668,49.211386]]]},"properties":{"id":509586,"buildingId":489829,"floorId":509542,"floorLevel":0,"name":"BA03N1034","nickname":null,"type":"office","category":"office","label":"Office","passportNumber":"BA03N1034","seats":null,"hasProjector":false,"hasWhiteboard":false,"code":null}},{"type":"Feature","geometry":{"type":"Polygon","coordinates":[[[16.616662,49.21142],[16.616656,49.211419],[16.616656,49.211418],[16.616621,49.211415],[16.61662,49.211419],[16.616612,49.211418],[16.616613,49.211415],[16.616599,49.211414],[16.616598,49.211417],[16.616576,49.211416],[16.616575,49.211421],[16.616586,49.211422],[16.616583,49.211438],[16.616658,49.211444],[16.616662,49.21142]]]},"properties":{"id":509587,"buildingId":489829,"floorId":509542,"floorLevel":0,"name":"BA03N1035","nickname":null,"type":"office","category":"office","label":"Office","passportNumber":"BA03N1035","seats":null,"hasProjector":false,"hasWhiteboard":false,"code":null}},{"type":"Feature","geometry":{"type":"Polygon","coordinates":[[[16.616542,49.211409],[16.616504,49.211406],[16.616503,49.211408],[16.616495,49.211407],[16.616489,49.211444],[16.616535,49.211447],[16.616542,49.211409]]]},"properties":{"id":509588,"buildingId":489829,"floorId":509542,"floorLevel":0,"name":"BA03N1047","nickname":"C10","type":"office","category":"office","label":"Office","passportNumber":"BA03N1047","seats":null,"hasProjector":false,"hasWhiteboard":false,"code":null}},{"type":"Feature","geometry":{"type":"Polygon","coordinates":[[[16.616647,49.211469],[16.616653,49.211469],[16.616658,49.211445],[16.616576,49.211439],[16.616573,49.211452],[16.61658,49.211452],[16.616578,49.211465],[16.616602,49.211467],[16.616603,49.211462],[16.61661,49.211463],[16.616609,49.211467],[16.616647,49.21147],[16.616647,49.211469]]]},"properties":{"id":509589,"buildingId":489829,"floorId":509542,"floorLevel":0,"name":"BA03N1036","nickname":"C16","type":"office","category":"office","label":"Office","passportNumber":"BA03N1036","seats":null,"hasProjector":false,"hasWhiteboard":false,"code":null}},{"type":"Feature","geometry":{"type":"Polygon","coordinates":[[[16.616535,49.211449],[16.616489,49.211445],[16.616487,49.211456],[16.616494,49.211457],[16.616494,49.211461],[16.616486,49.21146],[16.616481,49.211485],[16.616527,49.211488],[16.616535,49.211449]]]},"properties":{"id":509590,"buildingId":489829,"floorId":509542,"floorLevel":0,"name":"BA03N1046a","nickname":null,"type":"office","category":"office","label":"Office","passportNumber":"BA03N1046a","seats":null,"hasProjector":false,"hasWhiteboard":false,"code":null}},{"type":"Feature","geometry":{"type":"Polygon","coordinates":[[[16.616653,49.211473],[16.616646,49.211473],[16.616647,49.211471],[16.616578,49.211466],[16.616573,49.211492],[16.616648,49.211498],[16.616653,49.211473]]]},"properties":{"id":509591,"buildingId":489829,"floorId":509542,"floorLevel":0,"name":"BA03N1037","nickname":null,"type":"office","category":"office","label":"Office","passportNumber":"BA03N1037","seats":null,"hasProjector":false,"hasWhiteboard":false,"code":null}},{"type":"Feature","geometry":{"type":"Polygon","coordinates":[[[16.616638,49.211522],[16.616643,49.211523],[16.616644,49.211523],[16.616648,49.211499],[16.616562,49.211492],[16.616561,49.211501],[16.616571,49.211501],[16.616568,49.211519],[16.616591,49.21152],[16.616592,49.211517],[16.616599,49.211517],[16.616598,49.211521],[16.616637,49.211524],[16.616638,49.211522]]]},"properties":{"id":509592,"buildingId":489829,"floorId":509542,"floorLevel":0,"name":"BA03N1038","nickname":null,"type":"office","category":"office","label":"Office","passportNumber":"BA03N1038","seats":null,"hasProjector":false,"hasWhiteboard":false,"code":null}},{"type":"Feature","geometry":{"type":"Polygon","coordinates":[[[16.616527,49.21149],[16.616481,49.211486],[16.616477,49.21151],[16.616485,49.211511],[16.616484,49.211515],[16.616476,49.211514],[16.616474,49.211526],[16.61652,49.211529],[16.616527,49.21149]]]},"properties":{"id":509593,"buildingId":489829,"floorId":509542,"floorLevel":0,"name":"BA03N1046","nickname":"C11","type":"office","category":"office","label":"Office","passportNumber":"BA03N1046","seats":null,"hasProjector":false,"hasWhiteboard":false,"code":null}},{"type":"Feature","geometry":{"type":"Polygon","coordinates":[[[16.616643,49.211527],[16.616637,49.211526],[16.616637,49.211525],[16.616568,49.211519],[16.616567,49.211527],[16.616556,49.211526],[16.616554,49.211539],[16.616565,49.21154],[16.616563,49.211546],[16.616587,49.211547],[16.616587,49.211543],[16.616594,49.211544],[16.616593,49.211548],[16.616639,49.211552],[16.616643,49.211527]]]},"properties":{"id":509594,"buildingId":489829,"floorId":509542,"floorLevel":0,"name":"BA03N1039","nickname":null,"type":"office","category":"office","label":"Office","passportNumber":"BA03N1039","seats":null,"hasProjector":false,"hasWhiteboard":false,"code":null}},{"type":"Feature","geometry":{"type":"Polygon","coordinates":[[[16.616547,49.21157],[16.616558,49.211571],[16.61656,49.211556],[16.616549,49.211555],[16.616556,49.211516],[16.616567,49.211517],[16.61657,49.211502],[16.616559,49.211501],[16.616562,49.211486],[16.616573,49.211487],[16.616575,49.211471],[16.616565,49.21147],[16.616566,49.211463],[16.616577,49.211464],[16.616579,49.211453],[16.616568,49.211452],[16.616572,49.211432],[16.616582,49.211433],[16.616584,49.211423],[16.616573,49.211422],[16.616586,49.211353],[16.616583,49.211353],[16.616584,49.211346],[16.616587,49.211347],[16.61659,49.21133],[16.616558,49.211328],[16.616514,49.211569],[16.616546,49.211572],[16.616547,49.21157]]]},"properties":{"id":509595,"buildingId":489829,"floorId":509542,"floorLevel":0,"name":"BA03N1030","nickname":null,"type":"floor","category":"structure","label":"Corridor","passportNumber":"BA03N1030","seats":null,"hasProjector":false,"hasWhiteboard":false,"code":null}},{"type":"Feature","geometry":{"type":"Polygon","coordinates":[[[16.616624,49.211576],[16.616634,49.211576],[16.616639,49.211552],[16.616556,49.211546],[16.616555,49.211554],[16.616562,49.211555],[16.616559,49.211572],[16.616624,49.211577],[16.616624,49.211576]]]},"properties":{"id":509596,"buildingId":489829,"floorId":509542,"floorLevel":0,"name":"BA03N1040","nickname":null,"type":"boardroom","category":"teaching","label":"Boardroom","passportNumber":"BA03N1040","seats":null,"hasProjector":false,"hasWhiteboard":false,"code":null}},{"type":"Feature","geometry":{"type":"Polygon","coordinates":[[[16.61651,49.211567],[16.616513,49.211568],[16.61652,49.211531],[16.616474,49.211527],[16.616467,49.211564],[16.616475,49.211564],[16.616475,49.211567],[16.61651,49.21157],[16.61651,49.211567]]]},"properties":{"id":509597,"buildingId":489829,"floorId":509542,"floorLevel":0,"name":"BA03N1045a","nickname":null,"type":"office","category":"office","label":"Office","passportNumber":"BA03N1045a","seats":null,"hasProjector":false,"hasWhiteboard":false,"code":null}},{"type":"Feature","geometry":{"type":"Polygon","coordinates":[[[16.616546,49.211572],[16.616514,49.21157],[16.61651,49.211589],[16.616543,49.211592],[16.616546,49.211572]]]},"properties":{"id":509598,"buildingId":489829,"floorId":509542,"floorLevel":0,"name":"BA03N1044a","nickname":null,"type":"floor","category":"structure","label":"Corridor","passportNumber":"BA03N1044a","seats":null,"hasProjector":false,"hasWhiteboard":false,"code":null}},{"type":"Feature","geometry":{"type":"Polygon","coordinates":[[[16.616633,49.211581],[16.616623,49.21158],[16.616623,49.211578],[16.616559,49.211573],[16.616557,49.211581],[16.616546,49.21158],[16.616543,49.211596],[16.616554,49.211597],[16.616554,49.211599],[16.616629,49.211605],[16.616633,49.211581]]]},"properties":{"id":509599,"buildingId":489829,"floorId":509542,"floorLevel":0,"name":"BA03N1041","nickname":null,"type":"office","category":"office","label":"Office","passportNumber":"BA03N1041","seats":null,"hasProjector":false,"hasWhiteboard":false,"code":null}},{"type":"Feature","geometry":{"type":"Polygon","coordinates":[[[16.616502,49.211618],[16.616504,49.211618],[16.616512,49.211573],[16.616509,49.211573],[16.61651,49.211571],[16.616467,49.211568],[16.616458,49.211617],[16.616466,49.211618],[16.616465,49.211619],[16.616501,49.211622],[16.616502,49.211618]]]},"properties":{"id":509600,"buildingId":489829,"floorId":509542,"floorLevel":0,"name":"BA03N1045","nickname":null,"type":"office","category":"office","label":"Office","passportNumber":"BA03N1045","seats":null,"hasProjector":false,"hasWhiteboard":false,"code":null}},{"type":"Feature","geometry":{"type":"Polygon","coordinates":[[[16.616618,49.211629],[16.616625,49.21163],[16.616629,49.211606],[16.616554,49.2116],[16.616553,49.211602],[16.616543,49.2116],[16.61654,49.211614],[16.616552,49.211616],[16.61655,49.211625],[16.616574,49.211627],[16.616575,49.211623],[16.616582,49.211623],[16.616582,49.211623],[16.616587,49.211623],[16.616586,49.211628],[16.616618,49.21163],[16.616618,49.211629]]]},"properties":{"id":509601,"buildingId":489829,"floorId":509542,"floorLevel":0,"name":"BA03N1042","nickname":null,"type":"office","category":"office","label":"Office","passportNumber":"BA03N1042","seats":null,"hasProjector":false,"hasWhiteboard":false,"code":null}},{"type":"Feature","geometry":{"type":"Polygon","coordinates":[[[16.616543,49.211592],[16.61651,49.211589],[16.616504,49.211623],[16.616537,49.211626],[16.616543,49.211592]]]},"properties":{"id":509602,"buildingId":489829,"floorId":509542,"floorLevel":0,"name":"BA03N1044","nickname":null,"type":"stairs","category":"circulation","label":"Stairs","passportNumber":"BA03N1044","seats":null,"hasProjector":false,"hasWhiteboard":false,"code":null}}]}