{"type":"FeatureCollection","features":[{"type":"Feature","geometry":{"type":"Polygon","coordinates":[[[16.618075,49.210622],[16.618048,49.210612],[16.618043,49.210618],[16.618052,49.210622],[16.618043,49.210632],[16.618033,49.210644],[16.61805,49.21065],[16.618075,49.210622]]]},"properties":{"id":510929,"buildingId":510096,"floorId":510925,"floorLevel":-1,"name":"","type":"floor","category":"structure","label":"Corridor","passportNumber":null,"seats":null,"hasProjector":false,"hasWhiteboard":false,"code":991}},{"type":"Feature","geometry":{"type":"Polygon","coordinates":[[[16.618004,49.210633],[16.618021,49.210639],[16.618032,49.210628],[16.618003,49.210617],[16.617985,49.210616],[16.617961,49.210646],[16.617972,49.21065],[16.617966,49.210656],[16.617978,49.210661],[16.618004,49.210633]]]},"properties":{"id":510933,"buildingId":510096,"floorId":510925,"floorLevel":-1,"name":"","type":"floor","category":"structure","label":"Corridor","passportNumber":null,"seats":null,"hasProjector":false,"hasWhiteboard":false,"code":991}},{"type":"Feature","geometry":{"type":"Polygon","coordinates":[[[16.617993,49.210755],[16.618003,49.210757],[16.618008,49.210749],[16.617998,49.210747],[16.617999,49.210745],[16.617976,49.210739],[16.617966,49.210754],[16.61799,49.210761],[16.617993,49.210755]]]},"properties":{"id":510942,"buildingId":510096,"floorId":510925,"floorLevel":-1,"name":"","type":"floor","category":"structure","label":"Corridor","passportNumber":null,"seats":null,"hasProjector":false,"hasWhiteboard":false,"code":423}},{"type":"Feature","geometry":{"type":"Polygon","coordinates":[[[16.618043,49.210632],[16.618033,49.210629],[16.618023,49.21064],[16.618033,49.210644],[16.618043,49.210632]]]},"properties":{"id":510950,"buildingId":510096,"floorId":510925,"floorLevel":-1,"name":"","type":"floor","category":"structure","label":"Corridor","passportNumber":null,"seats":null,"hasProjector":false,"hasWhiteboard":false,"code":null}},{"type":"Feature","geometry":{"type":"Polygon","coordinates":[[[16.618113,49.210719],[16.618093,49.210714],[16.61809,49.210719],[16.61811,49.210724],[16.618113,49.210719]]]},"properties":{"id":510951,"buildingId":510096,"floorId":510925,"floorLevel":-1,"name":"","type":"stairs","category":"circulation","label":"Stairs","passportNumber":null,"seats":null,"hasProjector":false,"hasWhiteboard":false,"code":null}},{"type":"Feature","geometry":{"type":"Polygon","coordinates":[[[16.617909,49.210739],[16.617917,49.210725],[16.617918,49.21072],[16.61789,49.210728],[16.617894,49.210732],[16.617896,49.210734],[16.617897,49.210735],[16.6179,49.210736],[16.617902,49.210737],[16.617904,49.210738],[16.617906,49.210739],[16.617908,49.21074],[16.617909,49.210739]]]},"properties":{"id":510952,"buildingId":510096,"floorId":510925,"floorLevel":-1,"name":"","type":"stairs","category":"circulation","label":"Stairs","passportNumber":null,"seats":null,"hasProjector":false,"hasWhiteboard":false,"code":null}},{"type":"Feature","geometry":{"type":"Polygon","coordinates":[[[16.618052,49.210622],[16.618043,49.210618],[16.61804,49.210621],[16.618033,49.210629],[16.618043,49.210632],[16.618052,49.210622]]]},"properties":{"id":510968,"buildingId":510096,"floorId":510925,"floorLevel":-1,"name":"","type":"stairs","category":"circulation","label":"Stairs","passportNumber":null,"seats":null,"hasProjector":false,"hasWhiteboard":false,"code":null}},{"type":"Feature","geometry":{"type":"Polygon","coordinates":[[[16.618047,49.210689],[16.61804,49.210674],[16.61802,49.210679],[16.618023,49.210685],[16.618022,49.210685],[16.618026,49.210692],[16.618027,49.210692],[16.618027,49.210693],[16.618047,49.210689]]]},"properties":{"id":510981,"buildingId":510096,"floorId":510925,"floorLevel":-1,"name":"","type":"floor","category":"structure","label":"Corridor","passportNumber":null,"seats":null,"hasProjector":false,"hasWhiteboard":false,"code":null}},{"type":"Feature","geometry":{"type":"Polygon","coordinates":[[[16.617909,49.21074],[16.617909,49.210739],[16.61791,49.210738],[16.61791,49.210738],[16.617914,49.21073],[16.617915,49.21073],[16.617917,49.210725],[16.617918,49.21072],[16.61789,49.210728],[16.617894,49.210732],[16.617896,49.210734],[16.617897,49.210735],[16.6179,49.210736],[16.617902,49.210737],[16.617904,49.210738],[16.617906,49.210739],[16.617908,49.21074],[16.617909,49.21074]]]},"properties":{"id":510996,"buildingId":510096,"floorId":510925,"floorLevel":-1,"name":"","type":"stairs","category":"circulation","label":"Stairs","passportNumber":null,"seats":null,"hasProjector":false,"hasWhiteboard":false,"code":null}},{"type":"Feature","geometry":{"type":"Polygon","coordinates":[[[16.617976,49.210739],[16.617966,49.210736],[16.617965,49.210738],[16.617958,49.210736],[16.617959,49.210734],[16.617926,49.210726],[16.617925,49.210727],[16.617919,49.210726],[16.61791,49.210739],[16.617917,49.210741],[16.617916,49.210742],[16.617966,49.210754],[16.617976,49.210739]]]},"properties":{"id":511018,"buildingId":510096,"floorId":510925,"floorLevel":-1,"name":"","type":"stairs","category":"circulation","label":"Stairs","passportNumber":null,"seats":null,"hasProjector":false,"hasWhiteboard":false,"code":null}},{"type":"Feature","geometry":{"type":"Polygon","coordinates":[[[16.618066,49.210724],[16.61803,49.210715],[16.618015,49.21074],[16.61805,49.210749],[16.618066,49.210724]]]},"properties":{"id":510939,"buildingId":510096,"floorId":510925,"floorLevel":-1,"name":"BA04P1005","type":"storage","category":"service","label":"Storage","passportNumber":"BA04P1005","seats":null,"hasProjector":false,"hasWhiteboard":false,"code":471}},{"type":"Feature","geometry":{"type":"Polygon","coordinates":[[[16.618112,49.210736],[16.618067,49.210724],[16.618056,49.210742],[16.618101,49.210754],[16.618112,49.210736]]]},"properties":{"id":510940,"buildingId":510096,"floorId":510925,"floorLevel":-1,"name":"BA04P1004","type":"storage","category":"service","label":"Storage","passportNumber":"BA04P1004","seats":null,"hasProjector":false,"hasWhiteboard":false,"code":471}},{"type":"Feature","geometry":{"type":"Polygon","coordinates":[[[16.617894,49.210732],[16.61789,49.210728],[16.617918,49.21072],[16.617926,49.210718],[16.617933,49.210711],[16.617912,49.210703],[16.617909,49.210703],[16.617903,49.2107],[16.617882,49.210692],[16.617882,49.210692],[16.617881,49.210693],[16.617881,49.210693],[16.61788,49.210694],[16.61788,49.210695],[16.61788,49.210695],[16.617879,49.210696],[16.617847,49.210694],[16.617846,49.210703],[16.617882,49.210705],[16.617882,49.210706],[16.617883,49.210706],[16.617883,49.210707],[16.617883,49.210707],[16.617883,49.210708],[16.617884,49.210709],[16.617884,49.210709],[16.617885,49.210712],[16.617881,49.210712],[16.617887,49.210723],[16.617858,49.210732],[16.617864,49.210741],[16.617894,49.210732]]]},"properties":{"id":510941,"buildingId":510096,"floorId":510925,"floorLevel":-1,"name":"BA04P1020","type":"not_used","category":"other","label":"not used","passportNumber":"BA04P1020","seats":null,"hasProjector":false,"hasWhiteboard":false,"code":491}},{"type":"Feature","geometry":{"type":"Polygon","coordinates":[[[16.61805,49.21075],[16.618015,49.210741],[16.618,49.210764],[16.618036,49.210773],[16.61805,49.21075]]]},"properties":{"id":510943,"buildingId":510096,"floorId":510925,"floorLevel":-1,"name":"BA04P1002","type":"preparatory","category":"service","label":"Preparatory","passportNumber":"BA04P1002","seats":null,"hasProjector":false,"hasWhiteboard":false,"code":471}},{"type":"Feature","geometry":{"type":"Polygon","coordinates":[[[16.617343,49.210414],[16.617309,49.210401],[16.617289,49.210423],[16.617323,49.210436],[16.617343,49.210414]]]},"properties":{"id":513170,"buildingId":510096,"floorId":513162,"floorLevel":6,"name":"","type":"floor","category":"structure","label":"Corridor","passportNumber":null,"seats":null,"hasProjector":false,"hasWhiteboard":false,"code":991}},{"type":"Feature","geometry":{"type":"Polygon","coordinates":[[[16.617534,49.210467],[16.617327,49.210387],[16.617317,49.210399],[16.617524,49.210478],[16.617534,49.210467]]]},"properties":{"id":513176,"buildingId":510096,"floorId":513162,"floorLevel":6,"name":"","type":"floor","category":"structure","label":"Corridor","passportNumber":null,"seats":null,"hasProjector":false,"hasWhiteboard":false,"code":414}},{"type":"Feature","geometry":{"type":"Polygon","coordinates":[[[16.617334,49.210445],[16.617319,49.210439],[16.617321,49.210437],[16.617308,49.210432],[16.61728,49.210463],[16.617292,49.210467],[16.617301,49.210457],[16.617307,49.210459],[16.617296,49.210471],[16.617307,49.210475],[16.617334,49.210445]]]},"properties":{"id":513178,"buildingId":510096,"floorId":513162,"floorLevel":6,"name":"","type":"floor","category":"structure","label":"Corridor","passportNumber":null,"seats":null,"hasProjector":false,"hasWhiteboard":false,"code":414}},{"type":"Feature","geometry":{"type":"Polygon","coordinates":[[[16.61802,49.210654],[16.617535,49.210467],[16.617524,49.210479],[16.618006,49.210664],[16.618009,49.210666],[16.61802,49.210654]]]},"properties":{"id":513203,"buildingId":510096,"floorId":513162,"floorLevel":6,"name":"","type":"floor","category":"structure","label":"Corridor","passportNumber":null,"seats":null,"hasProjector":false,"hasWhiteboard":false,"code":991}},{"type":"Feature","geometry":{"type":"Polygon","coordinates":[[[16.61803,49.210702],[16.618026,49.210694],[16.618031,49.210693],[16.618031,49.210694],[16.618049,49.21069],[16.61804,49.210673],[16.618023,49.210677],[16.618023,49.210678],[16.618018,49.210679],[16.618015,49.210673],[16.617929,49.21064],[16.617925,49.210645],[16.617919,49.210643],[16.617924,49.210638],[16.617894,49.210626],[16.617874,49.210649],[16.617894,49.210656],[16.617892,49.210658],[16.61789,49.210658],[16.617883,49.210667],[16.617893,49.21067],[16.617901,49.210662],[16.6179,49.210662],[16.617902,49.210659],[16.617904,49.21066],[16.617904,49.21066],[16.617909,49.210662],[16.617909,49.210662],[16.617968,49.210685],[16.617968,49.21069],[16.617977,49.210706],[16.617982,49.21071],[16.617969,49.210732],[16.617982,49.210735],[16.618006,49.210742],[16.61803,49.210702]]]},"properties":{"id":513212,"buildingId":510096,"floorId":513162,"floorLevel":6,"name":"","type":"floor","category":"structure","label":"Corridor","passportNumber":null,"seats":null,"hasProjector":false,"hasWhiteboard":false,"code":991}},{"type":"Feature","geometry":{"type":"Polygon","coordinates":[[[16.618052,49.210714],[16.618033,49.210709],[16.618013,49.210742],[16.618033,49.210747],[16.618052,49.210714]]]},"properties":{"id":513213,"buildingId":510096,"floorId":513162,"floorLevel":6,"name":"","type":"floor","category":"structure","label":"Corridor","passportNumber":null,"seats":null,"hasProjector":false,"hasWhiteboard":false,"code":491}},{"type":"Feature","geometry":{"type":"Polygon","coordinates":[[[16.617992,49.210765],[16.617967,49.210759],[16.617982,49.210735],[16.617969,49.210732],[16.617965,49.210737],[16.617963,49.210737],[16.617954,49.210751],[16.617958,49.210752],[16.617956,49.210756],[16.617947,49.21077],[16.61795,49.210771],[16.617944,49.21078],[16.617977,49.210789],[16.617992,49.210765]]]},"properties":{"id":513219,"buildingId":510096,"floorId":513162,"floorLevel":6,"name":"","type":"floor","category":"structure","label":"Corridor","passportNumber":null,"seats":null,"hasProjector":false,"hasWhiteboard":false,"code":991}},{"type":"Feature","geometry":{"type":"Polygon","coordinates":[[[16.617756,49.211127],[16.617771,49.211131],[16.617779,49.211118],[16.617742,49.211109],[16.617709,49.211163],[16.617731,49.211169],[16.617756,49.211127]]]},"properties":{"id":513238,"buildingId":510096,"floorId":513162,"floorLevel":6,"name":"","type":"storage","category":"service","label":"Storage","passportNumber":null,"seats":null,"hasProjector":false,"hasWhiteboard":false,"code":491}},{"type":"Feature","geometry":{"type":"Polygon","coordinates":[[[16.617701,49.211166],[16.617566,49.211131],[16.61756,49.211142],[16.617694,49.211177],[16.617701,49.211166]]]},"properties":{"id":513239,"buildingId":510096,"floorId":513162,"floorLevel":6,"name":"","type":"floor","category":"structure","label":"Corridor","passportNumber":null,"seats":null,"hasProjector":false,"hasWhiteboard":false,"code":422}},{"type":"Feature","geometry":{"type":"Polygon","coordinates":[[[16.617745,49.211174],[16.617708,49.211164],[16.617693,49.211189],[16.61771,49.211193],[16.61771,49.211193],[16.61773,49.211198],[16.617745,49.211174]]]},"properties":{"id":513240,"buildingId":510096,"floorId":513162,"floorLevel":6,"name":"","type":"floor","category":"structure","label":"Corridor","passportNumber":null,"seats":null,"hasProjector":false,"hasWhiteboard":false,"code":991}},{"type":"Feature","geometry":{"type":"Polygon","coordinates":[[[16.617779,49.211196],[16.617764,49.211193],[16.618032,49.210748],[16.618012,49.210743],[16.617737,49.211199],[16.617772,49.211208],[16.617779,49.211196]]]},"properties":{"id":513243,"buildingId":510096,"floorId":513162,"floorLevel":6,"name":"","type":"floor","category":"structure","label":"Corridor","passportNumber":null,"seats":null,"hasProjector":false,"hasWhiteboard":false,"code":491}},{"type":"Feature","geometry":{"type":"Polygon","coordinates":[[[16.617258,49.210381],[16.617229,49.21037],[16.617208,49.210392],[16.617238,49.210403],[16.617258,49.210381]]]},"properties":{"id":513252,"buildingId":510096,"floorId":513162,"floorLevel":6,"name":"","type":"floor","category":"structure","label":"Corridor","passportNumber":null,"seats":null,"hasProjector":false,"hasWhiteboard":false,"code":null}},{"type":"Feature","geometry":{"type":"Polygon","coordinates":[[[16.617309,49.210401],[16.617258,49.210381],[16.617238,49.210403],[16.617289,49.210423],[16.617289,49.210423],[16.617309,49.210401]]]},"properties":{"id":513253,"buildingId":510096,"floorId":513162,"floorLevel":6,"name":"","type":"stairs","category":"circulation","label":"Stairs","passportNumber":null,"seats":null,"hasProjector":false,"hasWhiteboard":false,"code":null}},{"type":"Feature","geometry":{"type":"Polygon","coordinates":[[[16.61795,49.210771],[16.617947,49.21077],[16.617956,49.210756],[16.617912,49.210745],[16.617898,49.210768],[16.617944,49.21078],[16.61795,49.210771]]]},"properties":{"id":513255,"buildingId":510096,"floorId":513162,"floorLevel":6,"name":"","type":"stairs","category":"circulation","label":"Stairs","passportNumber":null,"seats":null,"hasProjector":false,"hasWhiteboard":false,"code":null}},{"type":"Feature","geometry":{"type":"Polygon","coordinates":[[[16.61773,49.211199],[16.61771,49.211193],[16.617693,49.211189],[16.617671,49.211225],[16.617708,49.211234],[16.61773,49.211199]]]},"properties":{"id":513256,"buildingId":510096,"floorId":513162,"floorLevel":6,"name":"","type":"stairs","category":"circulation","label":"Stairs","passportNumber":null,"seats":null,"hasProjector":false,"hasWhiteboard":false,"code":null}},{"type":"Feature","geometry":{"type":"Polygon","coordinates":[[[16.617708,49.211234],[16.617671,49.211225],[16.617659,49.211245],[16.617696,49.211255],[16.617708,49.211234]]]},"properties":{"id":513257,"buildingId":510096,"floorId":513162,"floorLevel":6,"name":"","type":"floor","category":"structure","label":"Corridor","passportNumber":null,"seats":null,"hasProjector":false,"hasWhiteboard":false,"code":null}},{"type":"Feature","geometry":{"type":"Polygon","coordinates":[[[16.617798,49.210634],[16.617795,49.210633],[16.617787,49.210641],[16.617803,49.210647],[16.61781,49.210639],[16.617807,49.210637],[16.617798,49.210634]]]},"properties":{"id":513479,"buildingId":510096,"floorId":513162,"floorLevel":6,"name":"","type":"elevator","category":"circulation","label":"Elevator","passportNumber":null,"seats":null,"hasProjector":false,"hasWhiteboard":false,"code":null}},{"type":"Feature","geometry":{"type":"Polygon","coordinates":[[[16.617258,49.210381],[16.617229,49.21037],[16.617208,49.210392],[16.617238,49.210403],[16.617258,49.210381]]]},"properties":{"id":515998,"buildingId":510096,"floorId":515995,"floorLevel":5,"name":"","type":"stairs","category":"circulation","label":"Stairs","passportNumber":null,"seats":null,"hasProjector":false,"hasWhiteboard":false,"code":991}},{"type":"Feature","geometry":{"type":"Polygon","coordinates":[[[16.617368,49.210423],[16.617341,49.210413],[16.617339,49.210414],[16.617334,49.210412],[16.617335,49.210411],[16.617309,49.210401],[16.6173,49.210411],[16.617298,49.210413],[16.617289,49.210423],[16.617348,49.210446],[16.617368,49.210423]]]},"properties":{"id":516001,"buildingId":510096,"floorId":515995,"floorLevel":5,"name":"","type":"floor","category":"structure","label":"Corridor","passportNumber":null,"seats":42,"hasProjector":false,"hasWhiteboard":false,"code":414}},{"type":"Feature","geometry":{"type":"Polygon","coordinates":[[[16.617576,49.21051],[16.617571,49.210508],[16.617575,49.210503],[16.617425,49.210445],[16.617424,49.210447],[16.617418,49.210445],[16.61742,49.210443],[16.617373,49.210425],[16.617355,49.210446],[16.617359,49.210448],[16.617358,49.21045],[16.617555,49.210526],[16.617556,49.210525],[16.617561,49.210527],[16.617576,49.21051]]]},"properties":{"id":516007,"buildingId":510096,"floorId":515995,"floorLevel":5,"name":"","type":"floor","category":"structure","label":"Corridor","passportNumber":null,"seats":null,"hasProjector":false,"hasWhiteboard":false,"code":414}},{"type":"Feature","geometry":{"type":"Polygon","coordinates":[[[16.617714,49.210557],[16.61758,49.210505],[16.617576,49.21051],[16.617561,49.210527],[16.617559,49.210529],[16.617693,49.21058],[16.617714,49.210557]]]},"properties":{"id":516011,"buildingId":510096,"floorId":515995,"floorLevel":5,"name":"","type":"floor","category":"structure","label":"Corridor","passportNumber":null,"seats":null,"hasProjector":false,"hasWhiteboard":false,"code":414}},{"type":"Feature","geometry":{"type":"Polygon","coordinates":[[[16.617981,49.21063],[16.617944,49.210616],[16.617928,49.210633],[16.617965,49.210648],[16.617981,49.21063]]]},"properties":{"id":516016,"buildingId":510096,"floorId":515995,"floorLevel":5,"name":"","type":"floor","category":"structure","label":"Corridor","passportNumber":null,"seats":null,"hasProjector":false,"hasWhiteboard":false,"code":421}},{"type":"Feature","geometry":{"type":"Polygon","coordinates":[[[16.617904,49.21066],[16.617919,49.210643],[16.617922,49.21064],[16.617916,49.210637],[16.617917,49.210635],[16.617719,49.210559],[16.617699,49.210581],[16.617904,49.21066]]]},"properties":{"id":516018,"buildingId":510096,"floorId":515995,"floorLevel":5,"name":"","type":"floor","category":"structure","label":"Corridor","passportNumber":null,"seats":null,"hasProjector":false,"hasWhiteboard":false,"code":421}},{"type":"Feature","geometry":{"type":"Polygon","coordinates":[[[16.617976,49.210792],[16.617973,49.210791],[16.617975,49.210787],[16.617978,49.210788],[16.617992,49.210765],[16.617986,49.210764],[16.617988,49.21076],[16.617994,49.210762],[16.61803,49.210702],[16.618015,49.210673],[16.617929,49.21064],[16.617925,49.210645],[16.617919,49.210643],[16.617904,49.21066],[16.617909,49.210662],[16.617909,49.210662],[16.61791,49.210662],[16.617964,49.210684],[16.617965,49.210683],[16.617966,49.210683],[16.617967,49.210683],[16.617968,49.210683],[16.617969,49.210683],[16.61797,49.210683],[16.617971,49.210683],[16.617972,49.210683],[16.617973,49.210683],[16.617973,49.210684],[16.617974,49.210684],[16.617974,49.210684],[16.617975,49.210684],[16.617975,49.210684],[16.617975,49.210685],[16.617976,49.210685],[16.617976,49.210685],[16.617977,49.210686],[16.617977,49.210686],[16.617977,49.210687],[16.617977,49.210687],[16.617978,49.210688],[16.617986,49.210704],[16.617987,49.210704],[16.617987,49.210704],[16.617987,49.210705],[16.617987,49.210705],[16.617987,49.210705],[16.617987,49.210706],[16.617987,49.210706],[16.617987,49.210706],[16.617987,49.210706],[16.617987,49.210707],[16.617987,49.210707],[16.617987,49.210707],[16.617987,49.210708],[16.617987,49.210708],[16.617987,49.210708],[16.617987,49.210708],[16.617987,49.210709],[16.617987,49.210709],[16.617987,49.210709],[16.617986,49.21071],[16.617986,49.21071],[16.617985,49.210711],[16.617985,49.210711],[16.617984,49.210711],[16.617984,49.210712],[16.617983,49.210712],[16.617982,49.210712],[16.617982,49.210712],[16.617981,49.210713],[16.61798,49.210713],[16.617957,49.210751],[16.617957,49.210752],[16.617958,49.210752],[16.617956,49.210756],[16.61795,49.210766],[16.617921,49.210758],[16.617919,49.210762],[16.61795,49.210771],[16.617944,49.21078],[16.61794,49.210779],[16.617936,49.210787],[16.617973,49.210796],[16.617976,49.210792]]]},"properties":{"id":516028,"buildingId":510096,"floorId":515995,"floorLevel":5,"name":"","type":"floor","category":"structure","label":"Corridor","passportNumber":null,"seats":null,"hasProjector":false,"hasWhiteboard":false,"code":421}},{"type":"Feature","geometry":{"type":"Polygon","coordinates":[[[16.617995,49.21083],[16.617966,49.210823],[16.617945,49.210857],[16.617974,49.210864],[16.617995,49.21083]]]},"properties":{"id":516031,"buildingId":510096,"floorId":515995,"floorLevel":5,"name":"","type":"floor","category":"structure","label":"Corridor","passportNumber":null,"seats":null,"hasProjector":false,"hasWhiteboard":false,"code":426}},{"type":"Feature","geometry":{"type":"Polygon","coordinates":[[[16.617904,49.210906],[16.617907,49.210906],[16.617973,49.210797],[16.617935,49.210787],[16.617866,49.210901],[16.617869,49.210902],[16.617897,49.210909],[16.617901,49.21091],[16.617904,49.210906]]]},"properties":{"id":516034,"buildingId":510096,"floorId":515995,"floorLevel":5,"name":"","type":"floor","category":"structure","label":"Corridor","passportNumber":null,"seats":null,"hasProjector":false,"hasWhiteboard":false,"code":426}},{"type":"Feature","geometry":{"type":"Polygon","coordinates":[[[16.617867,49.210971],[16.617865,49.210971],[16.617866,49.210968],[16.617869,49.210968],[16.617902,49.210914],[16.617895,49.210913],[16.617897,49.210909],[16.617869,49.210902],[16.617867,49.210905],[16.617863,49.210904],[16.617806,49.210998],[16.617809,49.210999],[16.617838,49.211006],[16.617845,49.211008],[16.617867,49.210971]]]},"properties":{"id":516038,"buildingId":510096,"floorId":515995,"floorLevel":5,"name":"","type":"floor","category":"structure","label":"Corridor","passportNumber":null,"seats":null,"hasProjector":false,"hasWhiteboard":false,"code":426}},{"type":"Feature","geometry":{"type":"Polygon","coordinates":[[[16.61779,49.211099],[16.617787,49.211098],[16.617789,49.211095],[16.617792,49.211096],[16.61783,49.211032],[16.617829,49.211032],[16.617831,49.211029],[16.617832,49.21103],[16.617843,49.211012],[16.617836,49.21101],[16.617838,49.211006],[16.617809,49.210999],[16.617807,49.211003],[16.617806,49.211002],[16.61772,49.211144],[16.617757,49.211154],[16.61779,49.211099]]]},"properties":{"id":516046,"buildingId":510096,"floorId":515995,"floorLevel":5,"name":"","type":"floor","category":"structure","label":"Corridor","passportNumber":null,"seats":null,"hasProjector":false,"hasWhiteboard":false,"code":414}},{"type":"Feature","geometry":{"type":"Polygon","coordinates":[[[16.617711,49.211148],[16.617577,49.211114],[16.61757,49.211126],[16.617704,49.211161],[16.617711,49.211148]]]},"properties":{"id":516047,"buildingId":510096,"floorId":515995,"floorLevel":5,"name":"","type":"floor","category":"structure","label":"Corridor","passportNumber":null,"seats":null,"hasProjector":false,"hasWhiteboard":false,"code":412}},{"type":"Feature","geometry":{"type":"Polygon","coordinates":[[[16.617755,49.211158],[16.617718,49.211148],[16.617693,49.211189],[16.61771,49.211193],[16.61771,49.211193],[16.61773,49.211198],[16.617755,49.211158]]]},"properties":{"id":516049,"buildingId":510096,"floorId":515995,"floorLevel":5,"name":"","type":"floor","category":"structure","label":"Corridor","passportNumber":null,"seats":20,"hasProjector":false,"hasWhiteboard":false,"code":991}},{"type":"Feature","geometry":{"type":"Polygon","coordinates":[[[16.617709,49.211234],[16.617691,49.21123],[16.617691,49.21123],[16.617689,49.21123],[16.617689,49.211229],[16.617672,49.211225],[16.617659,49.211245],[16.617696,49.211255],[16.617709,49.211234]]]},"properties":{"id":516053,"buildingId":510096,"floorId":515995,"floorLevel":5,"name":"","type":"stairs","category":"circulation","label":"Stairs","passportNumber":null,"seats":null,"hasProjector":false,"hasWhiteboard":false,"code":991}},{"type":"Feature","geometry":{"type":"Polygon","coordinates":[[[16.617247,49.210393],[16.617249,49.210391],[16.6173,49.210411],[16.6173,49.210411],[16.617309,49.210401],[16.617309,49.210401],[16.617258,49.210381],[16.617238,49.210403],[16.617289,49.210423],[16.617289,49.210423],[16.617298,49.210413],[16.617298,49.210413],[16.617247,49.210393]]]},"properties":{"id":516056,"buildingId":510096,"floorId":515995,"floorLevel":5,"name":"","type":"stairs","category":"circulation","label":"Stairs","passportNumber":null,"seats":null,"hasProjector":false,"hasWhiteboard":false,"code":null}},{"type":"Feature","geometry":{"type":"Polygon","coordinates":[[[16.617907,49.210695],[16.617908,49.210695],[16.617926,49.210675],[16.617926,49.210675],[16.617906,49.210667],[16.617905,49.210667],[16.617886,49.210687],[16.617887,49.210688],[16.617883,49.210692],[16.617903,49.2107],[16.617907,49.210695]]]},"properties":{"id":516057,"buildingId":510096,"floorId":515995,"floorLevel":5,"name":"","type":"stairs","category":"circulation","label":"Stairs","passportNumber":null,"seats":null,"hasProjector":false,"hasWhiteboard":false,"code":null}},{"type":"Feature","geometry":{"type":"Polygon","coordinates":[[[16.61795,49.210712],[16.617969,49.210708],[16.61796,49.210692],[16.617911,49.210703],[16.61792,49.210719],[16.61795,49.210712]]]},"properties":{"id":516058,"buildingId":510096,"floorId":515995,"floorLevel":5,"name":"","type":"stairs","category":"circulation","label":"Stairs","passportNumber":null,"seats":null,"hasProjector":false,"hasWhiteboard":false,"code":null}},{"type":"Feature","geometry":{"type":"Polygon","coordinates":[[[16.61795,49.210749],[16.617958,49.210736],[16.617958,49.210735],[16.617925,49.210727],[16.617925,49.210727],[16.617917,49.210725],[16.617909,49.210739],[16.617916,49.210741],[16.617916,49.210741],[16.617949,49.21075],[16.61795,49.210749]]]},"properties":{"id":516060,"buildingId":510096,"floorId":515995,"floorLevel":5,"name":"","type":"stairs","category":"circulation","label":"Stairs","passportNumber":null,"seats":null,"hasProjector":false,"hasWhiteboard":false,"code":null}},{"type":"Feature","geometry":{"type":"Polygon","coordinates":[[[16.617956,49.210756],[16.617927,49.210749],[16.617921,49.210758],[16.61795,49.210766],[16.617956,49.210756]]]},"properties":{"id":516062,"buildingId":510096,"floorId":515995,"floorLevel":5,"name":"","type":"stairs","category":"circulation","label":"Stairs","passportNumber":null,"seats":null,"hasProjector":false,"hasWhiteboard":false,"code":null}},{"type":"Feature","geometry":{"type":"Polygon","coordinates":[[[16.61795,49.210771],[16.617919,49.210762],[16.617913,49.210772],[16.61794,49.210779],[16.617944,49.21078],[16.61795,49.210771]]]},"properties":{"id":516064,"buildingId":510096,"floorId":515995,"floorLevel":5,"name":"","type":"stairs","category":"circulation","label":"Stairs","passportNumber":null,"seats":null,"hasProjector":false,"hasWhiteboard":false,"code":null}},{"type":"Feature","geometry":{"type":"Polygon","coordinates":[[[16.617711,49.211193],[16.61771,49.211193],[16.617693,49.211189],[16.617672,49.211225],[16.617689,49.211229],[16.617711,49.211193]]]},"properties":{"id":516065,"buildingId":510096,"floorId":515995,"floorLevel":5,"name":"","type":"stairs","category":"circulation","label":"Stairs","passportNumber":null,"seats":null,"hasProjector":false,"hasWhiteboard":false,"code":null}},{"type":"Feature","geometry":{"type":"Polygon","coordinates":[[[16.61773,49.211198],[16.617713,49.211194],[16.617691,49.21123],[16.617709,49.211234],[16.61773,49.211198]]]},"properties":{"id":516067,"buildingId":510096,"floorId":515995,"floorLevel":5,"name":"","type":"stairs","category":"circulation","label":"Stairs","passportNumber":null,"seats":null,"hasProjector":false,"hasWhiteboard":false,"code":null}},{"type":"Feature","geometry":{"type":"Polygon","coordinates":[[[16.617806,49.210637],[16.617809,49.210634],[16.617801,49.210631],[16.617798,49.210634],[16.617794,49.210632],[16.617787,49.210641],[16.617803,49.210647],[16.61781,49.210639],[16.617806,49.210637]]]},"properties":{"id":516139,"buildingId":510096,"floorId":515995,"floorLevel":5,"name":"","type":"elevator","category":"circulation","label":"Elevator","passportNumber":null,"seats":null,"hasProjector":false,"hasWhiteboard":false,"code":null}},{"type":"Feature","geometry":{"type":"Polygon","coordinates":[[[16.617881,49.210656],[16.617884,49.210653],[16.617875,49.210649],[16.617872,49.210653],[16.617871,49.210653],[16.617867,49.210651],[16.617861,49.210658],[16.617865,49.210659],[16.617875,49.210663],[16.617879,49.210665],[16.617885,49.210658],[16.617881,49.210656]]]},"properties":{"id":516143,"buildingId":510096,"floorId":515995,"floorLevel":5,"name":"","type":"elevator","category":"circulation","label":"Elevator","passportNumber":null,"seats":null,"hasProjector":false,"hasWhiteboard":false,"code":null}},{"type":"Feature","geometry":{"type":"Polygon","coordinates":[[[16.61805,49.210687],[16.618042,49.210673],[16.618038,49.210674],[16.618046,49.210688],[16.61805,49.210687]]]},"properties":{"id":516145,"buildingId":510096,"floorId":515995,"floorLevel":5,"name":"","type":"floor","category":"structure","label":"Corridor","passportNumber":null,"seats":null,"hasProjector":false,"hasWhiteboard":false,"code":null}},{"type":"Feature","geometry":{"type":"Polygon","coordinates":[[[16.61793,49.21067],[16.61791,49.210662],[16.617906,49.210667],[16.617926,49.210675],[16.61793,49.21067]]]},"properties":{"id":516228,"buildingId":510096,"floorId":515995,"floorLevel":5,"name":"","type":"stairs","category":"circulation","label":"Stairs","passportNumber":null,"seats":null,"hasProjector":false,"hasWhiteboard":false,"code":null}},{"type":"Feature","geometry":{"type":"Polygon","coordinates":[[[16.617965,49.210738],[16.617958,49.210736],[16.61795,49.210749],[16.617957,49.210751],[16.617965,49.210738]]]},"properties":{"id":516229,"buildingId":510096,"floorId":515995,"floorLevel":5,"name":"","type":"stairs","category":"circulation","label":"Stairs","passportNumber":null,"seats":null,"hasProjector":false,"hasWhiteboard":false,"code":null}},{"type":"Feature","geometry":{"type":"Polygon","coordinates":[[[16.617964,49.210684],[16.617968,49.210685],[16.617968,49.21069],[16.61796,49.210692],[16.617969,49.210708],[16.617977,49.210706],[16.617982,49.21071],[16.61798,49.210713],[16.617981,49.210713],[16.617982,49.210712],[16.617982,49.210712],[16.617983,49.210712],[16.617984,49.210712],[16.617984,49.210711],[16.617985,49.210711],[16.617985,49.210711],[16.617986,49.21071],[16.617986,49.21071],[16.617987,49.210709],[16.617987,49.210709],[16.617987,49.210709],[16.617987,49.210708],[16.617987,49.210708],[16.617987,49.210708],[16.617987,49.210708],[16.617987,49.210707],[16.617987,49.210707],[16.617987,49.210707],[16.617987,49.210706],[16.617987,49.210706],[16.617987,49.210706],[16.617987,49.210706],[16.617987,49.210705],[16.617987,49.210705],[16.617987,49.210705],[16.617987,49.210704],[16.617987,49.210704],[16.617986,49.210704],[16.617978,49.210688],[16.617977,49.210687],[16.617977,49.210687],[16.617977,49.210686],[16.617977,49.210686],[16.617976,49.210685],[16.617976,49.210685],[16.617975,49.210685],[16.617975,49.210684],[16.617975,49.210684],[16.617974,49.210684],[16.617974,49.210684],[16.617973,49.210684],[16.617973,49.210683],[16.617972,49.210683],[16.617971,49.210683],[16.61797,49.210683],[16.617969,49.210683],[16.617968,49.210683],[16.617967,49.210683],[16.617966,49.210683],[16.617965,49.210683],[16.617964,49.210684]]]},"properties":{"id":516230,"buildingId":510096,"floorId":515995,"floorLevel":5,"name":"","type":"stairs","category":"circulation","label":"Stairs","passportNumber":null,"seats":null,"hasProjector":false,"hasWhiteboard":false,"code":null}},{"type":"Feature","geometry":{"type":"Polygon","coordinates":[[[16.617247,49.210393],[16.617249,49.210391],[16.6173,49.210411],[16.6173,49.210411],[16.617309,49.210401],[16.617309,49.210401],[16.617258,49.210381],[16.617238,49.210403],[16.617289,49.210423],[16.617289,49.210423],[16.617298,49.210413],[16.617247,49.210393]]]},"properties":{"id":516236,"buildingId":510096,"floorId":515995,"floorLevel":5,"name":"","type":"stairs","category":"circulation","label":"Stairs","passportNumber":null,"seats":null,"hasProjector":false,"hasWhiteboard":false,"code":null}},{"type":"Feature","geometry":{"type":"Polygon","coordinates":[[[16.617917,49.210725],[16.617918,49.21072],[16.61792,49.210719],[16.617911,49.210703],[16.617909,49.210703],[16.617903,49.2107],[16.617883,49.210692],[16.617882,49.210692],[16.617882,49.210692],[16.617881,49.210693],[16.617881,49.210694],[16.617881,49.210694],[16.61788,49.210695],[16.61788,49.210696],[16.61788,49.210696],[16.617878,49.210705],[16.617879,49.210706],[16.617879,49.210707],[16.617879,49.210709],[16.61788,49.21071],[16.617881,49.210711],[16.617881,49.210712],[16.617882,49.210714],[16.617887,49.210723],[16.617888,49.210724],[16.617888,49.210726],[16.617889,49.210727],[16.61789,49.210728],[16.617891,49.210729],[16.617892,49.210731],[16.617893,49.210732],[16.617902,49.210738],[16.617903,49.210738],[16.617904,49.210738],[16.617905,49.210738],[16.617906,49.210739],[16.617907,49.210739],[16.617908,49.210739],[16.617908,49.210739],[16.617909,49.210739],[16.617917,49.210725]]]},"properties":{"id":516237,"buildingId":510096,"floorId":515995,"floorLevel":5,"name":"","type":"floor","category":"structure","label":"Corridor","passportNumber":null,"seats":null,"hasProjector":false,"hasWhiteboard":false,"code":null}},{"type":"Feature","geometry":{"type":"Polygon","coordinates":[[[16.61733,49.210409],[16.617309,49.210401],[16.6173,49.210411],[16.617298,49.210413],[16.617289,49.210423],[16.61731,49.210431],[16.61733,49.210409]]]},"properties":{"id":521145,"buildingId":510096,"floorId":521140,"floorLevel":4,"name":"","type":"floor","category":"structure","label":"Corridor","passportNumber":null,"seats":null,"hasProjector":false,"hasWhiteboard":false,"code":426}},{"type":"Feature","geometry":{"type":"Polygon","coordinates":[[[16.617341,49.210448],[16.617324,49.210441],[16.617317,49.21045],[16.61731,49.210447],[16.6173,49.210458],[16.617307,49.21046],[16.617292,49.210477],[16.617285,49.210474],[16.617279,49.210481],[16.617286,49.210484],[16.617275,49.210496],[16.617292,49.210503],[16.617341,49.210448]]]},"properties":{"id":521152,"buildingId":510096,"floorId":521140,"floorLevel":4,"name":"","type":"floor","category":"structure","label":"Corridor","passportNumber":null,"seats":null,"hasProjector":false,"hasWhiteboard":false,"code":426}},{"type":"Feature","geometry":{"type":"Polygon","coordinates":[[[16.617575,49.210511],[16.61757,49.210509],[16.617574,49.210505],[16.617519,49.210483],[16.617523,49.210479],[16.617508,49.210473],[16.617504,49.210477],[16.617493,49.210473],[16.617498,49.210469],[16.617482,49.210463],[16.617478,49.210467],[16.617424,49.210447],[16.617422,49.210449],[16.617417,49.210446],[16.617419,49.210445],[16.617396,49.210436],[16.617401,49.210431],[16.617386,49.210426],[16.617381,49.21043],[16.617372,49.210427],[16.61737,49.210429],[16.617365,49.210427],[16.617368,49.210423],[16.617337,49.210411],[16.617336,49.210413],[16.61733,49.210411],[16.617311,49.210432],[16.617348,49.210446],[16.617348,49.210445],[16.617353,49.210447],[16.617355,49.210446],[16.617359,49.210448],[16.617358,49.21045],[16.617555,49.210526],[16.617556,49.210525],[16.617561,49.210527],[16.617575,49.210511]]]},"properties":{"id":521153,"buildingId":510096,"floorId":521140,"floorLevel":4,"name":"","type":"floor","category":"structure","label":"Corridor","passportNumber":null,"seats":null,"hasProjector":false,"hasWhiteboard":false,"code":426}},{"type":"Feature","geometry":{"type":"Polygon","coordinates":[[[16.617695,49.210579],[16.6177,49.210581],[16.617714,49.210565],[16.617709,49.210563],[16.617713,49.210558],[16.617689,49.210549],[16.617693,49.210545],[16.617678,49.210539],[16.617674,49.210543],[16.617617,49.210521],[16.617621,49.210516],[16.617605,49.21051],[16.617601,49.210515],[16.617579,49.210506],[16.617575,49.210511],[16.617561,49.210527],[16.617559,49.210529],[16.617693,49.21058],[16.617695,49.210579]]]},"properties":{"id":521159,"buildingId":510096,"floorId":521140,"floorLevel":4,"name":"","type":"floor","category":"structure","label":"Corridor","passportNumber":null,"seats":null,"hasProjector":false,"hasWhiteboard":false,"code":426}},{"type":"Feature","geometry":{"type":"Polygon","coordinates":[[[16.617877,49.210621],[16.617859,49.210614],[16.617863,49.21061],[16.617848,49.210604],[16.617844,49.210609],[16.617824,49.210601],[16.617822,49.210603],[16.617815,49.2106],[16.617817,49.210598],[16.617789,49.210587],[16.617793,49.210583],[16.617777,49.210577],[16.617773,49.210581],[16.617724,49.210562],[16.617723,49.210564],[16.617717,49.210562],[16.617714,49.210565],[16.6177,49.210581],[16.617699,49.210581],[16.617858,49.210643],[16.617877,49.210621]]]},"properties":{"id":521164,"buildingId":510096,"floorId":521140,"floorLevel":4,"name":"","type":"floor","category":"structure","label":"Corridor","passportNumber":null,"seats":null,"hasProjector":false,"hasWhiteboard":false,"code":412}},{"type":"Feature","geometry":{"type":"Polygon","coordinates":[[[16.618076,49.210702],[16.618056,49.210697],[16.618039,49.210701],[16.61803,49.210716],[16.618062,49.210725],[16.618076,49.210702]]]},"properties":{"id":521169,"buildingId":510096,"floorId":521140,"floorLevel":4,"name":"","type":"floor","category":"structure","label":"Corridor","passportNumber":null,"seats":null,"hasProjector":false,"hasWhiteboard":false,"code":422}},{"type":"Feature","geometry":{"type":"Polygon","coordinates":[[[16.617909,49.210739],[16.617917,49.210725],[16.617918,49.21072],[16.61792,49.210719],[16.617911,49.210703],[16.617909,49.210703],[16.617903,49.2107],[16.617883,49.210692],[16.617882,49.210692],[16.617882,49.210692],[16.617881,49.210693],[16.617881,49.210694],[16.617881,49.210694],[16.61788,49.210695],[16.61788,49.210696],[16.61788,49.210696],[16.617878,49.210705],[16.617879,49.210706],[16.617879,49.210707],[16.617879,49.210709],[16.61788,49.21071],[16.617881,49.210711],[16.617881,49.210712],[16.617882,49.210714],[16.617887,49.210723],[16.617888,49.210724],[16.617888,49.210726],[16.617889,49.210727],[16.61789,49.210728],[16.617891,49.210729],[16.617892,49.210731],[16.617893,49.210732],[16.617902,49.210738],[16.617903,49.210738],[16.617904,49.210738],[16.617905,49.210738],[16.617906,49.210739],[16.617907,49.210739],[16.617908,49.210739],[16.617908,49.210739],[16.617909,49.210739]]]},"properties":{"id":521171,"buildingId":510096,"floorId":521140,"floorLevel":4,"name":"","type":"stairs","category":"circulation","label":"Stairs","passportNumber":null,"seats":null,"hasProjector":false,"hasWhiteboard":false,"code":991}},{"type":"Feature","geometry":{"type":"Polygon","coordinates":[[[16.617985,49.210759],[16.617992,49.210761],[16.617995,49.210756],[16.618003,49.210758],[16.618009,49.210747],[16.618002,49.210745],[16.618022,49.210713],[16.618029,49.210714],[16.618035,49.210704],[16.618028,49.210702],[16.618029,49.210701],[16.618015,49.210675],[16.617979,49.210661],[16.617983,49.210656],[16.617968,49.21065],[16.617964,49.210655],[16.61795,49.210649],[16.617954,49.210645],[16.617938,49.210639],[16.617934,49.210643],[16.617928,49.210641],[16.617923,49.210646],[16.617918,49.210644],[16.617921,49.210641],[16.617915,49.210638],[16.617916,49.210637],[16.617909,49.210634],[16.617913,49.210629],[16.617898,49.210623],[16.617894,49.210628],[16.617878,49.210622],[16.617859,49.210643],[16.617875,49.210649],[16.617873,49.210652],[16.617882,49.210656],[16.617884,49.210653],[16.617892,49.210656],[16.61789,49.210659],[16.6179,49.210663],[16.617903,49.21066],[16.617904,49.21066],[16.617904,49.21066],[16.617909,49.210662],[16.617909,49.210662],[16.61791,49.210662],[16.61793,49.21067],[16.617962,49.210682],[16.617964,49.210684],[16.617965,49.210683],[16.617966,49.210683],[16.617967,49.210683],[16.617968,49.210683],[16.617969,49.210683],[16.61797,49.210683],[16.617971,49.210683],[16.617972,49.210683],[16.617973,49.210683],[16.617973,49.210684],[16.617974,49.210684],[16.617974,49.210684],[16.617975,49.210684],[16.617975,49.210684],[16.617975,49.210685],[16.617976,49.210685],[16.617976,49.210685],[16.617977,49.210686],[16.617977,49.210686],[16.617977,49.210687],[16.617977,49.210687],[16.617978,49.210688],[16.617986,49.210704],[16.617987,49.210704],[16.617987,49.210704],[16.617987,49.210705],[16.617987,49.210705],[16.617987,49.210705],[16.617987,49.210706],[16.617987,49.210706],[16.617987,49.210706],[16.617987,49.210706],[16.617987,49.210707],[16.617987,49.210707],[16.617987,49.210707],[16.617987,49.210708],[16.617987,49.210708],[16.617987,49.210708],[16.617987,49.210708],[16.617987,49.210709],[16.617987,49.210709],[16.617987,49.210709],[16.617986,49.21071],[16.617986,49.21071],[16.617985,49.210711],[16.617985,49.210711],[16.617984,49.210711],[16.617984,49.210712],[16.617983,49.210712],[16.617982,49.210712],[16.617982,49.210712],[16.617981,49.210713],[16.61798,49.210713],[16.617979,49.210715],[16.617974,49.210713],[16.617963,49.210731],[16.617968,49.210733],[16.617965,49.210738],[16.617957,49.210751],[16.617957,49.210752],[16.617958,49.210752],[16.617957,49.210754],[16.617984,49.210761],[16.617985,49.210759]]]},"properties":{"id":521173,"buildingId":510096,"floorId":521140,"floorLevel":4,"name":"","type":"floor","category":"structure","label":"Corridor","passportNumber":null,"seats":null,"hasProjector":false,"hasWhiteboard":false,"code":422}},{"type":"Feature","geometry":{"type":"Polygon","coordinates":[[[16.617895,49.210908],[16.617899,49.210909],[16.617902,49.210905],[16.617905,49.210906],[16.617914,49.210891],[16.617911,49.21089],[16.617919,49.210877],[16.617922,49.210878],[16.617974,49.210792],[16.61797,49.210791],[16.617973,49.210787],[16.617976,49.210787],[16.61799,49.210765],[16.617954,49.210756],[16.617866,49.210901],[16.617869,49.210902],[16.617867,49.210905],[16.617893,49.210912],[16.617895,49.210908]]]},"properties":{"id":521180,"buildingId":510096,"floorId":521140,"floorLevel":4,"name":"","type":"floor","category":"structure","label":"Corridor","passportNumber":null,"seats":null,"hasProjector":false,"hasWhiteboard":false,"code":422}},{"type":"Feature","geometry":{"type":"Polygon","coordinates":[[[16.617865,49.210972],[16.617862,49.210971],[16.617864,49.210967],[16.617868,49.210967],[16.617869,49.210966],[16.617876,49.210968],[16.617882,49.210957],[16.617875,49.210955],[16.6179,49.210914],[16.617893,49.210912],[16.617867,49.210905],[16.617863,49.210904],[16.617806,49.210998],[16.617843,49.211008],[16.617865,49.210972]]]},"properties":{"id":521183,"buildingId":510096,"floorId":521140,"floorLevel":4,"name":"","type":"floor","category":"structure","label":"Corridor","passportNumber":null,"seats":null,"hasProjector":false,"hasWhiteboard":false,"code":422}},{"type":"Feature","geometry":{"type":"Polygon","coordinates":[[[16.617642,49.211144],[16.617652,49.211147],[16.61766,49.211134],[16.617629,49.211126],[16.617621,49.211139],[16.617625,49.21114],[16.617622,49.211145],[16.617639,49.211149],[16.617642,49.211144]]]},"properties":{"id":521188,"buildingId":510096,"floorId":521140,"floorLevel":4,"name":"","type":"floor","category":"structure","label":"Corridor","passportNumber":null,"seats":null,"hasProjector":false,"hasWhiteboard":false,"code":422}},{"type":"Feature","geometry":{"type":"Polygon","coordinates":[[[16.617712,49.211148],[16.617662,49.211135],[16.617654,49.211148],[16.617704,49.21116],[16.617712,49.211148]]]},"properties":{"id":521189,"buildingId":510096,"floorId":521140,"floorLevel":4,"name":"","type":"floor","category":"structure","label":"Corridor","passportNumber":null,"seats":null,"hasProjector":false,"hasWhiteboard":false,"code":422}},{"type":"Feature","geometry":{"type":"Polygon","coordinates":[[[16.617753,49.211161],[16.617749,49.21116],[16.617751,49.211157],[16.617747,49.211155],[16.617749,49.211152],[16.617755,49.211153],[16.617831,49.211027],[16.617838,49.211029],[16.617845,49.211018],[16.617838,49.211016],[16.617841,49.211011],[16.617806,49.211002],[16.61772,49.211144],[16.617721,49.211145],[16.617719,49.211148],[16.617718,49.211148],[16.617704,49.211171],[16.617741,49.211181],[16.617753,49.211161]]]},"properties":{"id":521191,"buildingId":510096,"floorId":521140,"floorLevel":4,"name":"","type":"floor","category":"structure","label":"Corridor","passportNumber":null,"seats":120,"hasProjector":false,"hasWhiteboard":false,"code":422}},{"type":"Feature","geometry":{"type":"Polygon","coordinates":[[[16.617741,49.211181],[16.617704,49.211171],[16.617693,49.211189],[16.617709,49.211193],[16.617709,49.211193],[16.617716,49.211195],[16.61773,49.211198],[16.617741,49.211181]]]},"properties":{"id":521192,"buildingId":510096,"floorId":521140,"floorLevel":4,"name":"","type":"floor","category":"structure","label":"Corridor","passportNumber":null,"seats":null,"hasProjector":false,"hasWhiteboard":false,"code":422}},{"type":"Feature","geometry":{"type":"Polygon","coordinates":[[[16.617708,49.211235],[16.617708,49.211234],[16.617691,49.21123],[16.617691,49.21123],[16.617689,49.21123],[16.617689,49.211229],[16.617671,49.211225],[16.617659,49.211245],[16.617696,49.211255],[16.617708,49.211235]]]},"properties":{"id":521195,"buildingId":510096,"floorId":521140,"floorLevel":4,"name":"","type":"stairs","category":"circulation","label":"Stairs","passportNumber":null,"seats":20,"hasProjector":false,"hasWhiteboard":false,"code":491}},{"type":"Feature","geometry":{"type":"Polygon","coordinates":[[[16.617298,49.210413],[16.617247,49.210393],[16.617249,49.210391],[16.6173,49.210411],[16.617309,49.210401],[16.617258,49.210381],[16.617238,49.210403],[16.617289,49.210423],[16.617289,49.210423],[16.617298,49.210413]]]},"properties":{"id":521198,"buildingId":510096,"floorId":521140,"floorLevel":4,"name":"","type":"stairs","category":"circulation","label":"Stairs","passportNumber":null,"seats":null,"hasProjector":false,"hasWhiteboard":false,"code":null}},{"type":"Feature","geometry":{"type":"Polygon","coordinates":[[[16.61793,49.21067],[16.61791,49.210662],[16.617906,49.210667],[16.617926,49.210675],[16.61793,49.21067]]]},"properties":{"id":521200,"buildingId":510096,"floorId":521140,"floorLevel":4,"name":"","type":"stairs","category":"circulation","label":"Stairs","passportNumber":null,"seats":null,"hasProjector":false,"hasWhiteboard":false,"code":null}},{"type":"Feature","geometry":{"type":"Polygon","coordinates":[[[16.617907,49.210695],[16.617908,49.210695],[16.617926,49.210675],[16.617926,49.210675],[16.617906,49.210667],[16.617905,49.210667],[16.617886,49.210687],[16.617887,49.210688],[16.617883,49.210692],[16.617903,49.2107],[16.617907,49.210695]]]},"properties":{"id":521201,"buildingId":510096,"floorId":521140,"floorLevel":4,"name":"","type":"stairs","category":"circulation","label":"Stairs","passportNumber":null,"seats":null,"hasProjector":false,"hasWhiteboard":false,"code":null}},{"type":"Feature","geometry":{"type":"Polygon","coordinates":[[[16.617987,49.210709],[16.617987,49.210709],[16.617987,49.210709],[16.617987,49.210708],[16.617987,49.210708],[16.617987,49.210708],[16.617987,49.210708],[16.617987,49.210707],[16.617987,49.210707],[16.617987,49.210707],[16.617987,49.210706],[16.617987,49.210706],[16.617987,49.210706],[16.617987,49.210706],[16.617987,49.210705],[16.617987,49.210705],[16.617987,49.210705],[16.617987,49.210704],[16.617987,49.210704],[16.617986,49.210704],[16.617978,49.210688],[16.617977,49.210687],[16.617977,49.210687],[16.617977,49.210686],[16.617977,49.210686],[16.617976,49.210685],[16.617976,49.210685],[16.617975,49.210685],[16.617975,49.210684],[16.617975,49.210684],[16.617974,49.210684],[16.617974,49.210684],[16.617973,49.210684],[16.617973,49.210683],[16.617972,49.210683],[16.617971,49.210683],[16.61797,49.210683],[16.617969,49.210683],[16.617968,49.210683],[16.617967,49.210683],[16.617966,49.210683],[16.617965,49.210683],[16.617964,49.210684],[16.617968,49.210685],[16.617968,49.21069],[16.61796,49.210692],[16.617969,49.210708],[16.617977,49.210706],[16.617982,49.21071],[16.61798,49.210713],[16.617981,49.210713],[16.617982,49.210712],[16.617982,49.210712],[16.617983,49.210712],[16.617984,49.210712],[16.617984,49.210711],[16.617985,49.210711],[16.617985,49.210711],[16.617986,49.21071],[16.617986,49.21071],[16.617987,49.210709]]]},"properties":{"id":521204,"buildingId":510096,"floorId":521140,"floorLevel":4,"name":"","type":"stairs","category":"circulation","label":"Stairs","passportNumber":null,"seats":null,"hasProjector":false,"hasWhiteboard":false,"code":null}},{"type":"Feature","geometry":{"type":"Polygon","coordinates":[[[16.617926,49.210718],[16.61795,49.210712],[16.617969,49.210708],[16.617969,49.210708],[16.61796,49.210692],[16.61796,49.210692],[16.617917,49.210702],[16.617911,49.210703],[16.61792,49.210719],[16.617926,49.210718]]]},"properties":{"id":521206,"buildingId":510096,"floorId":521140,"floorLevel":4,"name":"","type":"stairs","category":"circulation","label":"Stairs","passportNumber":null,"seats":null,"hasProjector":false,"hasWhiteboard":false,"code":null}},{"type":"Feature","geometry":{"type":"Polygon","coordinates":[[[16.61795,49.210749],[16.617958,49.210736],[16.617958,49.210735],[16.617925,49.210727],[16.617925,49.210727],[16.617917,49.210725],[16.617909,49.210739],[16.617916,49.210741],[16.617916,49.210741],[16.617949,49.21075],[16.61795,49.210749]]]},"properties":{"id":521208,"buildingId":510096,"floorId":521140,"floorLevel":4,"name":"","type":"stairs","category":"circulation","label":"Stairs","passportNumber":null,"seats":null,"hasProjector":false,"hasWhiteboard":false,"code":null}},{"type":"Feature","geometry":{"type":"Polygon","coordinates":[[[16.617963,49.210737],[16.617958,49.210736],[16.61795,49.210749],[16.617955,49.210751],[16.617963,49.210737]]]},"properties":{"id":521209,"buildingId":510096,"floorId":521140,"floorLevel":4,"name":"","type":"stairs","category":"circulation","label":"Stairs","passportNumber":null,"seats":null,"hasProjector":false,"hasWhiteboard":false,"code":null}},{"type":"Feature","geometry":{"type":"Polygon","coordinates":[[[16.617965,49.210738],[16.617963,49.210737],[16.617955,49.210751],[16.617957,49.210751],[16.617965,49.210738]]]},"properties":{"id":521210,"buildingId":510096,"floorId":521140,"floorLevel":4,"name":"","type":"stairs","category":"circulation","label":"Stairs","passportNumber":null,"seats":null,"hasProjector":false,"hasWhiteboard":false,"code":null}},{"type":"Feature","geometry":{"type":"Polygon","coordinates":[[[16.61771,49.211193],[16.617709,49.211193],[16.617709,49.211193],[16.617693,49.211189],[16.617671,49.211225],[16.617689,49.211229],[16.61771,49.211193]]]},"properties":{"id":521211,"buildingId":510096,"floorId":521140,"floorLevel":4,"name":"","type":"stairs","category":"circulation","label":"Stairs","passportNumber":null,"seats":null,"hasProjector":false,"hasWhiteboard":false,"code":null}},{"type":"Feature","geometry":{"type":"Polygon","coordinates":[[[16.61773,49.211198],[16.617716,49.211195],[16.617713,49.211194],[16.617691,49.21123],[16.617708,49.211234],[16.61773,49.211198]]]},"properties":{"id":521213,"buildingId":510096,"floorId":521140,"floorLevel":4,"name":"","type":"stairs","category":"circulation","label":"Stairs","passportNumber":null,"seats":null,"hasProjector":false,"hasWhiteboard":false,"code":null}},{"type":"Feature","geometry":{"type":"Polygon","coordinates":[[[16.617987,49.210709],[16.617987,49.210709],[16.617987,49.210709],[16.617987,49.210708],[16.617987,49.210708],[16.617987,49.210708],[16.617987,49.210708],[16.617987,49.210707],[16.617987,49.210707],[16.617987,49.210707],[16.617987,49.210706],[16.617987,49.210706],[16.617987,49.210706],[16.617987,49.210706],[16.617987,49.210705],[16.617987,49.210705],[16.617987,49.210705],[16.617987,49.210704],[16.617987,49.210704],[16.617986,49.210704],[16.617978,49.210688],[16.617977,49.210687],[16.617977,49.210687],[16.617977,49.210686],[16.617977,49.210686],[16.617976,49.210685],[16.617976,49.210685],[16.617975,49.210685],[16.617975,49.210684],[16.617975,49.210684],[16.617974,49.210684],[16.617974,49.210684],[16.617973,49.210684],[16.617973,49.210683],[16.617972,49.210683],[16.617971,49.210683],[16.61797,49.210683],[16.617969,49.210683],[16.617968,49.210683],[16.617967,49.210683],[16.617966,49.210683],[16.617965,49.210683],[16.617964,49.210684],[16.617968,49.210685],[16.617968,49.21069],[16.61796,49.210692],[16.617969,49.210708],[16.617977,49.210706],[16.617982,49.21071],[16.61798,49.210713],[16.617981,49.210713],[16.617982,49.210712],[16.617982,49.210712],[16.617983,49.210712],[16.617984,49.210712],[16.617984,49.210711],[16.617985,49.210711],[16.617985,49.210711],[16.617986,49.21071],[16.617986,49.21071],[16.617987,49.210709]]]},"properties":{"id":521352,"buildingId":510096,"floorId":521140,"floorLevel":4,"name":"","type":"stairs","category":"circulation","label":"Stairs","passportNumber":null,"seats":null,"hasProjector":false,"hasWhiteboard":false,"code":null}},{"type":"Feature","geometry":{"type":"Polygon","coordinates":[[[16.617926,49.210718],[16.61795,49.210712],[16.617969,49.210708],[16.617969,49.210708],[16.61796,49.210692],[16.61796,49.210692],[16.617917,49.210702],[16.617911,49.210703],[16.61792,49.210719],[16.617926,49.210718]]]},"properties":{"id":521358,"buildingId":510096,"floorId":521140,"floorLevel":4,"name":"","type":"stairs","category":"circulation","label":"Stairs","passportNumber":null,"seats":null,"hasProjector":false,"hasWhiteboard":false,"code":null}},{"type":"Feature","geometry":{"type":"Polygon","coordinates":[[[16.617798,49.210634],[16.617795,49.210633],[16.617787,49.210641],[16.617803,49.210647],[16.61781,49.210639],[16.617807,49.210637],[16.617798,49.210634]]]},"properties":{"id":521468,"buildingId":510096,"floorId":521140,"floorLevel":4,"name":"","type":"elevator","category":"circulation","label":"Elevator","passportNumber":null,"seats":null,"hasProjector":false,"hasWhiteboard":false,"code":null}},{"type":"Feature","geometry":{"type":"Polygon","coordinates":[[[16.617963,49.210737],[16.617958,49.210736],[16.61795,49.210749],[16.617955,49.210751],[16.617963,49.210737]]]},"properties":{"id":521472,"buildingId":510096,"floorId":521140,"floorLevel":4,"name":"","type":"stairs","category":"circulation","label":"Stairs","passportNumber":null,"seats":null,"hasProjector":false,"hasWhiteboard":false,"code":null}},{"type":"Feature","geometry":{"type":"Polygon","coordinates":[[[16.617258,49.210381],[16.617229,49.21037],[16.617208,49.210392],[16.617238,49.210403],[16.617258,49.210381]]]},"properties":{"id":526209,"buildingId":510096,"floorId":526206,"floorLevel":3,"name":"","type":"stairs","category":"circulation","label":"Stairs","passportNumber":null,"seats":null,"hasProjector":false,"hasWhiteboard":false,"code":991}},{"type":"Feature","geometry":{"type":"Polygon","coordinates":[[[16.617337,49.210413],[16.617333,49.210412],[16.617334,49.21041],[16.617309,49.210401],[16.6173,49.21041],[16.617301,49.210411],[16.617299,49.210414],[16.617298,49.210413],[16.617289,49.210423],[16.617318,49.210434],[16.617337,49.210413]]]},"properties":{"id":526212,"buildingId":510096,"floorId":526206,"floorLevel":3,"name":"","type":"floor","category":"structure","label":"Corridor","passportNumber":null,"seats":60,"hasProjector":false,"hasWhiteboard":false,"code":429}},{"type":"Feature","geometry":{"type":"Polygon","coordinates":[[[16.617472,49.210457],[16.617478,49.210459],[16.617491,49.210445],[16.617443,49.210427],[16.61743,49.210441],[16.617461,49.210453],[16.617457,49.210458],[16.617467,49.210462],[16.617472,49.210457]]]},"properties":{"id":526215,"buildingId":510096,"floorId":526206,"floorLevel":3,"name":"","type":"floor","category":"structure","label":"Corridor","passportNumber":null,"seats":null,"hasProjector":false,"hasWhiteboard":false,"code":423}},{"type":"Feature","geometry":{"type":"Polygon","coordinates":[[[16.617572,49.210507],[16.617569,49.210505],[16.617571,49.210503],[16.617565,49.210501],[16.617443,49.210454],[16.617447,49.210449],[16.617431,49.210443],[16.617427,49.210448],[16.617396,49.210436],[16.617401,49.210431],[16.617386,49.210426],[16.617381,49.21043],[16.617372,49.210427],[16.61737,49.210429],[16.617365,49.210427],[16.617368,49.210423],[16.617339,49.210412],[16.617319,49.210435],[16.617348,49.210446],[16.617348,49.210445],[16.617353,49.210447],[16.617353,49.210447],[16.617353,49.210448],[16.617358,49.21045],[16.617555,49.210526],[16.617572,49.210507]]]},"properties":{"id":526221,"buildingId":510096,"floorId":526206,"floorLevel":3,"name":"","type":"floor","category":"structure","label":"Corridor","passportNumber":null,"seats":10,"hasProjector":false,"hasWhiteboard":false,"code":423}},{"type":"Feature","geometry":{"type":"Polygon","coordinates":[[[16.617713,49.210558],[16.617689,49.210549],[16.617693,49.210545],[16.617678,49.210539],[16.617674,49.210543],[16.617617,49.210521],[16.617621,49.210516],[16.617605,49.21051],[16.617601,49.210515],[16.617579,49.210506],[16.617559,49.210529],[16.617693,49.21058],[16.617713,49.210558]]]},"properties":{"id":526226,"buildingId":510096,"floorId":526206,"floorLevel":3,"name":"","type":"floor","category":"structure","label":"Corridor","passportNumber":null,"seats":null,"hasProjector":false,"hasWhiteboard":false,"code":423}},{"type":"Feature","geometry":{"type":"Polygon","coordinates":[[[16.618008,49.210735],[16.618016,49.210737],[16.618022,49.210726],[16.618015,49.210724],[16.618029,49.210701],[16.618015,49.210675],[16.617979,49.210661],[16.617983,49.210656],[16.617968,49.21065],[16.617964,49.210655],[16.617928,49.210641],[16.617923,49.210646],[16.617918,49.210644],[16.617921,49.210641],[16.617915,49.210638],[16.617916,49.210637],[16.617893,49.210627],[16.617802,49.210593],[16.617801,49.210594],[16.617795,49.210592],[16.617797,49.21059],[16.617739,49.210568],[16.617742,49.210564],[16.617727,49.210558],[16.617723,49.210562],[16.617718,49.21056],[16.617699,49.210581],[16.617884,49.210653],[16.617893,49.210656],[16.617904,49.21066],[16.617904,49.21066],[16.617909,49.210662],[16.617909,49.210662],[16.61791,49.210662],[16.617936,49.210673],[16.617964,49.210684],[16.617965,49.210683],[16.617966,49.210683],[16.617967,49.210683],[16.617968,49.210683],[16.617969,49.210683],[16.61797,49.210683],[16.617971,49.210683],[16.617972,49.210683],[16.617973,49.210683],[16.617973,49.210684],[16.617974,49.210684],[16.617974,49.210684],[16.617975,49.210684],[16.617975,49.210684],[16.617975,49.210685],[16.617976,49.210685],[16.617976,49.210685],[16.617977,49.210686],[16.617977,49.210686],[16.617977,49.210687],[16.617977,49.210687],[16.617978,49.210688],[16.617987,49.210705],[16.617987,49.210705],[16.617987,49.210705],[16.617987,49.210705],[16.617987,49.210706],[16.617987,49.210706],[16.617987,49.210706],[16.617987,49.210707],[16.617987,49.210707],[16.617987,49.210707],[16.617987,49.210707],[16.617987,49.210708],[16.617987,49.210708],[16.617987,49.210708],[16.617987,49.210708],[16.617987,49.210709],[16.617987,49.210709],[16.617987,49.210709],[16.617986,49.21071],[16.617986,49.21071],[16.617985,49.210711],[16.617985,49.210711],[16.617984,49.210711],[16.617984,49.210712],[16.617983,49.210712],[16.617982,49.210712],[16.617982,49.210712],[16.617981,49.210713],[16.61798,49.210713],[16.617957,49.210751],[16.617957,49.210752],[16.617992,49.210761],[16.618008,49.210735]]]},"properties":{"id":526234,"buildingId":510096,"floorId":526206,"floorLevel":3,"name":"","type":"floor","category":"structure","label":"Corridor","passportNumber":null,"seats":null,"hasProjector":false,"hasWhiteboard":false,"code":429}},{"type":"Feature","geometry":{"type":"Polygon","coordinates":[[[16.617902,49.210905],[16.617905,49.210906],[16.617907,49.210902],[16.617915,49.210904],[16.617921,49.210894],[16.617913,49.210892],[16.617914,49.21089],[16.617912,49.21089],[16.617913,49.210887],[16.617916,49.210888],[16.617918,49.210885],[16.617915,49.210884],[16.617919,49.210878],[16.617922,49.210878],[16.617926,49.210871],[16.617934,49.210873],[16.61794,49.210862],[16.617932,49.21086],[16.617938,49.210851],[16.617946,49.210853],[16.617952,49.210843],[16.617944,49.210841],[16.617948,49.210834],[16.617976,49.210788],[16.617973,49.210788],[16.617975,49.210785],[16.617977,49.210786],[16.617978,49.210785],[16.617986,49.210787],[16.617993,49.210776],[16.617985,49.210774],[16.61799,49.210765],[16.617954,49.210756],[16.617866,49.210901],[16.6179,49.21091],[16.617902,49.210905]]]},"properties":{"id":526241,"buildingId":510096,"floorId":526206,"floorLevel":3,"name":"","type":"floor","category":"structure","label":"Corridor","passportNumber":null,"seats":null,"hasProjector":false,"hasWhiteboard":false,"code":429}},{"type":"Feature","geometry":{"type":"Polygon","coordinates":[[[16.617867,49.210968],[16.617865,49.210967],[16.617866,49.210964],[16.617869,49.210965],[16.61787,49.210963],[16.617877,49.210965],[16.617884,49.210954],[16.617877,49.210952],[16.617888,49.210934],[16.617895,49.210936],[16.617901,49.210925],[16.617894,49.210923],[16.6179,49.210914],[16.617863,49.210905],[16.617806,49.210998],[16.617843,49.211008],[16.617867,49.210968]]]},"properties":{"id":526245,"buildingId":510096,"floorId":526206,"floorLevel":3,"name":"","type":"floor","category":"structure","label":"Corridor","passportNumber":null,"seats":null,"hasProjector":false,"hasWhiteboard":false,"code":424}},{"type":"Feature","geometry":{"type":"Polygon","coordinates":[[[16.617753,49.211161],[16.617751,49.21116],[16.617753,49.211157],[16.617747,49.211155],[16.617749,49.211152],[16.617755,49.211153],[16.617759,49.211147],[16.617766,49.211148],[16.617773,49.211137],[16.617766,49.211136],[16.617779,49.211113],[16.617786,49.211115],[16.617793,49.211104],[16.617786,49.211102],[16.617791,49.211093],[16.617789,49.211093],[16.61779,49.21109],[16.617793,49.211091],[16.617801,49.211078],[16.617808,49.211079],[16.617815,49.211068],[16.617808,49.211067],[16.617827,49.211034],[16.617825,49.211034],[16.617826,49.211031],[16.617829,49.211032],[16.617831,49.211027],[16.617839,49.211029],[16.617846,49.211018],[16.617838,49.211016],[16.617841,49.211011],[16.617836,49.21101],[16.617807,49.211003],[16.617806,49.211002],[16.61772,49.211144],[16.617721,49.211145],[16.617719,49.211148],[16.617718,49.211148],[16.617704,49.211171],[16.617741,49.211181],[16.617753,49.211161]]]},"properties":{"id":526253,"buildingId":510096,"floorId":526206,"floorLevel":3,"name":"","type":"floor","category":"structure","label":"Corridor","passportNumber":null,"seats":null,"hasProjector":false,"hasWhiteboard":false,"code":424}},{"type":"Feature","geometry":{"type":"Polygon","coordinates":[[[16.617741,49.211181],[16.617704,49.211171],[16.617693,49.211189],[16.61771,49.211193],[16.61771,49.211193],[16.61773,49.211198],[16.617741,49.211181]]]},"properties":{"id":526255,"buildingId":510096,"floorId":526206,"floorLevel":3,"name":"","type":"floor","category":"structure","label":"Corridor","passportNumber":null,"seats":null,"hasProjector":false,"hasWhiteboard":false,"code":991}},{"type":"Feature","geometry":{"type":"Polygon","coordinates":[[[16.617708,49.211234],[16.617671,49.211225],[16.617659,49.211245],[16.617696,49.211255],[16.617708,49.211234]]]},"properties":{"id":526258,"buildingId":510096,"floorId":526206,"floorLevel":3,"name":"","type":"stairs","category":"circulation","label":"Stairs","passportNumber":null,"seats":null,"hasProjector":false,"hasWhiteboard":false,"code":991}},{"type":"Feature","geometry":{"type":"Polygon","coordinates":[[[16.617298,49.210413],[16.6173,49.21041],[16.617309,49.210401],[16.617258,49.210381],[16.617238,49.210403],[16.617289,49.210423],[16.617298,49.210413]]]},"properties":{"id":526261,"buildingId":510096,"floorId":526206,"floorLevel":3,"name":"","type":"stairs","category":"circulation","label":"Stairs","passportNumber":null,"seats":null,"hasProjector":false,"hasWhiteboard":false,"code":null}},{"type":"Feature","geometry":{"type":"Polygon","coordinates":[[[16.617342,49.210448],[16.617324,49.210442],[16.617317,49.21045],[16.61731,49.210447],[16.6173,49.210458],[16.617307,49.21046],[16.6173,49.210468],[16.617318,49.210474],[16.617342,49.210448]]]},"properties":{"id":526262,"buildingId":510096,"floorId":526206,"floorLevel":3,"name":"","type":"floor","category":"structure","label":"Corridor","passportNumber":null,"seats":null,"hasProjector":false,"hasWhiteboard":false,"code":null}},{"type":"Feature","geometry":{"type":"Polygon","coordinates":[[[16.617928,49.210672],[16.617908,49.210664],[16.617906,49.210666],[16.617926,49.210674],[16.617928,49.210672]]]},"properties":{"id":526264,"buildingId":510096,"floorId":526206,"floorLevel":3,"name":"","type":"stairs","category":"circulation","label":"Stairs","passportNumber":null,"seats":null,"hasProjector":false,"hasWhiteboard":false,"code":null}},{"type":"Feature","geometry":{"type":"Polygon","coordinates":[[[16.617903,49.2107],[16.617907,49.210695],[16.617908,49.210695],[16.617926,49.210675],[16.617926,49.210675],[16.617926,49.210674],[16.617906,49.210666],[16.617906,49.210667],[16.617905,49.210667],[16.617886,49.210687],[16.617886,49.210687],[16.617887,49.210688],[16.617883,49.210692],[16.617882,49.210692],[16.617882,49.210692],[16.617882,49.210692],[16.617882,49.210692],[16.617882,49.210692],[16.617882,49.210692],[16.617882,49.210692],[16.617882,49.210692],[16.617903,49.2107]]]},"properties":{"id":526267,"buildingId":510096,"floorId":526206,"floorLevel":3,"name":"","type":"stairs","category":"circulation","label":"Stairs","passportNumber":null,"seats":null,"hasProjector":false,"hasWhiteboard":false,"code":null}},{"type":"Feature","geometry":{"type":"Polygon","coordinates":[[[16.617926,49.210718],[16.617926,49.210718],[16.61795,49.210713],[16.617969,49.210708],[16.61796,49.210692],[16.617911,49.210703],[16.61792,49.210719],[16.617926,49.210718]]]},"properties":{"id":526268,"buildingId":510096,"floorId":526206,"floorLevel":3,"name":"","type":"stairs","category":"circulation","label":"Stairs","passportNumber":null,"seats":null,"hasProjector":false,"hasWhiteboard":false,"code":null}},{"type":"Feature","geometry":{"type":"Polygon","coordinates":[[[16.617958,49.210735],[16.617925,49.210727],[16.617925,49.210727],[16.617925,49.210727],[16.617925,49.210727],[16.617917,49.210726],[16.617909,49.210739],[16.617916,49.210741],[16.617916,49.210742],[16.617949,49.21075],[16.617958,49.210735]]]},"properties":{"id":526270,"buildingId":510096,"floorId":526206,"floorLevel":3,"name":"","type":"stairs","category":"circulation","label":"Stairs","passportNumber":null,"seats":null,"hasProjector":false,"hasWhiteboard":false,"code":null}},{"type":"Feature","geometry":{"type":"Polygon","coordinates":[[[16.617958,49.210736],[16.617958,49.210736],[16.617949,49.21075],[16.617949,49.21075],[16.61795,49.210749],[16.617955,49.210751],[16.617963,49.210737],[16.617958,49.210736]]]},"properties":{"id":526271,"buildingId":510096,"floorId":526206,"floorLevel":3,"name":"","type":"stairs","category":"circulation","label":"Stairs","passportNumber":null,"seats":null,"hasProjector":false,"hasWhiteboard":false,"code":null}},{"type":"Feature","geometry":{"type":"Polygon","coordinates":[[[16.61773,49.211198],[16.61771,49.211193],[16.61771,49.211193],[16.617693,49.211189],[16.617671,49.211225],[16.617708,49.211234],[16.61773,49.211198]]]},"properties":{"id":526272,"buildingId":510096,"floorId":526206,"floorLevel":3,"name":"","type":"stairs","category":"circulation","label":"Stairs","passportNumber":null,"seats":null,"hasProjector":false,"hasWhiteboard":false,"code":null}},{"type":"Feature","geometry":{"type":"Polygon","coordinates":[[[16.617298,49.210413],[16.6173,49.21041],[16.617309,49.210401],[16.617309,49.210401],[16.617258,49.210381],[16.617238,49.210403],[16.617289,49.210423],[16.617298,49.210413]]]},"properties":{"id":526298,"buildingId":510096,"floorId":526206,"floorLevel":3,"name":"","type":"stairs","category":"circulation","label":"Stairs","passportNumber":null,"seats":null,"hasProjector":false,"hasWhiteboard":false,"code":null}},{"type":"Feature","geometry":{"type":"Polygon","coordinates":[[[16.617809,49.210634],[16.617801,49.210631],[16.617798,49.210634],[16.617807,49.210637],[16.617809,49.210634]]]},"properties":{"id":526376,"buildingId":510096,"floorId":526206,"floorLevel":3,"name":"","type":"elevator","category":"circulation","label":"Elevator","passportNumber":null,"seats":null,"hasProjector":false,"hasWhiteboard":false,"code":null}},{"type":"Feature","geometry":{"type":"Polygon","coordinates":[[[16.61793,49.21067],[16.61791,49.210662],[16.617908,49.210664],[16.617928,49.210672],[16.61793,49.21067]]]},"properties":{"id":526385,"buildingId":510096,"floorId":526206,"floorLevel":3,"name":"","type":"stairs","category":"circulation","label":"Stairs","passportNumber":null,"seats":null,"hasProjector":false,"hasWhiteboard":false,"code":null}},{"type":"Feature","geometry":{"type":"Polygon","coordinates":[[[16.617903,49.2107],[16.617907,49.210695],[16.617908,49.210695],[16.617926,49.210675],[16.617926,49.210675],[16.617926,49.210674],[16.617906,49.210666],[16.617906,49.210667],[16.617905,49.210667],[16.617886,49.210687],[16.617886,49.210687],[16.617887,49.210688],[16.617887,49.210688],[16.617883,49.210692],[16.617883,49.210692],[16.617882,49.210692],[16.617882,49.210692],[16.617903,49.2107]]]},"properties":{"id":526397,"buildingId":510096,"floorId":526206,"floorLevel":3,"name":"","type":"stairs","category":"circulation","label":"Stairs","passportNumber":null,"seats":null,"hasProjector":false,"hasWhiteboard":false,"code":null}},{"type":"Feature","geometry":{"type":"Polygon","coordinates":[[[16.617958,49.210735],[16.617925,49.210727],[16.617925,49.210727],[16.617925,49.210727],[16.617925,49.210727],[16.617917,49.210726],[16.617909,49.210739],[16.617916,49.210741],[16.617916,49.210742],[16.617949,49.21075],[16.617958,49.210735]]]},"properties":{"id":526412,"buildingId":510096,"floorId":526206,"floorLevel":3,"name":"","type":"stairs","category":"circulation","label":"Stairs","passportNumber":null,"seats":null,"hasProjector":false,"hasWhiteboard":false,"code":null}},{"type":"Feature","geometry":{"type":"Polygon","coordinates":[[[16.617958,49.210736],[16.617958,49.210736],[16.617949,49.21075],[16.617949,49.21075],[16.61795,49.210749],[16.617955,49.210751],[16.617963,49.210737],[16.617958,49.210736]]]},"properties":{"id":526413,"buildingId":510096,"floorId":526206,"floorLevel":3,"name":"","type":"floor","category":"structure","label":"Corridor","passportNumber":null,"seats":null,"hasProjector":false,"hasWhiteboard":false,"code":null}},{"type":"Feature","geometry":{"type":"Polygon","coordinates":[[[16.617965,49.210738],[16.617963,49.210737],[16.617955,49.210751],[16.617957,49.210751],[16.617965,49.210738]]]},"properties":{"id":526414,"buildingId":510096,"floorId":526206,"floorLevel":3,"name":"","type":"stairs","category":"circulation","label":"Stairs","passportNumber":null,"seats":null,"hasProjector":false,"hasWhiteboard":false,"code":null}},{"type":"Feature","geometry":{"type":"Polygon","coordinates":[[[16.617969,49.210708],[16.617969,49.210708],[16.617977,49.210706],[16.617982,49.21071],[16.61798,49.210713],[16.617981,49.210713],[16.617982,49.210712],[16.617982,49.210712],[16.617983,49.210712],[16.617984,49.210712],[16.617984,49.210711],[16.617985,49.210711],[16.617985,49.210711],[16.617986,49.21071],[16.617986,49.21071],[16.617987,49.210709],[16.617987,49.210709],[16.617987,49.210709],[16.617987,49.210708],[16.617987,49.210708],[16.617987,49.210708],[16.617987,49.210708],[16.617987,49.210707],[16.617987,49.210707],[16.617987,49.210707],[16.617987,49.210707],[16.617987,49.210706],[16.617987,49.210706],[16.617987,49.210706],[16.617987,49.210705],[16.617987,49.210705],[16.617987,49.210705],[16.617987,49.210705],[16.617978,49.210688],[16.617977,49.210687],[16.617977,49.210687],[16.617977,49.210686],[16.617977,49.210686],[16.617976,49.210685],[16.617976,49.210685],[16.617975,49.210685],[16.617975,49.210684],[16.617975,49.210684],[16.617974,49.210684],[16.617974,49.210684],[16.617973,49.210684],[16.617973,49.210683],[16.617972,49.210683],[16.617971,49.210683],[16.61797,49.210683],[16.617969,49.210683],[16.617968,49.210683],[16.617967,49.210683],[16.617966,49.210683],[16.617965,49.210683],[16.617964,49.210684],[16.617968,49.210685],[16.617968,49.21069],[16.61796,49.210692],[16.61796,49.210692],[16.617969,49.210708]]]},"properties":{"id":526483,"buildingId":510096,"floorId":526206,"floorLevel":3,"name":"","type":"stairs","category":"circulation","label":"Stairs","passportNumber":null,"seats":null,"hasProjector":false,"hasWhiteboard":false,"code":991}},{"type":"Feature","geometry":{"type":"Polygon","coordinates":[[[16.617969,49.210708],[16.617969,49.210708],[16.617969,49.210708],[16.61795,49.210713],[16.617926,49.210718],[16.617926,49.210719],[16.617969,49.210709],[16.617969,49.210708]]]},"properties":{"id":526484,"buildingId":510096,"floorId":526206,"floorLevel":3,"name":"","type":"stairs","category":"circulation","label":"Stairs","passportNumber":null,"seats":null,"hasProjector":false,"hasWhiteboard":false,"code":991}},{"type":"Feature","geometry":{"type":"Polygon","coordinates":[[[16.617911,49.210703],[16.617911,49.210703],[16.61796,49.210692],[16.61796,49.210692],[16.61796,49.210691],[16.617917,49.210701],[16.617917,49.210702],[16.617911,49.210703]]]},"properties":{"id":526485,"buildingId":510096,"floorId":526206,"floorLevel":3,"name":"","type":"stairs","category":"circulation","label":"Stairs","passportNumber":null,"seats":null,"hasProjector":false,"hasWhiteboard":false,"code":991}},{"type":"Feature","geometry":{"type":"Polygon","coordinates":[[[16.617917,49.210725],[16.617917,49.210726],[16.617925,49.210727],[16.617925,49.210727],[16.617917,49.210725]]]},"properties":{"id":526486,"buildingId":510096,"floorId":526206,"floorLevel":3,"name":"","type":"stairs","category":"circulation","label":"Stairs","passportNumber":null,"seats":null,"hasProjector":false,"hasWhiteboard":false,"code":991}},{"type":"Feature","geometry":{"type":"Polygon","coordinates":[[[16.617909,49.210739],[16.617909,49.210739],[16.617917,49.210726],[16.617917,49.210725],[16.617918,49.21072],[16.61792,49.210719],[16.617911,49.210703],[16.617911,49.210703],[16.617909,49.210703],[16.617903,49.2107],[16.617903,49.2107],[16.617882,49.210692],[16.617882,49.210693],[16.617881,49.210693],[16.617881,49.210694],[16.61788,49.210694],[16.61788,49.210695],[16.61788,49.210696],[16.61788,49.210696],[16.617878,49.210705],[16.617879,49.210706],[16.617879,49.210707],[16.617879,49.210709],[16.61788,49.21071],[16.617881,49.210711],[16.617881,49.210712],[16.617882,49.210714],[16.617887,49.210723],[16.617888,49.210724],[16.617888,49.210726],[16.617889,49.210727],[16.61789,49.210728],[16.617891,49.210729],[16.617892,49.210731],[16.617893,49.210732],[16.617902,49.210738],[16.617902,49.210738],[16.617903,49.210738],[16.617903,49.210738],[16.617904,49.210738],[16.617904,49.210738],[16.617905,49.210739],[16.617905,49.210739],[16.617906,49.210739],[16.617906,49.210739],[16.617906,49.210739],[16.617907,49.210739],[16.617907,49.210739],[16.617908,49.210739],[16.617908,49.21074],[16.617909,49.210739]]]},"properties":{"id":526487,"buildingId":510096,"floorId":526206,"floorLevel":3,"name":"","type":"stairs","category":"circulation","label":"Stairs","passportNumber":null,"seats":null,"hasProjector":false,"hasWhiteboard":false,"code":991}},{"type":"Feature","geometry":{"type":"Polygon","coordinates":[[[16.61793,49.21067],[16.61791,49.210662],[16.617908,49.210664],[16.617928,49.210672],[16.61793,49.21067]]]},"properties":{"id":526532,"buildingId":510096,"floorId":526206,"floorLevel":3,"name":"","type":"floor","category":"structure","label":"Corridor","passportNumber":null,"seats":null,"hasProjector":false,"hasWhiteboard":false,"code":null}},{"type":"Feature","geometry":{"type":"Polygon","coordinates":[[[16.617965,49.210738],[16.617963,49.210737],[16.617955,49.210751],[16.617957,49.210751],[16.617965,49.210738]]]},"properties":{"id":526534,"buildingId":510096,"floorId":526206,"floorLevel":3,"name":"","type":"floor","category":"structure","label":"Corridor","passportNumber":null,"seats":null,"hasProjector":false,"hasWhiteboard":false,"code":null}},{"type":"Feature","geometry":{"type":"Polygon","coordinates":[[[16.617928,49.210672],[16.617908,49.210664],[16.617906,49.210666],[16.617926,49.210674],[16.617928,49.210672]]]},"properties":{"id":526538,"buildingId":510096,"floorId":526206,"floorLevel":3,"name":"","type":"stairs","category":"circulation","label":"Stairs","passportNumber":null,"seats":null,"hasProjector":false,"hasWhiteboard":false,"code":null}},{"type":"Feature","geometry":{"type":"Polygon","coordinates":[[[16.617926,49.210718],[16.617926,49.210718],[16.61795,49.210713],[16.617969,49.210708],[16.61796,49.210692],[16.617911,49.210703],[16.61792,49.210719],[16.617926,49.210718]]]},"properties":{"id":526539,"buildingId":510096,"floorId":526206,"floorLevel":3,"name":"","type":"stairs","category":"circulation","label":"Stairs","passportNumber":null,"seats":null,"hasProjector":false,"hasWhiteboard":false,"code":null}},{"type":"Feature","geometry":{"type":"Polygon","coordinates":[[[16.61773,49.211198],[16.61771,49.211193],[16.61771,49.211193],[16.617693,49.211189],[16.617671,49.211225],[16.617708,49.211234],[16.61773,49.211198]]]},"properties":{"id":526541,"buildingId":510096,"floorId":526206,"floorLevel":3,"name":"","type":"stairs","category":"circulation","label":"Stairs","passportNumber":null,"seats":null,"hasProjector":false,"hasWhiteboard":false,"code":null}},{"type":"Feature","geometry":{"type":"Polygon","coordinates":[[[16.617798,49.210634],[16.617795,49.210633],[16.617787,49.210641],[16.617803,49.210647],[16.61781,49.210639],[16.617807,49.210637],[16.617798,49.210634]]]},"properties":{"id":526543,"buildingId":510096,"floorId":526206,"floorLevel":3,"name":"","type":"elevator","category":"circulation","label":"Elevator","passportNumber":null,"seats":null,"hasProjector":false,"hasWhiteboard":false,"code":null}},{"type":"Feature","geometry":{"type":"Polygon","coordinates":[[[16.617249,49.210391],[16.617249,49.210391],[16.617258,49.210381],[16.617229,49.21037],[16.617208,49.210392],[16.617238,49.210403],[16.617249,49.210391]]]},"properties":{"id":528924,"buildingId":510096,"floorId":528919,"floorLevel":2,"name":"","type":"stairs","category":"circulation","label":"Stairs","passportNumber":null,"seats":null,"hasProjector":false,"hasWhiteboard":false,"code":991}},{"type":"Feature","geometry":{"type":"Polygon","coordinates":[[[16.617339,49.210414],[16.617332,49.210411],[16.617333,49.21041],[16.617331,49.210409],[16.617335,49.210405],[16.61732,49.210399],[16.617316,49.210403],[16.617309,49.210401],[16.6173,49.21041],[16.617301,49.210411],[16.617299,49.210414],[16.617297,49.210413],[16.61729,49.210411],[16.617282,49.21042],[16.61732,49.210435],[16.617339,49.210414]]]},"properties":{"id":528927,"buildingId":510096,"floorId":528919,"floorLevel":2,"name":"","type":"floor","category":"structure","label":"Corridor","passportNumber":null,"seats":null,"hasProjector":false,"hasWhiteboard":false,"code":991}},{"type":"Feature","geometry":{"type":"Polygon","coordinates":[[[16.617573,49.210505],[16.617442,49.210455],[16.617447,49.210449],[16.617431,49.210443],[16.617426,49.210449],[16.617396,49.210437],[16.617401,49.210431],[16.617386,49.210426],[16.617381,49.210431],[16.617372,49.210427],[16.61737,49.21043],[16.617365,49.210428],[16.617368,49.210423],[16.617359,49.21042],[16.617363,49.210416],[16.617348,49.21041],[16.617344,49.210414],[16.617341,49.210413],[16.617321,49.210435],[16.617348,49.210446],[16.617348,49.210445],[16.617353,49.210447],[16.617354,49.210446],[16.617359,49.210448],[16.617358,49.21045],[16.617555,49.210526],[16.617573,49.210505]]]},"properties":{"id":528935,"buildingId":510096,"floorId":528919,"floorLevel":2,"name":"","type":"floor","category":"structure","label":"Corridor","passportNumber":null,"seats":null,"hasProjector":false,"hasWhiteboard":false,"code":413}},{"type":"Feature","geometry":{"type":"Polygon","coordinates":[[[16.617248,49.21051],[16.617257,49.210514],[16.617266,49.210503],[16.617257,49.2105],[16.617297,49.210456],[16.617306,49.21046],[16.617315,49.210449],[16.617306,49.210446],[16.617314,49.210438],[16.617293,49.210429],[16.617219,49.210511],[16.61724,49.210519],[16.617248,49.21051]]]},"properties":{"id":528937,"buildingId":510096,"floorId":528919,"floorLevel":2,"name":"","type":"floor","category":"structure","label":"Corridor","passportNumber":null,"seats":null,"hasProjector":false,"hasWhiteboard":false,"code":413}},{"type":"Feature","geometry":{"type":"Polygon","coordinates":[[[16.617713,49.210559],[16.617689,49.21055],[16.617693,49.210545],[16.617678,49.210539],[16.617673,49.210544],[16.617616,49.210522],[16.617621,49.210516],[16.617605,49.21051],[16.617601,49.210516],[16.617578,49.210507],[16.617559,49.210529],[16.617693,49.21058],[16.617713,49.210559]]]},"properties":{"id":528943,"buildingId":510096,"floorId":528919,"floorLevel":2,"name":"","type":"floor","category":"structure","label":"Corridor","passportNumber":null,"seats":null,"hasProjector":false,"hasWhiteboard":false,"code":413}},{"type":"Feature","geometry":{"type":"Polygon","coordinates":[[[16.617875,49.210621],[16.617788,49.210588],[16.617793,49.210583],[16.617777,49.210577],[16.617773,49.210582],[16.617738,49.210569],[16.617742,49.210564],[16.617727,49.210558],[16.617722,49.210563],[16.617718,49.210561],[16.617699,49.210581],[16.617856,49.210642],[16.617875,49.210621]]]},"properties":{"id":528947,"buildingId":510096,"floorId":528919,"floorLevel":2,"name":"","type":"floor","category":"structure","label":"Corridor","passportNumber":null,"seats":null,"hasProjector":false,"hasWhiteboard":false,"code":413}},{"type":"Feature","geometry":{"type":"Polygon","coordinates":[[[16.6179,49.210905],[16.617903,49.210905],[16.617905,49.210902],[16.617915,49.210904],[16.617921,49.210894],[16.617911,49.210891],[16.617936,49.210851],[16.617946,49.210853],[16.617952,49.210843],[16.617942,49.21084],[16.617976,49.210784],[16.617986,49.210786],[16.617993,49.210776],[16.617983,49.210773],[16.617988,49.210764],[16.617983,49.210763],[16.617985,49.210759],[16.61799,49.210761],[16.617993,49.210756],[16.618003,49.210759],[16.61801,49.210748],[16.618,49.210745],[16.618006,49.210734],[16.618016,49.210737],[16.618023,49.210726],[16.618013,49.210724],[16.618019,49.210713],[16.618029,49.210715],[16.618036,49.210705],[16.618026,49.210702],[16.618028,49.210699],[16.618016,49.210676],[16.618009,49.210673],[16.618014,49.210668],[16.617998,49.210662],[16.617993,49.210667],[16.617979,49.210662],[16.617983,49.210656],[16.617968,49.21065],[16.617963,49.210656],[16.617949,49.21065],[16.617954,49.210645],[16.617938,49.210639],[16.617934,49.210644],[16.617927,49.210642],[16.617923,49.210647],[16.617917,49.210645],[16.61792,49.210642],[16.617914,49.210639],[16.617916,49.210637],[16.617876,49.210622],[16.617857,49.210642],[16.617904,49.21066],[16.617904,49.21066],[16.617909,49.210662],[16.617909,49.210662],[16.61791,49.210662],[16.617937,49.210673],[16.617964,49.210684],[16.617965,49.210683],[16.617966,49.210683],[16.617967,49.210683],[16.617968,49.210683],[16.617968,49.210683],[16.617969,49.210683],[16.61797,49.210683],[16.617971,49.210683],[16.617972,49.210683],[16.617972,49.210683],[16.617973,49.210684],[16.617974,49.210684],[16.617974,49.210684],[16.617975,49.210684],[16.617975,49.210684],[16.617975,49.210685],[16.617976,49.210685],[16.617976,49.210685],[16.617976,49.210686],[16.617977,49.210686],[16.617977,49.210686],[16.617977,49.210687],[16.617977,49.210687],[16.617978,49.210688],[16.617987,49.210705],[16.617987,49.210705],[16.617987,49.210705],[16.617987,49.210705],[16.617987,49.210705],[16.617987,49.210705],[16.617987,49.210705],[16.617987,49.210705],[16.617987,49.210705],[16.617987,49.210705],[16.617987,49.210705],[16.617987,49.210705],[16.617987,49.210705],[16.617987,49.210705],[16.617987,49.210706],[16.617987,49.210706],[16.617987,49.210707],[16.617987,49.210707],[16.617987,49.210707],[16.617987,49.210708],[16.617987,49.210708],[16.617987,49.210709],[16.617987,49.210709],[16.617987,49.210709],[16.617986,49.21071],[16.617986,49.21071],[16.617986,49.21071],[16.617986,49.210711],[16.617985,49.210711],[16.617985,49.210711],[16.617985,49.210712],[16.617984,49.210712],[16.617984,49.210712],[16.617983,49.210712],[16.617983,49.210712],[16.617983,49.210712],[16.617982,49.210713],[16.617982,49.210713],[16.617981,49.210713],[16.617981,49.210713],[16.61798,49.210713],[16.617957,49.210751],[16.617957,49.210752],[16.617958,49.210752],[16.617956,49.210756],[16.617954,49.210756],[16.617867,49.2109],[16.617898,49.210908],[16.6179,49.210905]]]},"properties":{"id":528957,"buildingId":510096,"floorId":528919,"floorLevel":2,"name":"","type":"floor","category":"structure","label":"Corridor","passportNumber":null,"seats":null,"hasProjector":false,"hasWhiteboard":false,"code":491}},{"type":"Feature","geometry":{"type":"Polygon","coordinates":[[[16.617849,49.210994],[16.617858,49.210996],[16.617865,49.210985],[16.617856,49.210983],[16.617868,49.210962],[16.617877,49.210965],[16.617884,49.210954],[16.617875,49.210951],[16.617898,49.210913],[16.617863,49.210904],[16.617856,49.210916],[16.61785,49.210926],[16.617838,49.210946],[16.617832,49.210956],[16.617819,49.210976],[16.617813,49.210986],[16.617806,49.210998],[16.617841,49.211007],[16.617849,49.210994]]]},"properties":{"id":528960,"buildingId":510096,"floorId":528919,"floorLevel":2,"name":"","type":"floor","category":"structure","label":"Corridor","passportNumber":null,"seats":24,"hasProjector":false,"hasWhiteboard":false,"code":424}},{"type":"Feature","geometry":{"type":"Polygon","coordinates":[[[16.617691,49.211157],[16.617704,49.21116],[16.617712,49.211148],[16.617625,49.211126],[16.617618,49.211138],[16.617674,49.211152],[16.61767,49.211158],[16.617687,49.211163],[16.617691,49.211157]]]},"properties":{"id":528969,"buildingId":510096,"floorId":528919,"floorLevel":2,"name":"","type":"floor","category":"structure","label":"Corridor","passportNumber":null,"seats":null,"hasProjector":false,"hasWhiteboard":false,"code":424}},{"type":"Feature","geometry":{"type":"Polygon","coordinates":[[[16.617755,49.211158],[16.617745,49.211155],[16.617747,49.211151],[16.617753,49.211153],[16.617757,49.211146],[16.617766,49.211148],[16.617773,49.211137],[16.617764,49.211135],[16.617778,49.211112],[16.617787,49.211114],[16.617794,49.211103],[16.617785,49.211101],[16.617799,49.211077],[16.617808,49.211079],[16.617815,49.211068],[16.617806,49.211066],[16.61783,49.211026],[16.617839,49.211028],[16.617845,49.211018],[16.617836,49.211015],[16.617839,49.211011],[16.617836,49.21101],[16.617807,49.211003],[16.617806,49.211002],[16.617792,49.211026],[16.617786,49.211036],[16.617771,49.21106],[16.61772,49.211144],[16.617721,49.211145],[16.617719,49.211148],[16.617718,49.211148],[16.617703,49.211173],[16.61774,49.211182],[16.617755,49.211158]]]},"properties":{"id":528971,"buildingId":510096,"floorId":528919,"floorLevel":2,"name":"","type":"floor","category":"structure","label":"Corridor","passportNumber":null,"seats":null,"hasProjector":false,"hasWhiteboard":false,"code":424}},{"type":"Feature","geometry":{"type":"Polygon","coordinates":[[[16.61771,49.211193],[16.61771,49.211193],[16.617713,49.211194],[16.61773,49.211198],[16.617733,49.211195],[16.61774,49.211196],[16.617746,49.211186],[16.617739,49.211184],[16.61774,49.211183],[16.617703,49.211174],[16.61769,49.211194],[16.617707,49.211198],[16.61771,49.211193]]]},"properties":{"id":528973,"buildingId":510096,"floorId":528919,"floorLevel":2,"name":"","type":"floor","category":"structure","label":"Corridor","passportNumber":null,"seats":null,"hasProjector":false,"hasWhiteboard":false,"code":424}},{"type":"Feature","geometry":{"type":"Polygon","coordinates":[[[16.617708,49.211234],[16.617692,49.21123],[16.617691,49.211232],[16.617687,49.211231],[16.617688,49.211229],[16.617671,49.211225],[16.617659,49.211245],[16.617696,49.211255],[16.617708,49.211234]]]},"properties":{"id":528978,"buildingId":510096,"floorId":528919,"floorLevel":2,"name":"","type":"stairs","category":"circulation","label":"Stairs","passportNumber":null,"seats":null,"hasProjector":false,"hasWhiteboard":false,"code":991}},{"type":"Feature","geometry":{"type":"Polygon","coordinates":[[[16.61729,49.21041],[16.61729,49.210411],[16.617297,49.210413],[16.617299,49.210411],[16.6173,49.210411],[16.6173,49.21041],[16.617309,49.210401],[16.617258,49.210381],[16.617249,49.210391],[16.617249,49.210391],[16.617238,49.210403],[16.617282,49.21042],[16.61729,49.21041]]]},"properties":{"id":528981,"buildingId":510096,"floorId":528919,"floorLevel":2,"name":"","type":"stairs","category":"circulation","label":"Stairs","passportNumber":null,"seats":null,"hasProjector":false,"hasWhiteboard":false,"code":null}},{"type":"Feature","geometry":{"type":"Polygon","coordinates":[[[16.61782,49.210633],[16.617816,49.210631],[16.617797,49.210624],[16.617781,49.210641],[16.617804,49.21065],[16.61782,49.210633]]]},"properties":{"id":528982,"buildingId":510096,"floorId":528919,"floorLevel":2,"name":"","type":"floor","category":"structure","label":"Corridor","passportNumber":null,"seats":null,"hasProjector":false,"hasWhiteboard":false,"code":null}},{"type":"Feature","geometry":{"type":"Polygon","coordinates":[[[16.617859,49.210651],[16.617861,49.210649],[16.617821,49.210633],[16.617805,49.210651],[16.617845,49.210666],[16.617859,49.210651]]]},"properties":{"id":528984,"buildingId":510096,"floorId":528919,"floorLevel":2,"name":"","type":"floor","category":"structure","label":"Corridor","passportNumber":null,"seats":null,"hasProjector":false,"hasWhiteboard":false,"code":null}},{"type":"Feature","geometry":{"type":"Polygon","coordinates":[[[16.617987,49.210705],[16.617987,49.210705],[16.617987,49.210705],[16.617978,49.210688],[16.617977,49.210687],[16.617977,49.210687],[16.617977,49.210686],[16.617977,49.210686],[16.617976,49.210686],[16.617976,49.210685],[16.617976,49.210685],[16.617975,49.210685],[16.617975,49.210684],[16.617975,49.210684],[16.617974,49.210684],[16.617974,49.210684],[16.617973,49.210684],[16.617972,49.210683],[16.617972,49.210683],[16.617971,49.210683],[16.61797,49.210683],[16.617969,49.210683],[16.617968,49.210683],[16.617968,49.210683],[16.617967,49.210683],[16.617966,49.210683],[16.617965,49.210683],[16.617964,49.210684],[16.617968,49.210685],[16.617968,49.21069],[16.61796,49.210692],[16.617969,49.210708],[16.617977,49.210706],[16.617982,49.21071],[16.61798,49.210713],[16.617981,49.210713],[16.617981,49.210713],[16.617982,49.210713],[16.617982,49.210713],[16.617983,49.210712],[16.617983,49.210712],[16.617983,49.210712],[16.617984,49.210712],[16.617984,49.210712],[16.617985,49.210712],[16.617985,49.210711],[16.617985,49.210711],[16.617986,49.210711],[16.617986,49.21071],[16.617986,49.21071],[16.617986,49.21071],[16.617987,49.210709],[16.617987,49.210709],[16.617987,49.210709],[16.617987,49.210708],[16.617987,49.210708],[16.617987,49.210707],[16.617987,49.210707],[16.617987,49.210707],[16.617987,49.210706],[16.617987,49.210706],[16.617987,49.210705]]]},"properties":{"id":528988,"buildingId":510096,"floorId":528919,"floorLevel":2,"name":"","type":"stairs","category":"circulation","label":"Stairs","passportNumber":null,"seats":null,"hasProjector":false,"hasWhiteboard":false,"code":null}},{"type":"Feature","geometry":{"type":"Polygon","coordinates":[[[16.617926,49.210718],[16.61795,49.210712],[16.617969,49.210708],[16.617969,49.210708],[16.61796,49.210692],[16.61796,49.210692],[16.617917,49.210702],[16.617911,49.210703],[16.61792,49.210719],[16.617926,49.210718]]]},"properties":{"id":528990,"buildingId":510096,"floorId":528919,"floorLevel":2,"name":"","type":"stairs","category":"circulation","label":"Stairs","passportNumber":null,"seats":null,"hasProjector":false,"hasWhiteboard":false,"code":null}},{"type":"Feature","geometry":{"type":"Polygon","coordinates":[[[16.61773,49.211198],[16.617713,49.211194],[16.617713,49.211194],[16.61771,49.211193],[16.617707,49.211198],[16.61769,49.211194],[16.617671,49.211225],[16.617688,49.211229],[16.617687,49.211231],[16.617691,49.211232],[16.617692,49.21123],[16.617708,49.211234],[16.61773,49.211198]]]},"properties":{"id":528992,"buildingId":510096,"floorId":528919,"floorLevel":2,"name":"","type":"stairs","category":"circulation","label":"Stairs","passportNumber":null,"seats":null,"hasProjector":false,"hasWhiteboard":false,"code":null}},{"type":"Feature","geometry":{"type":"Polygon","coordinates":[[[16.61729,49.210411],[16.61729,49.21041],[16.617282,49.21042],[16.617282,49.21042],[16.61729,49.210411]]]},"properties":{"id":529011,"buildingId":510096,"floorId":528919,"floorLevel":2,"name":"","type":"floor","category":"structure","label":"Corridor","passportNumber":null,"seats":null,"hasProjector":false,"hasWhiteboard":false,"code":null}},{"type":"Feature","geometry":{"type":"Polygon","coordinates":[[[16.617806,49.210637],[16.617809,49.210634],[16.617801,49.210631],[16.617798,49.210634],[16.617794,49.210632],[16.617787,49.210641],[16.617803,49.210647],[16.61781,49.210639],[16.617806,49.210637]]]},"properties":{"id":529065,"buildingId":510096,"floorId":528919,"floorLevel":2,"name":"","type":"elevator","category":"circulation","label":"Elevator","passportNumber":null,"seats":null,"hasProjector":false,"hasWhiteboard":false,"code":null}},{"type":"Feature","geometry":{"type":"Polygon","coordinates":[[[16.617909,49.210739],[16.617917,49.210725],[16.617918,49.21072],[16.61792,49.210719],[16.617911,49.210703],[16.617909,49.210703],[16.617903,49.2107],[16.617883,49.210692],[16.617882,49.210692],[16.617882,49.210692],[16.617881,49.210693],[16.617881,49.210694],[16.617881,49.210694],[16.61788,49.210695],[16.61788,49.210696],[16.61788,49.210696],[16.617878,49.210705],[16.617879,49.210706],[16.617879,49.210707],[16.617879,49.210709],[16.61788,49.21071],[16.617881,49.210711],[16.617881,49.210712],[16.617882,49.210714],[16.617887,49.210723],[16.617888,49.210724],[16.617888,49.210726],[16.617889,49.210727],[16.61789,49.210728],[16.617891,49.210729],[16.617892,49.210731],[16.617893,49.210732],[16.617902,49.210738],[16.617902,49.210738],[16.617903,49.210738],[16.617903,49.210738],[16.617904,49.210738],[16.617904,49.210739],[16.617904,49.210739],[16.617905,49.210739],[16.617905,49.210739],[16.617906,49.210739],[16.617907,49.210739],[16.617907,49.210739],[16.617908,49.210739],[16.617908,49.21074],[16.617909,49.21074],[16.617909,49.210739]]]},"properties":{"id":529070,"buildingId":510096,"floorId":528919,"floorLevel":2,"name":"","type":"stairs","category":"circulation","label":"Stairs","passportNumber":null,"seats":null,"hasProjector":false,"hasWhiteboard":false,"code":991}},{"type":"Feature","geometry":{"type":"Polygon","coordinates":[[[16.617881,49.210656],[16.617884,49.210653],[16.617875,49.210649],[16.617872,49.210653],[16.617871,49.210653],[16.617867,49.210651],[16.617861,49.210658],[16.617865,49.210659],[16.617875,49.210663],[16.617879,49.210665],[16.617885,49.210658],[16.617881,49.210657],[16.617881,49.210656]]]},"properties":{"id":529072,"buildingId":510096,"floorId":528919,"floorLevel":2,"name":"","type":"elevator","category":"circulation","label":"Elevator","passportNumber":null,"seats":null,"hasProjector":false,"hasWhiteboard":false,"code":null}},{"type":"Feature","geometry":{"type":"Polygon","coordinates":[[[16.617955,49.210751],[16.617963,49.210737],[16.617958,49.210736],[16.617958,49.210735],[16.617925,49.210727],[16.617925,49.210727],[16.617917,49.210725],[16.617909,49.210739],[16.617917,49.210741],[16.617916,49.210742],[16.617949,49.21075],[16.61795,49.210749],[16.617955,49.210751]]]},"properties":{"id":529161,"buildingId":510096,"floorId":528919,"floorLevel":2,"name":"","type":"stairs","category":"circulation","label":"Stairs","passportNumber":null,"seats":null,"hasProjector":false,"hasWhiteboard":false,"code":null}},{"type":"Feature","geometry":{"type":"Polygon","coordinates":[[[16.617907,49.210695],[16.617907,49.210695],[16.617908,49.210695],[16.617926,49.210675],[16.617926,49.210675],[16.617926,49.210674],[16.617928,49.210672],[16.617908,49.210664],[16.617906,49.210666],[16.617906,49.210667],[16.617905,49.210667],[16.617886,49.210687],[16.617886,49.210687],[16.617887,49.210688],[16.617883,49.210692],[16.617903,49.2107],[16.617907,49.210695]]]},"properties":{"id":529162,"buildingId":510096,"floorId":528919,"floorLevel":2,"name":"","type":"stairs","category":"circulation","label":"Stairs","passportNumber":null,"seats":null,"hasProjector":false,"hasWhiteboard":false,"code":null}},{"type":"Feature","geometry":{"type":"Polygon","coordinates":[[[16.617242,49.210389],[16.617219,49.21038],[16.617208,49.210392],[16.617231,49.210401],[16.617236,49.210402],[16.617246,49.210391],[16.617242,49.210389]]]},"properties":{"id":531760,"buildingId":510096,"floorId":531754,"floorLevel":1,"name":"","type":"floor","category":"structure","label":"Corridor","passportNumber":null,"seats":null,"hasProjector":false,"hasWhiteboard":false,"code":991}},{"type":"Feature","geometry":{"type":"Polygon","coordinates":[[[16.617384,49.210405],[16.61735,49.210392],[16.617339,49.210404],[16.617373,49.210417],[16.617384,49.210405]]]},"properties":{"id":531763,"buildingId":510096,"floorId":531754,"floorLevel":1,"name":"","type":"floor","category":"structure","label":"Corridor","passportNumber":null,"seats":null,"hasProjector":false,"hasWhiteboard":false,"code":429}},{"type":"Feature","geometry":{"type":"Polygon","coordinates":[[[16.617256,49.210394],[16.617246,49.210391],[16.617236,49.210402],[16.617245,49.210406],[16.617264,49.210413],[16.617274,49.210401],[16.617256,49.210394]]]},"properties":{"id":531764,"buildingId":510096,"floorId":531754,"floorLevel":1,"name":"","type":"stairs","category":"circulation","label":"Stairs","passportNumber":null,"seats":null,"hasProjector":false,"hasWhiteboard":false,"code":991}},{"type":"Feature","geometry":{"type":"Polygon","coordinates":[[[16.617419,49.210419],[16.617387,49.210407],[16.617375,49.21042],[16.617407,49.210432],[16.617419,49.210419]]]},"properties":{"id":531766,"buildingId":510096,"floorId":531754,"floorLevel":1,"name":"","type":"floor","category":"structure","label":"Corridor","passportNumber":null,"seats":null,"hasProjector":false,"hasWhiteboard":false,"code":429}},{"type":"Feature","geometry":{"type":"Polygon","coordinates":[[[16.617318,49.210404],[16.617307,49.2104],[16.6173,49.210408],[16.617297,49.21041],[16.617297,49.21041],[16.617295,49.210412],[16.617288,49.21041],[16.617279,49.210419],[16.617297,49.210426],[16.617318,49.210404]]]},"properties":{"id":531767,"buildingId":510096,"floorId":531754,"floorLevel":1,"name":"","type":"floor","category":"structure","label":"Corridor","passportNumber":null,"seats":null,"hasProjector":false,"hasWhiteboard":false,"code":429}},{"type":"Feature","geometry":{"type":"Polygon","coordinates":[[[16.617341,49.210448],[16.617324,49.210442],[16.617321,49.210445],[16.61732,49.210444],[16.617318,49.210446],[16.61732,49.210447],[16.617316,49.21045],[16.617308,49.210447],[16.617299,49.210457],[16.617307,49.21046],[16.617292,49.210478],[16.617283,49.210474],[16.617274,49.210484],[16.617283,49.210487],[16.617279,49.210491],[16.617297,49.210498],[16.617341,49.210448]]]},"properties":{"id":531772,"buildingId":510096,"floorId":531754,"floorLevel":1,"name":"","type":"floor","category":"structure","label":"Corridor","passportNumber":null,"seats":null,"hasProjector":false,"hasWhiteboard":false,"code":429}},{"type":"Feature","geometry":{"type":"Polygon","coordinates":[[[16.617296,49.210499],[16.617278,49.210492],[16.617252,49.210522],[16.617269,49.210529],[16.617296,49.210499]]]},"properties":{"id":531776,"buildingId":510096,"floorId":531754,"floorLevel":1,"name":"","type":"floor","category":"structure","label":"Corridor","passportNumber":null,"seats":null,"hasProjector":false,"hasWhiteboard":false,"code":429}},{"type":"Feature","geometry":{"type":"Polygon","coordinates":[[[16.61784,49.210576],[16.617815,49.210566],[16.6178,49.210583],[16.617824,49.210593],[16.61784,49.210576]]]},"properties":{"id":531781,"buildingId":510096,"floorId":531754,"floorLevel":1,"name":"","type":"floor","category":"structure","label":"Corridor","passportNumber":null,"seats":null,"hasProjector":false,"hasWhiteboard":false,"code":429}},{"type":"Feature","geometry":{"type":"Polygon","coordinates":[[[16.617825,49.210602],[16.617811,49.210597],[16.617816,49.210592],[16.617801,49.210586],[16.617796,49.210591],[16.617738,49.210569],[16.617742,49.210564],[16.617727,49.210558],[16.617722,49.210563],[16.617718,49.210561],[16.617714,49.210565],[16.617709,49.210563],[16.617713,49.210559],[16.617689,49.21055],[16.617693,49.210545],[16.617678,49.210539],[16.617673,49.210544],[16.617578,49.210507],[16.617575,49.210511],[16.61757,49.210509],[16.617573,49.210505],[16.617565,49.210502],[16.617569,49.210497],[16.617555,49.210491],[16.61755,49.210496],[16.617396,49.210437],[16.6174,49.210432],[16.617385,49.210426],[16.617381,49.210431],[16.617372,49.210427],[16.617368,49.210432],[16.617363,49.21043],[16.617368,49.210423],[16.617358,49.21042],[16.617362,49.210415],[16.617347,49.210409],[16.617343,49.210414],[16.617319,49.210404],[16.617299,49.210427],[16.617348,49.210446],[16.617349,49.210445],[16.617358,49.210448],[16.617357,49.210449],[16.617555,49.210526],[16.617556,49.210525],[16.617561,49.210527],[16.617559,49.210529],[16.617693,49.21058],[16.617695,49.210579],[16.6177,49.210581],[16.617699,49.210581],[16.617807,49.210623],[16.617825,49.210602]]]},"properties":{"id":531783,"buildingId":510096,"floorId":531754,"floorLevel":1,"name":"","type":"floor","category":"structure","label":"Corridor","passportNumber":null,"seats":null,"hasProjector":false,"hasWhiteboard":false,"code":429}},{"type":"Feature","geometry":{"type":"Polygon","coordinates":[[[16.61782,49.210633],[16.617796,49.210624],[16.61778,49.210641],[16.617804,49.21065],[16.61782,49.210633]]]},"properties":{"id":531788,"buildingId":510096,"floorId":531754,"floorLevel":1,"name":"","type":"elevator","category":"circulation","label":"Elevator","passportNumber":null,"seats":null,"hasProjector":false,"hasWhiteboard":false,"code":991}},{"type":"Feature","geometry":{"type":"Polygon","coordinates":[[[16.617861,49.210649],[16.617858,49.210647],[16.617861,49.210644],[16.617847,49.210638],[16.617843,49.210642],[16.617821,49.210633],[16.617805,49.210651],[16.617845,49.210666],[16.617861,49.210649]]]},"properties":{"id":531790,"buildingId":510096,"floorId":531754,"floorLevel":1,"name":"","type":"floor","category":"structure","label":"Corridor","passportNumber":null,"seats":null,"hasProjector":false,"hasWhiteboard":false,"code":991}},{"type":"Feature","geometry":{"type":"Polygon","coordinates":[[[16.618114,49.210692],[16.618126,49.210674],[16.618125,49.210671],[16.618129,49.21067],[16.618129,49.210671],[16.618144,49.210668],[16.618136,49.210651],[16.618121,49.210655],[16.618121,49.210656],[16.618117,49.210656],[16.618116,49.210654],[16.618088,49.210645],[16.618054,49.210652],[16.61804,49.210668],[16.618043,49.210674],[16.618051,49.210688],[16.618054,49.210694],[16.618079,49.2107],[16.618114,49.210692]]]},"properties":{"id":531792,"buildingId":510096,"floorId":531754,"floorLevel":1,"name":"","type":"floor","category":"structure","label":"Corridor","passportNumber":null,"seats":null,"hasProjector":false,"hasWhiteboard":false,"code":991}},{"type":"Feature","geometry":{"type":"Polygon","coordinates":[[[16.618124,49.210716],[16.618052,49.210697],[16.618039,49.2107],[16.618037,49.210704],[16.618026,49.210701],[16.618019,49.210712],[16.61803,49.210714],[16.618024,49.210724],[16.618013,49.210722],[16.618007,49.210732],[16.618018,49.210735],[16.618015,49.21074],[16.618097,49.210762],[16.618124,49.210716]]]},"properties":{"id":531795,"buildingId":510096,"floorId":531754,"floorLevel":1,"name":"","type":"floor","category":"structure","label":"Corridor","passportNumber":null,"seats":null,"hasProjector":false,"hasWhiteboard":false,"code":491}},{"type":"Feature","geometry":{"type":"Polygon","coordinates":[[[16.618032,49.210747],[16.618014,49.210742],[16.618011,49.210747],[16.618004,49.210746],[16.617998,49.210757],[16.618004,49.210759],[16.618,49.210766],[16.618007,49.210768],[16.618005,49.21077],[16.617998,49.210768],[16.617984,49.210791],[16.618003,49.210795],[16.618032,49.210747]]]},"properties":{"id":531799,"buildingId":510096,"floorId":531754,"floorLevel":1,"name":"","type":"office","category":"office","label":"Office","passportNumber":null,"seats":null,"hasProjector":false,"hasWhiteboard":false,"code":491}},{"type":"Feature","geometry":{"type":"Polygon","coordinates":[[[16.617913,49.210812],[16.617898,49.210808],[16.617855,49.210878],[16.61787,49.210882],[16.617913,49.210812]]]},"properties":{"id":531804,"buildingId":510096,"floorId":531754,"floorLevel":1,"name":"","type":"floor","category":"structure","label":"Corridor","passportNumber":null,"seats":null,"hasProjector":false,"hasWhiteboard":false,"code":491}},{"type":"Feature","geometry":{"type":"Polygon","coordinates":[[[16.617892,49.210906],[16.617901,49.210908],[16.617935,49.210851],[16.617945,49.210853],[16.617951,49.210842],[16.617942,49.210839],[16.617956,49.210817],[16.617965,49.210819],[16.617972,49.210808],[16.617963,49.210805],[16.617976,49.210783],[16.617986,49.210785],[16.617992,49.210775],[16.617982,49.210773],[16.617988,49.210763],[16.61798,49.210761],[16.617981,49.210759],[16.617957,49.210752],[16.617946,49.210771],[16.61794,49.210769],[16.617935,49.210776],[16.617942,49.210778],[16.617937,49.210786],[16.617931,49.210784],[16.617926,49.210791],[16.617932,49.210793],[16.617926,49.210803],[16.61792,49.210801],[16.617916,49.210808],[16.617922,49.21081],[16.617908,49.210833],[16.617902,49.210832],[16.617897,49.21084],[16.617903,49.210842],[16.617888,49.210867],[16.617882,49.210865],[16.617877,49.210873],[16.617883,49.210875],[16.617866,49.210902],[16.617891,49.210909],[16.617892,49.210906]]]},"properties":{"id":531806,"buildingId":510096,"floorId":531754,"floorLevel":1,"name":"","type":"floor","category":"structure","label":"Corridor","passportNumber":null,"seats":null,"hasProjector":false,"hasWhiteboard":false,"code":423}},{"type":"Feature","geometry":{"type":"Polygon","coordinates":[[[16.617865,49.211014],[16.617851,49.211011],[16.61784,49.21103],[16.617853,49.211033],[16.617865,49.211014]]]},"properties":{"id":531811,"buildingId":510096,"floorId":531754,"floorLevel":1,"name":"","type":"floor","category":"structure","label":"Corridor","passportNumber":null,"seats":null,"hasProjector":false,"hasWhiteboard":false,"code":423}},{"type":"Feature","geometry":{"type":"Polygon","coordinates":[[[16.617836,49.21109],[16.617808,49.211083],[16.617778,49.211132],[16.617806,49.211139],[16.617836,49.21109]]]},"properties":{"id":531820,"buildingId":510096,"floorId":531754,"floorLevel":1,"name":"","type":"floor","category":"structure","label":"Corridor","passportNumber":null,"seats":null,"hasProjector":false,"hasWhiteboard":false,"code":423}},{"type":"Feature","geometry":{"type":"Polygon","coordinates":[[[16.617777,49.211112],[16.617787,49.211115],[16.617793,49.211105],[16.617783,49.211102],[16.617829,49.211027],[16.617839,49.211029],[16.617845,49.211019],[16.617835,49.211016],[16.61784,49.211009],[16.617807,49.211],[16.61772,49.211144],[16.617753,49.211153],[16.617777,49.211112]]]},"properties":{"id":531823,"buildingId":510096,"floorId":531754,"floorLevel":1,"name":"","type":"floor","category":"structure","label":"Corridor","passportNumber":null,"seats":null,"hasProjector":false,"hasWhiteboard":false,"code":991}},{"type":"Feature","geometry":{"type":"Polygon","coordinates":[[[16.617699,49.211167],[16.617637,49.211151],[16.617641,49.211145],[16.617624,49.21114],[16.61762,49.211147],[16.617564,49.211132],[16.617557,49.211144],[16.617692,49.211179],[16.617699,49.211167]]]},"properties":{"id":531827,"buildingId":510096,"floorId":531754,"floorLevel":1,"name":"","type":"floor","category":"structure","label":"Corridor","passportNumber":null,"seats":null,"hasProjector":false,"hasWhiteboard":false,"code":423}},{"type":"Feature","geometry":{"type":"Polygon","coordinates":[[[16.617708,49.211195],[16.617711,49.211196],[16.617711,49.211196],[16.617729,49.2112],[16.617732,49.211194],[16.61774,49.211197],[16.617746,49.211186],[16.617738,49.211184],[16.617754,49.211157],[16.617717,49.211148],[16.617688,49.211196],[16.617705,49.2112],[16.617708,49.211195]]]},"properties":{"id":531828,"buildingId":510096,"floorId":531754,"floorLevel":1,"name":"","type":"floor","category":"structure","label":"Corridor","passportNumber":null,"seats":null,"hasProjector":false,"hasWhiteboard":false,"code":423}},{"type":"Feature","geometry":{"type":"Polygon","coordinates":[[[16.617688,49.211238],[16.617689,49.211238],[16.617688,49.21124],[16.617703,49.211244],[16.617708,49.211236],[16.617707,49.211236],[16.617707,49.211236],[16.61769,49.211232],[16.617689,49.211234],[16.617685,49.211233],[16.617686,49.211231],[16.61767,49.211227],[16.617659,49.211245],[16.61768,49.21125],[16.617688,49.211238]]]},"properties":{"id":531834,"buildingId":510096,"floorId":531754,"floorLevel":1,"name":"","type":"floor","category":"structure","label":"Corridor","passportNumber":null,"seats":null,"hasProjector":false,"hasWhiteboard":false,"code":423}},{"type":"Feature","geometry":{"type":"Polygon","coordinates":[[[16.617349,49.210462],[16.617335,49.210457],[16.617323,49.21047],[16.617337,49.210476],[16.617349,49.210462]]]},"properties":{"id":531838,"buildingId":510096,"floorId":531754,"floorLevel":1,"name":"","type":"room","category":"other","label":"Room","passportNumber":null,"seats":null,"hasProjector":false,"hasWhiteboard":false,"code":null}},{"type":"Feature","geometry":{"type":"Polygon","coordinates":[[[16.617397,49.21047],[16.61737,49.210459],[16.617358,49.210454],[16.617338,49.210476],[16.617377,49.210491],[16.617397,49.21047]]]},"properties":{"id":531839,"buildingId":510096,"floorId":531754,"floorLevel":1,"name":"","type":"room","category":"other","label":"Room","passportNumber":null,"seats":null,"hasProjector":false,"hasWhiteboard":false,"code":null}},{"type":"Feature","geometry":{"type":"Polygon","coordinates":[[[16.617907,49.210695],[16.617907,49.210695],[16.61791,49.210696],[16.617929,49.210675],[16.617926,49.210674],[16.617906,49.210666],[16.617905,49.210667],[16.617908,49.210668],[16.617897,49.210681],[16.617893,49.21068],[16.617886,49.210687],[16.617887,49.210688],[16.617883,49.210692],[16.617903,49.2107],[16.617907,49.210695]]]},"properties":{"id":531846,"buildingId":510096,"floorId":531754,"floorLevel":1,"name":"","type":"stairs","category":"circulation","label":"Stairs","passportNumber":null,"seats":null,"hasProjector":false,"hasWhiteboard":false,"code":null}},{"type":"Feature","geometry":{"type":"Polygon","coordinates":[[[16.617987,49.210704],[16.617978,49.210688],[16.617977,49.210687],[16.617977,49.210687],[16.617977,49.210686],[16.617977,49.210686],[16.617976,49.210685],[16.617976,49.210685],[16.617975,49.210685],[16.617975,49.210684],[16.617975,49.210684],[16.617974,49.210684],[16.617974,49.210684],[16.617973,49.210684],[16.617973,49.210683],[16.617972,49.210683],[16.617971,49.210683],[16.61797,49.210683],[16.617969,49.210683],[16.617968,49.210683],[16.617967,49.210683],[16.617966,49.210683],[16.617965,49.210683],[16.617964,49.210684],[16.617968,49.210685],[16.617968,49.21069],[16.61796,49.210692],[16.617969,49.210708],[16.617977,49.210706],[16.617982,49.21071],[16.61798,49.210713],[16.617981,49.210713],[16.617981,49.210713],[16.617982,49.210713],[16.617982,49.210713],[16.617983,49.210713],[16.617983,49.210712],[16.617983,49.210712],[16.617984,49.210712],[16.617984,49.210712],[16.617984,49.210712],[16.617985,49.210712],[16.617985,49.210711],[16.617985,49.210711],[16.617986,49.210711],[16.617986,49.21071],[16.617986,49.21071],[16.617986,49.21071],[16.617987,49.210709],[16.617987,49.210709],[16.617987,49.210708],[16.617987,49.210708],[16.617987,49.210708],[16.617987,49.210707],[16.617987,49.210707],[16.617987,49.210706],[16.617987,49.210706],[16.617987,49.210706],[16.617987,49.210705],[16.617987,49.210705],[16.617987,49.210704]]]},"properties":{"id":531849,"buildingId":510096,"floorId":531754,"floorLevel":1,"name":"","type":"stairs","category":"circulation","label":"Stairs","passportNumber":null,"seats":null,"hasProjector":false,"hasWhiteboard":false,"code":null}},{"type":"Feature","geometry":{"type":"Polygon","coordinates":[[[16.61792,49.210719],[16.617911,49.210703],[16.617909,49.210703],[16.617918,49.21072],[16.61792,49.210719]]]},"properties":{"id":531852,"buildingId":510096,"floorId":531754,"floorLevel":1,"name":"","type":"stairs","category":"circulation","label":"Stairs","passportNumber":null,"seats":null,"hasProjector":false,"hasWhiteboard":false,"code":null}},{"type":"Feature","geometry":{"type":"Polygon","coordinates":[[[16.617958,49.210735],[16.617925,49.210727],[16.617925,49.210727],[16.617917,49.210725],[16.617909,49.210739],[16.617917,49.210741],[16.617916,49.210742],[16.617949,49.21075],[16.617958,49.210735]]]},"properties":{"id":531853,"buildingId":510096,"floorId":531754,"floorLevel":1,"name":"","type":"storage","category":"service","label":"Storage","passportNumber":null,"seats":null,"hasProjector":false,"hasWhiteboard":false,"code":991}},{"type":"Feature","geometry":{"type":"Polygon","coordinates":[[[16.617806,49.210637],[16.617809,49.210634],[16.617801,49.210631],[16.617798,49.210634],[16.617794,49.210632],[16.617787,49.210641],[16.617803,49.210647],[16.61781,49.210639],[16.617806,49.210637]]]},"properties":{"id":531938,"buildingId":510096,"floorId":531754,"floorLevel":1,"name":"","type":"elevator","category":"circulation","label":"Elevator","passportNumber":null,"seats":null,"hasProjector":false,"hasWhiteboard":false,"code":null}},{"type":"Feature","geometry":{"type":"Polygon","coordinates":[[[16.617881,49.210656],[16.617884,49.210653],[16.617875,49.210649],[16.617872,49.210653],[16.617871,49.210653],[16.617865,49.210659],[16.617876,49.210663],[16.617882,49.210657],[16.617881,49.210656]]]},"properties":{"id":531942,"buildingId":510096,"floorId":531754,"floorLevel":1,"name":"","type":"elevator","category":"circulation","label":"Elevator","passportNumber":null,"seats":null,"hasProjector":false,"hasWhiteboard":false,"code":null}},{"type":"Feature","geometry":{"type":"Polygon","coordinates":[[[16.617834,49.211003],[16.617842,49.211005],[16.617867,49.210964],[16.617878,49.210967],[16.617884,49.210956],[16.617873,49.210953],[16.617886,49.210933],[16.617897,49.210936],[16.617903,49.210925],[16.617892,49.210922],[16.617898,49.210912],[16.61789,49.21091],[16.617891,49.210909],[16.617874,49.210904],[16.617873,49.210905],[16.617863,49.210903],[16.617837,49.210946],[16.617831,49.210944],[16.617826,49.210951],[16.617833,49.210953],[16.617806,49.210996],[16.617809,49.210997],[16.617807,49.211],[16.617832,49.211007],[16.617834,49.211003]]]},"properties":{"id":531990,"buildingId":510096,"floorId":531754,"floorLevel":1,"name":"","type":"floor","category":"structure","label":"Corridor","passportNumber":null,"seats":null,"hasProjector":false,"hasWhiteboard":false,"code":null}},{"type":"Feature","geometry":{"type":"Polygon","coordinates":[[[16.617909,49.210739],[16.617917,49.210725],[16.617918,49.21072],[16.617909,49.210703],[16.617903,49.2107],[16.617883,49.210692],[16.617882,49.210692],[16.617882,49.210692],[16.617881,49.210693],[16.617881,49.210694],[16.61788,49.210695],[16.61788,49.210695],[16.61788,49.210696],[16.617879,49.210697],[16.617879,49.210698],[16.617879,49.210699],[16.617878,49.2107],[16.617878,49.210701],[16.617878,49.210702],[16.617878,49.210703],[16.617878,49.210704],[16.617878,49.210705],[16.617879,49.210706],[16.617879,49.210707],[16.617879,49.210707],[16.617879,49.210708],[16.617879,49.210708],[16.61788,49.210709],[16.61788,49.21071],[16.61788,49.21071],[16.617889,49.210727],[16.61789,49.210728],[16.617891,49.210729],[16.617892,49.21073],[16.617893,49.210732],[16.617894,49.210733],[16.617895,49.210734],[16.617897,49.210735],[16.617898,49.210736],[16.6179,49.210737],[16.617901,49.210737],[16.617903,49.210738],[16.617905,49.210739],[16.617907,49.210739],[16.617908,49.21074],[16.617909,49.210739]]]},"properties":{"id":532042,"buildingId":510096,"floorId":531754,"floorLevel":1,"name":"","type":"stairs","category":"circulation","label":"Stairs","passportNumber":null,"seats":null,"hasProjector":false,"hasWhiteboard":false,"code":991}},{"type":"Feature","geometry":{"type":"Polygon","coordinates":[[[16.617993,49.210756],[16.617996,49.210757],[16.618003,49.210746],[16.617999,49.210745],[16.618007,49.210732],[16.618013,49.210722],[16.618019,49.210712],[16.618026,49.210701],[16.618028,49.210697],[16.618026,49.210694],[16.618032,49.210692],[16.618033,49.210693],[16.618048,49.21069],[16.618039,49.210673],[16.618024,49.210677],[16.618025,49.210678],[16.618019,49.210679],[16.618017,49.210676],[16.617977,49.210661],[16.617982,49.210656],[16.617967,49.21065],[16.617962,49.210655],[16.617948,49.21065],[16.617953,49.210644],[16.617937,49.210638],[16.617927,49.210649],[16.617917,49.210645],[16.617922,49.21064],[16.617826,49.210603],[16.617808,49.210623],[16.617847,49.210638],[16.617861,49.210644],[16.617875,49.210649],[16.617884,49.210653],[16.617892,49.210656],[16.617904,49.21066],[16.617904,49.21066],[16.617909,49.210662],[16.617909,49.210662],[16.61791,49.210662],[16.617906,49.210666],[16.617926,49.210674],[16.61793,49.21067],[16.617937,49.210673],[16.617933,49.210676],[16.617929,49.210675],[16.61791,49.210696],[16.61791,49.210696],[16.617915,49.210698],[16.617916,49.2107],[16.617959,49.21069],[16.617958,49.210687],[16.617962,49.210682],[16.617964,49.210684],[16.617965,49.210683],[16.617966,49.210683],[16.617967,49.210683],[16.617968,49.210683],[16.617969,49.210683],[16.61797,49.210683],[16.617971,49.210683],[16.617972,49.210683],[16.617973,49.210683],[16.617973,49.210684],[16.617974,49.210684],[16.617974,49.210684],[16.617975,49.210684],[16.617975,49.210684],[16.617975,49.210685],[16.617976,49.210685],[16.617976,49.210685],[16.617977,49.210686],[16.617977,49.210686],[16.617977,49.210687],[16.617977,49.210687],[16.617978,49.210688],[16.617987,49.210704],[16.617987,49.210704],[16.617987,49.210705],[16.617987,49.210705],[16.617987,49.210706],[16.617987,49.210706],[16.617987,49.210706],[16.617987,49.210707],[16.617987,49.210707],[16.617987,49.210708],[16.617987,49.210708],[16.617987,49.210708],[16.617987,49.210709],[16.617987,49.210709],[16.617986,49.21071],[16.617986,49.21071],[16.617986,49.21071],[16.617986,49.210711],[16.617985,49.210711],[16.617985,49.210711],[16.617985,49.210712],[16.617984,49.210712],[16.617984,49.210712],[16.617984,49.210712],[16.617983,49.210712],[16.617983,49.210712],[16.617983,49.210713],[16.617982,49.210713],[16.617982,49.210713],[16.617981,49.210713],[16.617981,49.210713],[16.61798,49.210713],[16.617979,49.210715],[16.617972,49.210713],[16.61797,49.21071],[16.617927,49.21072],[16.617928,49.210722],[16.617926,49.210725],[16.617959,49.210734],[16.617961,49.210731],[16.617968,49.210733],[16.617957,49.210751],[16.617981,49.210758],[16.617982,49.210757],[16.617991,49.210759],[16.617993,49.210756]]]},"properties":{"id":532043,"buildingId":510096,"floorId":531754,"floorLevel":1,"name":"","type":"floor","category":"structure","label":"Corridor","passportNumber":null,"seats":null,"hasProjector":false,"hasWhiteboard":false,"code":991}},{"type":"Feature","geometry":{"type":"Polygon","coordinates":[[[16.61792,49.210719],[16.617911,49.210703],[16.617909,49.210703],[16.617918,49.21072],[16.61792,49.210719]]]},"properties":{"id":532045,"buildingId":510096,"floorId":531754,"floorLevel":1,"name":"","type":"stairs","category":"circulation","label":"Stairs","passportNumber":null,"seats":null,"hasProjector":false,"hasWhiteboard":false,"code":null}},{"type":"Feature","geometry":{"type":"Polygon","coordinates":[[[16.618004,49.210615],[16.618018,49.2106],[16.617975,49.210583],[16.617957,49.210603],[16.617986,49.210614],[16.618004,49.210615]]]},"properties":{"id":510926,"buildingId":510096,"floorId":510925,"floorLevel":-1,"name":"BA04P1016","type":"utility_room","category":"service","label":"Utility","passportNumber":"BA04P1016","seats":null,"hasProjector":false,"hasWhiteboard":false,"code":992}},{"type":"Feature","geometry":{"type":"Polygon","coordinates":[[[16.618047,49.210611],[16.618019,49.210601],[16.618006,49.210616],[16.618033,49.210627],[16.618047,49.210611]]]},"properties":{"id":510927,"buildingId":510096,"floorId":510925,"floorLevel":-1,"name":"BA04P1017","type":"storage","category":"service","label":"Storage","passportNumber":"BA04P1017","seats":null,"hasProjector":false,"hasWhiteboard":false,"code":992}},{"type":"Feature","geometry":{"type":"Polygon","coordinates":[[[16.618052,49.210622],[16.618043,49.210618],[16.618033,49.210629],[16.618043,49.210632],[16.618052,49.210622]]]},"properties":{"id":510928,"buildingId":510096,"floorId":510925,"floorLevel":-1,"name":"BA04P1013a","type":"stairs","category":"circulation","label":"Stairs","passportNumber":"BA04P1013a","seats":null,"hasProjector":false,"hasWhiteboard":false,"code":991}},{"type":"Feature","geometry":{"type":"Polygon","coordinates":[[[16.617983,49.210615],[16.617956,49.210604],[16.61793,49.210634],[16.61796,49.210645],[16.617983,49.210615]]]},"properties":{"id":510930,"buildingId":510096,"floorId":510925,"floorLevel":-1,"name":"BA04P1018","type":"not_used","category":"other","label":"not used","passportNumber":"BA04P1018","seats":null,"hasProjector":false,"hasWhiteboard":false,"code":491}},{"type":"Feature","geometry":{"type":"Polygon","coordinates":[[[16.618049,49.210651],[16.618022,49.210641],[16.618015,49.210648],[16.618042,49.210659],[16.618049,49.210651]]]},"properties":{"id":510931,"buildingId":510096,"floorId":510925,"floorLevel":-1,"name":"BA04P1014","type":"not_used","category":"other","label":"not used","passportNumber":"BA04P1014","seats":null,"hasProjector":false,"hasWhiteboard":false,"code":424}},{"type":"Feature","geometry":{"type":"Polygon","coordinates":[[[16.61802,49.21064],[16.618005,49.210634],[16.617986,49.210655],[16.618001,49.210661],[16.61802,49.21064]]]},"properties":{"id":510932,"buildingId":510096,"floorId":510925,"floorLevel":-1,"name":"BA04P1015","type":"not_used","category":"other","label":"not used","passportNumber":"BA04P1015","seats":null,"hasProjector":false,"hasWhiteboard":false,"code":991}},{"type":"Feature","geometry":{"type":"Polygon","coordinates":[[[16.618035,49.210666],[16.618041,49.21066],[16.618015,49.210649],[16.618003,49.210662],[16.618023,49.210669],[16.618035,49.210666]]]},"properties":{"id":510934,"buildingId":510096,"floorId":510925,"floorLevel":-1,"name":"BA04P1023","type":"not_used","category":"other","label":"not used","passportNumber":"BA04P1023","seats":null,"hasProjector":false,"hasWhiteboard":false,"code":424}},{"type":"Feature","geometry":{"type":"Polygon","coordinates":[[[16.617958,49.210687],[16.617962,49.210682],[16.617968,49.210685],[16.61803,49.210702],[16.618017,49.210676],[16.618008,49.210673],[16.618012,49.210668],[16.617999,49.210663],[16.617995,49.210668],[16.617978,49.210661],[16.617966,49.210656],[16.617946,49.210649],[16.61795,49.210645],[16.617938,49.21064],[16.617934,49.210644],[16.617927,49.210642],[16.617883,49.210691],[16.617904,49.210699],[16.617907,49.210695],[16.617915,49.210698],[16.617917,49.210702],[16.617914,49.210702],[16.617934,49.21071],[16.617958,49.210687]]]},"properties":{"id":510935,"buildingId":510096,"floorId":510925,"floorLevel":-1,"name":"BA04P1019","type":"substation","category":"other","label":"substation","passportNumber":"BA04P1019","seats":null,"hasProjector":false,"hasWhiteboard":false,"code":991}},{"type":"Feature","geometry":{"type":"Polygon","coordinates":[[[16.618124,49.210716],[16.618108,49.210711],[16.618112,49.210704],[16.618124,49.210707],[16.618143,49.210677],[16.618141,49.210673],[16.618125,49.210677],[16.618111,49.210652],[16.618127,49.210648],[16.618125,49.210645],[16.618083,49.210628],[16.618077,49.210635],[16.618069,49.210632],[16.618043,49.210661],[16.618051,49.210664],[16.618043,49.210673],[16.618051,49.210688],[16.618063,49.210691],[16.618058,49.210699],[16.618052,49.210697],[16.618039,49.2107],[16.618031,49.210714],[16.618113,49.210735],[16.618124,49.210716]]]},"properties":{"id":510936,"buildingId":510096,"floorId":510925,"floorLevel":-1,"name":"BA04P1012","type":"not_used","category":"other","label":"not used","passportNumber":"BA04P1012","seats":null,"hasProjector":false,"hasWhiteboard":false,"code":991}},{"type":"Feature","geometry":{"type":"Polygon","coordinates":[[[16.617961,49.210731],[16.617961,49.210731],[16.617972,49.210713],[16.617972,49.210713],[16.617969,49.210708],[16.617977,49.210706],[16.617981,49.210709],[16.617991,49.210692],[16.617968,49.210686],[16.617968,49.21069],[16.61796,49.210692],[16.617958,49.210688],[16.617927,49.210719],[16.617928,49.210722],[16.617927,49.210724],[16.61796,49.210732],[16.617961,49.210731]]]},"properties":{"id":510937,"buildingId":510096,"floorId":510925,"floorLevel":-1,"name":"BA04P1011","type":"storage","category":"service","label":"Storage","passportNumber":"BA04P1011","seats":null,"hasProjector":false,"hasWhiteboard":false,"code":471}},{"type":"Feature","geometry":{"type":"Polygon","coordinates":[[[16.618007,49.210731],[16.618017,49.210734],[16.618022,49.210725],[16.618013,49.210723],[16.61802,49.21071],[16.618029,49.210713],[16.618035,49.210704],[16.617992,49.210693],[16.617979,49.210715],[16.617974,49.210713],[16.617963,49.210731],[16.617968,49.210733],[16.617967,49.210734],[16.618001,49.210743],[16.618007,49.210731]]]},"properties":{"id":510938,"buildingId":510096,"floorId":510925,"floorLevel":-1,"name":"BA04P1010","type":"storage","category":"service","label":"Storage","passportNumber":"BA04P1010","seats":null,"hasProjector":false,"hasWhiteboard":false,"code":991}},{"type":"Feature","geometry":{"type":"Polygon","coordinates":[[[16.617929,49.210751],[16.617913,49.210747],[16.617899,49.21077],[16.617915,49.210774],[16.617929,49.210751]]]},"properties":{"id":510944,"buildingId":510096,"floorId":510925,"floorLevel":-1,"name":"BA04P1009a","type":"not_used","category":"other","label":"not used","passportNumber":"BA04P1009a","seats":null,"hasProjector":false,"hasWhiteboard":false,"code":991}},{"type":"Feature","geometry":{"type":"Polygon","coordinates":[[[16.617987,49.210766],[16.617977,49.210763],[16.617969,49.210776],[16.617979,49.210778],[16.617987,49.210766]]]},"properties":{"id":510945,"buildingId":510096,"floorId":510925,"floorLevel":-1,"name":"BA04P1008","type":"shower","category":"service","label":"Shower","passportNumber":"BA04P1008","seats":null,"hasProjector":false,"hasWhiteboard":false,"code":991}},{"type":"Feature","geometry":{"type":"Polygon","coordinates":[[[16.618101,49.210755],[16.618055,49.210743],[16.618037,49.210774],[16.618082,49.210785],[16.618101,49.210755]]]},"properties":{"id":510946,"buildingId":510096,"floorId":510925,"floorLevel":-1,"name":"BA04P1003","type":"preparatory","category":"service","label":"Preparatory","passportNumber":"BA04P1003","seats":null,"hasProjector":false,"hasWhiteboard":false,"code":471}},{"type":"Feature","geometry":{"type":"Polygon","coordinates":[[[16.617935,49.210776],[16.617939,49.210769],[16.617947,49.210756],[16.61793,49.210751],[16.617916,49.210774],[16.617933,49.210778],[16.617935,49.210776]]]},"properties":{"id":510947,"buildingId":510096,"floorId":510925,"floorLevel":-1,"name":"BA04P1009","type":"not_used","category":"other","label":"not used","passportNumber":"BA04P1009","seats":null,"hasProjector":false,"hasWhiteboard":false,"code":991}},{"type":"Feature","geometry":{"type":"Polygon","coordinates":[[[16.617978,49.210758],[16.617967,49.210756],[16.617964,49.21076],[16.617955,49.210758],[16.617947,49.210771],[16.617939,49.210769],[16.617935,49.210776],[16.617943,49.210778],[16.617941,49.210781],[16.617962,49.210786],[16.617978,49.210758]]]},"properties":{"id":510948,"buildingId":510096,"floorId":510925,"floorLevel":-1,"name":"BA04P1006","type":"floor","category":"structure","label":"Corridor","passportNumber":"BA04P1006","seats":null,"hasProjector":false,"hasWhiteboard":false,"code":991}},{"type":"Feature","geometry":{"type":"Polygon","coordinates":[[[16.617978,49.21078],[16.617968,49.210778],[16.617963,49.210786],[16.617973,49.210789],[16.617978,49.21078]]]},"properties":{"id":510949,"buildingId":510096,"floorId":510925,"floorLevel":-1,"name":"BA04P1007","type":"toilet","category":"service","label":"Toilet","passportNumber":"BA04P1007","seats":null,"hasProjector":false,"hasWhiteboard":false,"code":991}},{"type":"Feature","geometry":{"type":"Polygon","coordinates":[[[16.617333,49.210345],[16.617313,49.210337],[16.617294,49.210358],[16.617315,49.210366],[16.617333,49.210345]]]},"properties":{"id":513163,"buildingId":510096,"floorId":513162,"floorLevel":6,"name":"BA04N6070","type":"storage","category":"service","label":"Storage","passportNumber":"BA04N6070","seats":null,"hasProjector":false,"hasWhiteboard":false,"code":414}},{"type":"Feature","geometry":{"type":"Polygon","coordinates":[[[16.617267,49.210371],[16.617264,49.210369],[16.617269,49.210363],[16.617243,49.210353],[16.61723,49.210368],[16.617259,49.21038],[16.617267,49.210371]]]},"properties":{"id":513164,"buildingId":510096,"floorId":513162,"floorLevel":6,"name":"BA04N6067","type":"shower","category":"service","label":"Shower","passportNumber":"BA04N6067","seats":null,"hasProjector":false,"hasWhiteboard":false,"code":414}},{"type":"Feature","geometry":{"type":"Polygon","coordinates":[[[16.617381,49.210355],[16.617341,49.21034],[16.617317,49.210367],[16.617318,49.210374],[16.617315,49.210377],[16.617328,49.210386],[16.617347,49.210393],[16.617381,49.210355]]]},"properties":{"id":513165,"buildingId":510096,"floorId":513162,"floorLevel":6,"name":"BA04N6069","type":"office","category":"office","label":"Office","passportNumber":"BA04N6069","seats":null,"hasProjector":false,"hasWhiteboard":false,"code":414}},{"type":"Feature","geometry":{"type":"Polygon","coordinates":[[[16.617316,49.210374],[16.617316,49.210367],[16.617294,49.210359],[16.617273,49.210382],[16.6173,49.210392],[16.617316,49.210374]]]},"properties":{"id":513166,"buildingId":510096,"floorId":513162,"floorLevel":6,"name":"BA04N6071","type":"office","category":"office","label":"Office","passportNumber":"BA04N6071","seats":null,"hasProjector":false,"hasWhiteboard":false,"code":414}},{"type":"Feature","geometry":{"type":"Polygon","coordinates":[[[16.617322,49.210391],[16.617321,49.21039],[16.617322,49.21039],[16.617323,49.21039],[16.617326,49.210386],[16.617313,49.21038],[16.617308,49.210385],[16.617315,49.210387],[16.617314,49.210388],[16.617308,49.210385],[16.617301,49.210393],[16.617315,49.210398],[16.617322,49.210391]]]},"properties":{"id":513167,"buildingId":510096,"floorId":513162,"floorLevel":6,"name":"BA04N6068","type":"toilet","category":"service","label":"Toilet","passportNumber":"BA04N6068","seats":null,"hasProjector":false,"hasWhiteboard":false,"code":414}},{"type":"Feature","geometry":{"type":"Polygon","coordinates":[[[16.617427,49.210373],[16.617382,49.210355],[16.617348,49.210394],[16.617392,49.210411],[16.617427,49.210373]]]},"properties":{"id":513168,"buildingId":510096,"floorId":513162,"floorLevel":6,"name":"BA04N6072","type":"office","category":"office","label":"Office","passportNumber":"BA04N6072","seats":null,"hasProjector":false,"hasWhiteboard":false,"code":414}},{"type":"Feature","geometry":{"type":"Polygon","coordinates":[[[16.617472,49.210391],[16.617427,49.210374],[16.617394,49.210411],[16.617438,49.210428],[16.617472,49.210391]]]},"properties":{"id":513169,"buildingId":510096,"floorId":513162,"floorLevel":6,"name":"BA04N6073","type":"office","category":"office","label":"Office","passportNumber":"BA04N6073","seats":null,"hasProjector":false,"hasWhiteboard":false,"code":414}},{"type":"Feature","geometry":{"type":"Polygon","coordinates":[[[16.617518,49.210409],[16.617473,49.210392],[16.617439,49.210429],[16.617484,49.210446],[16.617518,49.210409]]]},"properties":{"id":513171,"buildingId":510096,"floorId":513162,"floorLevel":6,"name":"BA04N6074","type":"office","category":"office","label":"Office","passportNumber":"BA04N6074","seats":null,"hasProjector":false,"hasWhiteboard":false,"code":443}},{"type":"Feature","geometry":{"type":"Polygon","coordinates":[[[16.617398,49.210435],[16.617391,49.210432],[16.617376,49.210437],[16.61739,49.210443],[16.617398,49.210435]]]},"properties":{"id":513172,"buildingId":510096,"floorId":513162,"floorLevel":6,"name":"BA04N6089","type":"stairs","category":"circulation","label":"Stairs","passportNumber":"BA04N6089","seats":null,"hasProjector":false,"hasWhiteboard":false,"code":991}},{"type":"Feature","geometry":{"type":"Polygon","coordinates":[[[16.617564,49.210427],[16.617519,49.21041],[16.617485,49.210447],[16.61753,49.210464],[16.617564,49.210427]]]},"properties":{"id":513173,"buildingId":510096,"floorId":513162,"floorLevel":6,"name":"BA04N6075","type":"office","category":"office","label":"Office","passportNumber":"BA04N6075","seats":null,"hasProjector":false,"hasWhiteboard":false,"code":414}},{"type":"Feature","geometry":{"type":"Polygon","coordinates":[[[16.617422,49.210444],[16.617403,49.210437],[16.617395,49.210446],[16.617336,49.210423],[16.617324,49.210436],[16.617402,49.210467],[16.617422,49.210444]]]},"properties":{"id":513174,"buildingId":510096,"floorId":513162,"floorLevel":6,"name":"BA04N6056a","type":"storage","category":"service","label":"Storage","passportNumber":"BA04N6056a","seats":null,"hasProjector":false,"hasWhiteboard":false,"code":491}},{"type":"Feature","geometry":{"type":"Polygon","coordinates":[[[16.617305,49.210434],[16.617241,49.210409],[16.617215,49.210438],[16.617279,49.210462],[16.617305,49.210434]]]},"properties":{"id":513175,"buildingId":510096,"floorId":513162,"floorLevel":6,"name":"BA04N6066","type":"office","category":"office","label":"Office","passportNumber":"BA04N6066","seats":null,"hasProjector":false,"hasWhiteboard":false,"code":443}},{"type":"Feature","geometry":{"type":"Polygon","coordinates":[[[16.617625,49.21045],[16.617565,49.210427],[16.617531,49.210464],[16.617591,49.210488],[16.617625,49.21045]]]},"properties":{"id":513177,"buildingId":510096,"floorId":513162,"floorLevel":6,"name":"BA04N6076","type":"office","category":"office","label":"Office","passportNumber":"BA04N6076","seats":null,"hasProjector":false,"hasWhiteboard":false,"code":414}},{"type":"Feature","geometry":{"type":"Polygon","coordinates":[[[16.617333,49.210466],[16.617321,49.210461],[16.617308,49.210476],[16.61732,49.21048],[16.617333,49.210466]]]},"properties":{"id":513179,"buildingId":510096,"floorId":513162,"floorLevel":6,"name":"BA04N6059","type":"shower","category":"service","label":"Shower","passportNumber":"BA04N6059","seats":null,"hasProjector":false,"hasWhiteboard":false,"code":414}},{"type":"Feature","geometry":{"type":"Polygon","coordinates":[[[16.6174,49.21047],[16.617381,49.210463],[16.617365,49.210457],[16.617352,49.210452],[16.617337,49.210446],[16.617335,49.210445],[16.617322,49.21046],[16.617386,49.210485],[16.6174,49.21047]]]},"properties":{"id":513180,"buildingId":510096,"floorId":513162,"floorLevel":6,"name":"BA04N6058","type":"kitchen","category":"service","label":"Kitchen","passportNumber":"BA04N6058","seats":null,"hasProjector":false,"hasWhiteboard":false,"code":414}},{"type":"Feature","geometry":{"type":"Polygon","coordinates":[[[16.617509,49.210478],[16.617423,49.210445],[16.617403,49.210467],[16.617489,49.2105],[16.617509,49.210478]]]},"properties":{"id":513181,"buildingId":510096,"floorId":513162,"floorLevel":6,"name":"BA04N6055","type":"office","category":"office","label":"Office","passportNumber":"BA04N6055","seats":null,"hasProjector":false,"hasWhiteboard":false,"code":414}},{"type":"Feature","geometry":{"type":"Polygon","coordinates":[[[16.617769,49.210496],[16.617742,49.210485],[16.617722,49.210507],[16.61775,49.210517],[16.617769,49.210496]]]},"properties":{"id":513182,"buildingId":510096,"floorId":513162,"floorLevel":6,"name":"BA04N6079","type":"storage","category":"service","label":"Storage","passportNumber":"BA04N6079","seats":null,"hasProjector":false,"hasWhiteboard":false,"code":991}},{"type":"Feature","geometry":{"type":"Polygon","coordinates":[[[16.617702,49.21047],[16.617664,49.210455],[16.617657,49.210463],[16.617652,49.210461],[16.617659,49.210453],[16.617635,49.210444],[16.617595,49.210489],[16.617661,49.210514],[16.617702,49.21047]]]},"properties":{"id":513183,"buildingId":510096,"floorId":513162,"floorLevel":6,"name":"BA04N6077","type":"office","category":"office","label":"Office","passportNumber":"BA04N6077","seats":null,"hasProjector":false,"hasWhiteboard":false,"code":414}},{"type":"Feature","geometry":{"type":"Polygon","coordinates":[[[16.617385,49.210486],[16.617335,49.210466],[16.617321,49.210481],[16.617351,49.210492],[16.617353,49.210491],[16.617374,49.210499],[16.617385,49.210486]]]},"properties":{"id":513184,"buildingId":510096,"floorId":513162,"floorLevel":6,"name":"BA04N6061","type":"classroom_and_laboratory","category":"teaching","label":"Classroom / lab","passportNumber":"BA04N6061","seats":null,"hasProjector":false,"hasWhiteboard":false,"code":414}},{"type":"Feature","geometry":{"type":"Polygon","coordinates":[[[16.617291,49.210468],[16.617214,49.210438],[16.617182,49.210473],[16.61726,49.210503],[16.617291,49.210468]]]},"properties":{"id":513185,"buildingId":510096,"floorId":513162,"floorLevel":6,"name":"BA04N6064","type":"archive","category":"service","label":"Archive","passportNumber":"BA04N6064","seats":null,"hasProjector":false,"hasWhiteboard":false,"code":414}},{"type":"Feature","geometry":{"type":"Polygon","coordinates":[[[16.617575,49.210503],[16.617511,49.210478],[16.61749,49.210501],[16.617555,49.210526],[16.617575,49.210503]]]},"properties":{"id":513186,"buildingId":510096,"floorId":513162,"floorLevel":6,"name":"BA04N6053","type":"office","category":"office","label":"Office","passportNumber":"BA04N6053","seats":null,"hasProjector":false,"hasWhiteboard":false,"code":414}},{"type":"Feature","geometry":{"type":"Polygon","coordinates":[[[16.617749,49.210518],[16.61772,49.210507],[16.617741,49.210485],[16.617704,49.210471],[16.617691,49.210486],[16.61769,49.210485],[16.617663,49.210515],[16.617729,49.21054],[16.617749,49.210518]]]},"properties":{"id":513187,"buildingId":510096,"floorId":513162,"floorLevel":6,"name":"BA04N6078","type":"office","category":"office","label":"Office","passportNumber":"BA04N6078","seats":null,"hasProjector":false,"hasWhiteboard":false,"code":443}},{"type":"Feature","geometry":{"type":"Polygon","coordinates":[[[16.617262,49.210507],[16.617258,49.210505],[16.617259,49.210504],[16.617182,49.210474],[16.617167,49.210491],[16.617248,49.210522],[16.617262,49.210507]]]},"properties":{"id":513188,"buildingId":510096,"floorId":513162,"floorLevel":6,"name":"BA04N6065","type":"workshop","category":"other","label":"workshop","passportNumber":"BA04N6065","seats":null,"hasProjector":false,"hasWhiteboard":false,"code":414}},{"type":"Feature","geometry":{"type":"Polygon","coordinates":[[[16.617355,49.210495],[16.617295,49.210472],[16.617264,49.210506],[16.617323,49.210529],[16.617355,49.210495]]]},"properties":{"id":513189,"buildingId":510096,"floorId":513162,"floorLevel":6,"name":"BA04N6060","type":"classroom_and_laboratory","category":"teaching","label":"Classroom / lab","passportNumber":"BA04N6060","seats":null,"hasProjector":false,"hasWhiteboard":false,"code":414}},{"type":"Feature","geometry":{"type":"Polygon","coordinates":[[[16.617637,49.210527],[16.61758,49.210505],[16.617576,49.21051],[16.617573,49.210508],[16.617557,49.210526],[16.617561,49.210527],[16.617559,49.210529],[16.617616,49.210551],[16.617637,49.210527]]]},"properties":{"id":513190,"buildingId":510096,"floorId":513162,"floorLevel":6,"name":"BA04N6052","type":"office","category":"office","label":"Office","passportNumber":"BA04N6052","seats":null,"hasProjector":false,"hasWhiteboard":false,"code":414}},{"type":"Feature","geometry":{"type":"Polygon","coordinates":[[[16.617372,49.210501],[16.617355,49.210495],[16.617324,49.210529],[16.617326,49.21053],[16.617327,49.210529],[16.617342,49.210534],[16.617372,49.210501]]]},"properties":{"id":513191,"buildingId":510096,"floorId":513162,"floorLevel":6,"name":"BA04N6062","type":"classroom_and_laboratory","category":"teaching","label":"Classroom / lab","passportNumber":"BA04N6062","seats":null,"hasProjector":false,"hasWhiteboard":false,"code":414}},{"type":"Feature","geometry":{"type":"Polygon","coordinates":[[[16.617826,49.210528],[16.617785,49.210512],[16.617778,49.21052],[16.617772,49.210518],[16.61778,49.21051],[16.617766,49.210505],[16.617732,49.210542],[16.617793,49.210565],[16.617826,49.210528]]]},"properties":{"id":513192,"buildingId":510096,"floorId":513162,"floorLevel":6,"name":"BA04N6080","type":"office","category":"office","label":"Office","passportNumber":"BA04N6080","seats":null,"hasProjector":false,"hasWhiteboard":false,"code":443}},{"type":"Feature","geometry":{"type":"Polygon","coordinates":[[[16.617672,49.21054],[16.617639,49.210528],[16.617618,49.210551],[16.61765,49.210564],[16.617672,49.21054]]]},"properties":{"id":513193,"buildingId":510096,"floorId":513162,"floorLevel":6,"name":"BA04N6051","type":"office","category":"office","label":"Office","passportNumber":"BA04N6051","seats":null,"hasProjector":false,"hasWhiteboard":false,"code":443}},{"type":"Feature","geometry":{"type":"Polygon","coordinates":[[[16.617872,49.210546],[16.617827,49.210529],[16.617794,49.210566],[16.617838,49.210583],[16.617872,49.210546]]]},"properties":{"id":513194,"buildingId":510096,"floorId":513162,"floorLevel":6,"name":"BA04N6081","type":"office","category":"office","label":"Office","passportNumber":"BA04N6081","seats":null,"hasProjector":false,"hasWhiteboard":false,"code":443}},{"type":"Feature","geometry":{"type":"Polygon","coordinates":[[[16.61734,49.210537],[16.617263,49.210507],[16.617249,49.210522],[16.617326,49.210552],[16.61734,49.210537]]]},"properties":{"id":513195,"buildingId":510096,"floorId":513162,"floorLevel":6,"name":"BA04N6063","type":"classroom_and_laboratory","category":"teaching","label":"Classroom / lab","passportNumber":"BA04N6063","seats":10,"hasProjector":false,"hasWhiteboard":false,"code":414}},{"type":"Feature","geometry":{"type":"Polygon","coordinates":[[[16.617714,49.210557],[16.617673,49.210541],[16.617652,49.210565],[16.617693,49.21058],[16.617714,49.210557]]]},"properties":{"id":513196,"buildingId":510096,"floorId":513162,"floorLevel":6,"name":"BA04N6050","type":"office","category":"office","label":"Office","passportNumber":"BA04N6050","seats":null,"hasProjector":false,"hasWhiteboard":false,"code":443}},{"type":"Feature","geometry":{"type":"Polygon","coordinates":[[[16.617917,49.210563],[16.617873,49.210546],[16.617839,49.210583],[16.617884,49.2106],[16.617917,49.210563]]]},"properties":{"id":513197,"buildingId":510096,"floorId":513162,"floorLevel":6,"name":"BA04N6082","type":"office","category":"office","label":"Office","passportNumber":"BA04N6082","seats":null,"hasProjector":false,"hasWhiteboard":false,"code":443}},{"type":"Feature","geometry":{"type":"Polygon","coordinates":[[[16.617963,49.210581],[16.617919,49.210564],[16.617885,49.210601],[16.61793,49.210618],[16.617963,49.210581]]]},"properties":{"id":513198,"buildingId":510096,"floorId":513162,"floorLevel":6,"name":"BA04N6083","type":"office","category":"office","label":"Office","passportNumber":"BA04N6083","seats":null,"hasProjector":false,"hasWhiteboard":false,"code":443}},{"type":"Feature","geometry":{"type":"Polygon","coordinates":[[[16.617797,49.210589],[16.617719,49.210559],[16.617717,49.210562],[16.617713,49.210561],[16.617696,49.210579],[16.6177,49.210581],[16.617699,49.210581],[16.617777,49.210611],[16.617797,49.210589]]]},"properties":{"id":513199,"buildingId":510096,"floorId":513162,"floorLevel":6,"name":"BA04N6048","type":"office","category":"office","label":"Office","passportNumber":"BA04N6048","seats":null,"hasProjector":false,"hasWhiteboard":false,"code":443}},{"type":"Feature","geometry":{"type":"Polygon","coordinates":[[[16.61801,49.210597],[16.617965,49.21058],[16.617931,49.210618],[16.617975,49.210636],[16.61801,49.210597]]]},"properties":{"id":513200,"buildingId":510096,"floorId":513162,"floorLevel":6,"name":"BA04N6084","type":"office","category":"office","label":"Office","passportNumber":"BA04N6084","seats":null,"hasProjector":false,"hasWhiteboard":false,"code":471}},{"type":"Feature","geometry":{"type":"Polygon","coordinates":[[[16.617844,49.210607],[16.617798,49.210589],[16.617778,49.210612],[16.617824,49.210629],[16.617844,49.210607]]]},"properties":{"id":513201,"buildingId":510096,"floorId":513162,"floorLevel":6,"name":"BA04N6047","type":"coatroom","category":"service","label":"Cloakroom","passportNumber":"BA04N6047","seats":null,"hasProjector":false,"hasWhiteboard":false,"code":443}},{"type":"Feature","geometry":{"type":"Polygon","coordinates":[[[16.618055,49.210615],[16.618011,49.210598],[16.617976,49.210636],[16.618021,49.210653],[16.618055,49.210615]]]},"properties":{"id":513202,"buildingId":510096,"floorId":513162,"floorLevel":6,"name":"BA04N6085","type":"office","category":"office","label":"Office","passportNumber":"BA04N6085","seats":null,"hasProjector":false,"hasWhiteboard":false,"code":443}},{"type":"Feature","geometry":{"type":"Polygon","coordinates":[[[16.618068,49.210666],[16.618099,49.210632],[16.618057,49.210615],[16.618011,49.210666],[16.61802,49.21067],[16.618039,49.210665],[16.618043,49.210672],[16.618068,49.210666]]]},"properties":{"id":513204,"buildingId":510096,"floorId":513162,"floorLevel":6,"name":"BA04N6086","type":"office","category":"office","label":"Office","passportNumber":"BA04N6086","seats":null,"hasProjector":false,"hasWhiteboard":false,"code":443}},{"type":"Feature","geometry":{"type":"Polygon","coordinates":[[[16.618143,49.21068],[16.618131,49.210682],[16.61813,49.21068],[16.618144,49.210677],[16.618128,49.210647],[16.618114,49.21065],[16.618113,49.210647],[16.618125,49.210644],[16.618098,49.210634],[16.618069,49.210666],[16.618043,49.210673],[16.618052,49.210689],[16.618075,49.210684],[16.618132,49.210699],[16.618143,49.21068]]]},"properties":{"id":513205,"buildingId":510096,"floorId":513162,"floorLevel":6,"name":"BA04N6001","type":"office","category":"office","label":"Office","passportNumber":"BA04N6001","seats":null,"hasProjector":false,"hasWhiteboard":false,"code":443}},{"type":"Feature","geometry":{"type":"Polygon","coordinates":[[[16.617893,49.210672],[16.617859,49.210659],[16.617847,49.210673],[16.61788,49.210686],[16.617893,49.210672]]]},"properties":{"id":513206,"buildingId":510096,"floorId":513162,"floorLevel":6,"name":"BA04N6044","type":"kitchen","category":"service","label":"Kitchen","passportNumber":"BA04N6044","seats":null,"hasProjector":false,"hasWhiteboard":false,"code":443}},{"type":"Feature","geometry":{"type":"Polygon","coordinates":[[[16.617945,49.210691],[16.617946,49.21069],[16.617947,49.21069],[16.617946,49.210691],[16.617949,49.210695],[16.617961,49.210693],[16.617957,49.210687],[16.617952,49.210685],[16.617951,49.210686],[16.61795,49.210685],[16.617951,49.210684],[16.617928,49.210675],[16.617914,49.21069],[16.617918,49.210697],[16.617945,49.210691]]]},"properties":{"id":513207,"buildingId":510096,"floorId":513162,"floorLevel":6,"name":"BA04N6042","type":"toilet","category":"service","label":"Toilet","passportNumber":"BA04N6042","seats":null,"hasProjector":false,"hasWhiteboard":false,"code":443}},{"type":"Feature","geometry":{"type":"Polygon","coordinates":[[[16.617917,49.210697],[16.617913,49.21069],[16.617918,49.210684],[16.617917,49.210683],[16.617917,49.210683],[16.617919,49.210683],[16.617927,49.210675],[16.617916,49.210671],[16.617909,49.210679],[16.617911,49.21068],[16.61791,49.210681],[16.617905,49.210679],[16.617906,49.210678],[16.617908,49.210679],[16.617915,49.210671],[16.617905,49.210667],[16.617897,49.210675],[16.617899,49.210676],[16.617898,49.210676],[16.617897,49.210676],[16.617882,49.210692],[16.61788,49.210696],[16.617878,49.210705],[16.617879,49.210706],[16.617917,49.210697]]]},"properties":{"id":513208,"buildingId":510096,"floorId":513162,"floorLevel":6,"name":"BA04N6043","type":"toilet","category":"service","label":"Toilet","passportNumber":"BA04N6043","seats":null,"hasProjector":false,"hasWhiteboard":false,"code":443}},{"type":"Feature","geometry":{"type":"Polygon","coordinates":[[[16.618135,49.2107],[16.618075,49.210685],[16.618052,49.210689],[16.618056,49.210697],[16.618037,49.210701],[16.618033,49.210708],[16.618117,49.21073],[16.618135,49.2107]]]},"properties":{"id":513209,"buildingId":510096,"floorId":513162,"floorLevel":6,"name":"BA04N6003","type":"office","category":"office","label":"Office","passportNumber":"BA04N6003","seats":null,"hasProjector":false,"hasWhiteboard":false,"code":443}},{"type":"Feature","geometry":{"type":"Polygon","coordinates":[[[16.617901,49.210726],[16.617899,49.210722],[16.617901,49.210721],[16.617903,49.210726],[16.617913,49.210723],[16.617908,49.210714],[16.617897,49.210717],[16.617896,49.210716],[16.617909,49.210713],[16.617914,49.210723],[16.617957,49.210713],[16.617955,49.210709],[16.617968,49.210706],[16.617961,49.210693],[16.617948,49.210696],[16.617946,49.210693],[16.617903,49.210703],[16.617904,49.210703],[16.617902,49.210704],[16.617902,49.210703],[16.617879,49.210708],[16.61788,49.210709],[16.61788,49.21071],[16.61788,49.210711],[16.617882,49.210714],[16.617887,49.210723],[16.617888,49.210724],[16.617888,49.210725],[16.617889,49.210726],[16.61789,49.210728],[16.617901,49.210726]]]},"properties":{"id":513210,"buildingId":510096,"floorId":513162,"floorLevel":6,"name":"BA04N6039","type":"shower","category":"service","label":"Shower","passportNumber":"BA04N6039","seats":null,"hasProjector":false,"hasWhiteboard":false,"code":443}},{"type":"Feature","geometry":{"type":"Polygon","coordinates":[[[16.617969,49.210718],[16.617967,49.210717],[16.617967,49.210717],[16.617969,49.210717],[16.617972,49.210713],[16.617968,49.210707],[16.617956,49.21071],[16.617959,49.210714],[16.61796,49.210715],[16.617959,49.210715],[16.617958,49.210715],[16.617931,49.210721],[16.617934,49.210727],[16.617959,49.210734],[16.617969,49.210718]]]},"properties":{"id":513211,"buildingId":510096,"floorId":513162,"floorLevel":6,"name":"BA04N6040","type":"toilet","category":"service","label":"Toilet","passportNumber":"BA04N6040","seats":null,"hasProjector":false,"hasWhiteboard":false,"code":443}},{"type":"Feature","geometry":{"type":"Polygon","coordinates":[[[16.617954,49.210743],[16.61794,49.210739],[16.617939,49.21074],[16.617938,49.21074],[16.61794,49.210737],[16.617941,49.210737],[16.61794,49.210738],[16.617954,49.210742],[16.617958,49.210735],[16.617945,49.210731],[16.617944,49.210732],[16.617943,49.210732],[16.617943,49.210731],[16.617933,49.210728],[16.61793,49.210722],[16.617892,49.21073],[16.617893,49.210732],[16.617902,49.210738],[16.617909,49.21074],[16.617909,49.21074],[16.61791,49.21074],[16.617934,49.210746],[16.617935,49.210745],[16.617936,49.210745],[16.617935,49.210746],[16.617949,49.21075],[16.617954,49.210743]]]},"properties":{"id":513214,"buildingId":510096,"floorId":513162,"floorLevel":6,"name":"BA04N6041","type":"toilet","category":"service","label":"Toilet","passportNumber":"BA04N6041","seats":null,"hasProjector":false,"hasWhiteboard":false,"code":443}},{"type":"Feature","geometry":{"type":"Polygon","coordinates":[[[16.618117,49.21073],[16.618054,49.210714],[16.618035,49.210746],[16.618098,49.210762],[16.618117,49.21073]]]},"properties":{"id":513215,"buildingId":510096,"floorId":513162,"floorLevel":6,"name":"BA04N6004","type":"office","category":"office","label":"Office","passportNumber":"BA04N6004","seats":null,"hasProjector":false,"hasWhiteboard":false,"code":443}},{"type":"Feature","geometry":{"type":"Polygon","coordinates":[[[16.61799,49.210761],[16.617991,49.210761],[16.617988,49.210752],[16.617987,49.210752],[16.617974,49.210749],[16.617969,49.210757],[16.617982,49.21076],[16.617984,49.21076],[16.617987,49.210761],[16.61799,49.210761]]]},"properties":{"id":513216,"buildingId":510096,"floorId":513162,"floorLevel":6,"name":"BA04N6038a","type":"stairs","category":"circulation","label":"Stairs","passportNumber":"BA04N6038a","seats":null,"hasProjector":false,"hasWhiteboard":false,"code":991}},{"type":"Feature","geometry":{"type":"Polygon","coordinates":[[[16.618005,49.210744],[16.617981,49.210738],[16.617974,49.210749],[16.617987,49.210752],[16.617988,49.210752],[16.617991,49.210761],[16.61799,49.210761],[16.617987,49.210761],[16.617984,49.21076],[16.617982,49.21076],[16.617993,49.210763],[16.618005,49.210744]]]},"properties":{"id":513217,"buildingId":510096,"floorId":513162,"floorLevel":6,"name":"BA04N6038b","type":"storage","category":"service","label":"Storage","passportNumber":"BA04N6038b","seats":null,"hasProjector":false,"hasWhiteboard":false,"code":991}},{"type":"Feature","geometry":{"type":"Polygon","coordinates":[[[16.618097,49.210763],[16.618034,49.210746],[16.618015,49.210778],[16.618078,49.210794],[16.618097,49.210763]]]},"properties":{"id":513218,"buildingId":510096,"floorId":513162,"floorLevel":6,"name":"BA04N6006","type":"office","category":"office","label":"Office","passportNumber":"BA04N6006","seats":null,"hasProjector":false,"hasWhiteboard":false,"code":443}},{"type":"Feature","geometry":{"type":"Polygon","coordinates":[[[16.618076,49.210794],[16.618015,49.210779],[16.617996,49.21081],[16.618057,49.210826],[16.618076,49.210794]]]},"properties":{"id":513220,"buildingId":510096,"floorId":513162,"floorLevel":6,"name":"BA04N6007","type":"office","category":"office","label":"Office","passportNumber":"BA04N6007","seats":20,"hasProjector":false,"hasWhiteboard":false,"code":443}},{"type":"Feature","geometry":{"type":"Polygon","coordinates":[[[16.617977,49.21079],[16.61794,49.21078],[16.617918,49.210816],[16.617955,49.210826],[16.617977,49.21079]]]},"properties":{"id":513221,"buildingId":510096,"floorId":513162,"floorLevel":6,"name":"BA04N6037","type":"office","category":"office","label":"Office","passportNumber":"BA04N6037","seats":null,"hasProjector":false,"hasWhiteboard":false,"code":443}},{"type":"Feature","geometry":{"type":"Polygon","coordinates":[[[16.617955,49.210827],[16.617917,49.210817],[16.617898,49.210848],[16.617936,49.210858],[16.617955,49.210827]]]},"properties":{"id":513222,"buildingId":510096,"floorId":513162,"floorLevel":6,"name":"BA04N6036","type":"office","category":"office","label":"Office","passportNumber":"BA04N6036","seats":null,"hasProjector":false,"hasWhiteboard":false,"code":443}},{"type":"Feature","geometry":{"type":"Polygon","coordinates":[[[16.617897,49.210909],[16.617904,49.210911],[16.617935,49.210859],[16.617898,49.210849],[16.617866,49.210901],[16.617869,49.210902],[16.617867,49.210905],[16.617895,49.210912],[16.617897,49.210909]]]},"properties":{"id":513223,"buildingId":510096,"floorId":513162,"floorLevel":6,"name":"BA04N6035","type":"office","category":"office","label":"Office","passportNumber":"BA04N6035","seats":null,"hasProjector":false,"hasWhiteboard":false,"code":443}},{"type":"Feature","geometry":{"type":"Polygon","coordinates":[[[16.618057,49.210827],[16.617995,49.210811],[16.617931,49.210918],[16.617992,49.210934],[16.618057,49.210827]]]},"properties":{"id":513224,"buildingId":510096,"floorId":513162,"floorLevel":6,"name":"BA04N6008","type":"classroom_and_laboratory","category":"teaching","label":"Classroom / lab","passportNumber":"BA04N6008","seats":null,"hasProjector":false,"hasWhiteboard":false,"code":443}},{"type":"Feature","geometry":{"type":"Polygon","coordinates":[[[16.617902,49.210914],[16.617863,49.210904],[16.617846,49.210932],[16.617885,49.210942],[16.617902,49.210914]]]},"properties":{"id":513225,"buildingId":510096,"floorId":513162,"floorLevel":6,"name":"BA04N6033","type":"office","category":"office","label":"Office","passportNumber":"BA04N6033","seats":null,"hasProjector":false,"hasWhiteboard":false,"code":443}},{"type":"Feature","geometry":{"type":"Polygon","coordinates":[[[16.617885,49.210943],[16.617846,49.210933],[16.61783,49.210958],[16.617869,49.210968],[16.617885,49.210943]]]},"properties":{"id":513226,"buildingId":510096,"floorId":513162,"floorLevel":6,"name":"BA04N6034","type":"office","category":"office","label":"Office","passportNumber":"BA04N6034","seats":null,"hasProjector":false,"hasWhiteboard":false,"code":443}},{"type":"Feature","geometry":{"type":"Polygon","coordinates":[[[16.617991,49.21096],[16.617978,49.210956],[16.61798,49.210953],[16.617993,49.210956],[16.618003,49.21094],[16.617929,49.21092],[16.617901,49.210967],[16.617975,49.210986],[16.617991,49.21096]]]},"properties":{"id":513227,"buildingId":510096,"floorId":513162,"floorLevel":6,"name":"BA04N6010","type":"office","category":"office","label":"Office","passportNumber":"BA04N6010","seats":null,"hasProjector":false,"hasWhiteboard":false,"code":443}},{"type":"Feature","geometry":{"type":"Polygon","coordinates":[[[16.617838,49.211006],[16.617845,49.211008],[16.617869,49.210969],[16.61783,49.210959],[16.617806,49.210998],[16.617809,49.210999],[16.617807,49.211002],[16.617836,49.21101],[16.617838,49.211006]]]},"properties":{"id":513228,"buildingId":510096,"floorId":513162,"floorLevel":6,"name":"BA04N6032","type":"office","category":"office","label":"Office","passportNumber":"BA04N6032","seats":null,"hasProjector":false,"hasWhiteboard":false,"code":443}},{"type":"Feature","geometry":{"type":"Polygon","coordinates":[[[16.617957,49.211017],[16.617944,49.211013],[16.617946,49.21101],[16.617959,49.211013],[16.617975,49.210987],[16.617901,49.210968],[16.617872,49.211015],[16.617946,49.211034],[16.617957,49.211017]]]},"properties":{"id":513229,"buildingId":510096,"floorId":513162,"floorLevel":6,"name":"BA04N6011","type":"library","category":"teaching","label":"Library","passportNumber":"BA04N6011","seats":null,"hasProjector":false,"hasWhiteboard":false,"code":443}},{"type":"Feature","geometry":{"type":"Polygon","coordinates":[[[16.617843,49.211012],[16.617806,49.211003],[16.617779,49.211047],[16.617816,49.211057],[16.617843,49.211012]]]},"properties":{"id":513230,"buildingId":510096,"floorId":513162,"floorLevel":6,"name":"BA04N6031","type":"office","category":"office","label":"Office","passportNumber":"BA04N6031","seats":null,"hasProjector":false,"hasWhiteboard":false,"code":412}},{"type":"Feature","geometry":{"type":"Polygon","coordinates":[[[16.617922,49.21105],[16.617909,49.211046],[16.617911,49.211043],[16.617924,49.211046],[16.617932,49.211033],[16.617871,49.211017],[16.617843,49.211063],[16.617904,49.211079],[16.617922,49.21105]]]},"properties":{"id":513231,"buildingId":510096,"floorId":513162,"floorLevel":6,"name":"BA04N6012","type":"office","category":"office","label":"Office","passportNumber":"BA04N6012","seats":null,"hasProjector":false,"hasWhiteboard":false,"code":412}},{"type":"Feature","geometry":{"type":"Polygon","coordinates":[[[16.617904,49.21108],[16.617843,49.211064],[16.617824,49.211095],[16.617885,49.211111],[16.617904,49.21108]]]},"properties":{"id":513232,"buildingId":510096,"floorId":513162,"floorLevel":6,"name":"BA04N6013","type":"office","category":"office","label":"Office","passportNumber":"BA04N6013","seats":null,"hasProjector":false,"hasWhiteboard":false,"code":412}},{"type":"Feature","geometry":{"type":"Polygon","coordinates":[[[16.617815,49.211058],[16.617778,49.211048],[16.617742,49.211108],[16.617779,49.211118],[16.617815,49.211058]]]},"properties":{"id":513233,"buildingId":510096,"floorId":513162,"floorLevel":6,"name":"BA04N6030","type":"office","category":"office","label":"Office","passportNumber":"BA04N6030","seats":null,"hasProjector":false,"hasWhiteboard":false,"code":412}},{"type":"Feature","geometry":{"type":"Polygon","coordinates":[[[16.617884,49.211112],[16.617823,49.211096],[16.617804,49.211128],[16.617865,49.211143],[16.617884,49.211112]]]},"properties":{"id":513234,"buildingId":510096,"floorId":513162,"floorLevel":6,"name":"BA04N6014","type":"office","category":"office","label":"Office","passportNumber":"BA04N6014","seats":null,"hasProjector":false,"hasWhiteboard":false,"code":412}},{"type":"Feature","geometry":{"type":"Polygon","coordinates":[[[16.617766,49.21114],[16.617769,49.211135],[16.617755,49.211132],[16.617749,49.211142],[16.617766,49.21114]]]},"properties":{"id":513235,"buildingId":510096,"floorId":513162,"floorLevel":6,"name":"BA04N6022a","type":"stairs","category":"circulation","label":"Stairs","passportNumber":"BA04N6022a","seats":null,"hasProjector":false,"hasWhiteboard":false,"code":491}},{"type":"Feature","geometry":{"type":"Polygon","coordinates":[[[16.617736,49.211107],[16.617602,49.211073],[16.617569,49.211127],[16.617703,49.211162],[16.617736,49.211107]]]},"properties":{"id":513236,"buildingId":510096,"floorId":513162,"floorLevel":6,"name":"BA04N6029","type":"classroom_and_laboratory","category":"teaching","label":"Classroom / lab","passportNumber":"BA04N6029","seats":null,"hasProjector":false,"hasWhiteboard":false,"code":422}},{"type":"Feature","geometry":{"type":"Polygon","coordinates":[[[16.617865,49.211144],[16.617804,49.211128],[16.617785,49.21116],[16.617846,49.211176],[16.617865,49.211144]]]},"properties":{"id":513237,"buildingId":510096,"floorId":513162,"floorLevel":6,"name":"BA04N6015","type":"office","category":"office","label":"Office","passportNumber":"BA04N6015","seats":null,"hasProjector":false,"hasWhiteboard":false,"code":412}},{"type":"Feature","geometry":{"type":"Polygon","coordinates":[[[16.617847,49.211177],[16.617784,49.211161],[16.617765,49.211192],[16.617828,49.211208],[16.617847,49.211177]]]},"properties":{"id":513241,"buildingId":510096,"floorId":513162,"floorLevel":6,"name":"BA04N6016","type":"office","category":"office","label":"Office","passportNumber":"BA04N6016","seats":null,"hasProjector":false,"hasWhiteboard":false,"code":412}},{"type":"Feature","geometry":{"type":"Polygon","coordinates":[[[16.617586,49.21115],[16.617559,49.211143],[16.617534,49.211185],[16.61756,49.211192],[16.617586,49.21115]]]},"properties":{"id":513242,"buildingId":510096,"floorId":513162,"floorLevel":6,"name":"BA04N6028","type":"office","category":"office","label":"Office","passportNumber":"BA04N6028","seats":20,"hasProjector":false,"hasWhiteboard":false,"code":422}},{"type":"Feature","geometry":{"type":"Polygon","coordinates":[[[16.617644,49.211165],[16.617587,49.21115],[16.617562,49.211192],[16.617619,49.211207],[16.617644,49.211165]]]},"properties":{"id":513244,"buildingId":510096,"floorId":513162,"floorLevel":6,"name":"BA04N6027","type":"office","category":"office","label":"Office","passportNumber":"BA04N6027","seats":null,"hasProjector":false,"hasWhiteboard":false,"code":422}},{"type":"Feature","geometry":{"type":"Polygon","coordinates":[[[16.617753,49.211204],[16.617737,49.211199],[16.617728,49.211214],[16.617744,49.211218],[16.617753,49.211204]]]},"properties":{"id":513245,"buildingId":510096,"floorId":513162,"floorLevel":6,"name":"BA04N6020","type":"utility_room","category":"service","label":"Utility","passportNumber":"BA04N6020","seats":null,"hasProjector":false,"hasWhiteboard":false,"code":422}},{"type":"Feature","geometry":{"type":"Polygon","coordinates":[[[16.617828,49.211209],[16.617781,49.211197],[16.617772,49.211212],[16.617819,49.211224],[16.617828,49.211209]]]},"properties":{"id":513246,"buildingId":510096,"floorId":513162,"floorLevel":6,"name":"BA04N6016a","type":"toilet","category":"service","label":"Toilet","passportNumber":"BA04N6016a","seats":null,"hasProjector":false,"hasWhiteboard":false,"code":422}},{"type":"Feature","geometry":{"type":"Polygon","coordinates":[[[16.617771,49.211208],[16.617754,49.211204],[16.617745,49.211218],[16.617763,49.211223],[16.617771,49.211208]]]},"properties":{"id":513247,"buildingId":510096,"floorId":513162,"floorLevel":6,"name":"BA04N6018","type":"toilet","category":"service","label":"Toilet","passportNumber":"BA04N6018","seats":null,"hasProjector":false,"hasWhiteboard":false,"code":422}},{"type":"Feature","geometry":{"type":"Polygon","coordinates":[[[16.617694,49.211178],[16.617645,49.211165],[16.61762,49.211207],[16.617668,49.21122],[16.617694,49.211178]]]},"properties":{"id":513248,"buildingId":510096,"floorId":513162,"floorLevel":6,"name":"BA04N6026","type":"office","category":"office","label":"Office","passportNumber":"BA04N6026","seats":null,"hasProjector":false,"hasWhiteboard":false,"code":422}},{"type":"Feature","geometry":{"type":"Polygon","coordinates":[[[16.617762,49.211224],[16.617743,49.211219],[16.617742,49.21122],[16.617741,49.211219],[16.617742,49.211218],[16.617727,49.211215],[16.617723,49.211221],[16.617738,49.211225],[16.617738,49.211224],[16.617739,49.211224],[16.617737,49.211228],[16.617736,49.211228],[16.617737,49.211226],[16.617723,49.211222],[16.617717,49.211231],[16.617732,49.211235],[16.617733,49.211233],[16.617734,49.211233],[16.617733,49.211235],[16.617752,49.21124],[16.617762,49.211224]]]},"properties":{"id":513249,"buildingId":510096,"floorId":513162,"floorLevel":6,"name":"BA04N6019","type":"toilet","category":"service","label":"Toilet","passportNumber":"BA04N6019","seats":null,"hasProjector":false,"hasWhiteboard":false,"code":422}},{"type":"Feature","geometry":{"type":"Polygon","coordinates":[[[16.617797,49.211241],[16.617794,49.21124],[16.617794,49.21124],[16.617798,49.211241],[16.617801,49.211235],[16.617811,49.211238],[16.617818,49.211225],[16.617772,49.211213],[16.61776,49.211231],[16.617761,49.211231],[16.617761,49.211232],[16.617759,49.211232],[16.617754,49.211241],[16.617765,49.211243],[16.61777,49.211234],[16.617769,49.211234],[16.617769,49.211233],[16.617773,49.211234],[16.617773,49.211235],[16.617771,49.211235],[16.617766,49.211244],[16.617776,49.211246],[16.617782,49.211237],[16.61778,49.211237],[16.61778,49.211236],[16.617787,49.211238],[16.617786,49.211239],[16.617783,49.211238],[16.617777,49.211247],[16.617792,49.21125],[16.617797,49.211241]]]},"properties":{"id":513250,"buildingId":510096,"floorId":513162,"floorLevel":6,"name":"BA04N6017","type":"toilet","category":"service","label":"Toilet","passportNumber":"BA04N6017","seats":null,"hasProjector":false,"hasWhiteboard":false,"code":422}},{"type":"Feature","geometry":{"type":"Polygon","coordinates":[[[16.617725,49.211254],[16.617726,49.211254],[16.617727,49.211252],[16.617725,49.211251],[16.617726,49.211251],[16.617728,49.211251],[16.617734,49.21124],[16.617711,49.211234],[16.617704,49.211245],[16.617706,49.211246],[16.617706,49.211246],[16.617704,49.211246],[16.617698,49.211255],[16.617709,49.211258],[16.617715,49.211249],[16.617713,49.211248],[16.617713,49.211248],[16.617718,49.211249],[16.617718,49.211249],[16.617716,49.211249],[16.61771,49.211258],[16.61772,49.211261],[16.617725,49.211254]]]},"properties":{"id":513251,"buildingId":510096,"floorId":513162,"floorLevel":6,"name":"BA04N6021","type":"toilet","category":"service","label":"Toilet","passportNumber":"BA04N6021","seats":null,"hasProjector":false,"hasWhiteboard":false,"code":471}},{"type":"Feature","geometry":{"type":"Polygon","coordinates":[[[16.617893,49.210626],[16.617845,49.210607],[16.617825,49.21063],[16.617873,49.210648],[16.617893,49.210626]]]},"properties":{"id":513254,"buildingId":510096,"floorId":513162,"floorLevel":6,"name":"BA04N6046","type":"room","category":"other","label":"Room","passportNumber":"BA04N6046","seats":null,"hasProjector":false,"hasWhiteboard":false,"code":null}},{"type":"Feature","geometry":{"type":"Polygon","coordinates":[[[16.61777,49.211132],[16.617757,49.211128],[16.617755,49.211132],[16.617749,49.211142],[16.617732,49.211169],[16.617746,49.211173],[16.617766,49.21114],[16.617769,49.211135],[16.61777,49.211132]]]},"properties":{"id":513463,"buildingId":510096,"floorId":513162,"floorLevel":6,"name":"BA04N6022","type":"storage","category":"service","label":"Storage","passportNumber":"BA04N6022","seats":null,"hasProjector":false,"hasWhiteboard":false,"code":491}},{"type":"Feature","geometry":{"type":"Polygon","coordinates":[[[16.617391,49.210432],[16.617344,49.210414],[16.617337,49.210422],[16.617376,49.210437],[16.61739,49.210443],[16.617395,49.210445],[16.617402,49.210437],[16.617398,49.210435],[16.617391,49.210432]]]},"properties":{"id":513464,"buildingId":510096,"floorId":513162,"floorLevel":6,"name":"BA04N6056b","type":"storage","category":"service","label":"Storage","passportNumber":"BA04N6056b","seats":null,"hasProjector":false,"hasWhiteboard":false,"code":414}},{"type":"Feature","geometry":{"type":"Polygon","coordinates":[[[16.617273,49.210365],[16.617257,49.210359],[16.617256,49.21036],[16.617255,49.21036],[16.617255,49.21036],[16.617242,49.210355],[16.617236,49.210361],[16.617249,49.210366],[16.617251,49.210364],[16.617252,49.210365],[16.617249,49.210368],[16.617248,49.210368],[16.617249,49.210367],[16.617236,49.210361],[16.61723,49.210368],[16.617243,49.210373],[16.617244,49.210372],[16.617245,49.210373],[16.617243,49.210374],[16.617259,49.21038],[16.617273,49.210365]]]},"properties":{"id":515996,"buildingId":510096,"floorId":515995,"floorLevel":5,"name":"BA04N5040","type":"toilet","category":"service","label":"Toilet","passportNumber":"BA04N5040","seats":null,"hasProjector":false,"hasWhiteboard":false,"code":414}},{"type":"Feature","geometry":{"type":"Polygon","coordinates":[[[16.617382,49.210355],[16.617314,49.210329],[16.617269,49.210379],[16.617337,49.210405],[16.617382,49.210355]]]},"properties":{"id":515997,"buildingId":510096,"floorId":515995,"floorLevel":5,"name":"BA04N5041","type":"office","category":"office","label":"Office","passportNumber":"BA04N5041","seats":null,"hasProjector":false,"hasWhiteboard":false,"code":414}},{"type":"Feature","geometry":{"type":"Polygon","coordinates":[[[16.617417,49.210369],[16.617383,49.210356],[16.617338,49.210406],[16.617372,49.210419],[16.617417,49.210369]]]},"properties":{"id":515999,"buildingId":510096,"floorId":515995,"floorLevel":5,"name":"BA04N5042","type":"office","category":"office","label":"Office","passportNumber":"BA04N5042","seats":null,"hasProjector":false,"hasWhiteboard":false,"code":414}},{"type":"Feature","geometry":{"type":"Polygon","coordinates":[[[16.617472,49.210393],[16.617419,49.210372],[16.617376,49.21042],[16.617413,49.210435],[16.617423,49.210438],[16.617429,49.210441],[16.617472,49.210393]]]},"properties":{"id":516000,"buildingId":510096,"floorId":515995,"floorLevel":5,"name":"BA04N5043","type":"office","category":"office","label":"Office","passportNumber":"BA04N5043","seats":null,"hasProjector":false,"hasWhiteboard":false,"code":414}},{"type":"Feature","geometry":{"type":"Polygon","coordinates":[[[16.61752,49.210411],[16.617474,49.210394],[16.617431,49.210441],[16.617476,49.210459],[16.61752,49.210411]]]},"properties":{"id":516002,"buildingId":510096,"floorId":515995,"floorLevel":5,"name":"BA04N5044","type":"office","category":"office","label":"Office","passportNumber":"BA04N5044","seats":null,"hasProjector":false,"hasWhiteboard":false,"code":414}},{"type":"Feature","geometry":{"type":"Polygon","coordinates":[[[16.617547,49.210422],[16.617522,49.210412],[16.617478,49.21046],[16.617504,49.21047],[16.617547,49.210422]]]},"properties":{"id":516003,"buildingId":510096,"floorId":515995,"floorLevel":5,"name":"BA04N5045","type":"office","category":"office","label":"Office","passportNumber":"BA04N5045","seats":null,"hasProjector":false,"hasWhiteboard":false,"code":414}},{"type":"Feature","geometry":{"type":"Polygon","coordinates":[[[16.617624,49.210451],[16.617549,49.210422],[16.617506,49.21047],[16.617581,49.210499],[16.617624,49.210451]]]},"properties":{"id":516004,"buildingId":510096,"floorId":515995,"floorLevel":5,"name":"BA04N5046","type":"office","category":"office","label":"Office","passportNumber":"BA04N5046","seats":null,"hasProjector":false,"hasWhiteboard":false,"code":414}},{"type":"Feature","geometry":{"type":"Polygon","coordinates":[[[16.617675,49.210471],[16.617628,49.210452],[16.617584,49.210501],[16.617584,49.210501],[16.617631,49.210519],[16.617675,49.210471]]]},"properties":{"id":516005,"buildingId":510096,"floorId":515995,"floorLevel":5,"name":"BA04N5047","type":"office","category":"office","label":"Office","passportNumber":"BA04N5047","seats":null,"hasProjector":false,"hasWhiteboard":false,"code":414}},{"type":"Feature","geometry":{"type":"Polygon","coordinates":[[[16.617712,49.210485],[16.617677,49.210471],[16.617633,49.21052],[16.617669,49.210533],[16.617712,49.210485]]]},"properties":{"id":516006,"buildingId":510096,"floorId":515995,"floorLevel":5,"name":"BA04N5048","type":"office","category":"office","label":"Office","passportNumber":"BA04N5048","seats":null,"hasProjector":false,"hasWhiteboard":false,"code":414}},{"type":"Feature","geometry":{"type":"Polygon","coordinates":[[[16.617317,49.210438],[16.617242,49.210409],[16.617168,49.210491],[16.617243,49.21052],[16.617317,49.210438]]]},"properties":{"id":516008,"buildingId":510096,"floorId":515995,"floorLevel":5,"name":"BA04N5039","type":"classroom_and_laboratory","category":"teaching","label":"Classroom / lab","passportNumber":"BA04N5039","seats":null,"hasProjector":false,"hasWhiteboard":false,"code":414}},{"type":"Feature","geometry":{"type":"Polygon","coordinates":[[[16.617762,49.210504],[16.617714,49.210486],[16.617671,49.210534],[16.617718,49.210552],[16.617762,49.210504]]]},"properties":{"id":516009,"buildingId":510096,"floorId":515995,"floorLevel":5,"name":"BA04N5049","type":"office","category":"office","label":"Office","passportNumber":"BA04N5049","seats":20,"hasProjector":false,"hasWhiteboard":false,"code":414}},{"type":"Feature","geometry":{"type":"Polygon","coordinates":[[[16.617398,49.21047],[16.617323,49.210441],[16.61725,49.210522],[16.617324,49.210551],[16.617398,49.21047]]]},"properties":{"id":516010,"buildingId":510096,"floorId":515995,"floorLevel":5,"name":"BA04N5038","type":"classroom_and_laboratory","category":"teaching","label":"Classroom / lab","passportNumber":"BA04N5038","seats":24,"hasProjector":false,"hasWhiteboard":false,"code":414}},{"type":"Feature","geometry":{"type":"Polygon","coordinates":[[[16.617887,49.210553],[16.617765,49.210506],[16.617721,49.210554],[16.617844,49.210601],[16.617887,49.210553]]]},"properties":{"id":516012,"buildingId":510096,"floorId":515995,"floorLevel":5,"name":"BA04N5050","type":"classroom_and_laboratory","category":"teaching","label":"Classroom / lab","passportNumber":"BA04N5050","seats":null,"hasProjector":false,"hasWhiteboard":false,"code":421}},{"type":"Feature","geometry":{"type":"Polygon","coordinates":[[[16.617914,49.210563],[16.61789,49.210554],[16.617847,49.210602],[16.61787,49.210611],[16.617914,49.210563]]]},"properties":{"id":516013,"buildingId":510096,"floorId":515995,"floorLevel":5,"name":"BA04N5052","type":"office","category":"office","label":"Office","passportNumber":"BA04N5052","seats":null,"hasProjector":false,"hasWhiteboard":false,"code":421}},{"type":"Feature","geometry":{"type":"Polygon","coordinates":[[[16.61801,49.210598],[16.617974,49.210583],[16.617945,49.210615],[16.617981,49.21063],[16.61801,49.210598]]]},"properties":{"id":516014,"buildingId":510096,"floorId":515995,"floorLevel":5,"name":"BA04N5056","type":"office","category":"office","label":"Office","passportNumber":"BA04N5056","seats":null,"hasProjector":false,"hasWhiteboard":false,"code":421}},{"type":"Feature","geometry":{"type":"Polygon","coordinates":[[[16.617968,49.210584],[16.617916,49.210564],[16.617872,49.210612],[16.617925,49.210632],[16.617968,49.210584]]]},"properties":{"id":516015,"buildingId":510096,"floorId":515995,"floorLevel":5,"name":"BA04N5053","type":"office","category":"office","label":"Office","passportNumber":"BA04N5053","seats":null,"hasProjector":false,"hasWhiteboard":false,"code":421}},{"type":"Feature","geometry":{"type":"Polygon","coordinates":[[[16.618041,49.21061],[16.618012,49.210598],[16.617967,49.210648],[16.617996,49.210659],[16.618041,49.21061]]]},"properties":{"id":516017,"buildingId":510096,"floorId":515995,"floorLevel":5,"name":"BA04N5055","type":"office","category":"office","label":"Office","passportNumber":"BA04N5055","seats":null,"hasProjector":false,"hasWhiteboard":false,"code":421}},{"type":"Feature","geometry":{"type":"Polygon","coordinates":[[[16.618037,49.210665],[16.618075,49.210623],[16.618043,49.21061],[16.617998,49.21066],[16.618021,49.210669],[16.618037,49.210665]]]},"properties":{"id":516019,"buildingId":510096,"floorId":515995,"floorLevel":5,"name":"BA04N5057","type":"office","category":"office","label":"Office","passportNumber":"BA04N5057","seats":null,"hasProjector":false,"hasWhiteboard":false,"code":421}},{"type":"Feature","geometry":{"type":"Polygon","coordinates":[[[16.618047,49.21069],[16.618038,49.210674],[16.618023,49.210677],[16.618031,49.210694],[16.618047,49.21069]]]},"properties":{"id":516020,"buildingId":510096,"floorId":515995,"floorLevel":5,"name":"BA04N5001","type":"coatroom","category":"service","label":"Cloakroom","passportNumber":"BA04N5001","seats":null,"hasProjector":false,"hasWhiteboard":false,"code":421}},{"type":"Feature","geometry":{"type":"Polygon","coordinates":[[[16.6179,49.210664],[16.617889,49.210659],[16.617882,49.210667],[16.617877,49.210665],[16.617876,49.210666],[16.617875,49.210666],[16.617876,49.210665],[16.617859,49.210659],[16.617853,49.210665],[16.61787,49.210672],[16.617871,49.21067],[16.617872,49.210671],[16.617869,49.210674],[16.617868,49.210673],[16.617869,49.210672],[16.617853,49.210666],[16.617847,49.210673],[16.617863,49.210679],[16.617864,49.210678],[16.617865,49.210678],[16.617864,49.210679],[16.61788,49.210686],[16.6179,49.210664]]]},"properties":{"id":516021,"buildingId":510096,"floorId":515995,"floorLevel":5,"name":"BA04N5033","type":"toilet","category":"service","label":"Toilet","passportNumber":"BA04N5033","seats":null,"hasProjector":false,"hasWhiteboard":false,"code":421}},{"type":"Feature","geometry":{"type":"Polygon","coordinates":[[[16.618143,49.210677],[16.618125,49.210645],[16.618078,49.210626],[16.61804,49.210669],[16.618042,49.210673],[16.61805,49.210687],[16.618052,49.210692],[16.618123,49.21071],[16.618143,49.210677]]]},"properties":{"id":516022,"buildingId":510096,"floorId":515995,"floorLevel":5,"name":"BA04N5002","type":"office","category":"office","label":"Office","passportNumber":"BA04N5002","seats":null,"hasProjector":false,"hasWhiteboard":false,"code":421}},{"type":"Feature","geometry":{"type":"Polygon","coordinates":[[[16.618125,49.210715],[16.618056,49.210697],[16.618039,49.210701],[16.61803,49.210716],[16.618111,49.210737],[16.618125,49.210715]]]},"properties":{"id":516023,"buildingId":510096,"floorId":515995,"floorLevel":5,"name":"BA04N5003","type":"office","category":"office","label":"Office","passportNumber":"BA04N5003","seats":null,"hasProjector":false,"hasWhiteboard":false,"code":421}},{"type":"Feature","geometry":{"type":"Polygon","coordinates":[[[16.618111,49.210739],[16.618029,49.210718],[16.618016,49.21074],[16.618097,49.210761],[16.618111,49.210739]]]},"properties":{"id":516024,"buildingId":510096,"floorId":515995,"floorLevel":5,"name":"BA04N5004","type":"office","category":"office","label":"Office","passportNumber":"BA04N5004","seats":null,"hasProjector":false,"hasWhiteboard":false,"code":421}},{"type":"Feature","geometry":{"type":"Polygon","coordinates":[[[16.617918,49.210761],[16.617915,49.21076],[16.617915,49.210759],[16.617919,49.21076],[16.617926,49.210748],[16.617915,49.210745],[16.617914,49.210748],[16.617911,49.210747],[16.617905,49.210756],[16.617908,49.210757],[16.617908,49.210758],[16.617904,49.210757],[16.617898,49.210768],[16.617911,49.210772],[16.617918,49.210761]]]},"properties":{"id":516025,"buildingId":510096,"floorId":515995,"floorLevel":5,"name":"BA04N5032","type":"toilet","category":"service","label":"Toilet","passportNumber":"BA04N5032","seats":null,"hasProjector":false,"hasWhiteboard":false,"code":426}},{"type":"Feature","geometry":{"type":"Polygon","coordinates":[[[16.618096,49.210763],[16.618015,49.210742],[16.618,49.210766],[16.618082,49.210787],[16.618096,49.210763]]]},"properties":{"id":516026,"buildingId":510096,"floorId":515995,"floorLevel":5,"name":"BA04N5005","type":"office","category":"office","label":"Office","passportNumber":"BA04N5005","seats":null,"hasProjector":false,"hasWhiteboard":false,"code":421}},{"type":"Feature","geometry":{"type":"Polygon","coordinates":[[[16.618029,49.210776],[16.617999,49.210768],[16.617986,49.21079],[16.618016,49.210797],[16.618029,49.210776]]]},"properties":{"id":516027,"buildingId":510096,"floorId":515995,"floorLevel":5,"name":"BA04N5009","type":"classroom_and_laboratory","category":"teaching","label":"Classroom / lab","passportNumber":"BA04N5009","seats":null,"hasProjector":false,"hasWhiteboard":false,"code":426}},{"type":"Feature","geometry":{"type":"Polygon","coordinates":[[[16.618077,49.210788],[16.61803,49.210776],[16.618017,49.210798],[16.618064,49.21081],[16.618077,49.210788]]]},"properties":{"id":516029,"buildingId":510096,"floorId":515995,"floorLevel":5,"name":"BA04N5010","type":"classroom_and_laboratory","category":"teaching","label":"Classroom / lab","passportNumber":"BA04N5010","seats":null,"hasProjector":false,"hasWhiteboard":false,"code":426}},{"type":"Feature","geometry":{"type":"Polygon","coordinates":[[[16.618063,49.210811],[16.617985,49.210791],[16.617967,49.210821],[16.618045,49.210842],[16.618063,49.210811]]]},"properties":{"id":516030,"buildingId":510096,"floorId":515995,"floorLevel":5,"name":"BA04N5008","type":"classroom_and_laboratory","category":"teaching","label":"Classroom / lab","passportNumber":"BA04N5008","seats":null,"hasProjector":false,"hasWhiteboard":false,"code":426}},{"type":"Feature","geometry":{"type":"Polygon","coordinates":[[[16.618044,49.210843],[16.617996,49.210831],[16.617975,49.210865],[16.618023,49.210877],[16.618044,49.210843]]]},"properties":{"id":516032,"buildingId":510096,"floorId":515995,"floorLevel":5,"name":"BA04N5011","type":"classroom_and_laboratory","category":"teaching","label":"Classroom / lab","passportNumber":"BA04N5011","seats":null,"hasProjector":false,"hasWhiteboard":false,"code":426}},{"type":"Feature","geometry":{"type":"Polygon","coordinates":[[[16.618022,49.210879],[16.617944,49.210858],[16.617925,49.21089],[16.618003,49.21091],[16.618022,49.210879]]]},"properties":{"id":516033,"buildingId":510096,"floorId":515995,"floorLevel":5,"name":"BA04N5012","type":"classroom_and_laboratory","category":"teaching","label":"Classroom / lab","passportNumber":"BA04N5012","seats":null,"hasProjector":false,"hasWhiteboard":false,"code":426}},{"type":"Feature","geometry":{"type":"Polygon","coordinates":[[[16.618002,49.210912],[16.617924,49.210891],[16.617911,49.210913],[16.617989,49.210933],[16.618002,49.210912]]]},"properties":{"id":516035,"buildingId":510096,"floorId":515995,"floorLevel":5,"name":"BA04N5013","type":"office","category":"office","label":"Office","passportNumber":"BA04N5013","seats":null,"hasProjector":false,"hasWhiteboard":false,"code":426}},{"type":"Feature","geometry":{"type":"Polygon","coordinates":[[[16.61799,49.210936],[16.61791,49.210916],[16.617889,49.210949],[16.617969,49.21097],[16.61799,49.210936]]]},"properties":{"id":516036,"buildingId":510096,"floorId":515995,"floorLevel":5,"name":"BA04N5015","type":"office","category":"office","label":"Office","passportNumber":"BA04N5015","seats":null,"hasProjector":false,"hasWhiteboard":false,"code":426}},{"type":"Feature","geometry":{"type":"Polygon","coordinates":[[[16.617969,49.210971],[16.617888,49.210951],[16.617874,49.210974],[16.617954,49.210995],[16.617969,49.210971]]]},"properties":{"id":516037,"buildingId":510096,"floorId":515995,"floorLevel":5,"name":"BA04N5016","type":"office","category":"office","label":"Office","passportNumber":"BA04N5016","seats":null,"hasProjector":false,"hasWhiteboard":false,"code":426}},{"type":"Feature","geometry":{"type":"Polygon","coordinates":[[[16.617953,49.210997],[16.617873,49.210976],[16.617853,49.21101],[16.617933,49.21103],[16.617953,49.210997]]]},"properties":{"id":516039,"buildingId":510096,"floorId":515995,"floorLevel":5,"name":"BA04N5017","type":"office","category":"office","label":"Office","passportNumber":"BA04N5017","seats":null,"hasProjector":false,"hasWhiteboard":false,"code":426}},{"type":"Feature","geometry":{"type":"Polygon","coordinates":[[[16.617929,49.211032],[16.617851,49.211012],[16.617829,49.21105],[16.617906,49.21107],[16.617929,49.211032]]]},"properties":{"id":516040,"buildingId":510096,"floorId":515995,"floorLevel":5,"name":"BA04N5019","type":"office","category":"office","label":"Office","passportNumber":"BA04N5019","seats":22,"hasProjector":false,"hasWhiteboard":false,"code":426}},{"type":"Feature","geometry":{"type":"Polygon","coordinates":[[[16.617906,49.211071],[16.617828,49.211051],[16.617797,49.211101],[16.617875,49.211121],[16.617906,49.211071]]]},"properties":{"id":516041,"buildingId":510096,"floorId":515995,"floorLevel":5,"name":"BA04N5020","type":"classroom_and_laboratory","category":"teaching","label":"Classroom / lab","passportNumber":"BA04N5020","seats":null,"hasProjector":false,"hasWhiteboard":false,"code":426}},{"type":"Feature","geometry":{"type":"Polygon","coordinates":[[[16.617646,49.211085],[16.617601,49.211074],[16.617577,49.211113],[16.617622,49.211125],[16.617646,49.211085]]]},"properties":{"id":516042,"buildingId":510096,"floorId":515995,"floorLevel":5,"name":"BA04N5031","type":"office","category":"office","label":"Office","passportNumber":"BA04N5031","seats":null,"hasProjector":false,"hasWhiteboard":false,"code":412}},{"type":"Feature","geometry":{"type":"Polygon","coordinates":[[[16.617697,49.211099],[16.617647,49.211086],[16.617624,49.211125],[16.617674,49.211138],[16.617697,49.211099]]]},"properties":{"id":516043,"buildingId":510096,"floorId":515995,"floorLevel":5,"name":"BA04N5030","type":"office","category":"office","label":"Office","passportNumber":"BA04N5030","seats":null,"hasProjector":false,"hasWhiteboard":false,"code":412}},{"type":"Feature","geometry":{"type":"Polygon","coordinates":[[[16.617875,49.211122],[16.617797,49.211102],[16.617778,49.211133],[16.617856,49.211153],[16.617875,49.211122]]]},"properties":{"id":516044,"buildingId":510096,"floorId":515995,"floorLevel":5,"name":"BA04N5021","type":"office","category":"office","label":"Office","passportNumber":"BA04N5021","seats":null,"hasProjector":false,"hasWhiteboard":false,"code":426}},{"type":"Feature","geometry":{"type":"Polygon","coordinates":[[[16.617735,49.211109],[16.617699,49.211099],[16.617675,49.211138],[16.617712,49.211148],[16.617735,49.211109]]]},"properties":{"id":516045,"buildingId":510096,"floorId":515995,"floorLevel":5,"name":"BA04N5029","type":"office","category":"office","label":"Office","passportNumber":"BA04N5029","seats":null,"hasProjector":false,"hasWhiteboard":false,"code":412}},{"type":"Feature","geometry":{"type":"Polygon","coordinates":[[[16.617855,49.211154],[16.617777,49.211134],[16.617764,49.211157],[16.617842,49.211177],[16.617855,49.211154]]]},"properties":{"id":516048,"buildingId":510096,"floorId":515995,"floorLevel":5,"name":"BA04N5022","type":"workshop","category":"other","label":"workshop","passportNumber":"BA04N5022","seats":null,"hasProjector":false,"hasWhiteboard":false,"code":426}},{"type":"Feature","geometry":{"type":"Polygon","coordinates":[[[16.617613,49.211143],[16.617566,49.211131],[16.617535,49.211184],[16.617581,49.211196],[16.617613,49.211143]]]},"properties":{"id":516050,"buildingId":510096,"floorId":515995,"floorLevel":5,"name":"BA04N5028","type":"library","category":"teaching","label":"Library","passportNumber":"BA04N5028","seats":null,"hasProjector":false,"hasWhiteboard":false,"code":412}},{"type":"Feature","geometry":{"type":"Polygon","coordinates":[[[16.617701,49.211166],[16.617614,49.211144],[16.617583,49.211196],[16.617669,49.211218],[16.617701,49.211166]]]},"properties":{"id":516051,"buildingId":510096,"floorId":515995,"floorLevel":5,"name":"BA04N5026","type":"classroom_and_laboratory","category":"teaching","label":"Classroom / lab","passportNumber":"BA04N5026","seats":null,"hasProjector":false,"hasWhiteboard":false,"code":412}},{"type":"Feature","geometry":{"type":"Polygon","coordinates":[[[16.617845,49.21118],[16.617763,49.211159],[16.617719,49.211232],[16.617801,49.211253],[16.617845,49.21118]]]},"properties":{"id":516052,"buildingId":510096,"floorId":515995,"floorLevel":5,"name":"BA04N5024","type":"classroom_and_laboratory","category":"teaching","label":"Classroom / lab","passportNumber":"BA04N5024","seats":null,"hasProjector":false,"hasWhiteboard":false,"code":443}},{"type":"Feature","geometry":{"type":"Polygon","coordinates":[[[16.617725,49.211254],[16.617726,49.211254],[16.617727,49.211252],[16.617725,49.211251],[16.617726,49.211251],[16.617728,49.211251],[16.617734,49.21124],[16.617711,49.211234],[16.617704,49.211245],[16.617706,49.211246],[16.617706,49.211246],[16.617704,49.211246],[16.617698,49.211255],[16.617709,49.211258],[16.617715,49.211249],[16.617713,49.211248],[16.617713,49.211248],[16.617718,49.211249],[16.617718,49.211249],[16.617716,49.211249],[16.61771,49.211258],[16.61772,49.211261],[16.617725,49.211254]]]},"properties":{"id":516054,"buildingId":510096,"floorId":515995,"floorLevel":5,"name":"BA04N5025","type":"toilet","category":"service","label":"Toilet","passportNumber":"BA04N5025","seats":28,"hasProjector":false,"hasWhiteboard":false,"code":412}},{"type":"Feature","geometry":{"type":"Polygon","coordinates":[[[16.617273,49.210365],[16.617257,49.210359],[16.617256,49.21036],[16.617255,49.21036],[16.617255,49.21036],[16.617242,49.210355],[16.617236,49.210361],[16.617249,49.210366],[16.617251,49.210364],[16.617252,49.210365],[16.617249,49.210368],[16.617248,49.210368],[16.617249,49.210367],[16.617236,49.210361],[16.61723,49.210368],[16.617243,49.210373],[16.617244,49.210372],[16.617245,49.210373],[16.617243,49.210374],[16.617259,49.21038],[16.617273,49.210365]]]},"properties":{"id":521141,"buildingId":510096,"floorId":521140,"floorLevel":4,"name":"BA04N4038","type":"toilet","category":"service","label":"Toilet","passportNumber":"BA04N4038","seats":null,"hasProjector":false,"hasWhiteboard":false,"code":424}},{"type":"Feature","geometry":{"type":"Polygon","coordinates":[[[16.617382,49.210355],[16.617314,49.210329],[16.61727,49.210378],[16.617338,49.210404],[16.617382,49.210355]]]},"properties":{"id":521142,"buildingId":510096,"floorId":521140,"floorLevel":4,"name":"BA04N4039","type":"office","category":"office","label":"Office","passportNumber":"BA04N4039","seats":null,"hasProjector":false,"hasWhiteboard":false,"code":426}},{"type":"Feature","geometry":{"type":"Polygon","coordinates":[[[16.617258,49.210381],[16.617229,49.21037],[16.617208,49.210392],[16.617238,49.210403],[16.617258,49.210381]]]},"properties":{"id":521143,"buildingId":510096,"floorId":521140,"floorLevel":4,"name":"BA04N4037a","type":"stairs","category":"circulation","label":"Stairs","passportNumber":"BA04N4037a","seats":null,"hasProjector":false,"hasWhiteboard":false,"code":991}},{"type":"Feature","geometry":{"type":"Polygon","coordinates":[[[16.617365,49.210414],[16.617373,49.210418],[16.617417,49.210369],[16.617383,49.210356],[16.617339,49.210404],[16.617349,49.210408],[16.617345,49.210413],[16.617361,49.210419],[16.617365,49.210414]]]},"properties":{"id":521144,"buildingId":510096,"floorId":521140,"floorLevel":4,"name":"BA04N4040","type":"office","category":"office","label":"Office","passportNumber":"BA04N4040","seats":null,"hasProjector":false,"hasWhiteboard":false,"code":426}},{"type":"Feature","geometry":{"type":"Polygon","coordinates":[[[16.617447,49.210448],[16.617452,49.210449],[16.617495,49.210402],[16.617419,49.210372],[16.617376,49.21042],[16.617413,49.210434],[16.617409,49.210439],[16.617418,49.210443],[16.617423,49.210438],[16.617433,49.210442],[16.617429,49.210447],[16.617443,49.210452],[16.617447,49.210448]]]},"properties":{"id":521146,"buildingId":510096,"floorId":521140,"floorLevel":4,"name":"BA04N4041","type":"library","category":"teaching","label":"Library","passportNumber":"BA04N4041","seats":null,"hasProjector":false,"hasWhiteboard":false,"code":426}},{"type":"Feature","geometry":{"type":"Polygon","coordinates":[[[16.617543,49.21042],[16.617497,49.210403],[16.617454,49.21045],[16.617461,49.210453],[16.617457,49.210458],[16.617467,49.210462],[16.617472,49.210457],[16.6175,49.210468],[16.617543,49.21042]]]},"properties":{"id":521147,"buildingId":510096,"floorId":521140,"floorLevel":4,"name":"BA04N4042","type":"office","category":"office","label":"Office","passportNumber":"BA04N4042","seats":null,"hasProjector":false,"hasWhiteboard":false,"code":426}},{"type":"Feature","geometry":{"type":"Polygon","coordinates":[[[16.617569,49.21043],[16.617545,49.210421],[16.617502,49.210469],[16.617526,49.210478],[16.617569,49.21043]]]},"properties":{"id":521148,"buildingId":510096,"floorId":521140,"floorLevel":4,"name":"BA04N4043","type":"office","category":"office","label":"Office","passportNumber":"BA04N4043","seats":null,"hasProjector":false,"hasWhiteboard":false,"code":426}},{"type":"Feature","geometry":{"type":"Polygon","coordinates":[[[16.617624,49.210451],[16.617571,49.210431],[16.617528,49.210479],[16.617535,49.210482],[16.617531,49.210486],[16.617541,49.21049],[16.617545,49.210485],[16.617581,49.210499],[16.617624,49.210451]]]},"properties":{"id":521149,"buildingId":510096,"floorId":521140,"floorLevel":4,"name":"BA04N4044","type":"office","category":"office","label":"Office","passportNumber":"BA04N4044","seats":null,"hasProjector":false,"hasWhiteboard":false,"code":426}},{"type":"Feature","geometry":{"type":"Polygon","coordinates":[[[16.617398,49.21047],[16.617343,49.210448],[16.61732,49.210474],[16.617375,49.210495],[16.617398,49.21047]]]},"properties":{"id":521150,"buildingId":510096,"floorId":521140,"floorLevel":4,"name":"BA04N4033","type":"office","category":"office","label":"Office","passportNumber":"BA04N4033","seats":null,"hasProjector":false,"hasWhiteboard":false,"code":424}},{"type":"Feature","geometry":{"type":"Polygon","coordinates":[[[16.617675,49.21047],[16.617628,49.210452],[16.617584,49.2105],[16.617631,49.210518],[16.617675,49.21047]]]},"properties":{"id":521151,"buildingId":510096,"floorId":521140,"floorLevel":4,"name":"BA04N4045","type":"office","category":"office","label":"Office","passportNumber":"BA04N4045","seats":null,"hasProjector":false,"hasWhiteboard":false,"code":426}},{"type":"Feature","geometry":{"type":"Polygon","coordinates":[[[16.617661,49.21053],[16.617669,49.210533],[16.617712,49.210485],[16.617677,49.210471],[16.617633,49.210519],[16.617645,49.210524],[16.617641,49.210529],[16.617656,49.210534],[16.617661,49.21053]]]},"properties":{"id":521154,"buildingId":510096,"floorId":521140,"floorLevel":4,"name":"BA04N4046","type":"office","category":"office","label":"Office","passportNumber":"BA04N4046","seats":null,"hasProjector":false,"hasWhiteboard":false,"code":426}},{"type":"Feature","geometry":{"type":"Polygon","coordinates":[[[16.617374,49.210496],[16.617319,49.210475],[16.617294,49.210503],[16.617348,49.210524],[16.617374,49.210496]]]},"properties":{"id":521155,"buildingId":510096,"floorId":521140,"floorLevel":4,"name":"BA04N4034","type":"classroom_and_laboratory","category":"teaching","label":"Classroom / lab","passportNumber":"BA04N4034","seats":null,"hasProjector":false,"hasWhiteboard":false,"code":424}},{"type":"Feature","geometry":{"type":"Polygon","coordinates":[[[16.617316,49.210438],[16.617242,49.210409],[16.617168,49.210491],[16.617242,49.21052],[16.617316,49.210438]]]},"properties":{"id":521156,"buildingId":510096,"floorId":521140,"floorLevel":4,"name":"BA04N4036","type":"classroom_and_laboratory","category":"teaching","label":"Classroom / lab","passportNumber":"BA04N4036","seats":null,"hasProjector":false,"hasWhiteboard":false,"code":426}},{"type":"Feature","geometry":{"type":"Polygon","coordinates":[[[16.617762,49.210504],[16.617714,49.210486],[16.617671,49.210534],[16.617718,49.210552],[16.617762,49.210504]]]},"properties":{"id":521157,"buildingId":510096,"floorId":521140,"floorLevel":4,"name":"BA04N4047","type":"office","category":"office","label":"Office","passportNumber":"BA04N4047","seats":null,"hasProjector":false,"hasWhiteboard":false,"code":426}},{"type":"Feature","geometry":{"type":"Polygon","coordinates":[[[16.617347,49.210525],[16.617274,49.210497],[16.617268,49.210504],[16.617261,49.210501],[16.617251,49.210512],[16.617258,49.210514],[16.61725,49.210523],[16.617324,49.210551],[16.617347,49.210525]]]},"properties":{"id":521158,"buildingId":510096,"floorId":521140,"floorLevel":4,"name":"BA04N4035","type":"office","category":"office","label":"Office","passportNumber":"BA04N4035","seats":38,"hasProjector":false,"hasWhiteboard":false,"code":471}},{"type":"Feature","geometry":{"type":"Polygon","coordinates":[[[16.617818,49.21059],[16.61782,49.210591],[16.617863,49.210543],[16.617841,49.210535],[16.617798,49.210583],[16.617802,49.210584],[16.617798,49.210589],[16.617813,49.210595],[16.617818,49.21059]]]},"properties":{"id":521160,"buildingId":510096,"floorId":521140,"floorLevel":4,"name":"BA04N4049A","type":"office","category":"office","label":"Office","passportNumber":"BA04N4049","seats":null,"hasProjector":false,"hasWhiteboard":false,"code":421}},{"type":"Feature","geometry":{"type":"Polygon","coordinates":[[[16.617915,49.210564],[16.617865,49.210544],[16.617822,49.210592],[16.617828,49.210594],[16.617824,49.210599],[16.617834,49.210603],[16.617839,49.210599],[16.617872,49.210611],[16.617915,49.210564]]]},"properties":{"id":521161,"buildingId":510096,"floorId":521140,"floorLevel":4,"name":"BA04N4050","type":"office","category":"office","label":"Office","passportNumber":"BA04N4050","seats":null,"hasProjector":false,"hasWhiteboard":false,"code":421}},{"type":"Feature","geometry":{"type":"Polygon","coordinates":[[[16.617968,49.210584],[16.617917,49.210564],[16.617874,49.210612],[16.617925,49.210632],[16.617968,49.210584]]]},"properties":{"id":521162,"buildingId":510096,"floorId":521140,"floorLevel":4,"name":"BA04N4051","type":"office","category":"office","label":"Office","passportNumber":"BA04N4051","seats":null,"hasProjector":false,"hasWhiteboard":false,"code":421}},{"type":"Feature","geometry":{"type":"Polygon","coordinates":[[[16.618007,49.210597],[16.617974,49.210583],[16.617929,49.210633],[16.617963,49.210646],[16.618007,49.210597]]]},"properties":{"id":521163,"buildingId":510096,"floorId":521140,"floorLevel":4,"name":"BA04N4052","type":"office","category":"office","label":"Office","passportNumber":"BA04N4052","seats":10,"hasProjector":false,"hasWhiteboard":false,"code":471}},{"type":"Feature","geometry":{"type":"Polygon","coordinates":[[[16.618016,49.210667],[16.618021,49.210669],[16.618037,49.210665],[16.618075,49.210623],[16.618009,49.210597],[16.617964,49.210647],[16.617991,49.210657],[16.617993,49.210656],[16.617999,49.210658],[16.617997,49.21066],[16.617999,49.21066],[16.617995,49.210665],[16.618011,49.210672],[16.618016,49.210667]]]},"properties":{"id":521165,"buildingId":510096,"floorId":521140,"floorLevel":4,"name":"BA04N4053","type":"library","category":"teaching","label":"Library","passportNumber":"BA04N4053","seats":null,"hasProjector":false,"hasWhiteboard":false,"code":422}},{"type":"Feature","geometry":{"type":"Polygon","coordinates":[[[16.618047,49.21069],[16.618038,49.210674],[16.618023,49.210677],[16.618032,49.210693],[16.618047,49.21069]]]},"properties":{"id":521166,"buildingId":510096,"floorId":521140,"floorLevel":4,"name":"BA04N4003","type":"coatroom","category":"service","label":"Cloakroom","passportNumber":"BA04N4003","seats":null,"hasProjector":false,"hasWhiteboard":false,"code":422}},{"type":"Feature","geometry":{"type":"Polygon","coordinates":[[[16.6179,49.210664],[16.617889,49.210659],[16.617882,49.210667],[16.617877,49.210665],[16.617876,49.210666],[16.617875,49.210666],[16.617876,49.210665],[16.617859,49.210659],[16.617853,49.210665],[16.61787,49.210672],[16.617871,49.21067],[16.617872,49.210671],[16.617869,49.210674],[16.617868,49.210673],[16.617869,49.210672],[16.617853,49.210666],[16.617847,49.210673],[16.617863,49.210679],[16.617864,49.210678],[16.617865,49.210678],[16.617864,49.210679],[16.61788,49.210686],[16.6179,49.210664]]]},"properties":{"id":521167,"buildingId":510096,"floorId":521140,"floorLevel":4,"name":"BA04N4028","type":"toilet","category":"service","label":"Toilet","passportNumber":"BA04N4028","seats":null,"hasProjector":false,"hasWhiteboard":false,"code":422}},{"type":"Feature","geometry":{"type":"Polygon","coordinates":[[[16.618143,49.210677],[16.618125,49.210645],[16.618078,49.210626],[16.61804,49.210669],[16.618043,49.210676],[16.618049,49.210686],[16.618052,49.210692],[16.618123,49.21071],[16.618143,49.210677]]]},"properties":{"id":521168,"buildingId":510096,"floorId":521140,"floorLevel":4,"name":"BA04N4002","type":"office","category":"office","label":"Office","passportNumber":"BA04N4002","seats":null,"hasProjector":false,"hasWhiteboard":false,"code":422}},{"type":"Feature","geometry":{"type":"Polygon","coordinates":[[[16.618125,49.210715],[16.618077,49.210702],[16.618063,49.210725],[16.618111,49.210737],[16.618125,49.210715]]]},"properties":{"id":521170,"buildingId":510096,"floorId":521140,"floorLevel":4,"name":"BA04N4004","type":"office","category":"office","label":"Office","passportNumber":"BA04N4004","seats":null,"hasProjector":false,"hasWhiteboard":false,"code":422}},{"type":"Feature","geometry":{"type":"Polygon","coordinates":[[[16.618111,49.210739],[16.618029,49.210718],[16.618024,49.210726],[16.618017,49.210724],[16.61801,49.210735],[16.618017,49.210737],[16.618015,49.210742],[16.618096,49.210763],[16.618111,49.210739]]]},"properties":{"id":521172,"buildingId":510096,"floorId":521140,"floorLevel":4,"name":"BA04N4005","type":"office","category":"office","label":"Office","passportNumber":"BA04N4005","seats":null,"hasProjector":false,"hasWhiteboard":false,"code":422}},{"type":"Feature","geometry":{"type":"Polygon","coordinates":[[[16.618095,49.210764],[16.618014,49.210743],[16.618,49.210766],[16.618082,49.210787],[16.618095,49.210764]]]},"properties":{"id":521174,"buildingId":510096,"floorId":521140,"floorLevel":4,"name":"BA04N4006","type":"office","category":"office","label":"Office","passportNumber":"BA04N4006","seats":null,"hasProjector":false,"hasWhiteboard":false,"code":422}},{"type":"Feature","geometry":{"type":"Polygon","coordinates":[[[16.617947,49.210756],[16.617942,49.210755],[16.617943,49.210753],[16.617931,49.21075],[16.617931,49.210751],[16.617929,49.210751],[16.61793,49.210749],[16.617915,49.210745],[16.617914,49.210748],[16.617911,49.210747],[16.617907,49.210752],[16.617925,49.210757],[16.617926,49.210755],[16.617928,49.210756],[16.617926,49.210759],[16.617925,49.210758],[16.617925,49.210758],[16.617907,49.210753],[16.617903,49.21076],[16.617921,49.210765],[16.617922,49.210763],[16.617923,49.210763],[16.617921,49.210767],[16.617919,49.210767],[16.61792,49.210766],[16.617902,49.210761],[16.617898,49.210768],[16.617916,49.210773],[16.617917,49.210772],[16.617918,49.210772],[16.617917,49.210773],[16.617934,49.210778],[16.617947,49.210756]]]},"properties":{"id":521175,"buildingId":510096,"floorId":521140,"floorLevel":4,"name":"BA04N4027","type":"toilet","category":"service","label":"Toilet","passportNumber":"BA04N4027","seats":null,"hasProjector":false,"hasWhiteboard":false,"code":422}},{"type":"Feature","geometry":{"type":"Polygon","coordinates":[[[16.618077,49.210788],[16.617999,49.210768],[16.617983,49.210795],[16.617975,49.210793],[16.617971,49.2108],[16.617978,49.210802],[16.617976,49.210805],[16.618055,49.210825],[16.618077,49.210788]]]},"properties":{"id":521176,"buildingId":510096,"floorId":521140,"floorLevel":4,"name":"BA04N4008","type":"office","category":"office","label":"Office","passportNumber":"BA04N4008","seats":null,"hasProjector":false,"hasWhiteboard":false,"code":422}},{"type":"Feature","geometry":{"type":"Polygon","coordinates":[[[16.618054,49.210827],[16.617976,49.210807],[16.617964,49.210825],[16.618042,49.210846],[16.618054,49.210827]]]},"properties":{"id":521177,"buildingId":510096,"floorId":521140,"floorLevel":4,"name":"BA04N4009","type":"office","category":"office","label":"Office","passportNumber":"BA04N4009","seats":null,"hasProjector":false,"hasWhiteboard":false,"code":422}},{"type":"Feature","geometry":{"type":"Polygon","coordinates":[[[16.618041,49.210847],[16.617963,49.210827],[16.617963,49.210828],[16.617955,49.210826],[16.61795,49.210834],[16.617958,49.210836],[16.617945,49.210858],[16.618023,49.210878],[16.618041,49.210847]]]},"properties":{"id":521178,"buildingId":510096,"floorId":521140,"floorLevel":4,"name":"BA04N4010","type":"office","category":"office","label":"Office","passportNumber":"BA04N4010","seats":null,"hasProjector":false,"hasWhiteboard":false,"code":422}},{"type":"Feature","geometry":{"type":"Polygon","coordinates":[[[16.618022,49.210879],[16.617944,49.210859],[16.617931,49.210881],[16.617923,49.210879],[16.617919,49.210885],[16.617927,49.210887],[16.617925,49.21089],[16.618003,49.21091],[16.618022,49.210879]]]},"properties":{"id":521179,"buildingId":510096,"floorId":521140,"floorLevel":4,"name":"BA04N4011","type":"office","category":"office","label":"Office","passportNumber":"BA04N4011","seats":null,"hasProjector":false,"hasWhiteboard":false,"code":422}},{"type":"Feature","geometry":{"type":"Polygon","coordinates":[[[16.618002,49.210912],[16.617924,49.210891],[16.617911,49.210913],[16.617989,49.210933],[16.618002,49.210912]]]},"properties":{"id":521181,"buildingId":510096,"floorId":521140,"floorLevel":4,"name":"BA04N4012","type":"office","category":"office","label":"Office","passportNumber":"BA04N4012","seats":null,"hasProjector":false,"hasWhiteboard":false,"code":422}},{"type":"Feature","geometry":{"type":"Polygon","coordinates":[[[16.61799,49.210936],[16.61791,49.210915],[16.617889,49.210949],[16.617969,49.21097],[16.61799,49.210936]]]},"properties":{"id":521182,"buildingId":510096,"floorId":521140,"floorLevel":4,"name":"BA04N4014","type":"office","category":"office","label":"Office","passportNumber":"BA04N4014","seats":null,"hasProjector":false,"hasWhiteboard":false,"code":422}},{"type":"Feature","geometry":{"type":"Polygon","coordinates":[[[16.617968,49.210971],[16.617888,49.210951],[16.617867,49.210986],[16.61786,49.210984],[16.617853,49.210995],[16.617861,49.210997],[16.617853,49.21101],[16.617933,49.21103],[16.617968,49.210971]]]},"properties":{"id":521184,"buildingId":510096,"floorId":521140,"floorLevel":4,"name":"BA04N4015","type":"classroom_and_laboratory","category":"teaching","label":"Classroom / lab","passportNumber":"BA04N4015","seats":null,"hasProjector":false,"hasWhiteboard":false,"code":422}},{"type":"Feature","geometry":{"type":"Polygon","coordinates":[[[16.617684,49.211095],[16.617653,49.211087],[16.61763,49.211125],[16.617661,49.211133],[16.617684,49.211095]]]},"properties":{"id":521185,"buildingId":510096,"floorId":521140,"floorLevel":4,"name":"BA04N4025","type":"office","category":"office","label":"Office","passportNumber":"BA04N4025","seats":null,"hasProjector":false,"hasWhiteboard":false,"code":422}},{"type":"Feature","geometry":{"type":"Polygon","coordinates":[[[16.617597,49.211133],[16.61762,49.211139],[16.617652,49.211087],[16.617601,49.211074],[16.61757,49.211126],[16.617581,49.211129],[16.617578,49.211133],[16.617594,49.211138],[16.617597,49.211133]]]},"properties":{"id":521186,"buildingId":510096,"floorId":521140,"floorLevel":4,"name":"BA04N4026","type":"office","category":"office","label":"Office","passportNumber":"BA04N4026","seats":null,"hasProjector":false,"hasWhiteboard":false,"code":422}},{"type":"Feature","geometry":{"type":"Polygon","coordinates":[[[16.617735,49.211109],[16.617686,49.211096],[16.617662,49.211134],[16.617712,49.211147],[16.617735,49.211109]]]},"properties":{"id":521187,"buildingId":510096,"floorId":521140,"floorLevel":4,"name":"BA04N4023","type":"office","category":"office","label":"Office","passportNumber":"BA04N4023","seats":null,"hasProjector":false,"hasWhiteboard":false,"code":422}},{"type":"Feature","geometry":{"type":"Polygon","coordinates":[[[16.617929,49.211032],[16.617851,49.211012],[16.617834,49.21104],[16.617827,49.211038],[16.617823,49.211044],[16.617831,49.211046],[16.617826,49.211054],[16.617819,49.211052],[16.617814,49.21106],[16.617821,49.211062],[16.617817,49.211069],[16.617809,49.211067],[16.617805,49.211074],[16.617813,49.211075],[16.617784,49.211123],[16.617777,49.211121],[16.617772,49.211129],[16.617779,49.211131],[16.617775,49.211138],[16.617767,49.211136],[16.61776,49.211147],[16.617768,49.211149],[16.617764,49.211157],[16.617842,49.211177],[16.617929,49.211032]]]},"properties":{"id":521190,"buildingId":510096,"floorId":521140,"floorLevel":4,"name":"BA04N4017","type":"classroom_and_laboratory","category":"teaching","label":"Classroom / lab","passportNumber":"BA04N4017","seats":null,"hasProjector":false,"hasWhiteboard":false,"code":422}},{"type":"Feature","geometry":{"type":"Polygon","coordinates":[[[16.6177,49.211167],[16.617566,49.211132],[16.617535,49.211184],[16.617669,49.211218],[16.6177,49.211167]]]},"properties":{"id":521193,"buildingId":510096,"floorId":521140,"floorLevel":4,"name":"BA04N4021","type":"classroom_and_laboratory","category":"teaching","label":"Classroom / lab","passportNumber":"BA04N4021","seats":null,"hasProjector":false,"hasWhiteboard":false,"code":422}},{"type":"Feature","geometry":{"type":"Polygon","coordinates":[[[16.617845,49.21118],[16.617764,49.21116],[16.617721,49.211232],[16.617801,49.211253],[16.617845,49.21118]]]},"properties":{"id":521194,"buildingId":510096,"floorId":521140,"floorLevel":4,"name":"BA04N4019","type":"classroom_and_laboratory","category":"teaching","label":"Classroom / lab","passportNumber":"BA04N4019","seats":null,"hasProjector":false,"hasWhiteboard":false,"code":422}},{"type":"Feature","geometry":{"type":"Polygon","coordinates":[[[16.617725,49.211254],[16.617726,49.211254],[16.617727,49.211252],[16.617725,49.211251],[16.617726,49.211251],[16.617728,49.211251],[16.617734,49.21124],[16.617711,49.211234],[16.617704,49.211245],[16.617706,49.211246],[16.617706,49.211246],[16.617704,49.211246],[16.617698,49.211255],[16.617709,49.211258],[16.617715,49.211249],[16.617713,49.211248],[16.617713,49.211248],[16.617718,49.211249],[16.617718,49.211249],[16.617716,49.211249],[16.61771,49.211258],[16.61772,49.211261],[16.617725,49.211254]]]},"properties":{"id":521196,"buildingId":510096,"floorId":521140,"floorLevel":4,"name":"BA04N4020","type":"toilet","category":"service","label":"Toilet","passportNumber":"BA04N4020","seats":24,"hasProjector":false,"hasWhiteboard":false,"code":424}},{"type":"Feature","geometry":{"type":"Polygon","coordinates":[[[16.617839,49.210534],[16.617765,49.210506],[16.617722,49.210553],[16.617729,49.210556],[16.617724,49.210561],[16.61774,49.210567],[16.617744,49.210562],[16.617758,49.210568],[16.617754,49.210572],[16.617763,49.210576],[16.617767,49.210571],[16.617796,49.210582],[16.617839,49.210534]]]},"properties":{"id":521199,"buildingId":510096,"floorId":521140,"floorLevel":4,"name":"BA04N4048","type":"room","category":"other","label":"Room","passportNumber":"BA04N4048","seats":null,"hasProjector":false,"hasWhiteboard":false,"code":null}},{"type":"Feature","geometry":{"type":"Polygon","coordinates":[[[16.617843,49.210667],[16.61785,49.21066],[16.617852,49.210658],[16.617852,49.210658],[16.617861,49.210649],[16.617841,49.210641],[16.617841,49.210642],[16.617837,49.21064],[16.617824,49.210635],[16.617821,49.210634],[16.617821,49.210633],[16.617795,49.210623],[16.617778,49.210642],[16.617843,49.210667]]]},"properties":{"id":521292,"buildingId":510096,"floorId":521140,"floorLevel":4,"name":"BA04N4049","type":"office","category":"office","label":"Office","passportNumber":"BA04N4049","seats":null,"hasProjector":false,"hasWhiteboard":false,"code":421}},{"type":"Feature","geometry":{"type":"Polygon","coordinates":[[[16.617273,49.210365],[16.617257,49.210359],[16.617256,49.21036],[16.617255,49.21036],[16.617255,49.21036],[16.617242,49.210355],[16.617236,49.210361],[16.617249,49.210366],[16.61725,49.210365],[16.617251,49.210365],[16.617249,49.210368],[16.617248,49.210367],[16.617249,49.210367],[16.617236,49.210361],[16.61723,49.210368],[16.617243,49.210373],[16.617243,49.210373],[16.617244,49.210373],[16.617243,49.210374],[16.617259,49.21038],[16.617273,49.210365]]]},"properties":{"id":526207,"buildingId":510096,"floorId":526206,"floorLevel":3,"name":"BA04N3035","type":"toilet","category":"service","label":"Toilet","passportNumber":"BA04N3035","seats":null,"hasProjector":false,"hasWhiteboard":false,"code":423}},{"type":"Feature","geometry":{"type":"Polygon","coordinates":[[[16.617336,49.210403],[16.617338,49.210404],[16.617382,49.210355],[16.617314,49.210329],[16.61727,49.210378],[16.617321,49.210397],[16.617317,49.210402],[16.617332,49.210408],[16.617336,49.210403]]]},"properties":{"id":526208,"buildingId":510096,"floorId":526206,"floorLevel":3,"name":"BA04N3037","type":"office","category":"office","label":"Office","passportNumber":"BA04N3037","seats":20,"hasProjector":false,"hasWhiteboard":false,"code":423}},{"type":"Feature","geometry":{"type":"Polygon","coordinates":[[[16.617365,49.210414],[16.617373,49.210418],[16.617417,49.210369],[16.617384,49.210356],[16.61734,49.210405],[16.617349,49.210408],[16.617345,49.210413],[16.617361,49.210419],[16.617365,49.210414]]]},"properties":{"id":526210,"buildingId":510096,"floorId":526206,"floorLevel":3,"name":"BA04N3036","type":"office","category":"office","label":"Office","passportNumber":"BA04N3036","seats":null,"hasProjector":false,"hasWhiteboard":false,"code":423}},{"type":"Feature","geometry":{"type":"Polygon","coordinates":[[[16.617501,49.210404],[16.617474,49.210393],[16.617444,49.210426],[16.617471,49.210437],[16.617501,49.210404]]]},"properties":{"id":526211,"buildingId":510096,"floorId":526206,"floorLevel":3,"name":"BA04N3040","type":"office","category":"office","label":"Office","passportNumber":"BA04N3040","seats":null,"hasProjector":false,"hasWhiteboard":false,"code":423}},{"type":"Feature","geometry":{"type":"Polygon","coordinates":[[[16.617423,49.210438],[16.617428,49.21044],[16.617472,49.210392],[16.617419,49.210372],[16.617376,49.21042],[16.617413,49.210434],[16.617408,49.21044],[16.617418,49.210443],[16.617423,49.210438]]]},"properties":{"id":526213,"buildingId":510096,"floorId":526206,"floorLevel":3,"name":"BA04N3038","type":"classroom_and_laboratory","category":"teaching","label":"Classroom / lab","passportNumber":"BA04N3038","seats":null,"hasProjector":false,"hasWhiteboard":false,"code":423}},{"type":"Feature","geometry":{"type":"Polygon","coordinates":[[[16.617546,49.210421],[16.617503,49.210404],[16.617473,49.210438],[16.617516,49.210454],[16.617546,49.210421]]]},"properties":{"id":526214,"buildingId":510096,"floorId":526206,"floorLevel":3,"name":"BA04N3041","type":"office","category":"office","label":"Office","passportNumber":"BA04N3041","seats":null,"hasProjector":false,"hasWhiteboard":false,"code":423}},{"type":"Feature","geometry":{"type":"Polygon","coordinates":[[[16.617499,49.210467],[16.617503,49.210469],[16.617516,49.210455],[16.617492,49.210446],[16.617479,49.21046],[16.617483,49.210462],[16.617479,49.210467],[16.617494,49.210473],[16.617499,49.210467]]]},"properties":{"id":526216,"buildingId":510096,"floorId":526206,"floorLevel":3,"name":"BA04N3041a","type":"storage","category":"service","label":"Storage","passportNumber":"BA04N3041a","seats":null,"hasProjector":false,"hasWhiteboard":false,"code":423}},{"type":"Feature","geometry":{"type":"Polygon","coordinates":[[[16.617545,49.210485],[16.617549,49.210487],[16.617592,49.210439],[16.617548,49.210422],[16.617505,49.21047],[16.617509,49.210471],[16.617505,49.210476],[16.61752,49.210482],[16.617525,49.210477],[16.617535,49.210482],[16.617531,49.210486],[16.617541,49.21049],[16.617545,49.210485]]]},"properties":{"id":526217,"buildingId":510096,"floorId":526206,"floorLevel":3,"name":"BA04N3042","type":"office","category":"office","label":"Office","passportNumber":"BA04N3042","seats":null,"hasProjector":false,"hasWhiteboard":false,"code":423}},{"type":"Feature","geometry":{"type":"Polygon","coordinates":[[[16.617571,49.210495],[16.617581,49.210499],[16.617624,49.210451],[16.617594,49.21044],[16.617551,49.210487],[16.617555,49.210489],[16.617551,49.210494],[16.617566,49.2105],[16.617571,49.210495]]]},"properties":{"id":526218,"buildingId":510096,"floorId":526206,"floorLevel":3,"name":"BA04N3043","type":"office","category":"office","label":"Office","passportNumber":"BA04N3043","seats":null,"hasProjector":false,"hasWhiteboard":false,"code":423}},{"type":"Feature","geometry":{"type":"Polygon","coordinates":[[[16.617398,49.21047],[16.617343,49.210449],[16.617319,49.210475],[16.617374,49.210496],[16.617398,49.21047]]]},"properties":{"id":526219,"buildingId":510096,"floorId":526206,"floorLevel":3,"name":"BA04N3031","type":"office","category":"office","label":"Office","passportNumber":"BA04N3031","seats":null,"hasProjector":false,"hasWhiteboard":false,"code":423}},{"type":"Feature","geometry":{"type":"Polygon","coordinates":[[[16.617675,49.210471],[16.617628,49.210452],[16.617584,49.2105],[16.617632,49.210519],[16.617675,49.210471]]]},"properties":{"id":526220,"buildingId":510096,"floorId":526206,"floorLevel":3,"name":"BA04N3044","type":"office","category":"office","label":"Office","passportNumber":"BA04N3044","seats":null,"hasProjector":false,"hasWhiteboard":false,"code":423}},{"type":"Feature","geometry":{"type":"Polygon","coordinates":[[[16.617661,49.21053],[16.617674,49.210535],[16.617717,49.210487],[16.617677,49.210471],[16.617634,49.210519],[16.617645,49.210524],[16.617641,49.210529],[16.617656,49.210534],[16.617661,49.21053]]]},"properties":{"id":526222,"buildingId":510096,"floorId":526206,"floorLevel":3,"name":"BA04N3045","type":"office","category":"office","label":"Office","passportNumber":"BA04N3045","seats":null,"hasProjector":false,"hasWhiteboard":false,"code":471}},{"type":"Feature","geometry":{"type":"Polygon","coordinates":[[[16.617315,49.210438],[16.617242,49.21041],[16.617168,49.210491],[16.617242,49.21052],[16.617315,49.210438]]]},"properties":{"id":526223,"buildingId":510096,"floorId":526206,"floorLevel":3,"name":"BA04N3034","type":"classroom_and_laboratory","category":"teaching","label":"Classroom / lab","passportNumber":"BA04N3034","seats":null,"hasProjector":false,"hasWhiteboard":false,"code":423}},{"type":"Feature","geometry":{"type":"Polygon","coordinates":[[[16.617762,49.210504],[16.617719,49.210487],[16.617676,49.210536],[16.617718,49.210552],[16.617762,49.210504]]]},"properties":{"id":526224,"buildingId":510096,"floorId":526206,"floorLevel":3,"name":"BA04N3046","type":"office","category":"office","label":"Office","passportNumber":"BA04N3046","seats":72,"hasProjector":false,"hasWhiteboard":false,"code":491}},{"type":"Feature","geometry":{"type":"Polygon","coordinates":[[[16.617373,49.210497],[16.617299,49.210469],[16.617292,49.210477],[16.617285,49.210474],[16.617279,49.210481],[16.617286,49.210484],[16.617268,49.210504],[16.617261,49.210501],[16.617251,49.210512],[16.617258,49.210514],[16.61725,49.210523],[16.617324,49.210551],[16.617373,49.210497]]]},"properties":{"id":526225,"buildingId":510096,"floorId":526206,"floorLevel":3,"name":"BA04N3032","type":"library","category":"teaching","label":"Library","passportNumber":"BA04N3032","seats":null,"hasProjector":false,"hasWhiteboard":false,"code":423}},{"type":"Feature","geometry":{"type":"Polygon","coordinates":[[[16.617865,49.210608],[16.61787,49.210611],[16.617913,49.210563],[16.617765,49.210506],[16.617722,49.210553],[16.617758,49.210568],[16.617754,49.210573],[16.617763,49.210576],[16.617767,49.210571],[16.617802,49.210584],[16.617797,49.21059],[16.617813,49.210596],[16.617818,49.21059],[16.617828,49.210594],[16.617825,49.210598],[16.617835,49.210602],[16.617839,49.210599],[16.617849,49.210603],[16.617846,49.210606],[16.617861,49.210612],[16.617865,49.210608]]]},"properties":{"id":526227,"buildingId":510096,"floorId":526206,"floorLevel":3,"name":"BA04N3047","type":"classroom_and_laboratory","category":"teaching","label":"Classroom / lab","passportNumber":"BA04N3047","seats":null,"hasProjector":false,"hasWhiteboard":false,"code":429}},{"type":"Feature","geometry":{"type":"Polygon","coordinates":[[[16.617967,49.210584],[16.617915,49.210563],[16.617872,49.210611],[16.617877,49.210613],[16.617872,49.210618],[16.617883,49.210622],[16.617887,49.210617],[16.617924,49.210632],[16.617967,49.210584]]]},"properties":{"id":526228,"buildingId":510096,"floorId":526206,"floorLevel":3,"name":"BA04N3048","type":"office","category":"office","label":"Office","passportNumber":"BA04N3048","seats":null,"hasProjector":false,"hasWhiteboard":false,"code":429}},{"type":"Feature","geometry":{"type":"Polygon","coordinates":[[[16.617955,49.210643],[16.617964,49.210647],[16.618009,49.210597],[16.617973,49.210583],[16.617928,49.210633],[16.61794,49.210637],[16.617936,49.210642],[16.617951,49.210648],[16.617955,49.210643]]]},"properties":{"id":526229,"buildingId":510096,"floorId":526206,"floorLevel":3,"name":"BA04N3049A","type":"office","category":"office","label":"Office","passportNumber":"BA04N3049","seats":null,"hasProjector":false,"hasWhiteboard":false,"code":471}},{"type":"Feature","geometry":{"type":"Polygon","coordinates":[[[16.618037,49.210665],[16.618075,49.210623],[16.618011,49.210598],[16.617966,49.210648],[16.618021,49.210669],[16.618037,49.210665]]]},"properties":{"id":526230,"buildingId":510096,"floorId":526206,"floorLevel":3,"name":"BA04N3050","type":"office","category":"office","label":"Office","passportNumber":"BA04N3050","seats":null,"hasProjector":false,"hasWhiteboard":false,"code":429}},{"type":"Feature","geometry":{"type":"Polygon","coordinates":[[[16.6179,49.210664],[16.617889,49.210659],[16.617882,49.210667],[16.617877,49.210665],[16.617876,49.210666],[16.617875,49.210666],[16.617876,49.210665],[16.617859,49.210659],[16.617853,49.210665],[16.61787,49.210672],[16.61787,49.210671],[16.617871,49.210671],[16.617869,49.210674],[16.617868,49.210673],[16.617869,49.210672],[16.617853,49.210666],[16.617847,49.210673],[16.617863,49.210679],[16.617864,49.210678],[16.617865,49.210679],[16.617864,49.210679],[16.61788,49.210686],[16.6179,49.210664]]]},"properties":{"id":526231,"buildingId":510096,"floorId":526206,"floorLevel":3,"name":"BA04N3027","type":"toilet","category":"service","label":"Toilet","passportNumber":"BA04N3027","seats":null,"hasProjector":false,"hasWhiteboard":false,"code":429}},{"type":"Feature","geometry":{"type":"Polygon","coordinates":[[[16.618143,49.210677],[16.618125,49.210645],[16.618078,49.210626],[16.61804,49.210669],[16.618043,49.210676],[16.61804,49.210677],[16.618038,49.210674],[16.618023,49.210677],[16.618024,49.210678],[16.618018,49.210679],[16.618026,49.210694],[16.618032,49.210692],[16.618032,49.210693],[16.618047,49.21069],[16.618045,49.210687],[16.618049,49.210686],[16.618052,49.210692],[16.618123,49.21071],[16.618143,49.210677]]]},"properties":{"id":526232,"buildingId":510096,"floorId":526206,"floorLevel":3,"name":"BA04N3002","type":"office","category":"office","label":"Office","passportNumber":"BA04N3002","seats":null,"hasProjector":false,"hasWhiteboard":false,"code":429}},{"type":"Feature","geometry":{"type":"Polygon","coordinates":[[[16.618125,49.210715],[16.618056,49.210697],[16.618039,49.210701],[16.61803,49.210717],[16.618111,49.210738],[16.618125,49.210715]]]},"properties":{"id":526233,"buildingId":510096,"floorId":526206,"floorLevel":3,"name":"BA04N3001","type":"office","category":"office","label":"Office","passportNumber":"BA04N3001","seats":null,"hasProjector":false,"hasWhiteboard":false,"code":429}},{"type":"Feature","geometry":{"type":"Polygon","coordinates":[[[16.617947,49.210756],[16.617942,49.210755],[16.617943,49.210753],[16.617931,49.21075],[16.617931,49.21075],[16.61793,49.21075],[16.61793,49.210749],[16.617915,49.210745],[16.617914,49.210748],[16.617911,49.210747],[16.617907,49.210752],[16.617925,49.210757],[16.617926,49.210756],[16.617927,49.210756],[16.617926,49.210759],[16.617925,49.210758],[16.617925,49.210758],[16.617907,49.210753],[16.617903,49.21076],[16.617921,49.210765],[16.617921,49.210764],[16.617922,49.210764],[16.617921,49.210767],[16.61792,49.210767],[16.61792,49.210766],[16.617902,49.210761],[16.617898,49.210768],[16.617916,49.210773],[16.617916,49.210772],[16.617917,49.210772],[16.617917,49.210773],[16.617934,49.210778],[16.617947,49.210756]]]},"properties":{"id":526235,"buildingId":510096,"floorId":526206,"floorLevel":3,"name":"BA04N3026","type":"toilet","category":"service","label":"Toilet","passportNumber":"BA04N3026","seats":null,"hasProjector":false,"hasWhiteboard":false,"code":429}},{"type":"Feature","geometry":{"type":"Polygon","coordinates":[[[16.61811,49.210739],[16.618029,49.210718],[16.618011,49.210748],[16.618003,49.210746],[16.617997,49.210757],[16.618004,49.210759],[16.618,49.210766],[16.618081,49.210787],[16.61811,49.210739]]]},"properties":{"id":526236,"buildingId":510096,"floorId":526206,"floorLevel":3,"name":"BA04N3005","type":"office","category":"office","label":"Office","passportNumber":"BA04N3005","seats":null,"hasProjector":false,"hasWhiteboard":false,"code":429}},{"type":"Feature","geometry":{"type":"Polygon","coordinates":[[[16.618077,49.210789],[16.617999,49.210768],[16.617986,49.21079],[16.618064,49.21081],[16.618077,49.210789]]]},"properties":{"id":526237,"buildingId":510096,"floorId":526206,"floorLevel":3,"name":"BA04N3004","type":"office","category":"office","label":"Office","passportNumber":"BA04N3004","seats":null,"hasProjector":false,"hasWhiteboard":false,"code":429}},{"type":"Feature","geometry":{"type":"Polygon","coordinates":[[[16.618063,49.210811],[16.617985,49.210791],[16.617983,49.210793],[16.617976,49.210791],[16.617972,49.210799],[16.617979,49.210801],[16.617966,49.210822],[16.618045,49.210842],[16.618063,49.210811]]]},"properties":{"id":526238,"buildingId":510096,"floorId":526206,"floorLevel":3,"name":"BA04N3006","type":"office","category":"office","label":"Office","passportNumber":"BA04N3006","seats":null,"hasProjector":false,"hasWhiteboard":false,"code":429}},{"type":"Feature","geometry":{"type":"Polygon","coordinates":[[[16.618044,49.210843],[16.617965,49.210823],[16.617963,49.210827],[16.617956,49.210825],[16.617951,49.210833],[16.617958,49.210835],[16.617944,49.210858],[16.618023,49.210878],[16.618044,49.210843]]]},"properties":{"id":526239,"buildingId":510096,"floorId":526206,"floorLevel":3,"name":"BA04N3007","type":"office","category":"office","label":"Office","passportNumber":"BA04N3007","seats":null,"hasProjector":false,"hasWhiteboard":false,"code":429}},{"type":"Feature","geometry":{"type":"Polygon","coordinates":[[[16.618022,49.21088],[16.617944,49.210859],[16.617925,49.21089],[16.618003,49.21091],[16.618022,49.21088]]]},"properties":{"id":526240,"buildingId":510096,"floorId":526206,"floorLevel":3,"name":"BA04N3008","type":"office","category":"office","label":"Office","passportNumber":"BA04N3008","seats":null,"hasProjector":false,"hasWhiteboard":false,"code":429}},{"type":"Feature","geometry":{"type":"Polygon","coordinates":[[[16.618002,49.210912],[16.617924,49.210891],[16.617911,49.210913],[16.61799,49.210933],[16.618002,49.210912]]]},"properties":{"id":526242,"buildingId":510096,"floorId":526206,"floorLevel":3,"name":"BA04N3009","type":"office","category":"office","label":"Office","passportNumber":"BA04N3009","seats":null,"hasProjector":false,"hasWhiteboard":false,"code":429}},{"type":"Feature","geometry":{"type":"Polygon","coordinates":[[[16.61799,49.210936],[16.61791,49.210915],[16.617889,49.210949],[16.617969,49.21097],[16.61799,49.210936]]]},"properties":{"id":526243,"buildingId":510096,"floorId":526206,"floorLevel":3,"name":"BA04N3011","type":"classroom_and_laboratory","category":"teaching","label":"Classroom / lab","passportNumber":"BA04N3011","seats":null,"hasProjector":false,"hasWhiteboard":false,"code":424}},{"type":"Feature","geometry":{"type":"Polygon","coordinates":[[[16.617969,49.210971],[16.617888,49.21095],[16.617874,49.210975],[16.617954,49.210996],[16.617969,49.210971]]]},"properties":{"id":526244,"buildingId":510096,"floorId":526206,"floorLevel":3,"name":"BA04N3012","type":"office","category":"office","label":"Office","passportNumber":"BA04N3012","seats":null,"hasProjector":false,"hasWhiteboard":false,"code":424}},{"type":"Feature","geometry":{"type":"Polygon","coordinates":[[[16.617953,49.210997],[16.617873,49.210977],[16.617867,49.210986],[16.61786,49.210984],[16.617853,49.210995],[16.617861,49.210997],[16.617853,49.21101],[16.617933,49.21103],[16.617953,49.210997]]]},"properties":{"id":526246,"buildingId":510096,"floorId":526206,"floorLevel":3,"name":"BA04N3015","type":"office","category":"office","label":"Office","passportNumber":"BA04N3015","seats":null,"hasProjector":false,"hasWhiteboard":false,"code":424}},{"type":"Feature","geometry":{"type":"Polygon","coordinates":[[[16.617929,49.211032],[16.617851,49.211012],[16.617834,49.21104],[16.617827,49.211038],[16.617823,49.211044],[16.617831,49.211046],[16.617826,49.211054],[16.617819,49.211052],[16.617814,49.21106],[16.617821,49.211062],[16.617797,49.211101],[16.617875,49.211122],[16.617929,49.211032]]]},"properties":{"id":526247,"buildingId":510096,"floorId":526206,"floorLevel":3,"name":"BA04N3014","type":"archive","category":"service","label":"Archive","passportNumber":"BA04N3014","seats":null,"hasProjector":false,"hasWhiteboard":false,"code":424}},{"type":"Feature","geometry":{"type":"Polygon","coordinates":[[[16.61764,49.211084],[16.617601,49.211074],[16.61757,49.211126],[16.617609,49.211136],[16.61764,49.211084]]]},"properties":{"id":526248,"buildingId":510096,"floorId":526206,"floorLevel":3,"name":"BA04N3025","type":"office","category":"office","label":"Office","passportNumber":"BA04N3025","seats":null,"hasProjector":false,"hasWhiteboard":false,"code":424}},{"type":"Feature","geometry":{"type":"Polygon","coordinates":[[[16.617874,49.211123],[16.617796,49.211103],[16.617784,49.211123],[16.617777,49.211121],[16.617772,49.211129],[16.617779,49.211131],[16.617777,49.211134],[16.617855,49.211154],[16.617874,49.211123]]]},"properties":{"id":526249,"buildingId":510096,"floorId":526206,"floorLevel":3,"name":"BA04N3016","type":"office","category":"office","label":"Office","passportNumber":"BA04N3016","seats":null,"hasProjector":false,"hasWhiteboard":false,"code":424}},{"type":"Feature","geometry":{"type":"Polygon","coordinates":[[[16.617692,49.211097],[16.617641,49.211084],[16.61761,49.211136],[16.61766,49.211149],[16.617692,49.211097]]]},"properties":{"id":526250,"buildingId":510096,"floorId":526206,"floorLevel":3,"name":"BA04N3024","type":"office","category":"office","label":"Office","passportNumber":"BA04N3024","seats":null,"hasProjector":false,"hasWhiteboard":false,"code":424}},{"type":"Feature","geometry":{"type":"Polygon","coordinates":[[[16.61769,49.211157],[16.617704,49.21116],[16.617735,49.211109],[16.617693,49.211098],[16.617662,49.211149],[16.617675,49.211153],[16.617672,49.211158],[16.617687,49.211162],[16.61769,49.211157]]]},"properties":{"id":526251,"buildingId":510096,"floorId":526206,"floorLevel":3,"name":"BA04N3023","type":"office","category":"office","label":"Office","passportNumber":"BA04N3023","seats":null,"hasProjector":false,"hasWhiteboard":false,"code":424}},{"type":"Feature","geometry":{"type":"Polygon","coordinates":[[[16.617854,49.211156],[16.617776,49.211136],[16.617764,49.211157],[16.617842,49.211177],[16.617854,49.211156]]]},"properties":{"id":526252,"buildingId":510096,"floorId":526206,"floorLevel":3,"name":"BA04N3017","type":"office","category":"office","label":"Office","passportNumber":"BA04N3017","seats":null,"hasProjector":false,"hasWhiteboard":false,"code":424}},{"type":"Feature","geometry":{"type":"Polygon","coordinates":[[[16.617844,49.211181],[16.617764,49.21116],[16.61776,49.211167],[16.617753,49.211165],[16.617746,49.211176],[16.617753,49.211178],[16.61775,49.211183],[16.61783,49.211204],[16.617844,49.211181]]]},"properties":{"id":526254,"buildingId":510096,"floorId":526206,"floorLevel":3,"name":"BA04N3018","type":"office","category":"office","label":"Office","passportNumber":"BA04N3018","seats":null,"hasProjector":false,"hasWhiteboard":false,"code":424}},{"type":"Feature","geometry":{"type":"Polygon","coordinates":[[[16.6177,49.211167],[16.617638,49.21115],[16.617641,49.211145],[16.617625,49.211141],[16.617621,49.211146],[16.617594,49.211139],[16.617597,49.211134],[16.61758,49.21113],[16.617577,49.211135],[16.617566,49.211132],[16.617535,49.211184],[16.617669,49.211218],[16.6177,49.211167]]]},"properties":{"id":526256,"buildingId":510096,"floorId":526206,"floorLevel":3,"name":"BA04N3022","type":"classroom_and_laboratory","category":"teaching","label":"Classroom / lab","passportNumber":"BA04N3022","seats":null,"hasProjector":false,"hasWhiteboard":false,"code":424}},{"type":"Feature","geometry":{"type":"Polygon","coordinates":[[[16.61783,49.211205],[16.617749,49.211184],[16.617721,49.211232],[16.617801,49.211253],[16.61783,49.211205]]]},"properties":{"id":526257,"buildingId":510096,"floorId":526206,"floorLevel":3,"name":"BA04N3020","type":"classroom_and_laboratory","category":"teaching","label":"Classroom / lab","passportNumber":"BA04N3020","seats":null,"hasProjector":false,"hasWhiteboard":false,"code":424}},{"type":"Feature","geometry":{"type":"Polygon","coordinates":[[[16.617725,49.211254],[16.617726,49.211254],[16.617727,49.211252],[16.617726,49.211252],[16.617726,49.211251],[16.617728,49.211251],[16.617734,49.21124],[16.617711,49.211234],[16.617704,49.211245],[16.617705,49.211246],[16.617705,49.211246],[16.617704,49.211246],[16.617698,49.211255],[16.617709,49.211258],[16.617715,49.211249],[16.617714,49.211248],[16.617714,49.211248],[16.617718,49.211249],[16.617717,49.211249],[16.617716,49.211249],[16.61771,49.211258],[16.61772,49.211261],[16.617725,49.211254]]]},"properties":{"id":526259,"buildingId":510096,"floorId":526206,"floorLevel":3,"name":"BA04N3021","type":"toilet","category":"service","label":"Toilet","passportNumber":"BA04N3021","seats":25,"hasProjector":false,"hasWhiteboard":false,"code":424}},{"type":"Feature","geometry":{"type":"Polygon","coordinates":[[[16.617867,49.210651],[16.617795,49.210623],[16.617778,49.210642],[16.617843,49.210667],[16.617844,49.210667],[16.617847,49.210668],[16.617848,49.210669],[16.617849,49.21067],[16.617853,49.210666],[16.617853,49.210665],[16.617856,49.210662],[16.617859,49.210659],[16.617861,49.210658],[16.617867,49.210651]]]},"properties":{"id":526387,"buildingId":510096,"floorId":526206,"floorLevel":3,"name":"BA04N3049","type":"hall","category":"other","label":"hall","passportNumber":"BA04N3049","seats":null,"hasProjector":false,"hasWhiteboard":false,"code":null}},{"type":"Feature","geometry":{"type":"Polygon","coordinates":[[[16.617348,49.210342],[16.617314,49.210329],[16.617293,49.210352],[16.617327,49.210365],[16.617348,49.210342]]]},"properties":{"id":528920,"buildingId":510096,"floorId":528919,"floorLevel":2,"name":"BA04N2043","type":"storage","category":"service","label":"Storage","passportNumber":"BA04N2043","seats":null,"hasProjector":false,"hasWhiteboard":false,"code":413}},{"type":"Feature","geometry":{"type":"Polygon","coordinates":[[[16.617273,49.210365],[16.617257,49.210359],[16.617256,49.21036],[16.617255,49.21036],[16.617256,49.210358],[16.617243,49.210353],[16.617236,49.210361],[16.617249,49.210366],[16.61725,49.210365],[16.617251,49.210365],[16.617249,49.210368],[16.617248,49.210367],[16.617249,49.210367],[16.617236,49.210361],[16.61723,49.210368],[16.617243,49.210373],[16.617243,49.210373],[16.617244,49.210373],[16.617243,49.210374],[16.617259,49.21038],[16.617273,49.210365]]]},"properties":{"id":528921,"buildingId":510096,"floorId":528919,"floorLevel":2,"name":"BA04N2040","type":"toilet","category":"service","label":"Toilet","passportNumber":"BA04N2040","seats":null,"hasProjector":false,"hasWhiteboard":false,"code":null}},{"type":"Feature","geometry":{"type":"Polygon","coordinates":[[[16.617326,49.210366],[16.617293,49.210353],[16.61727,49.210378],[16.617304,49.210391],[16.617326,49.210366]]]},"properties":{"id":528922,"buildingId":510096,"floorId":528919,"floorLevel":2,"name":"BA04N2042","type":"storage","category":"service","label":"Storage","passportNumber":"BA04N2042","seats":null,"hasProjector":false,"hasWhiteboard":false,"code":413}},{"type":"Feature","geometry":{"type":"Polygon","coordinates":[[[16.617382,49.210355],[16.617349,49.210343],[16.617305,49.210391],[16.617314,49.210395],[16.61732,49.210388],[16.617321,49.210389],[16.617315,49.210395],[16.617338,49.210404],[16.617382,49.210355]]]},"properties":{"id":528923,"buildingId":510096,"floorId":528919,"floorLevel":2,"name":"BA04N2041","type":"shower","category":"service","label":"Shower","passportNumber":"BA04N2041","seats":null,"hasProjector":false,"hasWhiteboard":false,"code":413}},{"type":"Feature","geometry":{"type":"Polygon","coordinates":[[[16.617417,49.210369],[16.617384,49.210356],[16.61734,49.210405],[16.617373,49.210418],[16.617417,49.210369]]]},"properties":{"id":528925,"buildingId":510096,"floorId":528919,"floorLevel":2,"name":"BA04N2044","type":"office","category":"office","label":"Office","passportNumber":"BA04N2044","seats":null,"hasProjector":false,"hasWhiteboard":false,"code":413}},{"type":"Feature","geometry":{"type":"Polygon","coordinates":[[[16.617449,49.210384],[16.617419,49.210372],[16.617376,49.21042],[16.617406,49.210432],[16.617449,49.210384]]]},"properties":{"id":528926,"buildingId":510096,"floorId":528919,"floorLevel":2,"name":"BA04N2045","type":"office","category":"office","label":"Office","passportNumber":"BA04N2045","seats":null,"hasProjector":false,"hasWhiteboard":false,"code":413}},{"type":"Feature","geometry":{"type":"Polygon","coordinates":[[[16.617495,49.210402],[16.617451,49.210385],[16.617408,49.210433],[16.617413,49.210434],[16.617408,49.21044],[16.617418,49.210443],[16.617423,49.210438],[16.617452,49.210449],[16.617495,49.210402]]]},"properties":{"id":528928,"buildingId":510096,"floorId":528919,"floorLevel":2,"name":"BA04N2046","type":"office","category":"office","label":"Office","passportNumber":"BA04N2046","seats":null,"hasProjector":false,"hasWhiteboard":false,"code":413}},{"type":"Feature","geometry":{"type":"Polygon","coordinates":[[[16.617291,49.210429],[16.617242,49.21041],[16.61722,49.210435],[16.617268,49.210454],[16.617291,49.210429]]]},"properties":{"id":528929,"buildingId":510096,"floorId":528919,"floorLevel":2,"name":"BA04N2037","type":"classroom_and_laboratory","category":"teaching","label":"Classroom / lab","passportNumber":"BA04N2037","seats":null,"hasProjector":false,"hasWhiteboard":false,"code":413}},{"type":"Feature","geometry":{"type":"Polygon","coordinates":[[[16.617499,49.210467],[16.617503,49.210469],[16.617546,49.210422],[16.617497,49.210403],[16.617454,49.21045],[16.617461,49.210453],[16.617456,49.210459],[16.617467,49.210463],[16.617472,49.210457],[16.617483,49.210462],[16.617479,49.210467],[16.617494,49.210473],[16.617499,49.210467]]]},"properties":{"id":528930,"buildingId":510096,"floorId":528919,"floorLevel":2,"name":"BA04N2047","type":"office","category":"office","label":"Office","passportNumber":"BA04N2047","seats":null,"hasProjector":false,"hasWhiteboard":false,"code":413}},{"type":"Feature","geometry":{"type":"Polygon","coordinates":[[[16.617546,49.210486],[16.617549,49.210487],[16.617592,49.210439],[16.617548,49.210422],[16.617505,49.21047],[16.61751,49.210472],[16.617505,49.210477],[16.61752,49.210483],[16.617525,49.210478],[16.617537,49.210482],[16.617532,49.210488],[16.617541,49.210491],[16.617546,49.210486]]]},"properties":{"id":528931,"buildingId":510096,"floorId":528919,"floorLevel":2,"name":"BA04N2048","type":"office","category":"office","label":"Office","passportNumber":"BA04N2048","seats":null,"hasProjector":false,"hasWhiteboard":false,"code":413}},{"type":"Feature","geometry":{"type":"Polygon","coordinates":[[[16.617625,49.210452],[16.617594,49.21044],[16.617551,49.210488],[16.617582,49.210499],[16.617625,49.210452]]]},"properties":{"id":528932,"buildingId":510096,"floorId":528919,"floorLevel":2,"name":"BA04N2049","type":"office","category":"office","label":"Office","passportNumber":"BA04N2049","seats":null,"hasProjector":false,"hasWhiteboard":false,"code":413}},{"type":"Feature","geometry":{"type":"Polygon","coordinates":[[[16.617267,49.210455],[16.617218,49.210436],[16.617213,49.210442],[16.617212,49.210442],[16.617192,49.210465],[16.617241,49.210484],[16.617267,49.210455]]]},"properties":{"id":528933,"buildingId":510096,"floorId":528919,"floorLevel":2,"name":"BA04N2038","type":"classroom_and_laboratory","category":"teaching","label":"Classroom / lab","passportNumber":"BA04N2038","seats":null,"hasProjector":false,"hasWhiteboard":false,"code":413}},{"type":"Feature","geometry":{"type":"Polygon","coordinates":[[[16.617676,49.21047],[16.617666,49.210466],[16.617666,49.210466],[16.617666,49.210466],[16.617666,49.210466],[16.617666,49.210466],[16.617666,49.210466],[16.617666,49.210466],[16.617666,49.210466],[16.617665,49.210466],[16.617665,49.210466],[16.617665,49.210465],[16.617665,49.210465],[16.617665,49.210465],[16.617665,49.210465],[16.617665,49.210465],[16.617665,49.210465],[16.617665,49.210465],[16.617665,49.210465],[16.617665,49.210465],[16.617665,49.210465],[16.617665,49.210465],[16.617665,49.210464],[16.617665,49.210464],[16.617665,49.210464],[16.617665,49.210464],[16.617665,49.210464],[16.617665,49.210464],[16.617665,49.210464],[16.617665,49.210464],[16.617665,49.210464],[16.617665,49.210464],[16.617665,49.210464],[16.617672,49.210456],[16.617645,49.210446],[16.617639,49.210453],[16.617638,49.210453],[16.617638,49.210454],[16.617638,49.210454],[16.617638,49.210454],[16.617638,49.210454],[16.617637,49.210454],[16.617637,49.210454],[16.617637,49.210454],[16.617637,49.210454],[16.617637,49.210454],[16.617636,49.210454],[16.617636,49.210454],[16.617636,49.210454],[16.617636,49.210454],[16.617635,49.210454],[16.617635,49.210454],[16.617635,49.210454],[16.61763,49.210452],[16.617585,49.210501],[16.617632,49.210519],[16.617676,49.21047]]]},"properties":{"id":528934,"buildingId":510096,"floorId":528919,"floorLevel":2,"name":"BA04N2050","type":"office","category":"office","label":"Office","passportNumber":"BA04N2050","seats":null,"hasProjector":false,"hasWhiteboard":false,"code":413}},{"type":"Feature","geometry":{"type":"Polygon","coordinates":[[[16.61724,49.210485],[16.617191,49.210466],[16.617168,49.210491],[16.617217,49.21051],[16.61724,49.210485]]]},"properties":{"id":528936,"buildingId":510096,"floorId":528919,"floorLevel":2,"name":"BA04N2039","type":"classroom_and_laboratory","category":"teaching","label":"Classroom / lab","passportNumber":"BA04N2039","seats":null,"hasProjector":false,"hasWhiteboard":false,"code":413}},{"type":"Feature","geometry":{"type":"Polygon","coordinates":[[[16.617791,49.210516],[16.617764,49.210506],[16.617732,49.210541],[16.617759,49.210551],[16.617791,49.210516]]]},"properties":{"id":528938,"buildingId":510096,"floorId":528919,"floorLevel":2,"name":"BA04N2054","type":"office","category":"office","label":"Office","passportNumber":"BA04N2054","seats":null,"hasProjector":false,"hasWhiteboard":false,"code":413}},{"type":"Feature","geometry":{"type":"Polygon","coordinates":[[[16.617762,49.210503],[16.617753,49.210499],[16.617752,49.210499],[16.617752,49.210499],[16.617752,49.210499],[16.617752,49.210499],[16.617752,49.210499],[16.617752,49.210499],[16.617752,49.210499],[16.617752,49.210499],[16.617752,49.210499],[16.617752,49.210499],[16.617752,49.210499],[16.617752,49.210499],[16.617752,49.210499],[16.617752,49.210498],[16.617752,49.210498],[16.617751,49.210498],[16.617751,49.210498],[16.617751,49.210498],[16.617751,49.210498],[16.617751,49.210498],[16.617751,49.210498],[16.617751,49.210498],[16.617751,49.210498],[16.617751,49.210498],[16.617751,49.210497],[16.617752,49.210497],[16.617752,49.210497],[16.617752,49.210497],[16.617752,49.210497],[16.617752,49.210497],[16.617752,49.210497],[16.617758,49.210489],[16.617732,49.210479],[16.617725,49.210487],[16.617725,49.210487],[16.617725,49.210487],[16.617725,49.210487],[16.617725,49.210487],[16.617724,49.210487],[16.617724,49.210487],[16.617724,49.210487],[16.617724,49.210487],[16.617724,49.210488],[16.617724,49.210488],[16.617723,49.210488],[16.617723,49.210488],[16.617723,49.210488],[16.617723,49.210488],[16.617723,49.210488],[16.617722,49.210488],[16.617722,49.210488],[16.617722,49.210487],[16.617722,49.210487],[16.617715,49.210485],[16.617671,49.210534],[16.617718,49.210552],[16.617762,49.210503]]]},"properties":{"id":528939,"buildingId":510096,"floorId":528919,"floorLevel":2,"name":"BA04N2051","type":"classroom_and_laboratory","category":"teaching","label":"Classroom / lab","passportNumber":"BA04N2051","seats":null,"hasProjector":false,"hasWhiteboard":false,"code":413}},{"type":"Feature","geometry":{"type":"Polygon","coordinates":[[[16.617757,49.210553],[16.617731,49.210543],[16.617721,49.210553],[16.617748,49.210563],[16.617757,49.210553]]]},"properties":{"id":528940,"buildingId":510096,"floorId":528919,"floorLevel":2,"name":"BA04N2053","type":"floor","category":"structure","label":"Corridor","passportNumber":"BA04N2053","seats":null,"hasProjector":false,"hasWhiteboard":false,"code":413}},{"type":"Feature","geometry":{"type":"Polygon","coordinates":[[[16.617767,49.210571],[16.617773,49.210573],[16.617816,49.210525],[16.617793,49.210517],[16.61775,49.210564],[16.617758,49.210568],[16.617754,49.210573],[16.617763,49.210576],[16.617767,49.210571]]]},"properties":{"id":528941,"buildingId":510096,"floorId":528919,"floorLevel":2,"name":"BA04N2055","type":"office","category":"office","label":"Office","passportNumber":"BA04N2055","seats":10,"hasProjector":false,"hasWhiteboard":false,"code":413}},{"type":"Feature","geometry":{"type":"Polygon","coordinates":[[[16.617377,49.210491],[16.617392,49.210475],[16.617397,49.21047],[16.617373,49.21046],[16.617357,49.210454],[16.617342,49.210448],[16.617326,49.210442],[16.617324,49.210442],[16.617292,49.210477],[16.617283,49.210474],[16.617277,49.210481],[16.617286,49.210484],[16.617251,49.210523],[16.617323,49.210551],[16.617377,49.210491]]]},"properties":{"id":528942,"buildingId":510096,"floorId":528919,"floorLevel":2,"name":"BA04N2035","type":"classroom_and_laboratory","category":"teaching","label":"Classroom / lab","passportNumber":"BA04N2035","seats":null,"hasProjector":false,"hasWhiteboard":false,"code":413}},{"type":"Feature","geometry":{"type":"Polygon","coordinates":[[[16.617818,49.21059],[16.617825,49.210593],[16.617868,49.210545],[16.617818,49.210526],[16.617775,49.210574],[16.617802,49.210584],[16.617797,49.21059],[16.617813,49.210596],[16.617818,49.21059]]]},"properties":{"id":528944,"buildingId":510096,"floorId":528919,"floorLevel":2,"name":"BA04N2056","type":"office","category":"office","label":"Office","passportNumber":"BA04N2056","seats":24,"hasProjector":false,"hasWhiteboard":false,"code":413}},{"type":"Feature","geometry":{"type":"Polygon","coordinates":[[[16.617914,49.210628],[16.617925,49.210632],[16.617968,49.210584],[16.61787,49.210546],[16.617827,49.210594],[16.617828,49.210594],[16.617825,49.210598],[16.617835,49.210602],[16.617839,49.210599],[16.617849,49.210603],[16.617846,49.210606],[16.617861,49.210612],[16.617865,49.210608],[16.617899,49.210622],[16.617894,49.210627],[16.61791,49.210633],[16.617914,49.210628]]]},"properties":{"id":528945,"buildingId":510096,"floorId":528919,"floorLevel":2,"name":"BA04N2057","type":"classroom_and_laboratory","category":"teaching","label":"Classroom / lab","passportNumber":"BA04N2057","seats":null,"hasProjector":false,"hasWhiteboard":false,"code":413}},{"type":"Feature","geometry":{"type":"Polygon","coordinates":[[[16.618006,49.210596],[16.617973,49.210583],[16.617928,49.210633],[16.617961,49.210646],[16.618006,49.210596]]]},"properties":{"id":528946,"buildingId":510096,"floorId":528919,"floorLevel":2,"name":"BA04N2058","type":"office","category":"office","label":"Office","passportNumber":"BA04N2058","seats":null,"hasProjector":false,"hasWhiteboard":false,"code":491}},{"type":"Feature","geometry":{"type":"Polygon","coordinates":[[[16.618042,49.21061],[16.618008,49.210596],[16.617963,49.210646],[16.617997,49.21066],[16.618042,49.21061]]]},"properties":{"id":528948,"buildingId":510096,"floorId":528919,"floorLevel":2,"name":"BA04N2059","type":"office","category":"office","label":"Office","passportNumber":"BA04N2059","seats":null,"hasProjector":false,"hasWhiteboard":false,"code":491}},{"type":"Feature","geometry":{"type":"Polygon","coordinates":[[[16.618037,49.210665],[16.618075,49.210622],[16.618044,49.21061],[16.617999,49.21066],[16.618021,49.210669],[16.618037,49.210665]]]},"properties":{"id":528949,"buildingId":510096,"floorId":528919,"floorLevel":2,"name":"BA04N2060","type":"office","category":"office","label":"Office","passportNumber":"BA04N2060","seats":null,"hasProjector":false,"hasWhiteboard":false,"code":491}},{"type":"Feature","geometry":{"type":"Polygon","coordinates":[[[16.6179,49.210664],[16.617889,49.210659],[16.617882,49.210667],[16.617877,49.210665],[16.617876,49.210666],[16.617875,49.210666],[16.617876,49.210665],[16.61786,49.210659],[16.617854,49.210665],[16.61787,49.210672],[16.61787,49.210671],[16.617871,49.210671],[16.617869,49.210674],[16.617868,49.210673],[16.617869,49.210672],[16.617853,49.210666],[16.617847,49.210673],[16.617863,49.210679],[16.617864,49.210678],[16.617865,49.210679],[16.617864,49.210679],[16.61788,49.210686],[16.6179,49.210664]]]},"properties":{"id":528950,"buildingId":510096,"floorId":528919,"floorLevel":2,"name":"BA04N2031","type":"toilet","category":"service","label":"Toilet","passportNumber":"BA04N2031","seats":null,"hasProjector":false,"hasWhiteboard":false,"code":491}},{"type":"Feature","geometry":{"type":"Polygon","coordinates":[[[16.618129,49.2107],[16.618129,49.2107],[16.618138,49.210684],[16.618143,49.210677],[16.618139,49.210669],[16.61813,49.210653],[16.618125,49.210644],[16.618116,49.21064],[16.618092,49.210632],[16.618078,49.210626],[16.61804,49.210669],[16.618044,49.210675],[16.61804,49.210676],[16.618039,49.210674],[16.618023,49.210677],[16.618032,49.210693],[16.618047,49.21069],[16.618046,49.210687],[16.61805,49.210686],[16.618052,49.210691],[16.618059,49.210693],[16.618076,49.210698],[16.618123,49.21071],[16.618129,49.2107]]]},"properties":{"id":528951,"buildingId":510096,"floorId":528919,"floorLevel":2,"name":"BA04N2002","type":"office","category":"office","label":"Office","passportNumber":"BA04N2002","seats":null,"hasProjector":false,"hasWhiteboard":false,"code":491}},{"type":"Feature","geometry":{"type":"Polygon","coordinates":[[[16.618126,49.210715],[16.618056,49.210697],[16.61804,49.210701],[16.61803,49.210716],[16.618112,49.210737],[16.618126,49.210715]]]},"properties":{"id":528952,"buildingId":510096,"floorId":528919,"floorLevel":2,"name":"BA04N2001","type":"office","category":"office","label":"Office","passportNumber":"BA04N2001","seats":null,"hasProjector":false,"hasWhiteboard":false,"code":491}},{"type":"Feature","geometry":{"type":"Polygon","coordinates":[[[16.618112,49.210738],[16.61803,49.210717],[16.618014,49.210743],[16.618096,49.210764],[16.618112,49.210738]]]},"properties":{"id":528953,"buildingId":510096,"floorId":528919,"floorLevel":2,"name":"BA04N2003","type":"office","category":"office","label":"Office","passportNumber":"BA04N2003","seats":null,"hasProjector":false,"hasWhiteboard":false,"code":491}},{"type":"Feature","geometry":{"type":"Polygon","coordinates":[[[16.618095,49.210765],[16.618013,49.210744],[16.618,49.210765],[16.618082,49.210786],[16.618095,49.210765]]]},"properties":{"id":528954,"buildingId":510096,"floorId":528919,"floorLevel":2,"name":"BA04N2004","type":"office","category":"office","label":"Office","passportNumber":"BA04N2004","seats":64,"hasProjector":false,"hasWhiteboard":false,"code":491}},{"type":"Feature","geometry":{"type":"Polygon","coordinates":[[[16.617947,49.210756],[16.617942,49.210755],[16.617943,49.210753],[16.617931,49.21075],[16.617931,49.21075],[16.61793,49.21075],[16.61793,49.210749],[16.617915,49.210745],[16.617914,49.210748],[16.617911,49.210747],[16.617907,49.210752],[16.617925,49.210757],[16.617926,49.210756],[16.617927,49.210756],[16.617926,49.210758],[16.617925,49.210758],[16.617925,49.210758],[16.617907,49.210753],[16.617903,49.21076],[16.617921,49.210765],[16.617921,49.210763],[16.617923,49.210764],[16.617921,49.210767],[16.61792,49.210766],[16.61792,49.210766],[16.617902,49.210761],[16.617898,49.210768],[16.617916,49.210773],[16.617916,49.210772],[16.617918,49.210772],[16.617917,49.210773],[16.617934,49.210778],[16.617947,49.210756]]]},"properties":{"id":528955,"buildingId":510096,"floorId":528919,"floorLevel":2,"name":"BA04N2030","type":"toilet","category":"service","label":"Toilet","passportNumber":"BA04N2030","seats":null,"hasProjector":false,"hasWhiteboard":false,"code":491}},{"type":"Feature","geometry":{"type":"Polygon","coordinates":[[[16.61801,49.210899],[16.618015,49.210891],[16.618021,49.210882],[16.618025,49.210874],[16.618031,49.210865],[16.618035,49.210858],[16.618041,49.210848],[16.618045,49.210841],[16.618051,49.210831],[16.618056,49.210824],[16.618061,49.210814],[16.618066,49.210807],[16.618072,49.210797],[16.618077,49.210788],[16.617999,49.210768],[16.617983,49.210793],[16.617974,49.210791],[16.617969,49.210798],[16.617979,49.210801],[16.617972,49.210812],[16.617963,49.210809],[16.617958,49.210818],[16.617967,49.21082],[16.617962,49.210829],[16.617953,49.210826],[16.617948,49.210834],[16.617957,49.210837],[16.617953,49.210843],[16.617947,49.210854],[16.617931,49.210881],[16.617922,49.210878],[16.617918,49.210885],[16.617927,49.210887],[16.617925,49.21089],[16.618003,49.21091],[16.61801,49.210899]]]},"properties":{"id":528956,"buildingId":510096,"floorId":528919,"floorLevel":2,"name":"BA04N2005","type":"representative_space","category":"other","label":"representative space","passportNumber":"BA04N2005","seats":null,"hasProjector":false,"hasWhiteboard":false,"code":491}},{"type":"Feature","geometry":{"type":"Polygon","coordinates":[[[16.618002,49.210912],[16.617924,49.210892],[16.617911,49.210913],[16.617989,49.210934],[16.618002,49.210912]]]},"properties":{"id":528958,"buildingId":510096,"floorId":528919,"floorLevel":2,"name":"BA04N2009","type":"office","category":"office","label":"Office","passportNumber":"BA04N2009","seats":null,"hasProjector":false,"hasWhiteboard":false,"code":491}},{"type":"Feature","geometry":{"type":"Polygon","coordinates":[[[16.617981,49.210977],[16.617969,49.210974],[16.617969,49.210974],[16.617969,49.210974],[16.617969,49.210974],[16.617969,49.210974],[16.617968,49.210974],[16.617968,49.210974],[16.617968,49.210974],[16.617968,49.210974],[16.617968,49.210974],[16.617968,49.210974],[16.617968,49.210973],[16.617968,49.210973],[16.617968,49.210973],[16.617968,49.210973],[16.617967,49.210973],[16.617967,49.210973],[16.617967,49.210973],[16.617967,49.210972],[16.617967,49.210972],[16.617967,49.210972],[16.617967,49.210972],[16.617973,49.210963],[16.617973,49.210963],[16.617973,49.210963],[16.617973,49.210963],[16.617974,49.210963],[16.617974,49.210963],[16.617974,49.210963],[16.617975,49.210963],[16.617975,49.210963],[16.617975,49.210963],[16.617976,49.210963],[16.617976,49.210963],[16.617976,49.210963],[16.617977,49.210963],[16.617988,49.210966],[16.618,49.210947],[16.617988,49.210944],[16.617988,49.210944],[16.617988,49.210944],[16.617988,49.210944],[16.617988,49.210944],[16.617987,49.210944],[16.617987,49.210944],[16.617987,49.210944],[16.617987,49.210944],[16.617987,49.210943],[16.617987,49.210943],[16.617987,49.210943],[16.617986,49.210943],[16.617986,49.210943],[16.617986,49.210943],[16.617986,49.210943],[16.617986,49.210943],[16.617986,49.210942],[16.617986,49.210942],[16.617986,49.210942],[16.617986,49.210942],[16.617986,49.210942],[16.617986,49.210942],[16.617986,49.210941],[16.617989,49.210936],[16.617909,49.210916],[16.617904,49.210925],[16.617894,49.210923],[16.617887,49.210933],[16.617897,49.210936],[16.617875,49.210973],[16.617954,49.210994],[16.617954,49.210994],[16.617955,49.210994],[16.617955,49.210993],[16.617955,49.210993],[16.617956,49.210993],[16.617956,49.210993],[16.617956,49.210993],[16.617957,49.210993],[16.617957,49.210993],[16.617957,49.210993],[16.617958,49.210993],[16.617958,49.210993],[16.617958,49.210993],[16.61797,49.210996],[16.617981,49.210977]]]},"properties":{"id":528959,"buildingId":510096,"floorId":528919,"floorLevel":2,"name":"BA04N2011","type":"classroom_and_laboratory","category":"teaching","label":"Classroom / lab","passportNumber":"BA04N2011","seats":10,"hasProjector":false,"hasWhiteboard":false,"code":424}},{"type":"Feature","geometry":{"type":"Polygon","coordinates":[[[16.617936,49.211025],[16.617936,49.211024],[16.617936,49.211024],[16.617936,49.211024],[16.617937,49.211024],[16.617937,49.211024],[16.617937,49.211024],[16.617938,49.211024],[16.617938,49.211024],[16.617939,49.211024],[16.617939,49.211024],[16.617939,49.211024],[16.61794,49.211024],[16.61794,49.211024],[16.617951,49.211027],[16.617963,49.211008],[16.617951,49.211005],[16.617951,49.211005],[16.617951,49.211005],[16.617951,49.211005],[16.617951,49.211005],[16.61795,49.211005],[16.61795,49.211005],[16.61795,49.211005],[16.61795,49.211005],[16.61795,49.211005],[16.61795,49.211004],[16.61795,49.211004],[16.61795,49.211004],[16.617949,49.211004],[16.617949,49.211004],[16.617949,49.211004],[16.617949,49.211004],[16.617949,49.211004],[16.617949,49.211003],[16.617949,49.211003],[16.617949,49.211003],[16.617949,49.211003],[16.617949,49.211003],[16.617949,49.211003],[16.617953,49.210995],[16.617874,49.210975],[16.617853,49.211008],[16.617933,49.211029],[16.617936,49.211025]]]},"properties":{"id":528961,"buildingId":510096,"floorId":528919,"floorLevel":2,"name":"BA04N2012","type":"office","category":"office","label":"Office","passportNumber":"BA04N2012","seats":null,"hasProjector":false,"hasWhiteboard":false,"code":424}},{"type":"Feature","geometry":{"type":"Polygon","coordinates":[[[16.617931,49.211031],[16.617852,49.211011],[16.61784,49.21103],[16.617919,49.21105],[16.617931,49.211031]]]},"properties":{"id":528962,"buildingId":510096,"floorId":528919,"floorLevel":2,"name":"BA04N2014","type":"office","category":"office","label":"Office","passportNumber":"BA04N2014","seats":null,"hasProjector":false,"hasWhiteboard":false,"code":424}},{"type":"Feature","geometry":{"type":"Polygon","coordinates":[[[16.617918,49.211052],[16.617839,49.211032],[16.617834,49.21104],[16.617825,49.211037],[16.617821,49.211044],[16.617831,49.211046],[16.617826,49.211054],[16.617817,49.211051],[16.617812,49.211059],[16.617821,49.211062],[16.617819,49.211065],[16.617898,49.211085],[16.617918,49.211052]]]},"properties":{"id":528963,"buildingId":510096,"floorId":528919,"floorLevel":2,"name":"BA04N2015","type":"office","category":"office","label":"Office","passportNumber":"BA04N2015","seats":null,"hasProjector":false,"hasWhiteboard":false,"code":424}},{"type":"Feature","geometry":{"type":"Polygon","coordinates":[[[16.617897,49.211086],[16.617819,49.211066],[16.617804,49.21109],[16.617795,49.211088],[16.61779,49.211096],[16.617799,49.211098],[16.617799,49.211099],[16.617877,49.211119],[16.617897,49.211086]]]},"properties":{"id":528964,"buildingId":510096,"floorId":528919,"floorLevel":2,"name":"BA04N2016","type":"office","category":"office","label":"Office","passportNumber":"BA04N2016","seats":null,"hasProjector":false,"hasWhiteboard":false,"code":424}},{"type":"Feature","geometry":{"type":"Polygon","coordinates":[[[16.617692,49.211097],[16.617649,49.211086],[16.617626,49.211125],[16.617668,49.211136],[16.617692,49.211097]]]},"properties":{"id":528965,"buildingId":510096,"floorId":528919,"floorLevel":2,"name":"BA04N2028","type":"office","category":"office","label":"Office","passportNumber":"BA04N2028","seats":null,"hasProjector":false,"hasWhiteboard":false,"code":424}},{"type":"Feature","geometry":{"type":"Polygon","coordinates":[[[16.617876,49.211121],[16.617798,49.211101],[16.617785,49.211122],[16.617775,49.21112],[16.617771,49.211128],[16.61778,49.21113],[16.617779,49.211132],[16.617857,49.211152],[16.617876,49.211121]]]},"properties":{"id":528966,"buildingId":510096,"floorId":528919,"floorLevel":2,"name":"BA04N2017","type":"office","category":"office","label":"Office","passportNumber":"BA04N2017","seats":null,"hasProjector":false,"hasWhiteboard":false,"code":424}},{"type":"Feature","geometry":{"type":"Polygon","coordinates":[[[16.617624,49.211125],[16.617648,49.211086],[16.617601,49.211074],[16.61757,49.211125],[16.617617,49.211137],[16.617624,49.211125]]]},"properties":{"id":528967,"buildingId":510096,"floorId":528919,"floorLevel":2,"name":"BA04N2027","type":"classroom_and_laboratory","category":"teaching","label":"Classroom / lab","passportNumber":"BA04N2027","seats":null,"hasProjector":false,"hasWhiteboard":false,"code":424}},{"type":"Feature","geometry":{"type":"Polygon","coordinates":[[[16.617735,49.211109],[16.617693,49.211098],[16.61767,49.211136],[16.617712,49.211147],[16.617735,49.211109]]]},"properties":{"id":528968,"buildingId":510096,"floorId":528919,"floorLevel":2,"name":"BA04N2029","type":"office","category":"office","label":"Office","passportNumber":"BA04N2029","seats":null,"hasProjector":false,"hasWhiteboard":false,"code":424}},{"type":"Feature","geometry":{"type":"Polygon","coordinates":[[[16.617857,49.211153],[16.617778,49.211133],[16.617764,49.211157],[16.617842,49.211177],[16.617857,49.211153]]]},"properties":{"id":528970,"buildingId":510096,"floorId":528919,"floorLevel":2,"name":"BA04N2018","type":"classroom_and_laboratory","category":"teaching","label":"Classroom / lab","passportNumber":"BA04N2018","seats":null,"hasProjector":false,"hasWhiteboard":false,"code":424}},{"type":"Feature","geometry":{"type":"Polygon","coordinates":[[[16.617844,49.211181],[16.617764,49.21116],[16.617761,49.211165],[16.617753,49.211163],[16.617747,49.211174],[16.617755,49.211176],[16.61775,49.211183],[16.61783,49.211204],[16.617844,49.211181]]]},"properties":{"id":528972,"buildingId":510096,"floorId":528919,"floorLevel":2,"name":"BA04N2021","type":"office","category":"office","label":"Office","passportNumber":"BA04N2021","seats":null,"hasProjector":false,"hasWhiteboard":false,"code":424}},{"type":"Feature","geometry":{"type":"Polygon","coordinates":[[[16.617601,49.211142],[16.617593,49.21114],[16.617597,49.211134],[16.61758,49.21113],[16.617577,49.211135],[16.617566,49.211133],[16.617535,49.211184],[16.61757,49.211193],[16.617601,49.211142]]]},"properties":{"id":528974,"buildingId":510096,"floorId":528919,"floorLevel":2,"name":"BA04N2026","type":"office","category":"office","label":"Office","passportNumber":"BA04N2026","seats":10,"hasProjector":false,"hasWhiteboard":false,"code":424}},{"type":"Feature","geometry":{"type":"Polygon","coordinates":[[[16.617662,49.211158],[16.617638,49.211151],[16.617641,49.211145],[16.617625,49.211141],[16.617621,49.211147],[16.617602,49.211142],[16.617571,49.211193],[16.617632,49.211209],[16.617662,49.211158]]]},"properties":{"id":528975,"buildingId":510096,"floorId":528919,"floorLevel":2,"name":"BA04N2025","type":"classroom_and_laboratory","category":"teaching","label":"Classroom / lab","passportNumber":"BA04N2025","seats":null,"hasProjector":false,"hasWhiteboard":false,"code":424}},{"type":"Feature","geometry":{"type":"Polygon","coordinates":[[[16.61769,49.211183],[16.617697,49.211172],[16.6177,49.211167],[16.617664,49.211158],[16.617633,49.211209],[16.617669,49.211218],[16.61769,49.211183]]]},"properties":{"id":528976,"buildingId":510096,"floorId":528919,"floorLevel":2,"name":"BA04N2023","type":"classroom_and_laboratory","category":"teaching","label":"Classroom / lab","passportNumber":"BA04N2023","seats":null,"hasProjector":false,"hasWhiteboard":false,"code":424}},{"type":"Feature","geometry":{"type":"Polygon","coordinates":[[[16.61783,49.211205],[16.617749,49.211184],[16.617721,49.211232],[16.617801,49.211253],[16.61783,49.211205]]]},"properties":{"id":528977,"buildingId":510096,"floorId":528919,"floorLevel":2,"name":"BA04N2020","type":"archive","category":"service","label":"Archive","passportNumber":"BA04N2020","seats":null,"hasProjector":false,"hasWhiteboard":false,"code":424}},{"type":"Feature","geometry":{"type":"Polygon","coordinates":[[[16.617725,49.211254],[16.617726,49.211254],[16.617727,49.211252],[16.617726,49.211252],[16.617726,49.211251],[16.617728,49.211251],[16.617734,49.21124],[16.617711,49.211234],[16.617704,49.211245],[16.617705,49.211245],[16.617705,49.211246],[16.617704,49.211246],[16.617698,49.211255],[16.617709,49.211258],[16.617715,49.211249],[16.617714,49.211248],[16.617714,49.211248],[16.617718,49.211249],[16.617717,49.211249],[16.617716,49.211249],[16.61771,49.211258],[16.61772,49.211261],[16.617725,49.211254]]]},"properties":{"id":528979,"buildingId":510096,"floorId":528919,"floorLevel":2,"name":"BA04N2022","type":"toilet","category":"service","label":"Toilet","passportNumber":"BA04N2022","seats":null,"hasProjector":false,"hasWhiteboard":false,"code":424}},{"type":"Feature","geometry":{"type":"Polygon","coordinates":[[[16.617661,49.21053],[16.61767,49.210533],[16.617714,49.210484],[16.617709,49.210483],[16.617709,49.210483],[16.617709,49.210483],[16.617709,49.210483],[16.617709,49.210482],[16.617709,49.210482],[16.617709,49.210482],[16.617709,49.210482],[16.617709,49.210482],[16.617709,49.210482],[16.617709,49.210482],[16.617708,49.210482],[16.617708,49.210482],[16.617708,49.210482],[16.617708,49.210482],[16.617708,49.210482],[16.617708,49.210482],[16.617708,49.210482],[16.617708,49.210481],[16.617708,49.210481],[16.617708,49.210481],[16.617708,49.210481],[16.617708,49.210481],[16.617708,49.210481],[16.617708,49.210481],[16.617708,49.210481],[16.617708,49.210481],[16.617708,49.210481],[16.617708,49.21048],[16.617708,49.21048],[16.617708,49.21048],[16.617708,49.21048],[16.617715,49.210473],[16.617689,49.210463],[16.617682,49.21047],[16.617682,49.21047],[16.617682,49.21047],[16.617681,49.21047],[16.617681,49.21047],[16.617681,49.210471],[16.617681,49.210471],[16.617681,49.210471],[16.61768,49.210471],[16.61768,49.210471],[16.61768,49.210471],[16.61768,49.210471],[16.617679,49.210471],[16.617679,49.210471],[16.617679,49.210471],[16.617679,49.210471],[16.617679,49.210471],[16.617678,49.210471],[16.617634,49.21052],[16.617645,49.210524],[16.617641,49.210529],[16.617656,49.210535],[16.617661,49.21053]]]},"properties":{"id":529069,"buildingId":510096,"floorId":528919,"floorLevel":2,"name":"BA04N2052","type":"office","category":"office","label":"Office","passportNumber":"BA04N2052","seats":null,"hasProjector":false,"hasWhiteboard":false,"code":413}},{"type":"Feature","geometry":{"type":"Polygon","coordinates":[[[16.617309,49.210322],[16.617291,49.210315],[16.617288,49.210318],[16.617287,49.210318],[16.61729,49.210314],[16.61728,49.21031],[16.617271,49.21032],[16.617281,49.210324],[16.617282,49.210323],[16.617283,49.210324],[16.617283,49.210324],[16.6173,49.210331],[16.617309,49.210322]]]},"properties":{"id":531755,"buildingId":510096,"floorId":531754,"floorLevel":1,"name":"BA04N1081","type":"toilet","category":"service","label":"Toilet","passportNumber":"BA04N1081","seats":null,"hasProjector":false,"hasWhiteboard":false,"code":991}},{"type":"Feature","geometry":{"type":"Polygon","coordinates":[[[16.6173,49.210332],[16.617271,49.210321],[16.617245,49.210349],[16.617274,49.21036],[16.6173,49.210332]]]},"properties":{"id":531756,"buildingId":510096,"floorId":531754,"floorLevel":1,"name":"BA04N1080","type":"coatroom","category":"service","label":"Cloakroom","passportNumber":"BA04N1080","seats":null,"hasProjector":false,"hasWhiteboard":false,"code":991}},{"type":"Feature","geometry":{"type":"Polygon","coordinates":[[[16.617255,49.210391],[16.617263,49.210383],[16.617256,49.21038],[16.61727,49.210365],[16.617242,49.210354],[16.61722,49.210379],[16.617247,49.21039],[16.617247,49.21039],[16.617247,49.21039],[16.617248,49.210388],[16.617255,49.210391]]]},"properties":{"id":531757,"buildingId":510096,"floorId":531754,"floorLevel":1,"name":"BA04N1079","type":"gatehouse","category":"service","label":"Gatehouse","passportNumber":"BA04N1079","seats":null,"hasProjector":false,"hasWhiteboard":false,"code":991}},{"type":"Feature","geometry":{"type":"Polygon","coordinates":[[[16.617417,49.210368],[16.617383,49.210355],[16.61735,49.210392],[16.617384,49.210405],[16.617417,49.210368]]]},"properties":{"id":531758,"buildingId":510096,"floorId":531754,"floorLevel":1,"name":"BA04N1062","type":"office","category":"office","label":"Office","passportNumber":"BA04N1062","seats":null,"hasProjector":false,"hasWhiteboard":false,"code":429}},{"type":"Feature","geometry":{"type":"Polygon","coordinates":[[[16.617381,49.210355],[16.617314,49.210329],[16.61727,49.210378],[16.617337,49.210404],[16.617381,49.210355]]]},"properties":{"id":531759,"buildingId":510096,"floorId":531754,"floorLevel":1,"name":"BA04N1061a","type":"classroom_and_laboratory","category":"teaching","label":"Classroom / lab","passportNumber":"BA04N1061a","seats":null,"hasProjector":false,"hasWhiteboard":false,"code":429}},{"type":"Feature","geometry":{"type":"Polygon","coordinates":[[[16.617307,49.2104],[16.617264,49.210383],[16.617256,49.210391],[16.6173,49.210408],[16.617307,49.2104]]]},"properties":{"id":531761,"buildingId":510096,"floorId":531754,"floorLevel":1,"name":"BA04N1060a","type":"stairs","category":"circulation","label":"Stairs","passportNumber":"BA04N1060a","seats":null,"hasProjector":false,"hasWhiteboard":false,"code":991}},{"type":"Feature","geometry":{"type":"Polygon","coordinates":[[[16.617451,49.210384],[16.617418,49.210372],[16.617387,49.210406],[16.61742,49.210419],[16.617451,49.210384]]]},"properties":{"id":531762,"buildingId":510096,"floorId":531754,"floorLevel":1,"name":"BA04N1064","type":"office","category":"office","label":"Office","passportNumber":"BA04N1064","seats":null,"hasProjector":false,"hasWhiteboard":false,"code":429}},{"type":"Feature","geometry":{"type":"Polygon","coordinates":[[[16.617288,49.21041],[16.617295,49.210412],[16.617297,49.21041],[16.617297,49.21041],[16.617275,49.210402],[16.617265,49.210414],[16.617279,49.210419],[16.617288,49.21041]]]},"properties":{"id":531765,"buildingId":510096,"floorId":531754,"floorLevel":1,"name":"BA04N1060b","type":"floor","category":"structure","label":"Corridor","passportNumber":"BA04N1060b","seats":null,"hasProjector":false,"hasWhiteboard":false,"code":991}},{"type":"Feature","geometry":{"type":"Polygon","coordinates":[[[16.617356,49.210454],[16.617342,49.210449],[16.617335,49.210456],[16.617349,49.210462],[16.617356,49.210454]]]},"properties":{"id":531768,"buildingId":510096,"floorId":531754,"floorLevel":1,"name":"BA04N1052","type":"shower","category":"service","label":"Shower","passportNumber":"BA04N1052","seats":null,"hasProjector":false,"hasWhiteboard":false,"code":429}},{"type":"Feature","geometry":{"type":"Polygon","coordinates":[[[16.617535,49.210481],[16.617545,49.210485],[16.617589,49.210437],[16.617453,49.210385],[16.617409,49.210433],[16.617411,49.210434],[16.617406,49.210439],[16.617416,49.210442],[16.61742,49.210437],[16.61743,49.210441],[16.617426,49.210446],[16.617441,49.210452],[16.617446,49.210447],[16.617455,49.210451],[16.617451,49.210456],[16.61746,49.21046],[16.617465,49.210454],[16.617475,49.210458],[16.61747,49.210463],[16.617485,49.210469],[16.61749,49.210464],[16.6175,49.210468],[16.617495,49.210473],[16.617511,49.210479],[16.617515,49.210474],[16.617525,49.210478],[16.61752,49.210483],[16.61753,49.210486],[16.617535,49.210481]]]},"properties":{"id":531769,"buildingId":510096,"floorId":531754,"floorLevel":1,"name":"BA04N1065","type":"classroom_and_laboratory","category":"teaching","label":"Classroom / lab","passportNumber":"BA04N1065","seats":null,"hasProjector":false,"hasWhiteboard":false,"code":429}},{"type":"Feature","geometry":{"type":"Polygon","coordinates":[[[16.617623,49.210451],[16.617591,49.210438],[16.617547,49.210486],[16.61758,49.210499],[16.617623,49.210451]]]},"properties":{"id":531770,"buildingId":510096,"floorId":531754,"floorLevel":1,"name":"BA04N1066","type":"office","category":"office","label":"Office","passportNumber":"BA04N1066","seats":81,"hasProjector":false,"hasWhiteboard":false,"code":429}},{"type":"Feature","geometry":{"type":"Polygon","coordinates":[[[16.617314,49.210438],[16.617242,49.21041],[16.61719,49.210468],[16.617262,49.210495],[16.617314,49.210438]]]},"properties":{"id":531771,"buildingId":510096,"floorId":531754,"floorLevel":1,"name":"BA04N1059","type":"classroom_and_laboratory","category":"teaching","label":"Classroom / lab","passportNumber":"BA04N1059","seats":null,"hasProjector":false,"hasWhiteboard":false,"code":429}},{"type":"Feature","geometry":{"type":"Polygon","coordinates":[[[16.617376,49.210492],[16.617322,49.210472],[16.617298,49.210498],[16.617352,49.210519],[16.617376,49.210492]]]},"properties":{"id":531773,"buildingId":510096,"floorId":531754,"floorLevel":1,"name":"BA04N1055","type":"office","category":"office","label":"Office","passportNumber":"BA04N1055","seats":null,"hasProjector":false,"hasWhiteboard":false,"code":429}},{"type":"Feature","geometry":{"type":"Polygon","coordinates":[[[16.617247,49.210511],[16.617256,49.210515],[16.617266,49.210505],[16.617256,49.210501],[16.61726,49.210497],[16.617188,49.210469],[16.617169,49.21049],[16.617241,49.210518],[16.617247,49.210511]]]},"properties":{"id":531774,"buildingId":510096,"floorId":531754,"floorLevel":1,"name":"BA04N1058","type":"office","category":"office","label":"Office","passportNumber":"BA04N1058","seats":20,"hasProjector":false,"hasWhiteboard":false,"code":429}},{"type":"Feature","geometry":{"type":"Polygon","coordinates":[[[16.617761,49.210502],[16.617753,49.210499],[16.617753,49.210499],[16.617753,49.210499],[16.617753,49.210499],[16.617753,49.210499],[16.617753,49.210499],[16.617753,49.210499],[16.617753,49.210499],[16.617752,49.210498],[16.617752,49.210498],[16.617752,49.210498],[16.617752,49.210498],[16.617752,49.210498],[16.617752,49.210498],[16.617752,49.210498],[16.617752,49.210498],[16.617752,49.210498],[16.617752,49.210498],[16.617752,49.210498],[16.617752,49.210498],[16.617752,49.210497],[16.617752,49.210497],[16.617752,49.210497],[16.617752,49.210497],[16.617752,49.210497],[16.617752,49.210497],[16.617752,49.210497],[16.617752,49.210497],[16.617752,49.210497],[16.617752,49.210497],[16.617752,49.210496],[16.617752,49.210496],[16.617758,49.210489],[16.617732,49.210479],[16.617726,49.210486],[16.617725,49.210486],[16.617725,49.210486],[16.617725,49.210487],[16.617725,49.210487],[16.617725,49.210487],[16.617724,49.210487],[16.617724,49.210487],[16.617724,49.210487],[16.617724,49.210487],[16.617724,49.210487],[16.617723,49.210487],[16.617723,49.210487],[16.617723,49.210487],[16.617723,49.210487],[16.617722,49.210487],[16.617722,49.210487],[16.617722,49.210487],[16.61771,49.210482],[16.61771,49.210482],[16.61771,49.210482],[16.61771,49.210482],[16.61771,49.210482],[16.617709,49.210482],[16.617709,49.210482],[16.617709,49.210482],[16.617709,49.210482],[16.617709,49.210482],[16.617709,49.210482],[16.617709,49.210482],[16.617709,49.210481],[16.617709,49.210481],[16.617709,49.210481],[16.617709,49.210481],[16.617709,49.210481],[16.617709,49.210481],[16.617709,49.210481],[16.617709,49.210481],[16.617709,49.210481],[16.617709,49.210481],[16.617709,49.210481],[16.617709,49.21048],[16.617709,49.21048],[16.617709,49.21048],[16.617709,49.21048],[16.617709,49.21048],[16.617709,49.21048],[16.617709,49.21048],[16.617709,49.21048],[16.617709,49.21048],[16.617715,49.210473],[16.617689,49.210463],[16.617682,49.210469],[16.617682,49.21047],[16.617682,49.21047],[16.617682,49.21047],[16.617682,49.21047],[16.617681,49.21047],[16.617681,49.21047],[16.617681,49.21047],[16.617681,49.21047],[16.617681,49.21047],[16.61768,49.21047],[16.61768,49.21047],[16.61768,49.21047],[16.61768,49.21047],[16.617679,49.21047],[16.617679,49.21047],[16.617679,49.21047],[16.617679,49.21047],[16.617667,49.210465],[16.617667,49.210465],[16.617666,49.210465],[16.617666,49.210465],[16.617666,49.210465],[16.617666,49.210465],[16.617666,49.210465],[16.617666,49.210465],[16.617666,49.210465],[16.617666,49.210465],[16.617666,49.210465],[16.617666,49.210465],[16.617666,49.210465],[16.617666,49.210465],[16.617666,49.210465],[16.617665,49.210465],[16.617665,49.210464],[16.617665,49.210464],[16.617665,49.210464],[16.617665,49.210464],[16.617665,49.210464],[16.617665,49.210464],[16.617665,49.210464],[16.617665,49.210464],[16.617665,49.210464],[16.617665,49.210464],[16.617665,49.210463],[16.617665,49.210463],[16.617666,49.210463],[16.617666,49.210463],[16.617666,49.210463],[16.617666,49.210463],[16.617672,49.210456],[16.617645,49.210446],[16.617639,49.210453],[16.617639,49.210453],[16.617639,49.210453],[16.617639,49.210453],[16.617638,49.210453],[16.617638,49.210453],[16.617638,49.210453],[16.617638,49.210454],[16.617637,49.210454],[16.617637,49.210454],[16.617637,49.210454],[16.617637,49.210454],[16.617637,49.210454],[16.617636,49.210454],[16.617636,49.210454],[16.617636,49.210454],[16.617636,49.210453],[16.617635,49.210453],[16.617628,49.21045],[16.617583,49.2105],[16.617607,49.210509],[16.617602,49.210514],[16.617617,49.21052],[16.617621,49.210515],[16.617716,49.210551],[16.617761,49.210502]]]},"properties":{"id":531775,"buildingId":510096,"floorId":531754,"floorLevel":1,"name":"BA04N1067","type":"classroom_and_laboratory","category":"teaching","label":"Classroom / lab","passportNumber":"BA04N1067","seats":null,"hasProjector":false,"hasWhiteboard":false,"code":429}},{"type":"Feature","geometry":{"type":"Polygon","coordinates":[[[16.617791,49.210516],[16.617763,49.210505],[16.61772,49.210553],[16.617748,49.210564],[16.617791,49.210516]]]},"properties":{"id":531777,"buildingId":510096,"floorId":531754,"floorLevel":1,"name":"BA04N1068","type":"office","category":"office","label":"Office","passportNumber":"BA04N1068","seats":null,"hasProjector":false,"hasWhiteboard":false,"code":429}},{"type":"Feature","geometry":{"type":"Polygon","coordinates":[[[16.617867,49.210545],[16.617843,49.210536],[16.617816,49.210566],[16.61784,49.210575],[16.617867,49.210545]]]},"properties":{"id":531778,"buildingId":510096,"floorId":531754,"floorLevel":1,"name":"BA04N1071","type":"office","category":"office","label":"Office","passportNumber":"BA04N1071","seats":null,"hasProjector":false,"hasWhiteboard":false,"code":429}},{"type":"Feature","geometry":{"type":"Polygon","coordinates":[[[16.617351,49.21052],[16.617297,49.210499],[16.61727,49.210529],[16.617324,49.21055],[16.617351,49.21052]]]},"properties":{"id":531779,"buildingId":510096,"floorId":531754,"floorLevel":1,"name":"BA04N1057","type":"storage","category":"service","label":"Storage","passportNumber":"BA04N1057","seats":null,"hasProjector":false,"hasWhiteboard":false,"code":429}},{"type":"Feature","geometry":{"type":"Polygon","coordinates":[[[16.61779,49.21058],[16.617798,49.210583],[16.617841,49.210535],[16.617794,49.210517],[16.61775,49.210564],[16.617775,49.210574],[16.617772,49.210578],[16.617787,49.210584],[16.61779,49.21058]]]},"properties":{"id":531780,"buildingId":510096,"floorId":531754,"floorLevel":1,"name":"BA04N1070","type":"office","category":"office","label":"Office","passportNumber":"BA04N1070","seats":null,"hasProjector":false,"hasWhiteboard":false,"code":429}},{"type":"Feature","geometry":{"type":"Polygon","coordinates":[[[16.617865,49.210608],[16.617867,49.21061],[16.617911,49.210562],[16.61787,49.210546],[16.617826,49.210594],[16.617828,49.210594],[16.617825,49.210598],[16.617835,49.210602],[16.617839,49.210599],[16.617849,49.210603],[16.617846,49.210606],[16.617861,49.210612],[16.617865,49.210608]]]},"properties":{"id":531782,"buildingId":510096,"floorId":531754,"floorLevel":1,"name":"BA04N1072","type":"office","category":"office","label":"Office","passportNumber":"BA04N1072","seats":null,"hasProjector":false,"hasWhiteboard":false,"code":429}},{"type":"Feature","geometry":{"type":"Polygon","coordinates":[[[16.617968,49.210584],[16.617913,49.210563],[16.617869,49.21061],[16.617925,49.210632],[16.617968,49.210584]]]},"properties":{"id":531784,"buildingId":510096,"floorId":531754,"floorLevel":1,"name":"BA04N1073","type":"library","category":"teaching","label":"Library","passportNumber":"BA04N1073","seats":null,"hasProjector":false,"hasWhiteboard":false,"code":429}},{"type":"Feature","geometry":{"type":"Polygon","coordinates":[[[16.618128,49.210649],[16.618125,49.210645],[16.618113,49.21064],[16.61809,49.210631],[16.618079,49.210627],[16.61807,49.210637],[16.618115,49.210652],[16.618128,49.210649]]]},"properties":{"id":531785,"buildingId":510096,"floorId":531754,"floorLevel":1,"name":"BA04N1076a","type":"storage","category":"service","label":"Storage","passportNumber":"BA04N1076a","seats":null,"hasProjector":false,"hasWhiteboard":false,"code":991}},{"type":"Feature","geometry":{"type":"Polygon","coordinates":[[[16.618008,49.210596],[16.617973,49.210583],[16.617928,49.210633],[16.617962,49.210646],[16.618008,49.210596]]]},"properties":{"id":531786,"buildingId":510096,"floorId":531754,"floorLevel":1,"name":"BA04N1074","type":"classroom_and_laboratory","category":"teaching","label":"Classroom / lab","passportNumber":"BA04N1074","seats":null,"hasProjector":false,"hasWhiteboard":false,"code":471}},{"type":"Feature","geometry":{"type":"Polygon","coordinates":[[[16.617993,49.210656],[16.617998,49.210658],[16.618042,49.210609],[16.61801,49.210597],[16.617965,49.210647],[16.617992,49.210657],[16.617993,49.210656]]]},"properties":{"id":531787,"buildingId":510096,"floorId":531754,"floorLevel":1,"name":"BA04N1075","type":"substation","category":"other","label":"substation","passportNumber":"BA04N1075","seats":null,"hasProjector":false,"hasWhiteboard":false,"code":992}},{"type":"Feature","geometry":{"type":"Polygon","coordinates":[[[16.618035,49.210666],[16.618063,49.210636],[16.618031,49.210624],[16.617999,49.21066],[16.617999,49.21066],[16.618004,49.210662],[16.618013,49.210666],[16.618015,49.210667],[16.618023,49.210669],[16.618035,49.210666]]]},"properties":{"id":531789,"buildingId":510096,"floorId":531754,"floorLevel":1,"name":"BA04N1076","type":"gatehouse","category":"service","label":"Gatehouse","passportNumber":"BA04N1076","seats":null,"hasProjector":false,"hasWhiteboard":false,"code":991}},{"type":"Feature","geometry":{"type":"Polygon","coordinates":[[[16.6179,49.210664],[16.617898,49.210663],[16.617901,49.21066],[16.617891,49.210656],[16.617882,49.210667],[16.617877,49.210665],[16.617876,49.210666],[16.617875,49.210666],[16.617876,49.210665],[16.61786,49.210659],[16.617854,49.210665],[16.61787,49.210672],[16.61787,49.210671],[16.617872,49.210671],[16.617869,49.210673],[16.617868,49.210673],[16.617869,49.210672],[16.617853,49.210666],[16.617847,49.210673],[16.617863,49.210679],[16.617864,49.210678],[16.617865,49.210679],[16.617864,49.210679],[16.61788,49.210686],[16.6179,49.210664]]]},"properties":{"id":531791,"buildingId":510096,"floorId":531754,"floorLevel":1,"name":"BA04N1048","type":"toilet","category":"service","label":"Toilet","passportNumber":"BA04N1048","seats":null,"hasProjector":false,"hasWhiteboard":false,"code":423}},{"type":"Feature","geometry":{"type":"Polygon","coordinates":[[[16.618143,49.210677],[16.61814,49.210673],[16.618128,49.210676],[16.618107,49.210706],[16.618123,49.21071],[16.618143,49.210677]]]},"properties":{"id":531793,"buildingId":510096,"floorId":531754,"floorLevel":1,"name":"BA04N1003","type":"storage","category":"service","label":"Storage","passportNumber":"BA04N1003","seats":null,"hasProjector":false,"hasWhiteboard":false,"code":491}},{"type":"Feature","geometry":{"type":"Polygon","coordinates":[[[16.617924,49.210718],[16.61795,49.210712],[16.617969,49.210708],[16.617969,49.210708],[16.61796,49.210692],[16.61796,49.210692],[16.617916,49.210702],[16.617911,49.210703],[16.61792,49.210719],[16.617924,49.210718]]]},"properties":{"id":531794,"buildingId":510096,"floorId":531754,"floorLevel":1,"name":"BA04N1009a","type":"floor","category":"structure","label":"Corridor","passportNumber":"BA04N1009a","seats":null,"hasProjector":false,"hasWhiteboard":false,"code":991}},{"type":"Feature","geometry":{"type":"Polygon","coordinates":[[[16.617948,49.210754],[16.617934,49.21075],[16.61793,49.210758],[16.617943,49.210761],[16.617948,49.210754]]]},"properties":{"id":531796,"buildingId":510096,"floorId":531754,"floorLevel":1,"name":"BA04N1046","type":"utility_room","category":"service","label":"Utility","passportNumber":"BA04N1046","seats":null,"hasProjector":false,"hasWhiteboard":false,"code":992}},{"type":"Feature","geometry":{"type":"Polygon","coordinates":[[[16.617943,49.210762],[16.617928,49.210758],[16.617933,49.21075],[16.617916,49.210745],[16.61791,49.210748],[16.617909,49.210748],[16.617898,49.210768],[16.617934,49.210777],[16.617943,49.210762]]]},"properties":{"id":531797,"buildingId":510096,"floorId":531754,"floorLevel":1,"name":"BA04N1045","type":"toilet","category":"service","label":"Toilet","passportNumber":"BA04N1045","seats":null,"hasProjector":false,"hasWhiteboard":false,"code":991}},{"type":"Feature","geometry":{"type":"Polygon","coordinates":[[[16.618096,49.210763],[16.618034,49.210747],[16.618019,49.210771],[16.618081,49.210787],[16.618096,49.210763]]]},"properties":{"id":531798,"buildingId":510096,"floorId":531754,"floorLevel":1,"name":"BA04N1005","type":"office","category":"office","label":"Office","passportNumber":"BA04N1005","seats":null,"hasProjector":false,"hasWhiteboard":false,"code":491}},{"type":"Feature","geometry":{"type":"Polygon","coordinates":[[[16.618076,49.210788],[16.618018,49.210773],[16.618004,49.210796],[16.618063,49.210811],[16.618076,49.210788]]]},"properties":{"id":531800,"buildingId":510096,"floorId":531754,"floorLevel":1,"name":"BA04N1006","type":"office","category":"office","label":"Office","passportNumber":"BA04N1006","seats":null,"hasProjector":false,"hasWhiteboard":false,"code":491}},{"type":"Feature","geometry":{"type":"Polygon","coordinates":[[[16.617892,49.210781],[16.617854,49.210771],[16.617842,49.210792],[16.61788,49.210802],[16.617892,49.210781]]]},"properties":{"id":531801,"buildingId":510096,"floorId":531754,"floorLevel":1,"name":"BA04N1044","type":"toilet","category":"service","label":"Toilet","passportNumber":"BA04N1044","seats":null,"hasProjector":false,"hasWhiteboard":false,"code":413}},{"type":"Feature","geometry":{"type":"Polygon","coordinates":[[[16.617924,49.210794],[16.617891,49.210785],[16.617881,49.210802],[16.617913,49.210811],[16.617924,49.210794]]]},"properties":{"id":531802,"buildingId":510096,"floorId":531754,"floorLevel":1,"name":"BA04N1043","type":"toilet","category":"service","label":"Toilet","passportNumber":"BA04N1043","seats":null,"hasProjector":false,"hasWhiteboard":false,"code":413}},{"type":"Feature","geometry":{"type":"Polygon","coordinates":[[[16.617867,49.210856],[16.617811,49.210842],[16.617798,49.210864],[16.617854,49.210878],[16.617867,49.210856]]]},"properties":{"id":531803,"buildingId":510096,"floorId":531754,"floorLevel":1,"name":"BA04N1041","type":"office","category":"office","label":"Office","passportNumber":"BA04N1041","seats":null,"hasProjector":false,"hasWhiteboard":false,"code":991}},{"type":"Feature","geometry":{"type":"Polygon","coordinates":[[[16.617859,49.210897],[16.617861,49.210898],[16.617861,49.210896],[16.617867,49.210898],[16.617872,49.21089],[16.617866,49.210888],[16.617869,49.210883],[16.617797,49.210865],[16.617783,49.210888],[16.617854,49.210906],[16.617859,49.210897]]]},"properties":{"id":531805,"buildingId":510096,"floorId":531754,"floorLevel":1,"name":"BA04N1040","type":"office","category":"office","label":"Office","passportNumber":"BA04N1040","seats":null,"hasProjector":false,"hasWhiteboard":false,"code":422}},{"type":"Feature","geometry":{"type":"Polygon","coordinates":[[[16.617853,49.210907],[16.617783,49.210889],[16.617769,49.210913],[16.617839,49.210931],[16.617853,49.210907]]]},"properties":{"id":531807,"buildingId":510096,"floorId":531754,"floorLevel":1,"name":"BA04N1039","type":"storage","category":"service","label":"Storage","passportNumber":"BA04N1039","seats":null,"hasProjector":false,"hasWhiteboard":false,"code":423}},{"type":"Feature","geometry":{"type":"Polygon","coordinates":[[[16.617973,49.210963],[16.617973,49.210963],[16.617973,49.210963],[16.617973,49.210963],[16.617973,49.210963],[16.617973,49.210963],[16.617974,49.210963],[16.617974,49.210963],[16.617974,49.210963],[16.617974,49.210962],[16.617974,49.210962],[16.617975,49.210962],[16.617975,49.210962],[16.617975,49.210962],[16.617975,49.210962],[16.617976,49.210962],[16.617976,49.210962],[16.617976,49.210963],[16.617988,49.210966],[16.617999,49.210947],[16.617987,49.210944],[16.617987,49.210944],[16.617987,49.210944],[16.617987,49.210944],[16.617987,49.210944],[16.617986,49.210943],[16.617986,49.210943],[16.617986,49.210943],[16.617986,49.210943],[16.617986,49.210943],[16.617986,49.210943],[16.617986,49.210943],[16.617986,49.210943],[16.617986,49.210943],[16.617986,49.210943],[16.617986,49.210943],[16.617986,49.210943],[16.617986,49.210943],[16.617986,49.210942],[16.617986,49.210942],[16.617986,49.210942],[16.617986,49.210942],[16.617986,49.210942],[16.617986,49.210942],[16.617986,49.210942],[16.617986,49.210942],[16.617986,49.210942],[16.617986,49.210941],[16.61799,49.210935],[16.61791,49.210914],[16.617889,49.210948],[16.617969,49.210969],[16.617973,49.210963]]]},"properties":{"id":531808,"buildingId":510096,"floorId":531754,"floorLevel":1,"name":"BA04N1011","type":"office","category":"office","label":"Office","passportNumber":"BA04N1011","seats":null,"hasProjector":false,"hasWhiteboard":false,"code":423}},{"type":"Feature","geometry":{"type":"Polygon","coordinates":[[[16.617981,49.210977],[16.617968,49.210974],[16.617968,49.210974],[16.617968,49.210974],[16.617968,49.210974],[16.617968,49.210974],[16.617968,49.210974],[16.617968,49.210974],[16.617968,49.210974],[16.617968,49.210974],[16.617968,49.210974],[16.617968,49.210974],[16.617968,49.210974],[16.617967,49.210974],[16.617967,49.210973],[16.617967,49.210973],[16.617967,49.210973],[16.617967,49.210973],[16.617967,49.210973],[16.617967,49.210973],[16.617967,49.210973],[16.617967,49.210973],[16.617967,49.210973],[16.617967,49.210973],[16.617967,49.210972],[16.617967,49.210972],[16.617967,49.210972],[16.617967,49.210972],[16.617967,49.210972],[16.617969,49.21097],[16.617888,49.210949],[16.617874,49.210973],[16.617954,49.210994],[16.617954,49.210994],[16.617955,49.210993],[16.617955,49.210993],[16.617955,49.210993],[16.617955,49.210993],[16.617955,49.210993],[16.617956,49.210993],[16.617956,49.210993],[16.617956,49.210993],[16.617956,49.210993],[16.617957,49.210993],[16.617957,49.210993],[16.617957,49.210993],[16.617957,49.210993],[16.617957,49.210993],[16.617969,49.210996],[16.617981,49.210977]]]},"properties":{"id":531809,"buildingId":510096,"floorId":531754,"floorLevel":1,"name":"BA04N1012","type":"office","category":"office","label":"Office","passportNumber":"BA04N1012","seats":null,"hasProjector":false,"hasWhiteboard":false,"code":423}},{"type":"Feature","geometry":{"type":"Polygon","coordinates":[[[16.617936,49.211025],[16.617936,49.211024],[16.617936,49.211024],[16.617936,49.211024],[16.617936,49.211024],[16.617936,49.211024],[16.617937,49.211024],[16.617937,49.211024],[16.617937,49.211024],[16.617937,49.211024],[16.617937,49.211023],[16.617938,49.211023],[16.617938,49.211023],[16.617938,49.211023],[16.617938,49.211023],[16.617939,49.211023],[16.617939,49.211024],[16.617939,49.211024],[16.617951,49.211027],[16.617962,49.211008],[16.61795,49.211005],[16.61795,49.211005],[16.61795,49.211005],[16.61795,49.211005],[16.61795,49.211005],[16.61795,49.211005],[16.61795,49.211005],[16.61795,49.211005],[16.61795,49.211005],[16.617949,49.211005],[16.617949,49.211004],[16.617949,49.211004],[16.617949,49.211004],[16.617949,49.211004],[16.617949,49.211004],[16.617949,49.211004],[16.617949,49.211004],[16.617949,49.211004],[16.617949,49.211004],[16.617949,49.211004],[16.617949,49.211004],[16.617949,49.211003],[16.617949,49.211003],[16.617949,49.211003],[16.617949,49.211003],[16.617949,49.211003],[16.617949,49.211003],[16.617949,49.211003],[16.617949,49.211003],[16.617949,49.211003],[16.617953,49.210995],[16.617873,49.210975],[16.617853,49.211008],[16.617933,49.211029],[16.617936,49.211025]]]},"properties":{"id":531810,"buildingId":510096,"floorId":531754,"floorLevel":1,"name":"BA04N1013","type":"office","category":"office","label":"Office","passportNumber":"BA04N1013","seats":null,"hasProjector":false,"hasWhiteboard":false,"code":423}},{"type":"Feature","geometry":{"type":"Polygon","coordinates":[[[16.617931,49.211031],[16.617867,49.211015],[16.617856,49.211034],[16.617919,49.21105],[16.617931,49.211031]]]},"properties":{"id":531812,"buildingId":510096,"floorId":531754,"floorLevel":1,"name":"BA04N1015","type":"office","category":"office","label":"Office","passportNumber":"BA04N1015","seats":null,"hasProjector":false,"hasWhiteboard":false,"code":423}},{"type":"Feature","geometry":{"type":"Polygon","coordinates":[[[16.617747,49.211019],[16.61771,49.21101],[16.617696,49.211033],[16.617733,49.211043],[16.617747,49.211019]]]},"properties":{"id":531813,"buildingId":510096,"floorId":531754,"floorLevel":1,"name":"BA04N1038","type":"storage","category":"service","label":"Storage","passportNumber":"BA04N1038","seats":null,"hasProjector":false,"hasWhiteboard":false,"code":423}},{"type":"Feature","geometry":{"type":"Polygon","coordinates":[[[16.6178,49.210999],[16.617798,49.210998],[16.617837,49.210934],[16.617767,49.210916],[16.61771,49.21101],[16.617748,49.211019],[16.617733,49.211043],[16.617768,49.211052],[16.6178,49.210999]]]},"properties":{"id":531814,"buildingId":510096,"floorId":531754,"floorLevel":1,"name":"BA04N1037","type":"classroom_and_laboratory","category":"teaching","label":"Classroom / lab","passportNumber":"BA04N1037","seats":null,"hasProjector":false,"hasWhiteboard":false,"code":423}},{"type":"Feature","geometry":{"type":"Polygon","coordinates":[[[16.617918,49.211052],[16.617839,49.211031],[16.617826,49.211052],[16.617906,49.211072],[16.617918,49.211052]]]},"properties":{"id":531815,"buildingId":510096,"floorId":531754,"floorLevel":1,"name":"BA04N1016","type":"office","category":"office","label":"Office","passportNumber":"BA04N1016","seats":null,"hasProjector":false,"hasWhiteboard":false,"code":423}},{"type":"Feature","geometry":{"type":"Polygon","coordinates":[[[16.617905,49.211074],[16.617826,49.211053],[16.617826,49.211053],[16.617816,49.211051],[16.617811,49.211059],[16.617821,49.211062],[16.617816,49.211069],[16.617807,49.211066],[16.6178,49.211077],[16.61781,49.21108],[16.617809,49.211081],[16.617888,49.211102],[16.617905,49.211074]]]},"properties":{"id":531816,"buildingId":510096,"floorId":531754,"floorLevel":1,"name":"BA04N1018","type":"office","category":"office","label":"Office","passportNumber":"BA04N1018","seats":null,"hasProjector":false,"hasWhiteboard":false,"code":423}},{"type":"Feature","geometry":{"type":"Polygon","coordinates":[[[16.617726,49.211099],[16.617738,49.211102],[16.617767,49.211054],[16.617717,49.211042],[16.617689,49.211089],[16.617698,49.211092],[16.617695,49.211097],[16.617723,49.211105],[16.617726,49.211099]]]},"properties":{"id":531817,"buildingId":510096,"floorId":531754,"floorLevel":1,"name":"BA04N1036","type":"office","category":"office","label":"Office","passportNumber":"BA04N1036","seats":null,"hasProjector":false,"hasWhiteboard":false,"code":423}},{"type":"Feature","geometry":{"type":"Polygon","coordinates":[[[16.617887,49.211103],[16.617838,49.21109],[16.617828,49.211108],[16.617877,49.21112],[16.617887,49.211103]]]},"properties":{"id":531818,"buildingId":510096,"floorId":531754,"floorLevel":1,"name":"BA04N1019","type":"office","category":"office","label":"Office","passportNumber":"BA04N1019","seats":null,"hasProjector":false,"hasWhiteboard":false,"code":491}},{"type":"Feature","geometry":{"type":"Polygon","coordinates":[[[16.617648,49.211086],[16.6176,49.211074],[16.617582,49.211105],[16.617629,49.211117],[16.617648,49.211086]]]},"properties":{"id":531819,"buildingId":510096,"floorId":531754,"floorLevel":1,"name":"BA04N1035","type":"classroom_and_laboratory","category":"teaching","label":"Classroom / lab","passportNumber":"BA04N1035","seats":null,"hasProjector":false,"hasWhiteboard":false,"code":423}},{"type":"Feature","geometry":{"type":"Polygon","coordinates":[[[16.617876,49.211122],[16.617827,49.211109],[16.617808,49.21114],[16.617857,49.211152],[16.617876,49.211122]]]},"properties":{"id":531821,"buildingId":510096,"floorId":531754,"floorLevel":1,"name":"BA04N1020","type":"office","category":"office","label":"Office","passportNumber":"BA04N1020","seats":null,"hasProjector":false,"hasWhiteboard":false,"code":491}},{"type":"Feature","geometry":{"type":"Polygon","coordinates":[[[16.617597,49.211132],[16.617617,49.211137],[16.617629,49.211118],[16.617581,49.211106],[16.617569,49.211125],[16.61758,49.211128],[16.617577,49.211133],[16.617594,49.211138],[16.617597,49.211132]]]},"properties":{"id":531822,"buildingId":510096,"floorId":531754,"floorLevel":1,"name":"BA04N1034","type":"classroom_and_laboratory","category":"teaching","label":"Classroom / lab","passportNumber":"BA04N1034","seats":null,"hasProjector":false,"hasWhiteboard":false,"code":423}},{"type":"Feature","geometry":{"type":"Polygon","coordinates":[[[16.617791,49.211137],[16.617777,49.211133],[16.617774,49.211138],[16.617765,49.211135],[16.617759,49.211146],[16.617768,49.211148],[16.617763,49.211157],[16.617777,49.21116],[16.617791,49.211137]]]},"properties":{"id":531824,"buildingId":510096,"floorId":531754,"floorLevel":1,"name":"BA04N1022","type":"storage","category":"service","label":"Storage","passportNumber":"BA04N1022","seats":null,"hasProjector":false,"hasWhiteboard":false,"code":423}},{"type":"Feature","geometry":{"type":"Polygon","coordinates":[[[16.617686,49.211155],[16.617704,49.21116],[16.617735,49.211109],[16.61765,49.211087],[16.617619,49.211138],[16.61767,49.211151],[16.617667,49.211157],[16.617683,49.211161],[16.617686,49.211155]]]},"properties":{"id":531825,"buildingId":510096,"floorId":531754,"floorLevel":1,"name":"BA04N1033","type":"office","category":"office","label":"Office","passportNumber":"BA04N1033","seats":null,"hasProjector":false,"hasWhiteboard":false,"code":423}},{"type":"Feature","geometry":{"type":"Polygon","coordinates":[[[16.617856,49.211154],[16.617793,49.211138],[16.617779,49.211161],[16.617842,49.211177],[16.617856,49.211154]]]},"properties":{"id":531826,"buildingId":510096,"floorId":531754,"floorLevel":1,"name":"BA04N1021","type":"office","category":"office","label":"Office","passportNumber":"BA04N1021","seats":null,"hasProjector":false,"hasWhiteboard":false,"code":491}},{"type":"Feature","geometry":{"type":"Polygon","coordinates":[[[16.61759,49.211155],[16.617557,49.211146],[16.617534,49.211183],[16.617567,49.211192],[16.61759,49.211155]]]},"properties":{"id":531829,"buildingId":510096,"floorId":531754,"floorLevel":1,"name":"BA04N1031","type":"office","category":"office","label":"Office","passportNumber":"BA04N1031","seats":null,"hasProjector":false,"hasWhiteboard":false,"code":423}},{"type":"Feature","geometry":{"type":"Polygon","coordinates":[[[16.617691,49.211181],[16.617665,49.211174],[16.617642,49.211211],[16.617668,49.211218],[16.617691,49.211181]]]},"properties":{"id":531830,"buildingId":510096,"floorId":531754,"floorLevel":1,"name":"BA04N1029","type":"classroom_and_laboratory","category":"teaching","label":"Classroom / lab","passportNumber":"BA04N1029","seats":null,"hasProjector":false,"hasWhiteboard":false,"code":423}},{"type":"Feature","geometry":{"type":"Polygon","coordinates":[[[16.617711,49.211196],[16.617708,49.211195],[16.617705,49.2112],[16.617688,49.211196],[16.61767,49.211226],[16.61769,49.211231],[16.617711,49.211196]]]},"properties":{"id":531831,"buildingId":510096,"floorId":531754,"floorLevel":1,"name":"BA04N1084","type":"stairs","category":"circulation","label":"Stairs","passportNumber":"BA04N1084","seats":null,"hasProjector":false,"hasWhiteboard":false,"code":991}},{"type":"Feature","geometry":{"type":"Polygon","coordinates":[[[16.617729,49.2112],[16.617711,49.211196],[16.617711,49.211196],[16.61769,49.211231],[16.617707,49.211236],[16.617729,49.2112]]]},"properties":{"id":531832,"buildingId":510096,"floorId":531754,"floorLevel":1,"name":"BA04N1023a","type":"floor","category":"structure","label":"Corridor","passportNumber":"BA04N1023a","seats":30,"hasProjector":false,"hasWhiteboard":false,"code":991}},{"type":"Feature","geometry":{"type":"Polygon","coordinates":[[[16.617844,49.211181],[16.617764,49.21116],[16.61772,49.211232],[16.617801,49.211253],[16.617844,49.211181]]]},"properties":{"id":531833,"buildingId":510096,"floorId":531754,"floorLevel":1,"name":"BA04N1024","type":"classroom_and_laboratory","category":"teaching","label":"Classroom / lab","passportNumber":"BA04N1024","seats":null,"hasProjector":false,"hasWhiteboard":false,"code":423}},{"type":"Feature","geometry":{"type":"Polygon","coordinates":[[[16.617702,49.211244],[16.617688,49.211241],[16.617681,49.211251],[16.617696,49.211255],[16.617702,49.211244]]]},"properties":{"id":531835,"buildingId":510096,"floorId":531754,"floorLevel":1,"name":"BA04N1027","type":"toilet","category":"service","label":"Toilet","passportNumber":"BA04N1027","seats":null,"hasProjector":false,"hasWhiteboard":false,"code":423}},{"type":"Feature","geometry":{"type":"Polygon","coordinates":[[[16.617724,49.211254],[16.617725,49.211254],[16.617732,49.211242],[16.617709,49.211236],[16.617698,49.211255],[16.617708,49.211258],[16.617712,49.211251],[16.617713,49.211251],[16.617709,49.211258],[16.61772,49.211261],[16.617724,49.211254]]]},"properties":{"id":531836,"buildingId":510096,"floorId":531754,"floorLevel":1,"name":"BA04N1026","type":"shower","category":"service","label":"Shower","passportNumber":"BA04N1026","seats":null,"hasProjector":false,"hasWhiteboard":false,"code":423}},{"type":"Feature","geometry":{"type":"Polygon","coordinates":[[[16.618075,49.210622],[16.618044,49.21061],[16.618032,49.210623],[16.618063,49.210635],[16.618075,49.210622]]]},"properties":{"id":531840,"buildingId":510096,"floorId":531754,"floorLevel":1,"name":"BA04N1076b","type":"room","category":"other","label":"Room","passportNumber":"BA04N1076b","seats":null,"hasProjector":false,"hasWhiteboard":false,"code":null}},{"type":"Feature","geometry":{"type":"Polygon","coordinates":[[[16.617932,49.21078],[16.617899,49.210772],[16.617892,49.210784],[16.617924,49.210793],[16.617932,49.21078]]]},"properties":{"id":531854,"buildingId":510096,"floorId":531754,"floorLevel":1,"name":"BA04N1043a","type":"toilet","category":"service","label":"Toilet","passportNumber":"BA04N1043a","seats":null,"hasProjector":false,"hasWhiteboard":false,"code":null}},{"type":"Feature","geometry":{"type":"Polygon","coordinates":[[[16.617897,49.210808],[16.617841,49.210793],[16.617826,49.210817],[16.617882,49.210832],[16.617897,49.210808]]]},"properties":{"id":531855,"buildingId":510096,"floorId":531754,"floorLevel":1,"name":"BA04N1042b","type":"office","category":"office","label":"Office","passportNumber":"BA04N1042b","seats":null,"hasProjector":false,"hasWhiteboard":false,"code":491}},{"type":"Feature","geometry":{"type":"Polygon","coordinates":[[[16.617881,49.210833],[16.617826,49.210818],[16.617812,49.21084],[16.617868,49.210855],[16.617881,49.210833]]]},"properties":{"id":531856,"buildingId":510096,"floorId":531754,"floorLevel":1,"name":"BA04N1042a","type":"office","category":"office","label":"Office","passportNumber":"BA04N1042a","seats":null,"hasProjector":false,"hasWhiteboard":false,"code":491}},{"type":"Feature","geometry":{"type":"Polygon","coordinates":[[[16.617661,49.211173],[16.617594,49.211156],[16.617571,49.211193],[16.617638,49.21121],[16.617661,49.211173]]]},"properties":{"id":531857,"buildingId":510096,"floorId":531754,"floorLevel":1,"name":"BA04N1030","type":"room","category":"other","label":"Room","passportNumber":"BA04N1030","seats":null,"hasProjector":false,"hasWhiteboard":false,"code":null}},{"type":"Feature","geometry":{"type":"Polygon","coordinates":[[[16.617983,49.21093],[16.617984,49.210928],[16.617991,49.21093],[16.617999,49.210915],[16.618023,49.210877],[16.618061,49.210813],[16.618055,49.210812],[16.618056,49.21081],[16.61799,49.210793],[16.617989,49.210795],[16.617983,49.210793],[16.617983,49.210793],[16.617974,49.210791],[16.617969,49.210799],[16.617978,49.210801],[16.617961,49.210829],[16.617952,49.210826],[16.617947,49.210834],[16.617957,49.210837],[16.617944,49.210857],[16.617941,49.210862],[16.617932,49.21086],[16.617925,49.210871],[16.617935,49.210873],[16.61793,49.21088],[16.617921,49.210878],[16.617917,49.210884],[16.617926,49.210887],[16.617922,49.210894],[16.617913,49.210892],[16.617906,49.210902],[16.617916,49.210905],[16.617912,49.21091],[16.617919,49.210911],[16.617918,49.210914],[16.617983,49.21093]]]},"properties":{"id":531903,"buildingId":510096,"floorId":531754,"floorLevel":1,"name":"BA04N1010","type":"classroom_and_laboratory","category":"teaching","label":"Classroom / lab","passportNumber":"BA04N1010","seats":null,"hasProjector":false,"hasWhiteboard":false,"code":491}},{"type":"Feature","geometry":{"type":"Polygon","coordinates":[[[16.617895,49.210761],[16.617894,49.210761],[16.617895,49.21076],[16.617896,49.21076],[16.617905,49.210744],[16.617903,49.210744],[16.617901,49.210743],[16.617899,49.210742],[16.617897,49.210741],[16.617895,49.21074],[16.617893,49.210739],[16.617891,49.210737],[16.617889,49.210736],[16.617887,49.210734],[16.617886,49.210733],[16.617884,49.210731],[16.617883,49.210729],[16.617882,49.210727],[16.617857,49.210734],[16.617848,49.210748],[16.61785,49.210748],[16.617849,49.210749],[16.617848,49.210749],[16.617841,49.210761],[16.617852,49.210763],[16.617859,49.210751],[16.617858,49.210751],[16.617858,49.21075],[16.617862,49.210751],[16.617861,49.210752],[16.61786,49.210752],[16.617853,49.210764],[16.617864,49.210767],[16.617871,49.210755],[16.61787,49.210754],[16.617871,49.210753],[16.617874,49.210754],[16.617874,49.210755],[16.617873,49.210755],[16.617865,49.210767],[16.617876,49.21077],[16.617884,49.210758],[16.617882,49.210757],[16.617883,49.210757],[16.617886,49.210757],[16.617886,49.210758],[16.617885,49.210758],[16.617878,49.21077],[16.617888,49.210773],[16.617895,49.210761]]]},"properties":{"id":532044,"buildingId":510096,"floorId":531754,"floorLevel":1,"name":"BA04N1047","type":"toilet","category":"service","label":"Toilet","passportNumber":"BA04N1047","seats":null,"hasProjector":false,"hasWhiteboard":false,"code":991}}]}