{"type":"FeatureCollection","features":[{"type":"Feature","geometry":{"type":"Polygon","coordinates":[[[16.616209,49.210057],[16.616215,49.210052],[16.616219,49.210053],[16.616239,49.21003],[16.616234,49.210028],[16.616238,49.210023],[16.616241,49.21002],[16.616268,49.21003],[16.616279,49.210034],[16.616287,49.210037],[16.616302,49.21002],[16.616265,49.210006],[16.61625,49.21],[16.616221,49.209989],[16.616209,49.209985],[16.616202,49.209982],[16.616202,49.209983],[16.616196,49.209981],[16.616196,49.20998],[16.616153,49.209964],[16.616153,49.209964],[16.616147,49.209962],[16.616148,49.209962],[16.616146,49.209961],[16.616147,49.20996],[16.616129,49.209953],[16.61612,49.20995],[16.616099,49.209942],[16.616089,49.209938],[16.616071,49.209932],[16.61607,49.209933],[16.616068,49.209932],[16.616068,49.209933],[16.616062,49.20993],[16.616063,49.20993],[16.616052,49.209926],[16.616058,49.209919],[16.616056,49.209918],[16.616044,49.209914],[16.616042,49.209913],[16.616036,49.20992],[16.616019,49.209914],[16.616019,49.209914],[16.616013,49.209912],[16.616014,49.209912],[16.616012,49.209911],[16.616018,49.209904],[16.616015,49.209903],[16.616003,49.209899],[16.616001,49.209898],[16.615995,49.209904],[16.615969,49.209895],[16.615975,49.209888],[16.615972,49.209887],[16.61596,49.209883],[16.615958,49.209882],[16.615952,49.209888],[16.615951,49.209888],[16.615949,49.209891],[16.615939,49.209902],[16.615937,49.209904],[16.615962,49.209914],[16.615973,49.209918],[16.615976,49.209919],[16.616,49.209928],[16.616054,49.209948],[16.616073,49.209955],[16.616084,49.209959],[16.616103,49.209966],[16.616117,49.209972],[16.616114,49.209976],[16.616121,49.209978],[16.616124,49.209974],[16.616134,49.209978],[16.616134,49.209978],[16.61614,49.20998],[16.616139,49.20998],[16.61614,49.20998],[16.616136,49.209984],[16.616142,49.209986],[16.616146,49.209983],[16.616154,49.209986],[16.61615,49.209989],[16.616165,49.209995],[16.616168,49.209991],[16.616182,49.209996],[16.616183,49.209996],[16.616188,49.209998],[16.616184,49.210003],[16.616157,49.210034],[16.616161,49.210036],[16.616175,49.210041],[16.61618,49.210043],[16.616184,49.21004],[16.616199,49.210045],[16.616195,49.210051],[16.616209,49.210057]]]},"properties":{"id":57629,"buildingId":54678,"floorId":57574,"floorLevel":-1,"name":"","type":"floor","category":"structure","label":"Corridor","passportNumber":null,"seats":null,"hasProjector":false,"hasWhiteboard":false,"code":981}},{"type":"Feature","geometry":{"type":"Polygon","coordinates":[[[16.615508,49.20981],[16.615511,49.209809],[16.615515,49.209809],[16.615519,49.209808],[16.615522,49.209806],[16.615526,49.209804],[16.615528,49.209803],[16.61553,49.209801],[16.615531,49.209799],[16.615525,49.209785],[16.615526,49.209785],[16.615526,49.209784],[16.61553,49.209783],[16.615518,49.209754],[16.615514,49.209755],[16.615514,49.209754],[16.615513,49.209754],[16.615512,49.209752],[16.615491,49.209756],[16.615488,49.209757],[16.615488,49.209757],[16.615485,49.209758],[16.615472,49.20976],[16.61547,49.209761],[16.615471,49.209763],[16.615468,49.209764],[16.615479,49.209791],[16.615481,49.209791],[16.615482,49.209792],[16.615483,49.209791],[16.615489,49.209806],[16.615492,49.209807],[16.615496,49.209809],[16.6155,49.209809],[16.615504,49.20981],[16.615508,49.20981]]]},"properties":{"id":57645,"buildingId":54678,"floorId":57574,"floorLevel":-1,"name":"","type":"stairs","category":"circulation","label":"Stairs","passportNumber":null,"seats":null,"hasProjector":false,"hasWhiteboard":false,"code":null}},{"type":"Feature","geometry":{"type":"Polygon","coordinates":[[[16.616124,49.209945],[16.616125,49.209945],[16.616137,49.209932],[16.616138,49.209932],[16.616155,49.209912],[16.616158,49.209912],[16.616158,49.209912],[16.616158,49.209911],[16.616157,49.209911],[16.616157,49.20991],[16.616132,49.209901],[16.616131,49.209901],[16.61613,49.209901],[16.616129,49.209901],[16.616129,49.209902],[16.616131,49.209902],[16.616122,49.209913],[16.616122,49.209914],[16.616102,49.209937],[16.616103,49.209937],[16.616099,49.209942],[16.61612,49.20995],[16.616124,49.209945]]]},"properties":{"id":57653,"buildingId":54678,"floorId":57574,"floorLevel":-1,"name":"","type":"stairs","category":"circulation","label":"Stairs","passportNumber":null,"seats":null,"hasProjector":false,"hasWhiteboard":false,"code":null}},{"type":"Feature","geometry":{"type":"Polygon","coordinates":[[[16.61586,49.210225],[16.615848,49.210221],[16.615851,49.210217],[16.615849,49.210216],[16.61583,49.210209],[16.615828,49.210209],[16.615825,49.210212],[16.615816,49.210208],[16.615778,49.210251],[16.615772,49.210258],[16.615766,49.210266],[16.615782,49.210272],[16.615785,49.210273],[16.61581,49.210282],[16.615847,49.21024],[16.615853,49.210233],[16.61586,49.210225]]]},"properties":{"id":57658,"buildingId":54678,"floorId":57574,"floorLevel":-1,"name":"","type":"room","category":"other","label":"Room","passportNumber":null,"seats":null,"hasProjector":false,"hasWhiteboard":false,"code":null}},{"type":"Feature","geometry":{"type":"Polygon","coordinates":[[[16.61582,49.210192],[16.615807,49.210187],[16.615789,49.210208],[16.615801,49.210213],[16.61582,49.210192]]]},"properties":{"id":57836,"buildingId":54678,"floorId":57574,"floorLevel":-1,"name":"","type":"stairs","category":"circulation","label":"Stairs","passportNumber":null,"seats":null,"hasProjector":false,"hasWhiteboard":false,"code":null}},{"type":"Feature","geometry":{"type":"Polygon","coordinates":[[[16.6158,49.210215],[16.615733,49.210189],[16.615725,49.210198],[16.615793,49.210223],[16.6158,49.210215]]]},"properties":{"id":57839,"buildingId":54678,"floorId":57574,"floorLevel":-1,"name":"","type":"stairs","category":"circulation","label":"Stairs","passportNumber":null,"seats":null,"hasProjector":false,"hasWhiteboard":false,"code":null}},{"type":"Feature","geometry":{"type":"Polygon","coordinates":[[[16.615937,49.210247],[16.615923,49.210242],[16.615912,49.210255],[16.615925,49.21026],[16.615937,49.210247]]]},"properties":{"id":57846,"buildingId":54678,"floorId":57574,"floorLevel":-1,"name":"","type":"stairs","category":"circulation","label":"Stairs","passportNumber":null,"seats":null,"hasProjector":false,"hasWhiteboard":false,"code":null}},{"type":"Feature","geometry":{"type":"Polygon","coordinates":[[[16.615978,49.210282],[16.615967,49.210278],[16.615969,49.210275],[16.615962,49.210273],[16.61596,49.210275],[16.615911,49.210256],[16.615903,49.210265],[16.615971,49.21029],[16.615978,49.210282]]]},"properties":{"id":57852,"buildingId":54678,"floorId":57574,"floorLevel":-1,"name":"","type":"stairs","category":"circulation","label":"Stairs","passportNumber":null,"seats":null,"hasProjector":false,"hasWhiteboard":false,"code":null}},{"type":"Feature","geometry":{"type":"Polygon","coordinates":[[[16.615545,49.20976],[16.615544,49.20976],[16.615544,49.209759],[16.615538,49.209757],[16.615538,49.209757],[16.615532,49.209755],[16.615532,49.209755],[16.615532,49.209755],[16.615531,49.209755],[16.615523,49.209763],[16.615526,49.209769],[16.615535,49.209772],[16.615545,49.20976]]]},"properties":{"id":57858,"buildingId":54678,"floorId":57574,"floorLevel":-1,"name":"","type":"elevator","category":"circulation","label":"Elevator","passportNumber":null,"seats":null,"hasProjector":false,"hasWhiteboard":false,"code":null}},{"type":"Feature","geometry":{"type":"Polygon","coordinates":[[[16.615512,49.209752],[16.615508,49.209744],[16.615495,49.209739],[16.615476,49.209742],[16.615473,49.209743],[16.615466,49.209751],[16.615469,49.20976],[16.615512,49.209752]]]},"properties":{"id":63419,"buildingId":54678,"floorId":63279,"floorLevel":0,"name":"","type":"floor","category":"structure","label":"Corridor","passportNumber":null,"seats":null,"hasProjector":false,"hasWhiteboard":false,"code":null}},{"type":"Feature","geometry":{"type":"Polygon","coordinates":[[[16.616213,49.209887],[16.61621,49.209886],[16.616196,49.209881],[16.616184,49.209877],[16.616163,49.209869],[16.616152,49.209864],[16.616136,49.209859],[16.616134,49.209858],[16.616133,49.209858],[16.616124,49.209869],[16.616123,49.20987],[16.616124,49.20987],[16.616143,49.209877],[16.616144,49.209878],[16.616145,49.209877],[16.616146,49.209876],[16.616148,49.209876],[16.616149,49.209876],[16.616151,49.209876],[16.616152,49.209876],[16.616154,49.209876],[16.616178,49.209885],[16.61618,49.209886],[16.616181,49.209887],[16.616181,49.209888],[16.616182,49.209889],[16.616182,49.20989],[16.616181,49.209891],[16.616181,49.209892],[16.616182,49.209892],[16.616201,49.209899],[16.616202,49.2099],[16.616213,49.209887]]]},"properties":{"id":63420,"buildingId":54678,"floorId":63279,"floorLevel":0,"name":"","type":"floor","category":"structure","label":"Corridor","passportNumber":null,"seats":null,"hasProjector":false,"hasWhiteboard":false,"code":null}},{"type":"Feature","geometry":{"type":"Polygon","coordinates":[[[16.616708,49.210171],[16.616677,49.21016],[16.616662,49.210154],[16.616606,49.210133],[16.61659,49.210127],[16.616569,49.210119],[16.616553,49.210113],[16.616535,49.210106],[16.61652,49.210101],[16.616459,49.210078],[16.616443,49.210072],[16.616423,49.210064],[16.616408,49.210059],[16.61635,49.210037],[16.616335,49.210031],[16.616314,49.210023],[16.616298,49.210017],[16.616265,49.210005],[16.61627,49.21],[16.616255,49.209994],[16.61625,49.209999],[16.616223,49.209989],[16.616208,49.209983],[16.616203,49.209982],[16.616202,49.209982],[16.616196,49.20998],[16.616197,49.209979],[16.616154,49.209963],[16.616153,49.209964],[16.616151,49.209963],[16.61615,49.209965],[16.616139,49.209977],[16.616137,49.209979],[16.616139,49.209979],[16.616139,49.20998],[16.616182,49.209997],[16.616183,49.209996],[16.616188,49.209998],[16.616188,49.209999],[16.6162,49.210003],[16.61621,49.210007],[16.61623,49.210014],[16.616238,49.210018],[16.616253,49.210023],[16.616265,49.210028],[16.616353,49.210061],[16.616363,49.210065],[16.616369,49.210067],[16.616379,49.210071],[16.616419,49.210086],[16.616448,49.210097],[16.616465,49.210103],[16.616475,49.210107],[16.616531,49.210128],[16.616542,49.210132],[16.616581,49.210147],[16.616592,49.210151],[16.616602,49.210155],[16.616621,49.210162],[16.616636,49.210167],[16.616633,49.210171],[16.616635,49.210172],[16.616646,49.210176],[16.616661,49.210181],[16.616665,49.210178],[16.616672,49.210181],[16.616672,49.210182],[16.616676,49.210183],[16.616692,49.210189],[16.616698,49.210182],[16.616707,49.210172],[16.616708,49.210171]]]},"properties":{"id":63424,"buildingId":54678,"floorId":63279,"floorLevel":0,"name":"","type":"floor","category":"structure","label":"Corridor","passportNumber":null,"seats":null,"hasProjector":false,"hasWhiteboard":false,"code":null}},{"type":"Feature","geometry":{"type":"Polygon","coordinates":[[[16.615816,49.210196],[16.615802,49.210191],[16.615786,49.210209],[16.615755,49.210197],[16.615773,49.210177],[16.615758,49.210172],[16.61574,49.210193],[16.615734,49.2102],[16.615733,49.210201],[16.615734,49.210202],[16.615744,49.210206],[16.615792,49.210224],[16.615793,49.210222],[16.615799,49.210215],[16.615816,49.210196]]]},"properties":{"id":63425,"buildingId":54678,"floorId":63279,"floorLevel":0,"name":"","type":"stairs","category":"circulation","label":"Stairs","passportNumber":null,"seats":null,"hasProjector":false,"hasWhiteboard":false,"code":null}},{"type":"Feature","geometry":{"type":"Polygon","coordinates":[[[16.615988,49.210258],[16.615987,49.210258],[16.615975,49.210253],[16.615974,49.210253],[16.615974,49.210253],[16.615956,49.210273],[16.615925,49.210261],[16.615943,49.210241],[16.615929,49.210236],[16.615903,49.210265],[16.615962,49.210288],[16.615988,49.210258]]]},"properties":{"id":63426,"buildingId":54678,"floorId":63279,"floorLevel":0,"name":"","type":"stairs","category":"circulation","label":"Stairs","passportNumber":null,"seats":null,"hasProjector":false,"hasWhiteboard":false,"code":null}},{"type":"Feature","geometry":{"type":"Polygon","coordinates":[[[16.615507,49.20981],[16.615511,49.20981],[16.615515,49.209809],[16.615519,49.209808],[16.615522,49.209806],[16.615525,49.209805],[16.615527,49.209803],[16.615529,49.209801],[16.615531,49.209799],[16.615525,49.209785],[16.615526,49.209785],[16.615526,49.209784],[16.61553,49.209783],[16.615518,49.209755],[16.615514,49.209755],[16.615514,49.209754],[16.615513,49.209754],[16.615512,49.209752],[16.615469,49.20976],[16.61547,49.209761],[16.615469,49.209762],[16.61547,49.209763],[16.615466,49.209764],[16.615478,49.209792],[16.615481,49.209792],[16.615481,49.209792],[16.615483,49.209792],[16.615488,49.209806],[16.615492,49.209808],[16.615496,49.209809],[16.615499,49.209809],[16.615503,49.20981],[16.615507,49.20981]]]},"properties":{"id":63500,"buildingId":54678,"floorId":63279,"floorLevel":0,"name":"","type":"stairs","category":"circulation","label":"Stairs","passportNumber":null,"seats":null,"hasProjector":false,"hasWhiteboard":false,"code":null}},{"type":"Feature","geometry":{"type":"Polygon","coordinates":[[[16.61606,49.20988],[16.616055,49.209877],[16.616053,49.209879],[16.616044,49.209889],[16.616044,49.20989],[16.61605,49.209892],[16.61606,49.20988]]]},"properties":{"id":63554,"buildingId":54678,"floorId":63279,"floorLevel":0,"name":"","type":"room","category":"other","label":"Room","passportNumber":null,"seats":null,"hasProjector":false,"hasWhiteboard":false,"code":null}},{"type":"Feature","geometry":{"type":"Polygon","coordinates":[[[16.616126,49.209946],[16.616133,49.209948],[16.616159,49.209919],[16.616151,49.209916],[16.616155,49.209912],[16.616163,49.209914],[16.616178,49.209897],[16.616171,49.209894],[16.616175,49.209889],[16.616181,49.209892],[16.616181,49.209891],[16.616182,49.20989],[16.616182,49.209889],[16.616181,49.209888],[16.616181,49.209887],[16.61618,49.209886],[16.616178,49.209885],[16.616154,49.209876],[16.616152,49.209876],[16.616151,49.209876],[16.616149,49.209876],[16.616148,49.209876],[16.616146,49.209876],[16.616145,49.209877],[16.616144,49.209878],[16.61615,49.20988],[16.616146,49.209885],[16.616139,49.209882],[16.616123,49.2099],[16.616131,49.209902],[16.616127,49.209907],[16.616119,49.209904],[16.616094,49.209933],[16.616101,49.209936],[16.616097,49.209941],[16.616122,49.20995],[16.616126,49.209946]]]},"properties":{"id":63604,"buildingId":54678,"floorId":63279,"floorLevel":0,"name":"","type":"stairs","category":"circulation","label":"Stairs","passportNumber":null,"seats":null,"hasProjector":false,"hasWhiteboard":false,"code":null}},{"type":"Feature","geometry":{"type":"Polygon","coordinates":[[[16.616071,49.209961],[16.61607,49.209961],[16.616075,49.209956],[16.616076,49.209957],[16.616077,49.209956],[16.616076,49.209956],[16.616076,49.209955],[16.61606,49.209949],[16.616059,49.209949],[16.616058,49.209949],[16.616057,49.20995],[16.616059,49.20995],[16.616055,49.209955],[16.616054,49.209955],[16.616047,49.209963],[16.616046,49.209964],[16.616063,49.20997],[16.616071,49.209961]]]},"properties":{"id":63624,"buildingId":54678,"floorId":63279,"floorLevel":0,"name":"","type":"stairs","category":"circulation","label":"Stairs","passportNumber":null,"seats":null,"hasProjector":false,"hasWhiteboard":false,"code":null}},{"type":"Feature","geometry":{"type":"Polygon","coordinates":[[[16.616098,49.209971],[16.616097,49.209971],[16.616101,49.209966],[16.616103,49.209967],[16.616103,49.209966],[16.616103,49.209966],[16.616102,49.209965],[16.616087,49.209959],[16.616086,49.209959],[16.616085,49.209959],[16.616084,49.20996],[16.616086,49.20996],[16.616082,49.209965],[16.616081,49.209965],[16.616073,49.209974],[16.61609,49.20998],[16.616098,49.209971]]]},"properties":{"id":63630,"buildingId":54678,"floorId":63279,"floorLevel":0,"name":"","type":"stairs","category":"circulation","label":"Stairs","passportNumber":null,"seats":null,"hasProjector":false,"hasWhiteboard":false,"code":null}},{"type":"Feature","geometry":{"type":"Polygon","coordinates":[[[16.616117,49.20999],[16.616124,49.209981],[16.616124,49.209981],[16.616128,49.209976],[16.61613,49.209977],[16.61613,49.209976],[16.61613,49.209975],[16.616129,49.209975],[16.616113,49.209969],[16.616112,49.209969],[16.616111,49.209969],[16.61611,49.20997],[16.616112,49.20997],[16.616108,49.209975],[16.616107,49.209975],[16.616099,49.209984],[16.616116,49.20999],[16.616117,49.20999]]]},"properties":{"id":63632,"buildingId":54678,"floorId":63279,"floorLevel":0,"name":"","type":"stairs","category":"circulation","label":"Stairs","passportNumber":null,"seats":null,"hasProjector":false,"hasWhiteboard":false,"code":null}},{"type":"Feature","geometry":{"type":"Polygon","coordinates":[[[16.616674,49.210218],[16.616673,49.210215],[16.616675,49.210215],[16.616675,49.210214],[16.616678,49.210214],[16.616666,49.210186],[16.616663,49.210187],[16.616663,49.210186],[16.616661,49.210186],[16.61666,49.210184],[16.616617,49.210192],[16.616617,49.210193],[16.616641,49.210189],[16.616647,49.210203],[16.616615,49.210208],[16.616615,49.210208],[16.616614,49.210209],[16.616614,49.210209],[16.616614,49.21021],[16.616615,49.210211],[16.616615,49.210212],[16.616616,49.210212],[16.616617,49.210212],[16.616622,49.210224],[16.616628,49.210223],[16.616628,49.210224],[16.61663,49.210223],[16.616631,49.210225],[16.616674,49.210218]]]},"properties":{"id":63766,"buildingId":54678,"floorId":63279,"floorLevel":0,"name":"","type":"stairs","category":"circulation","label":"Stairs","passportNumber":null,"seats":null,"hasProjector":false,"hasWhiteboard":false,"code":null}},{"type":"Feature","geometry":{"type":"Polygon","coordinates":[[[16.616622,49.210224],[16.616617,49.210212],[16.616616,49.210212],[16.616615,49.210212],[16.616615,49.210211],[16.616614,49.21021],[16.616614,49.210209],[16.616614,49.210209],[16.616615,49.210208],[16.616615,49.210208],[16.616647,49.210203],[16.616641,49.210189],[16.616617,49.210193],[16.616618,49.210194],[16.616616,49.210194],[16.616617,49.210195],[16.616595,49.210199],[16.616593,49.210201],[16.616593,49.210201],[16.616592,49.210203],[16.61659,49.210205],[16.61659,49.210208],[16.61659,49.21021],[16.61659,49.210213],[16.616591,49.210215],[16.616592,49.210218],[16.616594,49.21022],[16.616596,49.210222],[16.6166,49.210224],[16.616603,49.210225],[16.616607,49.210226],[16.616622,49.210224]]]},"properties":{"id":63770,"buildingId":54678,"floorId":63279,"floorLevel":0,"name":"","type":"stairs","category":"circulation","label":"Stairs","passportNumber":null,"seats":null,"hasProjector":false,"hasWhiteboard":false,"code":null}},{"type":"Feature","geometry":{"type":"Polygon","coordinates":[[[16.616644,49.210177],[16.616635,49.210173],[16.616627,49.210182],[16.616637,49.210186],[16.616644,49.210177]]]},"properties":{"id":63860,"buildingId":54678,"floorId":63279,"floorLevel":0,"name":"","type":"elevator","category":"circulation","label":"Elevator","passportNumber":null,"seats":null,"hasProjector":false,"hasWhiteboard":false,"code":null}},{"type":"Feature","geometry":{"type":"Polygon","coordinates":[[[16.615544,49.209764],[16.615535,49.20976],[16.615527,49.209769],[16.615537,49.209772],[16.615544,49.209764]]]},"properties":{"id":63861,"buildingId":54678,"floorId":63279,"floorLevel":0,"name":"","type":"elevator","category":"circulation","label":"Elevator","passportNumber":null,"seats":null,"hasProjector":false,"hasWhiteboard":false,"code":null}},{"type":"Feature","geometry":{"type":"Polygon","coordinates":[[[16.616644,49.210177],[16.616635,49.210173],[16.616627,49.210182],[16.616637,49.210186],[16.616644,49.210177]]]},"properties":{"id":67843,"buildingId":54678,"floorId":67547,"floorLevel":1,"name":"","type":"elevator","category":"circulation","label":"Elevator","passportNumber":null,"seats":null,"hasProjector":false,"hasWhiteboard":false,"code":null}},{"type":"Feature","geometry":{"type":"Polygon","coordinates":[[[16.615511,49.209749],[16.615508,49.209744],[16.615495,49.209739],[16.615493,49.209739],[16.615476,49.209742],[16.615473,49.209743],[16.615466,49.209751],[16.615468,49.209757],[16.615511,49.209749]]]},"properties":{"id":67635,"buildingId":54678,"floorId":67547,"floorLevel":1,"name":"","type":"floor","category":"structure","label":"Corridor","passportNumber":null,"seats":null,"hasProjector":false,"hasWhiteboard":false,"code":null}},{"type":"Feature","geometry":{"type":"Polygon","coordinates":[[[16.615511,49.20981],[16.615515,49.209809],[16.615518,49.209808],[16.615522,49.209806],[16.615525,49.209805],[16.615528,49.209803],[16.615531,49.209799],[16.615525,49.209785],[16.615526,49.209785],[16.615526,49.209784],[16.615527,49.209783],[16.615516,49.209755],[16.615514,49.209755],[16.615514,49.209754],[16.615513,49.209754],[16.615511,49.209749],[16.615468,49.209757],[16.61547,49.209761],[16.615469,49.209762],[16.61547,49.209763],[16.615468,49.209763],[16.61548,49.209792],[16.615481,49.209792],[16.615481,49.209792],[16.615483,49.209792],[16.615488,49.209806],[16.615492,49.209808],[16.615496,49.209809],[16.615503,49.20981],[16.615511,49.20981]]]},"properties":{"id":67638,"buildingId":54678,"floorId":67547,"floorLevel":1,"name":"","type":"stairs","category":"circulation","label":"Stairs","passportNumber":null,"seats":null,"hasProjector":false,"hasWhiteboard":false,"code":null}},{"type":"Feature","geometry":{"type":"Polygon","coordinates":[[[16.616198,49.209904],[16.616119,49.209875],[16.61607,49.209931],[16.616089,49.209938],[16.616097,49.209941],[16.616122,49.20995],[16.616129,49.209953],[16.616149,49.209961],[16.616198,49.209904]]]},"properties":{"id":67644,"buildingId":54678,"floorId":67547,"floorLevel":1,"name":"","type":"stairs","category":"circulation","label":"Stairs","passportNumber":null,"seats":null,"hasProjector":false,"hasWhiteboard":false,"code":null}},{"type":"Feature","geometry":{"type":"Polygon","coordinates":[[[16.616068,49.20996],[16.616072,49.209955],[16.616074,49.209956],[16.616074,49.209955],[16.616074,49.209955],[16.616073,49.209954],[16.616056,49.209948],[16.616055,49.209948],[16.616054,49.209948],[16.616055,49.209949],[16.616045,49.20996],[16.616062,49.209967],[16.616068,49.20996]]]},"properties":{"id":67646,"buildingId":54678,"floorId":67547,"floorLevel":1,"name":"","type":"stairs","category":"circulation","label":"Stairs","passportNumber":null,"seats":null,"hasProjector":false,"hasWhiteboard":false,"code":null}},{"type":"Feature","geometry":{"type":"Polygon","coordinates":[[[16.616097,49.209971],[16.616101,49.209966],[16.616104,49.209967],[16.616104,49.209967],[16.616104,49.209966],[16.616103,49.209965],[16.616086,49.209959],[16.616084,49.209959],[16.616084,49.20996],[16.616085,49.20996],[16.616081,49.209965],[16.616075,49.209971],[16.616092,49.209978],[16.616097,49.209971]]]},"properties":{"id":67648,"buildingId":54678,"floorId":67547,"floorLevel":1,"name":"","type":"stairs","category":"circulation","label":"Stairs","passportNumber":null,"seats":null,"hasProjector":false,"hasWhiteboard":false,"code":null}},{"type":"Feature","geometry":{"type":"Polygon","coordinates":[[[16.616128,49.209982],[16.616132,49.209978],[16.616133,49.209978],[16.616134,49.209978],[16.616134,49.209977],[16.616133,49.209977],[16.616133,49.209976],[16.616115,49.20997],[16.616114,49.20997],[16.616113,49.20997],[16.616112,49.20997],[16.616114,49.209971],[16.61611,49.209976],[16.616104,49.209982],[16.616122,49.209989],[16.616128,49.209982]]]},"properties":{"id":67649,"buildingId":54678,"floorId":67547,"floorLevel":1,"name":"","type":"stairs","category":"circulation","label":"Stairs","passportNumber":null,"seats":null,"hasProjector":false,"hasWhiteboard":false,"code":null}},{"type":"Feature","geometry":{"type":"Polygon","coordinates":[[[16.616628,49.210223],[16.616628,49.210224],[16.61663,49.210223],[16.61663,49.210224],[16.616674,49.210216],[16.616673,49.210215],[16.616675,49.210215],[16.616675,49.210214],[16.616682,49.210213],[16.61667,49.210185],[16.616663,49.210187],[16.616663,49.210186],[16.616661,49.210186],[16.61666,49.210185],[16.616617,49.210193],[16.616618,49.210194],[16.616616,49.210194],[16.616617,49.210195],[16.616595,49.210199],[16.616592,49.210203],[16.61659,49.210207],[16.616589,49.21021],[16.61659,49.210213],[16.616591,49.210215],[16.616592,49.210218],[16.616594,49.21022],[16.616597,49.210222],[16.6166,49.210224],[16.616603,49.210225],[16.616607,49.210226],[16.616628,49.210223]]]},"properties":{"id":67650,"buildingId":54678,"floorId":67547,"floorLevel":1,"name":"","type":"stairs","category":"circulation","label":"Stairs","passportNumber":null,"seats":null,"hasProjector":false,"hasWhiteboard":false,"code":null}},{"type":"Feature","geometry":{"type":"Polygon","coordinates":[[[16.615773,49.210177],[16.615758,49.210172],[16.615754,49.210177],[16.615746,49.210186],[16.615741,49.210192],[16.615755,49.210197],[16.615773,49.210177]]]},"properties":{"id":67651,"buildingId":54678,"floorId":67547,"floorLevel":1,"name":"","type":"stairs","category":"circulation","label":"Stairs","passportNumber":null,"seats":null,"hasProjector":false,"hasWhiteboard":false,"code":null}},{"type":"Feature","geometry":{"type":"Polygon","coordinates":[[[16.615818,49.210194],[16.615804,49.210189],[16.615786,49.210209],[16.6158,49.210214],[16.615802,49.210213],[16.615818,49.210194]]]},"properties":{"id":67652,"buildingId":54678,"floorId":67547,"floorLevel":1,"name":"","type":"stairs","category":"circulation","label":"Stairs","passportNumber":null,"seats":null,"hasProjector":false,"hasWhiteboard":false,"code":null}},{"type":"Feature","geometry":{"type":"Polygon","coordinates":[[[16.615943,49.210241],[16.615929,49.210236],[16.615911,49.210256],[16.615925,49.210261],[16.615943,49.210241]]]},"properties":{"id":67653,"buildingId":54678,"floorId":67547,"floorLevel":1,"name":"","type":"stairs","category":"circulation","label":"Stairs","passportNumber":null,"seats":null,"hasProjector":false,"hasWhiteboard":false,"code":null}},{"type":"Feature","geometry":{"type":"Polygon","coordinates":[[[16.615988,49.210258],[16.615974,49.210253],[16.615956,49.210273],[16.615971,49.210278],[16.615975,49.210273],[16.615983,49.210263],[16.615988,49.210258]]]},"properties":{"id":67654,"buildingId":54678,"floorId":67547,"floorLevel":1,"name":"","type":"stairs","category":"circulation","label":"Stairs","passportNumber":null,"seats":null,"hasProjector":false,"hasWhiteboard":false,"code":null}},{"type":"Feature","geometry":{"type":"Polygon","coordinates":[[[16.615544,49.209764],[16.615535,49.20976],[16.615527,49.209769],[16.615537,49.209772],[16.615544,49.209764]]]},"properties":{"id":67681,"buildingId":54678,"floorId":67547,"floorLevel":1,"name":"","type":"elevator","category":"circulation","label":"Elevator","passportNumber":null,"seats":null,"hasProjector":false,"hasWhiteboard":false,"code":null}},{"type":"Feature","geometry":{"type":"Polygon","coordinates":[[[16.615888,49.210166],[16.615879,49.210162],[16.615881,49.21016],[16.615862,49.210153],[16.61585,49.210166],[16.615878,49.210177],[16.615888,49.210166]]]},"properties":{"id":67917,"buildingId":54678,"floorId":67547,"floorLevel":1,"name":"","type":"room","category":"other","label":"Room","passportNumber":null,"seats":null,"hasProjector":false,"hasWhiteboard":false,"code":null}},{"type":"Feature","geometry":{"type":"Polygon","coordinates":[[[16.615988,49.210176],[16.616013,49.210186],[16.616019,49.210179],[16.616024,49.210181],[16.616025,49.21018],[16.616044,49.210158],[16.616045,49.210158],[16.616039,49.210155],[16.616046,49.210148],[16.616034,49.210143],[16.616038,49.210139],[16.61605,49.210143],[16.616056,49.210136],[16.616062,49.210139],[16.616062,49.210138],[16.616081,49.210116],[16.616082,49.210115],[16.616077,49.210113],[16.616083,49.210105],[16.616071,49.210101],[16.616075,49.210096],[16.616087,49.210101],[16.616093,49.210094],[16.616098,49.210096],[16.616099,49.210096],[16.616118,49.210074],[16.616119,49.210073],[16.616114,49.210071],[16.61612,49.210063],[16.61611,49.210059],[16.616113,49.210057],[16.616037,49.210029],[16.616033,49.210027],[16.616025,49.210024],[16.616022,49.210023],[16.616014,49.21002],[16.61601,49.210018],[16.615962,49.21],[16.61596,49.210003],[16.615948,49.209998],[16.615941,49.210006],[16.615936,49.210004],[16.615935,49.210005],[16.615916,49.210027],[16.615916,49.210028],[16.615921,49.21003],[16.615915,49.210036],[16.615927,49.210041],[16.615923,49.210045],[16.615911,49.210041],[16.615905,49.210048],[16.615899,49.210046],[16.615898,49.210047],[16.615879,49.210069],[16.615879,49.21007],[16.615884,49.210072],[16.615878,49.210079],[16.61589,49.210083],[16.615886,49.210088],[16.615874,49.210083],[16.615867,49.210091],[16.615862,49.210089],[16.615861,49.21009],[16.615842,49.210111],[16.615841,49.210112],[16.615847,49.210114],[16.615841,49.210121],[16.615866,49.21013],[16.615863,49.210151],[16.615954,49.210185],[16.615962,49.210189],[16.615988,49.210176]]]},"properties":{"id":67918,"buildingId":54678,"floorId":67547,"floorLevel":1,"name":"","type":"room","category":"other","label":"Room","passportNumber":null,"seats":null,"hasProjector":false,"hasWhiteboard":false,"code":null}},{"type":"Feature","geometry":{"type":"Polygon","coordinates":[[[16.615861,49.210151],[16.615864,49.210133],[16.615851,49.210128],[16.615849,49.21013],[16.615837,49.210126],[16.61583,49.210133],[16.615825,49.210131],[16.615824,49.210132],[16.615819,49.21013],[16.6158,49.210152],[16.615805,49.210154],[16.615804,49.210155],[16.61581,49.210157],[16.615803,49.210164],[16.615816,49.210169],[16.615811,49.210174],[16.615834,49.210182],[16.615861,49.210151]]]},"properties":{"id":67919,"buildingId":54678,"floorId":67547,"floorLevel":1,"name":"","type":"room","category":"other","label":"Room","passportNumber":null,"seats":null,"hasProjector":false,"hasWhiteboard":false,"code":null}},{"type":"Feature","geometry":{"type":"Polygon","coordinates":[[[16.615925,49.21018],[16.61589,49.210166],[16.61588,49.210177],[16.615916,49.210191],[16.615925,49.21018]]]},"properties":{"id":67920,"buildingId":54678,"floorId":67547,"floorLevel":1,"name":"","type":"room","category":"other","label":"Room","passportNumber":null,"seats":null,"hasProjector":false,"hasWhiteboard":false,"code":null}},{"type":"Feature","geometry":{"type":"Polygon","coordinates":[[[16.615961,49.21019],[16.615938,49.210181],[16.615936,49.210184],[16.615927,49.21018],[16.615918,49.210191],[16.615949,49.210203],[16.615961,49.21019]]]},"properties":{"id":67921,"buildingId":54678,"floorId":67547,"floorLevel":1,"name":"","type":"room","category":"other","label":"Room","passportNumber":null,"seats":null,"hasProjector":false,"hasWhiteboard":false,"code":null}},{"type":"Feature","geometry":{"type":"Polygon","coordinates":[[[16.61583,49.210189],[16.615824,49.210187],[16.615826,49.210185],[16.615767,49.210162],[16.615758,49.210172],[16.615773,49.210177],[16.615804,49.210189],[16.615818,49.210194],[16.615824,49.210196],[16.61583,49.210189]]]},"properties":{"id":67922,"buildingId":54678,"floorId":67547,"floorLevel":1,"name":"","type":"stairs","category":"circulation","label":"Stairs","passportNumber":null,"seats":null,"hasProjector":false,"hasWhiteboard":false,"code":null}},{"type":"Feature","geometry":{"type":"Polygon","coordinates":[[[16.615963,49.210224],[16.615975,49.210229],[16.615982,49.210221],[16.615987,49.210223],[16.615988,49.210223],[16.615993,49.210225],[16.616012,49.210203],[16.616007,49.210201],[16.616008,49.2102],[16.616002,49.210198],[16.616009,49.21019],[16.615997,49.210186],[16.616,49.210182],[16.615988,49.210178],[16.615964,49.210189],[16.615967,49.210191],[16.61594,49.210222],[16.615959,49.210229],[16.615963,49.210224]]]},"properties":{"id":67923,"buildingId":54678,"floorId":67547,"floorLevel":1,"name":"","type":"room","category":"other","label":"Room","passportNumber":null,"seats":null,"hasProjector":false,"hasWhiteboard":false,"code":null}},{"type":"Feature","geometry":{"type":"Polygon","coordinates":[[[16.61574,49.210193],[16.615734,49.2102],[16.615733,49.210201],[16.615755,49.21021],[16.615769,49.210215],[16.615792,49.210224],[16.615793,49.210222],[16.6158,49.210214],[16.615786,49.210209],[16.615755,49.210197],[16.615741,49.210192],[16.61574,49.210193]]]},"properties":{"id":67924,"buildingId":54678,"floorId":67547,"floorLevel":1,"name":"","type":"stairs","category":"circulation","label":"Stairs","passportNumber":null,"seats":null,"hasProjector":false,"hasWhiteboard":false,"code":null}},{"type":"Feature","geometry":{"type":"Polygon","coordinates":[[[16.615996,49.210249],[16.615937,49.210226],[16.615929,49.210236],[16.615943,49.210241],[16.615974,49.210253],[16.615988,49.210258],[16.615996,49.210249]]]},"properties":{"id":67925,"buildingId":54678,"floorId":67547,"floorLevel":1,"name":"","type":"stairs","category":"circulation","label":"Stairs","passportNumber":null,"seats":null,"hasProjector":false,"hasWhiteboard":false,"code":null}},{"type":"Feature","geometry":{"type":"Polygon","coordinates":[[[16.615911,49.210256],[16.615905,49.210263],[16.615903,49.210265],[16.615925,49.210274],[16.61594,49.210279],[16.615962,49.210288],[16.615963,49.210286],[16.615969,49.210279],[16.615971,49.210278],[16.615956,49.210273],[16.615925,49.210261],[16.615911,49.210256]]]},"properties":{"id":67926,"buildingId":54678,"floorId":67547,"floorLevel":1,"name":"","type":"stairs","category":"circulation","label":"Stairs","passportNumber":null,"seats":null,"hasProjector":false,"hasWhiteboard":false,"code":null}},{"type":"Feature","geometry":{"type":"Polygon","coordinates":[[[16.616198,49.209904],[16.616187,49.2099],[16.616172,49.209894],[16.616146,49.209884],[16.616131,49.209879],[16.616119,49.209874],[16.616072,49.209928],[16.616092,49.209936],[16.616123,49.2099],[16.616131,49.209902],[16.616099,49.209938],[16.616124,49.209948],[16.616155,49.209912],[16.616163,49.209914],[16.616131,49.20995],[16.616151,49.209958],[16.616198,49.209904]]]},"properties":{"id":72028,"buildingId":54678,"floorId":71927,"floorLevel":2,"name":"","type":"stairs","category":"circulation","label":"Stairs","passportNumber":null,"seats":null,"hasProjector":false,"hasWhiteboard":false,"code":null}},{"type":"Feature","geometry":{"type":"Polygon","coordinates":[[[16.616628,49.210223],[16.616628,49.210224],[16.61663,49.210223],[16.616631,49.210225],[16.616674,49.210218],[16.616673,49.210215],[16.616675,49.210215],[16.616675,49.210214],[16.616682,49.210213],[16.61667,49.210185],[16.616663,49.210187],[16.616663,49.210186],[16.616661,49.210186],[16.61666,49.210184],[16.616617,49.210192],[16.616618,49.210194],[16.616616,49.210194],[16.616617,49.210195],[16.616595,49.210199],[16.616592,49.210203],[16.61659,49.210205],[16.61659,49.210207],[16.616589,49.21021],[16.61659,49.210213],[16.616591,49.210215],[16.616592,49.210217],[16.616595,49.21022],[16.616597,49.210222],[16.6166,49.210224],[16.616607,49.210226],[16.616628,49.210223]]]},"properties":{"id":72029,"buildingId":54678,"floorId":71927,"floorLevel":2,"name":"","type":"stairs","category":"circulation","label":"Stairs","passportNumber":null,"seats":null,"hasProjector":false,"hasWhiteboard":false,"code":null}},{"type":"Feature","geometry":{"type":"Polygon","coordinates":[[[16.615806,49.210208],[16.615792,49.210202],[16.615786,49.210209],[16.615755,49.210197],[16.615767,49.210184],[16.615753,49.210178],[16.615746,49.210186],[16.615733,49.210201],[16.615755,49.21021],[16.615769,49.210215],[16.615792,49.210224],[16.615794,49.210221],[16.615802,49.210212],[16.615806,49.210208]]]},"properties":{"id":72030,"buildingId":54678,"floorId":71927,"floorLevel":2,"name":"","type":"stairs","category":"circulation","label":"Stairs","passportNumber":null,"seats":null,"hasProjector":false,"hasWhiteboard":false,"code":null}},{"type":"Feature","geometry":{"type":"Polygon","coordinates":[[[16.615988,49.210258],[16.615974,49.210253],[16.615956,49.210273],[16.615925,49.210261],[16.615943,49.210241],[16.615929,49.210236],[16.615913,49.210254],[16.615905,49.210263],[16.615903,49.210265],[16.615925,49.210274],[16.61594,49.210279],[16.615962,49.210288],[16.615975,49.210273],[16.615983,49.210263],[16.615988,49.210258]]]},"properties":{"id":72031,"buildingId":54678,"floorId":71927,"floorLevel":2,"name":"","type":"stairs","category":"circulation","label":"Stairs","passportNumber":null,"seats":null,"hasProjector":false,"hasWhiteboard":false,"code":null}},{"type":"Feature","geometry":{"type":"Polygon","coordinates":[[[16.615544,49.209764],[16.615535,49.20976],[16.615527,49.209769],[16.615537,49.209772],[16.615544,49.209764]]]},"properties":{"id":72066,"buildingId":54678,"floorId":71927,"floorLevel":2,"name":"","type":"elevator","category":"circulation","label":"Elevator","passportNumber":null,"seats":null,"hasProjector":false,"hasWhiteboard":false,"code":null}},{"type":"Feature","geometry":{"type":"Polygon","coordinates":[[[16.615505,49.20981],[16.615511,49.20981],[16.615515,49.209809],[16.61552,49.209807],[16.615522,49.209806],[16.615525,49.209805],[16.615528,49.209803],[16.615531,49.209799],[16.615525,49.209785],[16.615526,49.209785],[16.615526,49.209784],[16.61553,49.209783],[16.615518,49.209755],[16.615514,49.209755],[16.615514,49.209754],[16.615513,49.209754],[16.615511,49.209749],[16.615468,49.209757],[16.61547,49.209761],[16.615469,49.209762],[16.61547,49.209763],[16.615466,49.209764],[16.615478,49.209792],[16.615481,49.209792],[16.615481,49.209792],[16.615483,49.209792],[16.615488,49.209806],[16.615496,49.209809],[16.6155,49.20981],[16.615505,49.20981]]]},"properties":{"id":72096,"buildingId":54678,"floorId":71927,"floorLevel":2,"name":"","type":"stairs","category":"circulation","label":"Stairs","passportNumber":null,"seats":null,"hasProjector":false,"hasWhiteboard":false,"code":null}},{"type":"Feature","geometry":{"type":"Polygon","coordinates":[[[16.615754,49.210177],[16.615753,49.210178],[16.615767,49.210184],[16.615773,49.210177],[16.615804,49.210189],[16.615792,49.210202],[16.615806,49.210208],[16.615818,49.210194],[16.615824,49.210196],[16.61583,49.210189],[16.615824,49.210187],[16.615826,49.210185],[16.615767,49.210162],[16.615754,49.210177]]]},"properties":{"id":72315,"buildingId":54678,"floorId":71927,"floorLevel":2,"name":"","type":"stairs","category":"circulation","label":"Stairs","passportNumber":null,"seats":null,"hasProjector":false,"hasWhiteboard":false,"code":null}},{"type":"Feature","geometry":{"type":"Polygon","coordinates":[[[16.615996,49.210249],[16.615937,49.210226],[16.615935,49.210229],[16.615929,49.210236],[16.615943,49.210241],[16.615974,49.210253],[16.615988,49.210258],[16.615996,49.210249]]]},"properties":{"id":72332,"buildingId":54678,"floorId":71927,"floorLevel":2,"name":"","type":"stairs","category":"circulation","label":"Stairs","passportNumber":null,"seats":null,"hasProjector":false,"hasWhiteboard":false,"code":null}},{"type":"Feature","geometry":{"type":"Polygon","coordinates":[[[16.616644,49.210177],[16.616635,49.210173],[16.616627,49.210182],[16.616637,49.210186],[16.616644,49.210177]]]},"properties":{"id":72366,"buildingId":54678,"floorId":71927,"floorLevel":2,"name":"","type":"elevator","category":"circulation","label":"Elevator","passportNumber":null,"seats":null,"hasProjector":false,"hasWhiteboard":false,"code":null}},{"type":"Feature","geometry":{"type":"Polygon","coordinates":[[[16.615483,49.209754],[16.615483,49.209754],[16.615483,49.209753],[16.615483,49.209753],[16.615484,49.209753],[16.615493,49.209751],[16.615494,49.209751],[16.615495,49.209751],[16.615496,49.209751],[16.615496,49.209752],[16.615498,49.209758],[16.615514,49.209755],[16.615514,49.209754],[16.615513,49.209754],[16.61551,49.209749],[16.615516,49.209746],[16.615522,49.209749],[16.615526,49.209744],[16.615533,49.209737],[16.615538,49.209731],[16.615512,49.209721],[16.615496,49.209739],[16.615493,49.209739],[16.615476,49.209742],[16.615473,49.209743],[16.615466,49.209751],[16.615468,49.209757],[16.615483,49.209754]]]},"properties":{"id":75224,"buildingId":54678,"floorId":75136,"floorLevel":4,"name":"","type":"floor","category":"structure","label":"Corridor","passportNumber":null,"seats":null,"hasProjector":false,"hasWhiteboard":false,"code":null}},{"type":"Feature","geometry":{"type":"Polygon","coordinates":[[[16.615507,49.20981],[16.61551,49.20981],[16.615515,49.209809],[16.615516,49.209808],[16.615519,49.209808],[16.615522,49.209806],[16.615524,49.209805],[16.615527,49.209803],[16.615529,49.209801],[16.615531,49.209799],[16.615525,49.209785],[16.615526,49.209785],[16.615526,49.209784],[16.61553,49.209783],[16.615518,49.209755],[16.615514,49.209755],[16.615498,49.209758],[16.615496,49.209758],[16.615511,49.209795],[16.615502,49.209796],[16.615485,49.209754],[16.615483,49.209754],[16.615468,49.209757],[16.61547,49.209761],[16.615469,49.209762],[16.61547,49.209763],[16.615468,49.209763],[16.61548,49.209792],[16.615481,49.209792],[16.615481,49.209792],[16.615483,49.209792],[16.615488,49.209806],[16.615492,49.209808],[16.615497,49.209809],[16.615501,49.20981],[16.615503,49.20981],[16.615507,49.20981]]]},"properties":{"id":75225,"buildingId":54678,"floorId":75136,"floorLevel":4,"name":"","type":"stairs","category":"circulation","label":"Stairs","passportNumber":null,"seats":null,"hasProjector":false,"hasWhiteboard":false,"code":null}},{"type":"Feature","geometry":{"type":"Polygon","coordinates":[[[16.616082,49.209964],[16.615996,49.209931],[16.615988,49.209941],[16.616074,49.209973],[16.616082,49.209964]]]},"properties":{"id":75226,"buildingId":54678,"floorId":75136,"floorLevel":4,"name":"","type":"stairs","category":"circulation","label":"Stairs","passportNumber":null,"seats":null,"hasProjector":false,"hasWhiteboard":false,"code":null}},{"type":"Feature","geometry":{"type":"Polygon","coordinates":[[[16.616185,49.210002],[16.616099,49.20997],[16.616091,49.209979],[16.616176,49.210012],[16.616185,49.210002]]]},"properties":{"id":75228,"buildingId":54678,"floorId":75136,"floorLevel":4,"name":"","type":"stairs","category":"circulation","label":"Stairs","passportNumber":null,"seats":null,"hasProjector":false,"hasWhiteboard":false,"code":null}},{"type":"Feature","geometry":{"type":"Polygon","coordinates":[[[16.616644,49.210177],[16.616635,49.210173],[16.616627,49.210182],[16.616637,49.210186],[16.616644,49.210177]]]},"properties":{"id":75376,"buildingId":54678,"floorId":75136,"floorLevel":4,"name":"","type":"elevator","category":"circulation","label":"Elevator","passportNumber":null,"seats":null,"hasProjector":false,"hasWhiteboard":false,"code":null}},{"type":"Feature","geometry":{"type":"Polygon","coordinates":[[[16.616628,49.210223],[16.616628,49.210224],[16.61663,49.210223],[16.616631,49.210226],[16.616674,49.210218],[16.616673,49.210215],[16.616669,49.210205],[16.616668,49.210204],[16.616613,49.210214],[16.61661,49.210208],[16.616675,49.210196],[16.616675,49.210195],[16.61667,49.210185],[16.616663,49.210187],[16.616663,49.210186],[16.616661,49.210186],[16.61666,49.210184],[16.616617,49.210192],[16.616618,49.210194],[16.616616,49.210194],[16.616617,49.210195],[16.616595,49.210199],[16.616593,49.210201],[16.616591,49.210203],[16.61659,49.210206],[16.61659,49.210208],[16.61659,49.21021],[16.61659,49.210212],[16.61659,49.210214],[16.616591,49.210216],[16.616593,49.210218],[16.616594,49.21022],[16.616596,49.210222],[16.616599,49.210223],[16.616603,49.210225],[16.616607,49.210226],[16.616628,49.210223]]]},"properties":{"id":75383,"buildingId":54678,"floorId":75136,"floorLevel":4,"name":"","type":"stairs","category":"circulation","label":"Stairs","passportNumber":null,"seats":null,"hasProjector":false,"hasWhiteboard":false,"code":null}},{"type":"Feature","geometry":{"type":"Polygon","coordinates":[[[16.615544,49.209764],[16.615535,49.20976],[16.615527,49.209769],[16.615537,49.209772],[16.615544,49.209764]]]},"properties":{"id":75424,"buildingId":54678,"floorId":75136,"floorLevel":4,"name":"","type":"elevator","category":"circulation","label":"Elevator","passportNumber":null,"seats":null,"hasProjector":false,"hasWhiteboard":false,"code":null}},{"type":"Feature","geometry":{"type":"Polygon","coordinates":[[[16.615804,49.210189],[16.615818,49.210194],[16.615828,49.210183],[16.615813,49.210178],[16.615812,49.210179],[16.615767,49.210162],[16.615758,49.210172],[16.615773,49.210177],[16.615794,49.210185],[16.615798,49.210195],[16.615804,49.210189]]]},"properties":{"id":79899,"buildingId":54678,"floorId":79639,"floorLevel":3,"name":"","type":"stairs","category":"circulation","label":"Stairs","passportNumber":null,"seats":null,"hasProjector":false,"hasWhiteboard":false,"code":null}},{"type":"Feature","geometry":{"type":"Polygon","coordinates":[[[16.615923,49.210233],[16.615929,49.210236],[16.615935,49.210229],[16.615929,49.210226],[16.615934,49.21022],[16.615959,49.210229],[16.615963,49.210224],[16.615975,49.210229],[16.615982,49.210221],[16.615987,49.210223],[16.615988,49.210223],[16.615993,49.210225],[16.616086,49.210118],[16.616081,49.210116],[16.616082,49.210115],[16.616079,49.210114],[16.616081,49.210112],[16.616078,49.210111],[16.616083,49.210105],[16.616086,49.210106],[16.61609,49.210102],[16.616087,49.210101],[16.616092,49.210095],[16.616094,49.210096],[16.616095,49.210095],[16.616098,49.210096],[16.616099,49.210096],[16.616104,49.210097],[16.616123,49.210076],[16.616118,49.210074],[16.616119,49.210073],[16.616114,49.210071],[16.61612,49.210063],[16.616109,49.210059],[16.616111,49.210056],[16.616102,49.210053],[16.616081,49.210051],[16.616071,49.210049],[16.616055,49.210045],[16.616048,49.210044],[16.616039,49.210041],[16.616022,49.210035],[16.616014,49.210031],[16.616006,49.210027],[16.615999,49.210024],[16.615993,49.21002],[16.615982,49.210012],[16.615971,49.210004],[16.615962,49.21],[16.61596,49.210003],[16.615948,49.209998],[16.615941,49.210006],[16.615936,49.210004],[16.615935,49.210005],[16.61593,49.210003],[16.615911,49.210025],[16.615916,49.210027],[16.615916,49.210028],[16.615919,49.210029],[16.615918,49.21003],[16.61592,49.210031],[16.615915,49.210036],[16.615913,49.210035],[16.615909,49.21004],[16.615911,49.210041],[16.615906,49.210046],[16.615904,49.210045],[16.615902,49.210047],[16.615899,49.210046],[16.615898,49.210047],[16.615893,49.210045],[16.615837,49.210109],[16.615842,49.210111],[16.615841,49.210112],[16.615845,49.210113],[16.615844,49.210114],[16.615846,49.210115],[16.615841,49.210121],[16.615839,49.21012],[16.615834,49.210125],[16.615837,49.210126],[16.615832,49.210131],[16.61583,49.21013],[16.615828,49.210132],[16.615825,49.210131],[16.615824,49.210132],[16.615819,49.21013],[16.6158,49.210152],[16.615805,49.210154],[16.615804,49.210155],[16.61581,49.210157],[16.615803,49.210164],[16.615816,49.210169],[16.615811,49.210174],[16.615836,49.210183],[16.615818,49.210203],[16.615917,49.21024],[16.615923,49.210233]]]},"properties":{"id":79916,"buildingId":54678,"floorId":79639,"floorLevel":3,"name":"","type":"room","category":"other","label":"Room","passportNumber":null,"seats":null,"hasProjector":false,"hasWhiteboard":false,"code":null}},{"type":"Feature","geometry":{"type":"Polygon","coordinates":[[[16.615938,49.210247],[16.615943,49.210241],[16.615951,49.210232],[16.615937,49.210226],[16.615935,49.210229],[16.615929,49.210236],[16.615917,49.210249],[16.615931,49.210255],[16.615938,49.210247]]]},"properties":{"id":79922,"buildingId":54678,"floorId":79639,"floorLevel":3,"name":"","type":"stairs","category":"circulation","label":"Stairs","passportNumber":null,"seats":null,"hasProjector":false,"hasWhiteboard":false,"code":null}},{"type":"Feature","geometry":{"type":"Polygon","coordinates":[[[16.615511,49.209749],[16.615508,49.209744],[16.615495,49.209739],[16.615493,49.209739],[16.615476,49.209742],[16.615473,49.209743],[16.615466,49.209751],[16.615468,49.209757],[16.615511,49.209749]]]},"properties":{"id":80081,"buildingId":54678,"floorId":79639,"floorLevel":3,"name":"","type":"floor","category":"structure","label":"Corridor","passportNumber":null,"seats":null,"hasProjector":false,"hasWhiteboard":false,"code":null}},{"type":"Feature","geometry":{"type":"Polygon","coordinates":[[[16.615507,49.20981],[16.61551,49.20981],[16.615513,49.209809],[16.615516,49.209808],[16.615519,49.209807],[16.615522,49.209806],[16.615524,49.209805],[16.615527,49.209803],[16.615529,49.209801],[16.615531,49.209799],[16.615525,49.209785],[16.615526,49.209785],[16.615526,49.209784],[16.61553,49.209783],[16.615518,49.209755],[16.615514,49.209755],[16.615514,49.209754],[16.615513,49.209754],[16.615511,49.209749],[16.615468,49.209757],[16.61547,49.209761],[16.615469,49.209762],[16.61547,49.209763],[16.615466,49.209764],[16.615478,49.209792],[16.615481,49.209792],[16.615481,49.209792],[16.615483,49.209792],[16.615488,49.209806],[16.615492,49.209808],[16.615497,49.209809],[16.6155,49.20981],[16.615503,49.20981],[16.615507,49.20981]]]},"properties":{"id":80082,"buildingId":54678,"floorId":79639,"floorLevel":3,"name":"","type":"stairs","category":"circulation","label":"Stairs","passportNumber":null,"seats":null,"hasProjector":false,"hasWhiteboard":false,"code":null}},{"type":"Feature","geometry":{"type":"Polygon","coordinates":[[[16.616198,49.209904],[16.616189,49.2099],[16.616172,49.209894],[16.616148,49.209885],[16.616131,49.209879],[16.616119,49.209874],[16.616069,49.209931],[16.616149,49.20996],[16.616198,49.209904]]]},"properties":{"id":80083,"buildingId":54678,"floorId":79639,"floorLevel":3,"name":"","type":"stairs","category":"circulation","label":"Stairs","passportNumber":null,"seats":null,"hasProjector":false,"hasWhiteboard":false,"code":null}},{"type":"Feature","geometry":{"type":"Polygon","coordinates":[[[16.616169,49.209993],[16.61617,49.209993],[16.616171,49.209992],[16.616172,49.209993],[16.616182,49.209997],[16.616183,49.209996],[16.616196,49.20998],[16.616197,49.209979],[16.616154,49.209963],[16.616153,49.209964],[16.616148,49.209962],[16.616149,49.20996],[16.616069,49.209931],[16.616068,49.209932],[16.616063,49.20993],[16.616063,49.209929],[16.61602,49.209913],[16.616019,49.209914],[16.616006,49.209929],[16.616005,49.20993],[16.616015,49.209934],[16.616016,49.209935],[16.616016,49.209936],[16.616012,49.209941],[16.616006,49.209948],[16.616005,49.209949],[16.616007,49.209949],[16.616022,49.209955],[16.616024,49.209956],[16.616025,49.209955],[16.616031,49.209948],[16.616036,49.209943],[16.616037,49.209942],[16.616037,49.209942],[16.616048,49.209946],[16.616049,49.209946],[16.616055,49.209948],[16.616054,49.209948],[16.616083,49.209959],[16.616104,49.209967],[16.616133,49.209978],[16.616134,49.209977],[16.616139,49.209979],[16.616139,49.20998],[16.61615,49.209984],[16.61615,49.209985],[16.61615,49.209986],[16.616146,49.209991],[16.61614,49.209998],[16.616138,49.209999],[16.616141,49.21],[16.616156,49.210006],[16.616158,49.210006],[16.616159,49.210005],[16.616165,49.209998],[16.616169,49.209993]]]},"properties":{"id":80084,"buildingId":54678,"floorId":79639,"floorLevel":3,"name":"","type":"floor","category":"structure","label":"Corridor","passportNumber":null,"seats":null,"hasProjector":false,"hasWhiteboard":false,"code":null}},{"type":"Feature","geometry":{"type":"Polygon","coordinates":[[[16.616138,49.21],[16.616128,49.209996],[16.616117,49.210009],[16.616124,49.210011],[16.616125,49.210012],[16.616127,49.210012],[16.616138,49.21]]]},"properties":{"id":80085,"buildingId":54678,"floorId":79639,"floorLevel":3,"name":"","type":"stairs","category":"circulation","label":"Stairs","passportNumber":null,"seats":null,"hasProjector":false,"hasWhiteboard":false,"code":null}},{"type":"Feature","geometry":{"type":"Polygon","coordinates":[[[16.616691,49.21021],[16.6167,49.2102],[16.616705,49.210194],[16.616672,49.210181],[16.616671,49.210185],[16.61667,49.210185],[16.616682,49.210213],[16.616683,49.210213],[16.616686,49.210216],[16.616691,49.21021]]]},"properties":{"id":80086,"buildingId":54678,"floorId":79639,"floorLevel":3,"name":"","type":"floor","category":"structure","label":"Corridor","passportNumber":null,"seats":null,"hasProjector":false,"hasWhiteboard":false,"code":null}},{"type":"Feature","geometry":{"type":"Polygon","coordinates":[[[16.616628,49.210223],[16.616628,49.210224],[16.61663,49.210223],[16.616631,49.210226],[16.616674,49.210218],[16.616673,49.210215],[16.616675,49.210215],[16.616675,49.210214],[16.616682,49.210213],[16.61667,49.210185],[16.616663,49.210187],[16.616663,49.210186],[16.616661,49.210186],[16.61666,49.210184],[16.616617,49.210192],[16.616618,49.210194],[16.616616,49.210194],[16.616617,49.210195],[16.616595,49.210199],[16.616593,49.210201],[16.616591,49.210203],[16.61659,49.210205],[16.61659,49.210207],[16.61659,49.210209],[16.61659,49.210212],[16.61659,49.210214],[16.616591,49.210216],[16.616593,49.210218],[16.616594,49.21022],[16.616597,49.210222],[16.616599,49.210223],[16.616603,49.210225],[16.616607,49.210226],[16.616628,49.210223]]]},"properties":{"id":80087,"buildingId":54678,"floorId":79639,"floorLevel":3,"name":"","type":"stairs","category":"circulation","label":"Stairs","passportNumber":null,"seats":null,"hasProjector":false,"hasWhiteboard":false,"code":null}},{"type":"Feature","geometry":{"type":"Polygon","coordinates":[[[16.615818,49.210194],[16.615804,49.210189],[16.615798,49.210195],[16.615786,49.210209],[16.615755,49.210197],[16.615773,49.210177],[16.615758,49.210172],[16.615754,49.210177],[16.615746,49.210186],[16.61574,49.210193],[16.615734,49.2102],[16.615733,49.210201],[16.615755,49.21021],[16.615769,49.210215],[16.615792,49.210224],[16.615794,49.210221],[16.615802,49.210212],[16.615818,49.210194]]]},"properties":{"id":80088,"buildingId":54678,"floorId":79639,"floorLevel":3,"name":"","type":"stairs","category":"circulation","label":"Stairs","passportNumber":null,"seats":null,"hasProjector":false,"hasWhiteboard":false,"code":null}},{"type":"Feature","geometry":{"type":"Polygon","coordinates":[[[16.615996,49.210249],[16.615951,49.210232],[16.615943,49.210241],[16.615974,49.210253],[16.615956,49.210273],[16.615926,49.210261],[16.615931,49.210255],[16.615917,49.210249],[16.615913,49.210254],[16.615905,49.210263],[16.615903,49.210265],[16.615925,49.210274],[16.61594,49.210279],[16.615962,49.210288],[16.615963,49.210286],[16.615969,49.210279],[16.615975,49.210273],[16.615983,49.210263],[16.615996,49.210249]]]},"properties":{"id":80089,"buildingId":54678,"floorId":79639,"floorLevel":3,"name":"","type":"stairs","category":"circulation","label":"Stairs","passportNumber":null,"seats":null,"hasProjector":false,"hasWhiteboard":false,"code":null}},{"type":"Feature","geometry":{"type":"Polygon","coordinates":[[[16.616644,49.210177],[16.616635,49.210173],[16.616627,49.210182],[16.616637,49.210186],[16.616644,49.210177]]]},"properties":{"id":80090,"buildingId":54678,"floorId":79639,"floorLevel":3,"name":"","type":"elevator","category":"circulation","label":"Elevator","passportNumber":null,"seats":null,"hasProjector":false,"hasWhiteboard":false,"code":null}},{"type":"Feature","geometry":{"type":"Polygon","coordinates":[[[16.615544,49.209764],[16.615535,49.20976],[16.615527,49.209769],[16.615537,49.209772],[16.615544,49.209764]]]},"properties":{"id":80091,"buildingId":54678,"floorId":79639,"floorLevel":3,"name":"","type":"elevator","category":"circulation","label":"Elevator","passportNumber":null,"seats":null,"hasProjector":false,"hasWhiteboard":false,"code":null}},{"type":"Feature","geometry":{"type":"Polygon","coordinates":[[[16.616133,49.209984],[16.616099,49.209971],[16.6161,49.20997],[16.616099,49.209969],[16.616099,49.209968],[16.6161,49.209969],[16.616102,49.209968],[16.616102,49.209967],[16.616103,49.209967],[16.616104,49.209967],[16.616083,49.209959],[16.616083,49.20996],[16.616084,49.20996],[16.616084,49.209961],[16.616083,49.209962],[16.616084,49.209963],[16.616083,49.209963],[16.616082,49.209963],[16.616081,49.209964],[16.616046,49.209951],[16.616038,49.209961],[16.616125,49.209994],[16.616133,49.209984]]]},"properties":{"id":80093,"buildingId":54678,"floorId":79639,"floorLevel":3,"name":"","type":"stairs","category":"circulation","label":"Stairs","passportNumber":null,"seats":null,"hasProjector":false,"hasWhiteboard":false,"code":null}},{"type":"Feature","geometry":{"type":"Polygon","coordinates":[[[16.61558,49.209674],[16.615555,49.209665],[16.615559,49.20966],[16.615543,49.209654],[16.615539,49.209659],[16.615511,49.209648],[16.615515,49.209643],[16.615498,49.209637],[16.615494,49.209642],[16.615466,49.209631],[16.61547,49.209627],[16.615454,49.209621],[16.61545,49.209625],[16.615434,49.209619],[16.615392,49.209668],[16.61541,49.209675],[16.615421,49.209679],[16.615538,49.209723],[16.615538,49.209722],[16.615545,49.209715],[16.61558,49.209674]]]},"properties":{"id":57575,"buildingId":54678,"floorId":57574,"floorLevel":-1,"name":"BA01P1056","type":"storage","category":"service","label":"Storage","passportNumber":"BA01P1056","seats":null,"hasProjector":false,"hasWhiteboard":false,"code":943}},{"type":"Feature","geometry":{"type":"Polygon","coordinates":[[[16.615564,49.209733],[16.61557,49.209735],[16.615571,49.209734],[16.615577,49.209727],[16.615613,49.209686],[16.615606,49.209684],[16.615608,49.209682],[16.61559,49.209675],[16.615588,49.209677],[16.615584,49.209675],[16.615548,49.209716],[16.615542,49.209723],[16.615541,49.209724],[16.615546,49.209726],[16.615541,49.209732],[16.615558,49.209739],[16.615564,49.209733]]]},"properties":{"id":57576,"buildingId":54678,"floorId":57574,"floorLevel":-1,"name":"BA01P1057","type":"office","category":"office","label":"Office","passportNumber":"BA01P1057","seats":null,"hasProjector":false,"hasWhiteboard":false,"code":943}},{"type":"Feature","geometry":{"type":"Polygon","coordinates":[[[16.615505,49.209732],[16.615506,49.209732],[16.615514,49.209724],[16.61551,49.209722],[16.615491,49.209715],[16.615471,49.209708],[16.615468,49.209712],[16.615456,49.209708],[16.615446,49.20972],[16.615457,49.209724],[16.615455,49.209726],[16.615482,49.209736],[16.615505,49.209732]]]},"properties":{"id":57577,"buildingId":54678,"floorId":57574,"floorLevel":-1,"name":"BA01P1055","type":"floor","category":"structure","label":"Corridor","passportNumber":"BA01P1055","seats":null,"hasProjector":false,"hasWhiteboard":false,"code":943}},{"type":"Feature","geometry":{"type":"Polygon","coordinates":[[[16.615759,49.209742],[16.615751,49.209738],[16.615753,49.209736],[16.615736,49.20973],[16.615734,49.209732],[16.615714,49.209725],[16.615716,49.209722],[16.6157,49.209716],[16.615698,49.209718],[16.615678,49.209711],[16.61568,49.209709],[16.615664,49.209703],[16.615662,49.209705],[16.615642,49.209697],[16.615644,49.209695],[16.615627,49.209689],[16.615625,49.209691],[16.615616,49.209688],[16.615581,49.209728],[16.615574,49.209736],[16.615574,49.209736],[16.615582,49.20974],[16.615577,49.209746],[16.61558,49.209747],[16.615591,49.209752],[16.615594,49.209753],[16.6156,49.209746],[16.61562,49.209754],[16.615636,49.20976],[16.615717,49.20979],[16.615727,49.209779],[16.615759,49.209742]]]},"properties":{"id":57578,"buildingId":54678,"floorId":57574,"floorLevel":-1,"name":"BA01P1058","type":"storage","category":"service","label":"Storage","passportNumber":"BA01P1058","seats":null,"hasProjector":false,"hasWhiteboard":false,"code":943}},{"type":"Feature","geometry":{"type":"Polygon","coordinates":[[[16.615644,49.209773],[16.61563,49.209767],[16.615633,49.209763],[16.615616,49.209757],[16.615613,49.209761],[16.615591,49.209753],[16.615579,49.209748],[16.615514,49.209724],[16.615506,49.209732],[16.615506,49.209732],[16.615505,49.209734],[16.615511,49.209748],[16.615516,49.209746],[16.615524,49.209749],[16.615524,49.20975],[16.615552,49.20976],[16.615552,49.20976],[16.615559,49.209762],[16.615559,49.209763],[16.615577,49.209769],[16.615588,49.209774],[16.615618,49.209785],[16.615629,49.209789],[16.61563,49.209789],[16.615637,49.209782],[16.615643,49.209774],[16.615644,49.209773]]]},"properties":{"id":57579,"buildingId":54678,"floorId":57574,"floorLevel":-1,"name":"BA01P1029","type":"floor","category":"structure","label":"Corridor","passportNumber":"BA01P1029","seats":null,"hasProjector":false,"hasWhiteboard":false,"code":991}},{"type":"Feature","geometry":{"type":"Polygon","coordinates":[[[16.615592,49.209777],[16.615587,49.209775],[16.615576,49.209771],[16.615558,49.209764],[16.615546,49.209777],[16.615563,49.209784],[16.61558,49.20979],[16.615592,49.209777]]]},"properties":{"id":57580,"buildingId":54678,"floorId":57574,"floorLevel":-1,"name":"BA01P1032","type":"toilet","category":"service","label":"Toilet","passportNumber":"BA01P1032","seats":null,"hasProjector":false,"hasWhiteboard":false,"code":943}},{"type":"Feature","geometry":{"type":"Polygon","coordinates":[[[16.6158,49.209806],[16.615833,49.209769],[16.615823,49.209766],[16.615825,49.209763],[16.615809,49.209757],[16.615807,49.209759],[16.615787,49.209752],[16.615789,49.20975],[16.615773,49.209744],[16.615771,49.209746],[16.615762,49.209743],[16.615729,49.20978],[16.615719,49.209791],[16.615725,49.209793],[16.615719,49.209799],[16.615737,49.209806],[16.615743,49.2098],[16.61579,49.209818],[16.6158,49.209806]]]},"properties":{"id":57581,"buildingId":54678,"floorId":57574,"floorLevel":-1,"name":"BA01P1059","type":"office","category":"office","label":"Office","passportNumber":"BA01P1059","seats":null,"hasProjector":false,"hasWhiteboard":false,"code":943}},{"type":"Feature","geometry":{"type":"Polygon","coordinates":[[[16.615629,49.20979],[16.615628,49.20979],[16.615617,49.209786],[16.615598,49.209779],[16.615583,49.209797],[16.615588,49.209799],[16.615596,49.209802],[16.615599,49.209803],[16.615607,49.209806],[16.615613,49.209808],[16.615629,49.20979]]]},"properties":{"id":57582,"buildingId":54678,"floorId":57574,"floorLevel":-1,"name":"BA01P1030","type":"toilet","category":"service","label":"Toilet","passportNumber":"BA01P1030","seats":null,"hasProjector":false,"hasWhiteboard":false,"code":943}},{"type":"Feature","geometry":{"type":"Polygon","coordinates":[[[16.615583,49.209793],[16.615579,49.209792],[16.61558,49.20979],[16.615563,49.209784],[16.615561,49.209786],[16.615544,49.20978],[16.615536,49.209789],[16.61554,49.209798],[16.615545,49.2098],[16.615543,49.209802],[16.615558,49.209807],[16.61556,49.209805],[16.615569,49.209809],[16.615583,49.209793]]]},"properties":{"id":57583,"buildingId":54678,"floorId":57574,"floorLevel":-1,"name":"BA01P1033","type":"toilet","category":"service","label":"Toilet","passportNumber":"BA01P1033","seats":null,"hasProjector":false,"hasWhiteboard":false,"code":943}},{"type":"Feature","geometry":{"type":"Polygon","coordinates":[[[16.615465,49.209791],[16.615446,49.209784],[16.615437,49.209794],[16.615456,49.209801],[16.615465,49.209791]]]},"properties":{"id":57584,"buildingId":54678,"floorId":57574,"floorLevel":-1,"name":"BA01P1038","type":"shower","category":"service","label":"Shower","passportNumber":"BA01P1038","seats":null,"hasProjector":false,"hasWhiteboard":false,"code":965}},{"type":"Feature","geometry":{"type":"Polygon","coordinates":[[[16.615613,49.209808],[16.615607,49.209806],[16.615599,49.209803],[16.615597,49.209802],[16.615597,49.209802],[16.615596,49.209802],[16.615588,49.209799],[16.615583,49.209797],[16.615573,49.209808],[16.615587,49.209814],[16.615587,49.209814],[16.615603,49.20982],[16.615613,49.209808]]]},"properties":{"id":57585,"buildingId":54678,"floorId":57574,"floorLevel":-1,"name":"BA01P1031","type":"toilet","category":"service","label":"Toilet","passportNumber":"BA01P1031","seats":null,"hasProjector":false,"hasWhiteboard":false,"code":943}},{"type":"Feature","geometry":{"type":"Polygon","coordinates":[[[16.61548,49.209811],[16.615456,49.209802],[16.615448,49.20981],[16.615448,49.20981],[16.615445,49.209814],[16.615469,49.209823],[16.61547,49.209822],[16.61548,49.209811]]]},"properties":{"id":57587,"buildingId":54678,"floorId":57574,"floorLevel":-1,"name":"BA01P1039","type":"floor","category":"structure","label":"Corridor","passportNumber":"BA01P1039","seats":null,"hasProjector":false,"hasWhiteboard":false,"code":991}},{"type":"Feature","geometry":{"type":"Polygon","coordinates":[[[16.61619,49.209872],[16.616194,49.209873],[16.616203,49.209863],[16.616149,49.209842],[16.616148,49.209844],[16.616146,49.209843],[16.616146,49.209844],[16.61614,49.209842],[16.616133,49.20985],[16.616139,49.209852],[16.616138,49.209852],[16.61614,49.209853],[16.616136,49.209858],[16.616153,49.209864],[16.616157,49.209859],[16.616166,49.209863],[16.616163,49.209866],[16.616187,49.209875],[16.61619,49.209872]]]},"properties":{"id":57588,"buildingId":54678,"floorId":57574,"floorLevel":-1,"name":"BA01P1063","type":"storage","category":"service","label":"Storage","passportNumber":"BA01P1063","seats":null,"hasProjector":false,"hasWhiteboard":false,"code":941}},{"type":"Feature","geometry":{"type":"Polygon","coordinates":[[[16.616152,49.209865],[16.616137,49.209859],[16.616122,49.209876],[16.616122,49.209876],[16.61613,49.209879],[16.616137,49.209882],[16.616152,49.209865]]]},"properties":{"id":57591,"buildingId":54678,"floorId":57574,"floorLevel":-1,"name":"BA01P1064","type":"utility_room","category":"service","label":"Utility","passportNumber":"BA01P1064","seats":null,"hasProjector":false,"hasWhiteboard":false,"code":991}},{"type":"Feature","geometry":{"type":"Polygon","coordinates":[[[16.615436,49.20981],[16.615445,49.209814],[16.615448,49.20981],[16.615449,49.209809],[16.615449,49.209809],[16.615455,49.209802],[16.615455,49.209802],[16.615436,49.209795],[16.61543,49.209793],[16.615443,49.209778],[16.615446,49.209779],[16.61546,49.209762],[16.615458,49.209761],[16.615462,49.209757],[16.615469,49.209757],[16.61547,49.20976],[16.615472,49.209759],[16.615485,49.209757],[16.615488,49.209757],[16.615487,49.209755],[16.615493,49.209754],[16.615493,49.209756],[16.615512,49.209752],[16.615505,49.209734],[16.615463,49.209742],[16.615461,49.209741],[16.615468,49.209733],[16.615454,49.209728],[16.615426,49.209759],[16.615421,49.209757],[16.615411,49.209769],[16.615416,49.209771],[16.615406,49.209783],[16.615395,49.209779],[16.615385,49.20979],[16.615396,49.209794],[16.615385,49.209807],[16.61538,49.209805],[16.61537,49.209816],[16.615375,49.209818],[16.615371,49.209822],[16.615382,49.209826],[16.615393,49.20983],[16.615412,49.209837],[16.615413,49.209837],[16.615419,49.20983],[16.615421,49.209827],[16.615428,49.20982],[16.615436,49.20981]]]},"properties":{"id":57593,"buildingId":54678,"floorId":57574,"floorLevel":-1,"name":"BA01P1036","type":"floor","category":"structure","label":"Corridor","passportNumber":"BA01P1036","seats":null,"hasProjector":false,"hasWhiteboard":false,"code":991}},{"type":"Feature","geometry":{"type":"Polygon","coordinates":[[[16.615464,49.209834],[16.615461,49.209833],[16.615467,49.209825],[16.615456,49.209821],[16.615457,49.20982],[16.615437,49.209812],[16.615429,49.209821],[16.615423,49.209828],[16.615423,49.209829],[16.615454,49.20984],[16.615454,49.20984],[16.615458,49.209841],[16.615464,49.209834]]]},"properties":{"id":57594,"buildingId":54678,"floorId":57574,"floorLevel":-1,"name":"BA01P1040","type":"toilet","category":"service","label":"Toilet","passportNumber":"BA01P1040","seats":null,"hasProjector":false,"hasWhiteboard":false,"code":991}},{"type":"Feature","geometry":{"type":"Polygon","coordinates":[[[16.616174,49.209889],[16.616181,49.209892],[16.616191,49.209879],[16.616185,49.209877],[16.616186,49.209876],[16.616162,49.209867],[16.616162,49.209868],[16.616153,49.209865],[16.616143,49.209877],[16.616151,49.20988],[16.616147,49.209885],[16.616157,49.209889],[16.616169,49.209893],[16.61617,49.209894],[16.616174,49.209889]]]},"properties":{"id":57595,"buildingId":54678,"floorId":57574,"floorLevel":-1,"name":"BA01P1065","type":"regulatory_station","category":"other","label":"regulatory station","passportNumber":"BA01P1065","seats":null,"hasProjector":false,"hasWhiteboard":false,"code":965}},{"type":"Feature","geometry":{"type":"Polygon","coordinates":[[[16.615393,49.209832],[16.615392,49.209831],[16.615381,49.209827],[16.61537,49.209823],[16.615362,49.209833],[16.615373,49.209837],[16.615384,49.209842],[16.615393,49.209832]]]},"properties":{"id":57596,"buildingId":54678,"floorId":57574,"floorLevel":-1,"name":"BA01P1043","type":"toilet","category":"service","label":"Toilet","passportNumber":"BA01P1043","seats":null,"hasProjector":false,"hasWhiteboard":false,"code":991}},{"type":"Feature","geometry":{"type":"Polygon","coordinates":[[[16.615446,49.209849],[16.61545,49.209851],[16.615456,49.209843],[16.615453,49.209842],[16.615453,49.209842],[16.615422,49.20983],[16.615421,49.20983],[16.615415,49.209837],[16.615413,49.20984],[16.615425,49.209844],[16.615444,49.209851],[16.615446,49.209849]]]},"properties":{"id":57598,"buildingId":54678,"floorId":57574,"floorLevel":-1,"name":"BA01P1041","type":"toilet","category":"service","label":"Toilet","passportNumber":"BA01P1041","seats":null,"hasProjector":false,"hasWhiteboard":false,"code":991}},{"type":"Feature","geometry":{"type":"Polygon","coordinates":[[[16.615409,49.209842],[16.615408,49.209841],[16.615401,49.209839],[16.615391,49.209835],[16.615385,49.209842],[16.615392,49.209845],[16.615401,49.209849],[16.615402,49.209849],[16.615409,49.209842]]]},"properties":{"id":57599,"buildingId":54678,"floorId":57574,"floorLevel":-1,"name":"BA01P1045","type":"storage","category":"service","label":"Storage","passportNumber":"BA01P1045","seats":null,"hasProjector":false,"hasWhiteboard":false,"code":991}},{"type":"Feature","geometry":{"type":"Polygon","coordinates":[[[16.616247,49.209904],[16.616251,49.209895],[16.616249,49.209885],[16.616248,49.209883],[16.616238,49.209875],[16.616234,49.209874],[16.61622,49.20989],[16.616216,49.209889],[16.616206,49.209901],[16.616211,49.209903],[16.61621,49.209905],[16.616214,49.209906],[16.616225,49.20991],[16.616237,49.209915],[16.616247,49.209904]]]},"properties":{"id":57600,"buildingId":54678,"floorId":57574,"floorLevel":-1,"name":"BA01P1002","type":"storage","category":"service","label":"Storage","passportNumber":"BA01P1002","seats":null,"hasProjector":false,"hasWhiteboard":false,"code":944}},{"type":"Feature","geometry":{"type":"Polygon","coordinates":[[[16.616077,49.209847],[16.616074,49.209846],[16.616082,49.209838],[16.616078,49.209836],[16.616062,49.20983],[16.616058,49.209829],[16.61605,49.209837],[16.616047,49.209836],[16.616039,49.209845],[16.616028,49.209841],[16.616036,49.209832],[16.616032,49.20983],[16.616039,49.209822],[16.616035,49.20982],[16.616019,49.209814],[16.616015,49.209813],[16.616007,49.209821],[16.616004,49.20982],[16.615995,49.20983],[16.615982,49.209825],[16.61594,49.209874],[16.615961,49.209882],[16.615973,49.209886],[16.616004,49.209898],[16.616016,49.209903],[16.616026,49.209906],[16.616039,49.209891],[16.616045,49.209884],[16.616077,49.209847]]]},"properties":{"id":57601,"buildingId":54678,"floorId":57574,"floorLevel":-1,"name":"BA01P1060","type":"office","category":"office","label":"Office","passportNumber":"BA01P1060","seats":null,"hasProjector":false,"hasWhiteboard":false,"code":941}},{"type":"Feature","geometry":{"type":"Polygon","coordinates":[[[16.615402,49.20985],[16.615401,49.209849],[16.615391,49.209846],[16.615383,49.209843],[16.615384,49.209842],[16.615373,49.209837],[16.615372,49.209839],[16.615361,49.209834],[16.615352,49.209844],[16.615352,49.209844],[16.615346,49.209851],[16.615364,49.209858],[16.61537,49.209851],[16.615374,49.209853],[16.615368,49.20986],[16.615387,49.209867],[16.615402,49.20985]]]},"properties":{"id":57602,"buildingId":54678,"floorId":57574,"floorLevel":-1,"name":"BA01P1044","type":"toilet","category":"service","label":"Toilet","passportNumber":"BA01P1044","seats":null,"hasProjector":false,"hasWhiteboard":false,"code":991}},{"type":"Feature","geometry":{"type":"Polygon","coordinates":[[[16.616111,49.209873],[16.616097,49.209867],[16.616087,49.209863],[16.61607,49.209857],[16.616046,49.209884],[16.61604,49.209891],[16.616027,49.209907],[16.616044,49.209913],[16.616056,49.209918],[16.616068,49.209922],[16.616111,49.209873]]]},"properties":{"id":57603,"buildingId":54678,"floorId":57574,"floorLevel":-1,"name":"BA01P1061","type":"storage","category":"service","label":"Storage","passportNumber":"BA01P1061","seats":null,"hasProjector":false,"hasWhiteboard":false,"code":941}},{"type":"Feature","geometry":{"type":"Polygon","coordinates":[[[16.615428,49.209871],[16.615431,49.209872],[16.61544,49.209862],[16.615437,49.20986],[16.615444,49.209851],[16.615425,49.209844],[16.615423,49.209847],[16.615423,49.209846],[16.615422,49.209846],[16.615411,49.209842],[16.61539,49.209866],[16.615401,49.209871],[16.615401,49.209871],[16.615421,49.209878],[16.615428,49.209871]]]},"properties":{"id":57604,"buildingId":54678,"floorId":57574,"floorLevel":-1,"name":"BA01P1042","type":"toilet","category":"service","label":"Toilet","passportNumber":"BA01P1042","seats":10,"hasProjector":false,"hasWhiteboard":false,"code":991}},{"type":"Feature","geometry":{"type":"Polygon","coordinates":[[[16.615955,49.209913],[16.615941,49.209907],[16.615934,49.209915],[16.615949,49.20992],[16.61595,49.209919],[16.615954,49.209914],[16.615955,49.209913]]]},"properties":{"id":57605,"buildingId":54678,"floorId":57574,"floorLevel":-1,"name":"BA01P1019","type":"utility_room","category":"service","label":"Utility","passportNumber":"BA01P1019","seats":null,"hasProjector":false,"hasWhiteboard":false,"code":991}},{"type":"Feature","geometry":{"type":"Polygon","coordinates":[[[16.616258,49.209959],[16.616262,49.20996],[16.616282,49.209937],[16.616277,49.209935],[16.616286,49.209926],[16.616282,49.209924],[16.61629,49.209916],[16.616285,49.209914],[16.61627,49.209908],[16.616266,49.209907],[16.616258,49.209915],[16.616254,49.209914],[16.616226,49.209946],[16.616229,49.209948],[16.616228,49.209949],[16.616237,49.209953],[16.616249,49.209957],[16.616257,49.20996],[16.616258,49.209959]]]},"properties":{"id":57606,"buildingId":54678,"floorId":57574,"floorLevel":-1,"name":"BA01P1005","type":"office","category":"office","label":"Office","passportNumber":"BA01P1005","seats":null,"hasProjector":false,"hasWhiteboard":false,"code":941}},{"type":"Feature","geometry":{"type":"Polygon","coordinates":[[[16.615902,49.209934],[16.615907,49.209936],[16.615934,49.209905],[16.615926,49.209901],[16.615927,49.2099],[16.615935,49.209903],[16.615937,49.209902],[16.615947,49.20989],[16.615949,49.209887],[16.615881,49.209862],[16.615887,49.209855],[16.615886,49.209855],[16.61587,49.209849],[16.61587,49.209849],[16.615864,49.209855],[16.615845,49.209848],[16.61585,49.209843],[16.615832,49.209836],[16.615827,49.209841],[16.61581,49.209835],[16.615814,49.209829],[16.615796,49.209823],[16.615792,49.209828],[16.615646,49.209773],[16.615645,49.209775],[16.615638,49.209782],[16.615604,49.209822],[16.615612,49.209825],[16.615627,49.20983],[16.615646,49.209838],[16.61564,49.209845],[16.615633,49.209842],[16.615633,49.209844],[16.615633,49.209849],[16.615634,49.209854],[16.615635,49.209858],[16.615637,49.209863],[16.615639,49.209868],[16.615641,49.209872],[16.615644,49.209876],[16.615647,49.209881],[16.61565,49.209884],[16.615654,49.209889],[16.615658,49.209893],[16.615662,49.209896],[16.615666,49.2099],[16.615672,49.209903],[16.615676,49.209906],[16.615682,49.209909],[16.615688,49.209912],[16.615693,49.209915],[16.615699,49.209917],[16.615706,49.20992],[16.615712,49.209921],[16.615719,49.209923],[16.615726,49.209925],[16.615732,49.209926],[16.615739,49.209927],[16.615747,49.209928],[16.615753,49.209928],[16.61576,49.209929],[16.615768,49.209929],[16.615774,49.209929],[16.615781,49.209928],[16.615789,49.209927],[16.615795,49.209927],[16.615802,49.209925],[16.615809,49.209924],[16.615815,49.209922],[16.615822,49.20992],[16.615829,49.209918],[16.615832,49.209917],[16.615827,49.209915],[16.615833,49.209908],[16.615852,49.209915],[16.615868,49.209921],[16.615884,49.209927],[16.615878,49.209934],[16.615881,49.209935],[16.615892,49.209939],[16.615896,49.20994],[16.615902,49.209934]]]},"properties":{"id":57607,"buildingId":54678,"floorId":57574,"floorLevel":-1,"name":"BA01P1028","type":"study_room","category":"teaching","label":"Study room","passportNumber":"BA01P1028","seats":null,"hasProjector":false,"hasWhiteboard":false,"code":944}},{"type":"Feature","geometry":{"type":"Polygon","coordinates":[[[16.616151,49.209955],[16.616153,49.209956],[16.616159,49.209949],[16.616165,49.209942],[16.616179,49.209927],[16.616177,49.209926],[16.61618,49.209922],[16.616176,49.209921],[16.616178,49.209918],[16.616184,49.20992],[16.616197,49.209905],[16.616192,49.209903],[16.61618,49.209899],[16.616168,49.209894],[16.616156,49.20989],[16.616154,49.209889],[16.616146,49.209886],[16.61613,49.20988],[16.616121,49.209877],[16.616118,49.209875],[16.616105,49.209891],[16.616106,49.209891],[16.616101,49.209897],[16.616099,49.209897],[16.616074,49.209926],[16.616075,49.209927],[16.616071,49.209932],[16.616089,49.209938],[16.616094,49.209933],[16.616099,49.209935],[16.616124,49.209906],[16.616119,49.209904],[16.616123,49.2099],[16.616129,49.209902],[16.616129,49.209901],[16.61613,49.209901],[16.616131,49.209901],[16.616132,49.209901],[16.616157,49.20991],[16.616157,49.209911],[16.616158,49.209911],[16.616158,49.209912],[16.616158,49.209912],[16.616163,49.209914],[16.616159,49.209919],[16.616154,49.209917],[16.616128,49.209946],[16.616133,49.209948],[16.616129,49.209953],[16.616147,49.20996],[16.616151,49.209955]]]},"properties":{"id":57608,"buildingId":54678,"floorId":57574,"floorLevel":-1,"name":"BA01P1068","type":"floor","category":"structure","label":"Corridor","passportNumber":"BA01P1068","seats":null,"hasProjector":false,"hasWhiteboard":false,"code":991}},{"type":"Feature","geometry":{"type":"Polygon","coordinates":[[[16.615939,49.209948],[16.615946,49.20995],[16.615973,49.209919],[16.615972,49.209919],[16.615961,49.209915],[16.615957,49.209913],[16.615956,49.209914],[16.615951,49.20992],[16.61595,49.209921],[16.615949,49.209922],[16.615948,49.209921],[16.615928,49.209914],[16.615922,49.209921],[16.615922,49.209922],[16.615915,49.209929],[16.615915,49.209929],[16.615909,49.209936],[16.615916,49.209939],[16.615911,49.209945],[16.615923,49.20995],[16.615924,49.20995],[16.615934,49.209954],[16.615939,49.209948]]]},"properties":{"id":57609,"buildingId":54678,"floorId":57574,"floorLevel":-1,"name":"BA01P1020","type":"toilet","category":"service","label":"Toilet","passportNumber":"BA01P1020","seats":null,"hasProjector":false,"hasWhiteboard":false,"code":944}},{"type":"Feature","geometry":{"type":"Polygon","coordinates":[[[16.616188,49.209967],[16.616198,49.209971],[16.616241,49.209922],[16.616233,49.209919],[16.61621,49.20991],[16.616205,49.209908],[16.616173,49.209944],[16.616165,49.209952],[16.616161,49.209957],[16.61617,49.209961],[16.616165,49.209966],[16.616183,49.209973],[16.616188,49.209967]]]},"properties":{"id":57610,"buildingId":54678,"floorId":57574,"floorLevel":-1,"name":"BA01P1001","type":"substation","category":"other","label":"substation","passportNumber":"BA01P1001","seats":null,"hasProjector":false,"hasWhiteboard":false,"code":992}},{"type":"Feature","geometry":{"type":"Polygon","coordinates":[[[16.615967,49.209962],[16.615969,49.209963],[16.615999,49.209928],[16.615976,49.209919],[16.615945,49.209954],[16.615949,49.209956],[16.615946,49.209959],[16.615947,49.209959],[16.615963,49.209965],[16.615964,49.209965],[16.615967,49.209962]]]},"properties":{"id":57611,"buildingId":54678,"floorId":57574,"floorLevel":-1,"name":"BA01P1018","type":"floor","category":"structure","label":"Corridor","passportNumber":"BA01P1018","seats":null,"hasProjector":false,"hasWhiteboard":false,"code":991}},{"type":"Feature","geometry":{"type":"Polygon","coordinates":[[[16.616212,49.209885],[16.616214,49.209886],[16.616225,49.209873],[16.616224,49.209872],[16.616225,49.209871],[16.61622,49.209869],[16.61621,49.209865],[16.616206,49.209864],[16.616193,49.209878],[16.616196,49.209879],[16.61618,49.209897],[16.616181,49.209898],[16.616193,49.209902],[16.616196,49.209904],[16.616212,49.209885]]]},"properties":{"id":57597,"buildingId":54678,"floorId":57574,"floorLevel":-1,"name":"BA01P1066","type":"storage","category":"service","label":"Storage","passportNumber":"BA01P1066","seats":null,"hasProjector":false,"hasWhiteboard":false,"code":981}},{"type":"Feature","geometry":{"type":"Polygon","coordinates":[[[16.616258,49.209833],[16.616241,49.209827],[16.616234,49.209835],[16.616232,49.209834],[16.616216,49.209852],[16.616218,49.209853],[16.616209,49.209863],[16.616211,49.209863],[16.616222,49.209867],[16.616226,49.209869],[16.616258,49.209833]]]},"properties":{"id":57586,"buildingId":54678,"floorId":57574,"floorLevel":-1,"name":"BA01P1066A","type":"storage","category":"service","label":"Storage","passportNumber":"BA01P1066A","seats":null,"hasProjector":false,"hasWhiteboard":false,"code":981}},{"type":"Feature","geometry":{"type":"Polygon","coordinates":[[[16.616229,49.209983],[16.616239,49.209986],[16.616244,49.209981],[16.61625,49.209973],[16.616258,49.209964],[16.616255,49.209963],[16.616256,49.209961],[16.616248,49.209958],[16.616236,49.209954],[16.616227,49.20995],[16.616225,49.209952],[16.616222,49.20995],[16.616215,49.209958],[16.616219,49.209959],[16.616215,49.209963],[16.616212,49.209962],[16.616202,49.209973],[16.616213,49.209977],[16.616207,49.209983],[16.61621,49.209984],[16.616222,49.209988],[16.616224,49.209989],[16.616229,49.209983]]]},"properties":{"id":57612,"buildingId":54678,"floorId":57574,"floorLevel":-1,"name":"BA01P1004","type":"storage","category":"service","label":"Storage","passportNumber":"BA01P1004","seats":null,"hasProjector":false,"hasWhiteboard":false,"code":941}},{"type":"Feature","geometry":{"type":"Polygon","coordinates":[[[16.615933,49.209955],[16.615881,49.209936],[16.615871,49.209932],[16.615869,49.209933],[16.615861,49.209943],[16.615859,49.209945],[16.615891,49.209957],[16.615887,49.209962],[16.615898,49.209966],[16.615899,49.209967],[16.615908,49.20997],[16.615917,49.209974],[16.615933,49.209955]]]},"properties":{"id":57613,"buildingId":54678,"floorId":57574,"floorLevel":-1,"name":"BA01P1021","type":"library","category":"teaching","label":"Library","passportNumber":"BA01P1021","seats":null,"hasProjector":false,"hasWhiteboard":false,"code":943}},{"type":"Feature","geometry":{"type":"Polygon","coordinates":[[[16.615889,49.209958],[16.615858,49.209946],[16.615855,49.20995],[16.615847,49.209959],[16.615846,49.209962],[16.615876,49.209973],[16.615879,49.209969],[16.615885,49.209962],[16.615889,49.209958]]]},"properties":{"id":57614,"buildingId":54678,"floorId":57574,"floorLevel":-1,"name":"BA01P1027","type":"storage","category":"service","label":"Storage","passportNumber":"BA01P1027","seats":null,"hasProjector":false,"hasWhiteboard":false,"code":944}},{"type":"Feature","geometry":{"type":"Polygon","coordinates":[[[16.615366,49.209941],[16.61537,49.209942],[16.615379,49.209932],[16.615375,49.20993],[16.615388,49.209916],[16.615391,49.209917],[16.6154,49.209907],[16.615397,49.209906],[16.615409,49.209891],[16.615413,49.209892],[16.615422,49.209882],[16.615419,49.209881],[16.615344,49.209853],[16.615341,49.209856],[16.615332,49.209867],[16.615327,49.209873],[16.61533,49.209874],[16.615327,49.209877],[16.615324,49.209876],[16.615302,49.209902],[16.615292,49.209913],[16.615291,49.209914],[16.615304,49.209919],[16.615305,49.209918],[16.615307,49.209919],[16.615304,49.209922],[16.615363,49.209944],[16.615366,49.209941]]]},"properties":{"id":57615,"buildingId":54678,"floorId":57574,"floorLevel":-1,"name":"BA01P1046","type":"library","category":"teaching","label":"Library","passportNumber":"BA01P1046","seats":null,"hasProjector":false,"hasWhiteboard":false,"code":943}},{"type":"Feature","geometry":{"type":"Polygon","coordinates":[[[16.616351,49.209964],[16.61632,49.209952],[16.616329,49.209942],[16.616325,49.209941],[16.616333,49.209932],[16.616328,49.20993],[16.616313,49.209924],[16.616311,49.209924],[16.616303,49.209932],[16.616297,49.20993],[16.616289,49.209939],[16.616286,49.209938],[16.616255,49.209974],[16.616247,49.209983],[16.616243,49.209988],[16.616256,49.209993],[16.61625,49.209999],[16.616266,49.210005],[16.616272,49.209999],[16.616308,49.210012],[16.616351,49.209964]]]},"properties":{"id":57616,"buildingId":54678,"floorId":57574,"floorLevel":-1,"name":"BA01P1003","type":"storage","category":"service","label":"Storage","passportNumber":"BA01P1003","seats":null,"hasProjector":false,"hasWhiteboard":false,"code":941}},{"type":"Feature","geometry":{"type":"Polygon","coordinates":[[[16.615917,49.209974],[16.615907,49.209971],[16.615899,49.209967],[16.615886,49.209982],[16.615904,49.209989],[16.61591,49.209982],[16.615911,49.209981],[16.615917,49.209974]]]},"properties":{"id":57617,"buildingId":54678,"floorId":57574,"floorLevel":-1,"name":"BA01P1023","type":"toilet","category":"service","label":"Toilet","passportNumber":"BA01P1023","seats":null,"hasProjector":false,"hasWhiteboard":false,"code":944}},{"type":"Feature","geometry":{"type":"Polygon","coordinates":[[[16.61528,49.209909],[16.615292,49.209913],[16.615302,49.209902],[16.61529,49.209897],[16.61532,49.209863],[16.615332,49.209867],[16.615341,49.209856],[16.61533,49.209852],[16.615342,49.209838],[16.615349,49.20984],[16.615359,49.209829],[16.615353,49.209826],[16.615364,49.209814],[16.615369,49.209816],[16.615379,49.209804],[16.615374,49.209802],[16.615405,49.209766],[16.61541,49.209768],[16.61542,49.209757],[16.615415,49.209755],[16.615425,49.209743],[16.615432,49.209746],[16.615443,49.209733],[16.615436,49.209731],[16.615446,49.20972],[16.615456,49.209708],[16.61546,49.209703],[16.615458,49.209703],[16.615464,49.209696],[16.615446,49.20969],[16.615441,49.209696],[16.615418,49.209687],[16.615423,49.209681],[16.61542,49.20968],[16.615409,49.209676],[16.615405,49.209675],[16.6154,49.209681],[16.615386,49.209676],[16.615382,49.20968],[16.615381,49.20968],[16.615371,49.20969],[16.615372,49.209691],[16.615361,49.209704],[16.615358,49.209703],[16.615349,49.209713],[16.615352,49.209714],[16.615341,49.209727],[16.615337,49.209726],[16.615328,49.209736],[16.615331,49.209738],[16.615321,49.20975],[16.615316,49.209749],[16.615307,49.209761],[16.61531,49.209763],[16.6153,49.209774],[16.615295,49.209774],[16.615285,49.209785],[16.615288,49.209787],[16.615279,49.209798],[16.615275,49.209797],[16.615265,49.209808],[16.615268,49.209811],[16.615258,49.209821],[16.615254,49.209821],[16.615244,49.209832],[16.615247,49.209834],[16.615238,49.209845],[16.615233,49.209844],[16.615223,49.209856],[16.615226,49.209858],[16.615216,49.209869],[16.615212,49.209868],[16.615202,49.20988],[16.615205,49.209882],[16.615187,49.209903],[16.615183,49.209902],[16.615173,49.209913],[16.615176,49.209915],[16.615172,49.20992],[16.615201,49.209931],[16.615217,49.209937],[16.615246,49.209948],[16.615274,49.209917],[16.615278,49.209912],[16.61528,49.209909]]]},"properties":{"id":57618,"buildingId":54678,"floorId":57574,"floorLevel":-1,"name":"BA01P1054","type":"library","category":"teaching","label":"Library","passportNumber":"BA01P1054","seats":null,"hasProjector":false,"hasWhiteboard":false,"code":943}},{"type":"Feature","geometry":{"type":"Polygon","coordinates":[[[16.615875,49.209974],[16.615846,49.209963],[16.615844,49.209967],[16.615844,49.209972],[16.615847,49.209982],[16.615849,49.209985],[16.615852,49.209988],[16.615855,49.20999],[16.615858,49.209993],[16.61587,49.20998],[16.615875,49.209974]]]},"properties":{"id":57619,"buildingId":54678,"floorId":57574,"floorLevel":-1,"name":"BA01P1026","type":"storage","category":"service","label":"Storage","passportNumber":"BA01P1026","seats":null,"hasProjector":false,"hasWhiteboard":false,"code":944}},{"type":"Feature","geometry":{"type":"Polygon","coordinates":[[[16.615904,49.209989],[16.615885,49.209982],[16.615885,49.209983],[16.615879,49.20999],[16.615877,49.209992],[16.615896,49.209998],[16.615904,49.209989]]]},"properties":{"id":57620,"buildingId":54678,"floorId":57574,"floorLevel":-1,"name":"BA01P1024","type":"storage","category":"service","label":"Storage","passportNumber":"BA01P1024","seats":null,"hasProjector":false,"hasWhiteboard":false,"code":944}},{"type":"Feature","geometry":{"type":"Polygon","coordinates":[[[16.61519,49.209941],[16.61519,49.209941],[16.615196,49.209935],[16.615196,49.209934],[16.615173,49.209925],[16.615172,49.209926],[16.615158,49.209922],[16.615157,49.209923],[16.615156,49.209923],[16.615147,49.209933],[16.615146,49.209934],[16.615171,49.209944],[16.615184,49.209948],[16.615184,49.209948],[16.61519,49.209941]]]},"properties":{"id":57621,"buildingId":54678,"floorId":57574,"floorLevel":-1,"name":"BA01P1052","type":"library","category":"teaching","label":"Library","passportNumber":"BA01P1052","seats":1,"hasProjector":false,"hasWhiteboard":false,"code":943}},{"type":"Feature","geometry":{"type":"Polygon","coordinates":[[[16.615897,49.209967],[16.615886,49.209963],[16.615881,49.209969],[16.615876,49.209974],[16.615871,49.20998],[16.615857,49.209996],[16.615867,49.210001],[16.61587,49.209998],[16.615875,49.209992],[16.615878,49.209989],[16.615883,49.209983],[16.615897,49.209967]]]},"properties":{"id":57622,"buildingId":54678,"floorId":57574,"floorLevel":-1,"name":"BA01P1022","type":"storage","category":"service","label":"Storage","passportNumber":"BA01P1022","seats":null,"hasProjector":false,"hasWhiteboard":false,"code":944}},{"type":"Feature","geometry":{"type":"Polygon","coordinates":[[[16.615895,49.209999],[16.615877,49.209992],[16.615876,49.209993],[16.615871,49.209998],[16.615871,49.209999],[16.615889,49.210006],[16.615895,49.209999]]]},"properties":{"id":57623,"buildingId":54678,"floorId":57574,"floorLevel":-1,"name":"BA01P1025","type":"storage","category":"service","label":"Storage","passportNumber":"BA01P1025","seats":null,"hasProjector":false,"hasWhiteboard":false,"code":944}},{"type":"Feature","geometry":{"type":"Polygon","coordinates":[[[16.61626,49.210028],[16.61625,49.210024],[16.616244,49.21003],[16.616255,49.210034],[16.616255,49.210033],[16.61626,49.210028]]]},"properties":{"id":57624,"buildingId":54678,"floorId":57574,"floorLevel":-1,"name":"BA01P1006","type":"utility_room","category":"service","label":"Utility","passportNumber":"BA01P1006","seats":null,"hasProjector":false,"hasWhiteboard":false,"code":991}},{"type":"Feature","geometry":{"type":"Polygon","coordinates":[[[16.615178,49.209956],[16.615177,49.209955],[16.615183,49.209949],[16.615184,49.209948],[16.615171,49.209944],[16.615146,49.209934],[16.615145,49.209936],[16.615136,49.209946],[16.615137,49.209946],[16.615136,49.209947],[16.615148,49.209953],[16.615148,49.209954],[16.615172,49.209963],[16.615172,49.209963],[16.615178,49.209956]]]},"properties":{"id":57625,"buildingId":54678,"floorId":57574,"floorLevel":-1,"name":"BA01P1051","type":"library","category":"teaching","label":"Library","passportNumber":"BA01P1051","seats":1,"hasProjector":false,"hasWhiteboard":false,"code":943}},{"type":"Feature","geometry":{"type":"Polygon","coordinates":[[[16.615189,49.209969],[16.61519,49.20997],[16.615209,49.209948],[16.615215,49.209941],[16.615214,49.209941],[16.615217,49.209937],[16.615201,49.209931],[16.615197,49.209935],[16.615197,49.209934],[16.61519,49.209942],[16.61519,49.209942],[16.61519,49.209942],[16.615184,49.209948],[16.615185,49.209948],[16.615184,49.209949],[16.615184,49.209949],[16.615178,49.209955],[16.615179,49.209955],[16.615178,49.209956],[16.615172,49.209963],[16.615172,49.209963],[16.615172,49.209963],[16.615172,49.209964],[16.615172,49.209964],[16.615189,49.20997],[16.615189,49.209969]]]},"properties":{"id":57626,"buildingId":54678,"floorId":57574,"floorLevel":-1,"name":"BA01P1050","type":"floor","category":"structure","label":"Corridor","passportNumber":"BA01P1050","seats":null,"hasProjector":false,"hasWhiteboard":false,"code":943}},{"type":"Feature","geometry":{"type":"Polygon","coordinates":[[[16.615249,49.209958],[16.61524,49.209954],[16.615243,49.209952],[16.615215,49.209941],[16.61519,49.20997],[16.615218,49.20998],[16.61522,49.209978],[16.615229,49.209981],[16.615249,49.209958]]]},"properties":{"id":57627,"buildingId":54678,"floorId":57574,"floorLevel":-1,"name":"BA01P1053","type":"library","category":"teaching","label":"Library","passportNumber":"BA01P1053","seats":6,"hasProjector":false,"hasWhiteboard":false,"code":943}},{"type":"Feature","geometry":{"type":"Polygon","coordinates":[[[16.616071,49.210016],[16.616035,49.210002],[16.61601,49.210031],[16.616047,49.210045],[16.616057,49.210033],[16.616063,49.210026],[16.616071,49.210016]]]},"properties":{"id":57628,"buildingId":54678,"floorId":57574,"floorLevel":-1,"name":"BA01P1009","type":"office","category":"office","label":"Office","passportNumber":"BA01P1009","seats":null,"hasProjector":false,"hasWhiteboard":false,"code":944}},{"type":"Feature","geometry":{"type":"Polygon","coordinates":[[[16.616247,49.210063],[16.616258,49.210068],[16.616274,49.210049],[16.616264,49.210045],[16.616264,49.210044],[16.616276,49.210049],[16.616286,49.210038],[16.616278,49.210035],[16.616268,49.210031],[16.616261,49.210028],[16.616256,49.210034],[16.616251,49.21004],[16.616255,49.210041],[16.616254,49.210042],[16.616251,49.21004],[16.61625,49.210041],[16.616249,49.210041],[16.616254,49.210035],[16.616244,49.210031],[16.616234,49.210042],[16.616244,49.210046],[16.616245,49.210045],[16.616246,49.210046],[16.61624,49.210053],[16.616239,49.210052],[16.616243,49.210047],[16.616233,49.210043],[16.616223,49.210055],[16.616233,49.210058],[16.616234,49.210057],[16.616235,49.210057],[16.616236,49.210057],[16.616236,49.210058],[16.616232,49.210062],[16.616233,49.210062],[16.616243,49.210066],[16.616244,49.210067],[16.616247,49.210063]]]},"properties":{"id":57630,"buildingId":54678,"floorId":57574,"floorLevel":-1,"name":"BA01P1007","type":"toilet","category":"service","label":"Toilet","passportNumber":"BA01P1007","seats":null,"hasProjector":false,"hasWhiteboard":false,"code":991}},{"type":"Feature","geometry":{"type":"Polygon","coordinates":[[[16.615314,49.210013],[16.615316,49.210013],[16.615324,49.210003],[16.615327,49.210001],[16.615336,49.209991],[16.615334,49.20999],[16.615335,49.209989],[16.615324,49.209983],[16.615328,49.209979],[16.615332,49.20998],[16.615337,49.209974],[16.615339,49.209975],[16.615348,49.209965],[16.615346,49.209964],[16.615362,49.209946],[16.615301,49.209923],[16.615304,49.209919],[16.615291,49.209914],[16.61528,49.209926],[16.615284,49.209927],[16.615282,49.209929],[16.615278,49.209928],[16.615272,49.209935],[16.615264,49.209932],[16.615254,49.209944],[16.615262,49.209947],[16.615257,49.209952],[16.615261,49.209954],[16.615258,49.209958],[16.615254,49.209956],[16.615229,49.209984],[16.615299,49.210011],[16.6153,49.21001],[16.615314,49.210014],[16.615314,49.210013]]]},"properties":{"id":57631,"buildingId":54678,"floorId":57574,"floorLevel":-1,"name":"BA01P1047","type":"library","category":"teaching","label":"Library","passportNumber":"BA01P1047","seats":22,"hasProjector":false,"hasWhiteboard":false,"code":943}},{"type":"Feature","geometry":{"type":"Polygon","coordinates":[[[16.615201,49.209999],[16.615206,49.210001],[16.615213,49.209993],[16.615208,49.209992],[16.615215,49.209984],[16.615186,49.209973],[16.615189,49.20997],[16.615172,49.209964],[16.615172,49.209964],[16.615169,49.209967],[16.61514,49.209956],[16.615135,49.209962],[16.615126,49.20996],[16.615118,49.20997],[16.615126,49.209973],[16.615116,49.209984],[16.61519,49.210012],[16.615201,49.209999]]]},"properties":{"id":57632,"buildingId":54678,"floorId":57574,"floorLevel":-1,"name":"BA01P1049","type":"library","category":"teaching","label":"Library","passportNumber":"BA01P1049","seats":10,"hasProjector":false,"hasWhiteboard":false,"code":943}},{"type":"Feature","geometry":{"type":"Polygon","coordinates":[[[16.615286,49.210033],[16.615297,49.210037],[16.615306,49.210027],[16.615295,49.210022],[16.6153,49.210016],[16.615229,49.20999],[16.615228,49.209992],[16.615224,49.20999],[16.615219,49.209996],[16.615215,49.209994],[16.615208,49.210002],[16.615213,49.210003],[16.615202,49.210016],[16.615204,49.210017],[16.615213,49.21002],[16.615215,49.210021],[16.615223,49.210024],[16.615246,49.210033],[16.615257,49.210037],[16.615276,49.210044],[16.615286,49.210033]]]},"properties":{"id":57633,"buildingId":54678,"floorId":57574,"floorLevel":-1,"name":"BA01P1048","type":"coatroom","category":"service","label":"Cloakroom","passportNumber":"BA01P1048","seats":null,"hasProjector":false,"hasWhiteboard":false,"code":991}},{"type":"Feature","geometry":{"type":"Polygon","coordinates":[[[16.615833,49.210186],[16.615765,49.210161],[16.615758,49.210169],[16.615762,49.21017],[16.615771,49.210174],[16.615807,49.210187],[16.61582,49.210192],[16.615826,49.210195],[16.615833,49.210186]]]},"properties":{"id":57634,"buildingId":54678,"floorId":57574,"floorLevel":-1,"name":"BA01P1016","type":"floor","category":"structure","label":"Corridor","passportNumber":"BA01P1016","seats":null,"hasProjector":false,"hasWhiteboard":false,"code":981}},{"type":"Feature","geometry":{"type":"Polygon","coordinates":[[[16.615772,49.210176],[16.61577,49.210175],[16.615761,49.210171],[16.615759,49.210171],[16.615742,49.210191],[16.615754,49.210195],[16.615772,49.210176]]]},"properties":{"id":57635,"buildingId":54678,"floorId":57574,"floorLevel":-1,"name":"BA01P1017","type":"storage","category":"service","label":"Storage","passportNumber":"BA01P1017","seats":null,"hasProjector":false,"hasWhiteboard":false,"code":991}},{"type":"Feature","geometry":{"type":"Polygon","coordinates":[[[16.615932,49.21022],[16.615926,49.210218],[16.615928,49.210215],[16.61596,49.210227],[16.615964,49.210223],[16.615975,49.210227],[16.615981,49.21022],[16.615989,49.210222],[16.61599,49.210221],[16.616008,49.210201],[16.616016,49.210192],[16.615997,49.210185],[16.616001,49.21018],[16.616011,49.210184],[16.616017,49.210177],[16.616026,49.21018],[16.616026,49.210179],[16.616046,49.210157],[16.616047,49.210157],[16.616038,49.210153],[16.616044,49.210146],[16.616034,49.210143],[16.616038,49.210138],[16.616048,49.210141],[16.616054,49.210134],[16.616063,49.210138],[16.616064,49.210137],[16.616083,49.210115],[16.616084,49.210114],[16.616075,49.210111],[16.616081,49.210104],[16.616072,49.2101],[16.616076,49.210095],[16.616086,49.210099],[16.616092,49.210093],[16.6161,49.210096],[16.616101,49.210094],[16.616119,49.210074],[16.61612,49.210073],[16.616112,49.21007],[16.616119,49.210062],[16.616111,49.210059],[16.616113,49.210056],[16.61611,49.210055],[16.616117,49.210048],[16.61613,49.210053],[16.616131,49.210052],[16.616144,49.210037],[16.616176,49.210001],[16.616099,49.209972],[16.616086,49.209986],[16.616085,49.209986],[16.616102,49.209967],[16.616084,49.20996],[16.61608,49.209965],[16.616071,49.209961],[16.616058,49.209976],[16.616057,49.209975],[16.61607,49.209961],[16.616068,49.20996],[16.616072,49.209956],[16.616054,49.209949],[16.616038,49.209968],[16.616036,49.209967],[16.616049,49.209953],[16.616003,49.209936],[16.615971,49.209972],[16.615958,49.209987],[16.615957,49.209988],[16.615972,49.209993],[16.615965,49.210001],[16.615963,49.21],[16.615961,49.210002],[16.615951,49.209999],[16.615946,49.210005],[16.615938,49.210002],[16.615936,49.210005],[16.615918,49.210025],[16.615917,49.210026],[16.615925,49.210029],[16.615918,49.210036],[16.615928,49.21004],[16.615924,49.210045],[16.615914,49.210041],[16.615908,49.210048],[16.6159,49.210045],[16.615899,49.210046],[16.61588,49.210068],[16.615879,49.210069],[16.615887,49.210072],[16.615881,49.210079],[16.615891,49.210082],[16.615887,49.210087],[16.615877,49.210083],[16.615871,49.210091],[16.615863,49.210088],[16.615862,49.210088],[16.615843,49.21011],[16.615842,49.210111],[16.61585,49.210114],[16.615844,49.210121],[16.615854,49.210125],[16.615849,49.21013],[16.61584,49.210126],[16.615834,49.210133],[16.615826,49.21013],[16.615824,49.210132],[16.615807,49.210152],[16.615805,49.210153],[16.615813,49.210157],[16.615807,49.210164],[16.615817,49.210167],[16.615813,49.210172],[16.615847,49.210185],[16.615844,49.210187],[16.615837,49.210184],[16.615835,49.210187],[16.615827,49.210195],[16.615822,49.210201],[16.615831,49.210205],[16.615854,49.210214],[16.615884,49.210225],[16.615908,49.210234],[16.615917,49.210237],[16.615923,49.21023],[16.615929,49.210223],[16.615932,49.21022]]]},"properties":{"id":57636,"buildingId":54678,"floorId":57574,"floorLevel":-1,"name":"BA01P1008","type":"classroom_and_laboratory","category":"teaching","label":"Classroom / lab","passportNumber":"BA01P1008","seats":null,"hasProjector":false,"hasWhiteboard":false,"code":944}},{"type":"Feature","geometry":{"type":"Polygon","coordinates":[[[16.615997,49.210248],[16.615954,49.210232],[16.615957,49.210227],[16.615943,49.210222],[16.615939,49.210226],[16.615931,49.210223],[16.61593,49.210224],[16.615924,49.210231],[16.615924,49.210231],[16.61593,49.210234],[16.615924,49.210241],[16.615938,49.210246],[16.615944,49.210239],[16.615976,49.210251],[16.615974,49.210253],[16.615977,49.210254],[16.615986,49.210258],[16.615988,49.210259],[16.615991,49.210255],[16.615996,49.210249],[16.615997,49.210248]]]},"properties":{"id":57637,"buildingId":54678,"floorId":57574,"floorLevel":-1,"name":"BA01P1010","type":"floor","category":"structure","label":"Corridor","passportNumber":"BA01P1010","seats":null,"hasProjector":false,"hasWhiteboard":false,"code":944}},{"type":"Feature","geometry":{"type":"Polygon","coordinates":[[[16.615775,49.210249],[16.615771,49.210248],[16.615788,49.210228],[16.615731,49.210206],[16.615728,49.210209],[16.61572,49.210218],[16.615716,49.210223],[16.615714,49.210222],[16.615713,49.210224],[16.615705,49.210233],[16.615701,49.210237],[16.615765,49.210261],[16.615768,49.210258],[16.615775,49.210249]]]},"properties":{"id":57638,"buildingId":54678,"floorId":57574,"floorLevel":-1,"name":"BA01P1015","type":"office","category":"office","label":"Office","passportNumber":"BA01P1015","seats":null,"hasProjector":false,"hasWhiteboard":false,"code":944}},{"type":"Feature","geometry":{"type":"Polygon","coordinates":[[[16.615987,49.210259],[16.615986,49.210259],[16.615976,49.210255],[16.615973,49.210254],[16.615958,49.210271],[16.615962,49.210273],[16.615969,49.210275],[16.615972,49.210276],[16.615987,49.210259]]]},"properties":{"id":57639,"buildingId":54678,"floorId":57574,"floorLevel":-1,"name":"BA01P1011","type":"toilet","category":"service","label":"Toilet","passportNumber":"BA01P1011","seats":null,"hasProjector":false,"hasWhiteboard":false,"code":944}},{"type":"Feature","geometry":{"type":"Polygon","coordinates":[[[16.615911,49.210244],[16.615902,49.210241],[16.615878,49.210232],[16.615861,49.210226],[16.615854,49.210234],[16.615848,49.210241],[16.615817,49.210277],[16.615866,49.210296],[16.615868,49.210294],[16.615876,49.210285],[16.615881,49.210279],[16.615888,49.21027],[16.615911,49.210244]]]},"properties":{"id":57640,"buildingId":54678,"floorId":57574,"floorLevel":-1,"name":"BA01P1012","type":"office","category":"office","label":"Office","passportNumber":"BA01P1012","seats":null,"hasProjector":false,"hasWhiteboard":false,"code":944}},{"type":"Feature","geometry":{"type":"Polygon","coordinates":[[[16.615724,49.210343],[16.615729,49.210319],[16.615741,49.210324],[16.615775,49.210284],[16.615709,49.21026],[16.615719,49.210248],[16.615702,49.210242],[16.615698,49.210247],[16.615684,49.210263],[16.615676,49.210273],[16.615661,49.210289],[16.615652,49.2103],[16.615637,49.210316],[16.61563,49.210324],[16.615616,49.210341],[16.615613,49.210344],[16.61563,49.210351],[16.61564,49.210338],[16.615706,49.210363],[16.615724,49.210343]]]},"properties":{"id":57641,"buildingId":54678,"floorId":57574,"floorLevel":-1,"name":"BA01P1014","type":"office","category":"office","label":"Office","passportNumber":"BA01P1014","seats":null,"hasProjector":false,"hasWhiteboard":false,"code":944}},{"type":"Feature","geometry":{"type":"Polygon","coordinates":[[[16.615812,49.210283],[16.61581,49.210282],[16.615785,49.210273],[16.615782,49.210272],[16.615766,49.210266],[16.615719,49.210248],[16.615709,49.21026],[16.615775,49.210284],[16.615741,49.210324],[16.615729,49.210319],[16.615724,49.210343],[16.615706,49.210363],[16.61564,49.210338],[16.61563,49.210351],[16.615722,49.210386],[16.615812,49.210283]]]},"properties":{"id":57642,"buildingId":54678,"floorId":57574,"floorLevel":-1,"name":"BA01P1013","type":"balcony","category":"other","label":"balcony","passportNumber":"BA01P1013","seats":null,"hasProjector":false,"hasWhiteboard":false,"code":944}},{"type":"Feature","geometry":{"type":"Polygon","coordinates":[[[16.616187,49.209829],[16.616186,49.209829],[16.616188,49.209827],[16.616194,49.20982],[16.616201,49.209812],[16.616182,49.209805],[16.616174,49.209815],[16.616172,49.209814],[16.616171,49.209815],[16.616164,49.209823],[16.616163,49.209824],[16.616165,49.209825],[16.616161,49.209829],[16.616159,49.209828],[16.61615,49.209839],[16.616152,49.209839],[16.616151,49.209841],[16.61617,49.209848],[16.616187,49.209829]]]},"properties":{"id":57644,"buildingId":54678,"floorId":57574,"floorLevel":-1,"name":"BA01P1081","type":"storage","category":"service","label":"Storage","passportNumber":"BA01P1081","seats":null,"hasProjector":false,"hasWhiteboard":false,"code":null}},{"type":"Feature","geometry":{"type":"Polygon","coordinates":[[[16.616221,49.209841],[16.616223,49.209842],[16.61623,49.209833],[16.616225,49.209831],[16.616228,49.209828],[16.61623,49.209828],[16.616239,49.209818],[16.616212,49.209808],[16.616203,49.209819],[16.616205,49.209819],[16.616202,49.209823],[16.616196,49.20982],[16.616189,49.209827],[16.616188,49.209829],[16.61619,49.209829],[16.616182,49.209839],[16.616185,49.20984],[16.616176,49.20985],[16.616203,49.209861],[16.616221,49.209841]]]},"properties":{"id":57646,"buildingId":54678,"floorId":57574,"floorLevel":-1,"name":"BA01P1082","type":"storage","category":"service","label":"Storage","passportNumber":"BA01P1082","seats":null,"hasProjector":false,"hasWhiteboard":false,"code":null}},{"type":"Feature","geometry":{"type":"Polygon","coordinates":[[[16.615531,49.209784],[16.615552,49.20976],[16.615524,49.20975],[16.61552,49.209754],[16.615518,49.209754],[16.61553,49.209783],[16.615531,49.209783],[16.615531,49.209784]]]},"properties":{"id":57725,"buildingId":54678,"floorId":57574,"floorLevel":-1,"name":"BA01P1034","type":"elevator","category":"circulation","label":"Elevator","passportNumber":"BA01P1034","seats":null,"hasProjector":false,"hasWhiteboard":false,"code":991}},{"type":"Feature","geometry":{"type":"Polygon","coordinates":[[[16.615477,49.209635],[16.615466,49.209631],[16.61545,49.209625],[16.615433,49.209619],[16.615405,49.209652],[16.615421,49.209658],[16.615432,49.209662],[16.615448,49.209668],[16.615477,49.209635]]]},"properties":{"id":63280,"buildingId":54678,"floorId":63279,"floorLevel":0,"name":"BA01N1102","type":"office","category":"office","label":"Office","passportNumber":"BA01N1102","seats":null,"hasProjector":false,"hasWhiteboard":false,"code":235}},{"type":"Feature","geometry":{"type":"Polygon","coordinates":[[[16.615524,49.209653],[16.615511,49.209648],[16.615495,49.209642],[16.615478,49.209636],[16.615449,49.209669],[16.615467,49.209675],[16.615478,49.209679],[16.615495,49.209686],[16.615524,49.209653]]]},"properties":{"id":63281,"buildingId":54678,"floorId":63279,"floorLevel":0,"name":"BA01N1103","type":"office","category":"office","label":"Office","passportNumber":"BA01N1103","seats":null,"hasProjector":false,"hasWhiteboard":false,"code":235}},{"type":"Feature","geometry":{"type":"Polygon","coordinates":[[[16.615567,49.209669],[16.615555,49.209665],[16.615539,49.209659],[16.615525,49.209653],[16.6155,49.209683],[16.615515,49.209689],[16.615526,49.209693],[16.615542,49.209699],[16.615567,49.209669]]]},"properties":{"id":63282,"buildingId":54678,"floorId":63279,"floorLevel":0,"name":"BA01N1104","type":"office","category":"office","label":"Office","passportNumber":"BA01N1104","seats":null,"hasProjector":false,"hasWhiteboard":false,"code":235}},{"type":"Feature","geometry":{"type":"Polygon","coordinates":[[[16.615495,49.209687],[16.615477,49.20968],[16.615466,49.209676],[16.615431,49.209663],[16.61542,49.209659],[16.615404,49.209652],[16.61539,49.209668],[16.615404,49.209674],[16.615422,49.20968],[16.615447,49.20969],[16.615443,49.209694],[16.615459,49.2097],[16.615463,49.209696],[16.615481,49.209702],[16.615487,49.209695],[16.615493,49.209688],[16.615495,49.209687]]]},"properties":{"id":63283,"buildingId":54678,"floorId":63279,"floorLevel":0,"name":"BA01N1101","type":"floor","category":"structure","label":"Corridor","passportNumber":"BA01N1101","seats":null,"hasProjector":false,"hasWhiteboard":false,"code":991}},{"type":"Feature","geometry":{"type":"Polygon","coordinates":[[[16.615511,49.209714],[16.615524,49.209719],[16.615541,49.209699],[16.615526,49.209693],[16.615515,49.209689],[16.615499,49.209683],[16.615494,49.209689],[16.615488,49.209696],[16.615482,49.209703],[16.615495,49.209708],[16.615491,49.209713],[16.615507,49.209718],[16.615511,49.209714]]]},"properties":{"id":63284,"buildingId":54678,"floorId":63279,"floorLevel":0,"name":"BA01N1100","type":"lobby","category":"circulation","label":"Lobby","passportNumber":"BA01N1100","seats":null,"hasProjector":false,"hasWhiteboard":false,"code":235}},{"type":"Feature","geometry":{"type":"Polygon","coordinates":[[[16.615462,49.209703],[16.615387,49.209675],[16.615382,49.20968],[16.615373,49.209691],[16.615367,49.209697],[16.615416,49.209715],[16.615432,49.209721],[16.615442,49.209725],[16.615462,49.209703]]]},"properties":{"id":63285,"buildingId":54678,"floorId":63279,"floorLevel":0,"name":"BA01N1099","type":"office","category":"office","label":"Office","passportNumber":"BA01N1099","seats":null,"hasProjector":false,"hasWhiteboard":false,"code":235}},{"type":"Feature","geometry":{"type":"Polygon","coordinates":[[[16.615618,49.209688],[16.615605,49.209684],[16.615589,49.209677],[16.615569,49.20967],[16.615526,49.209719],[16.615546,49.209727],[16.615562,49.209733],[16.615575,49.209738],[16.615618,49.209688]]]},"properties":{"id":63286,"buildingId":54678,"floorId":63279,"floorLevel":0,"name":"BA01N1105","type":"office","category":"office","label":"Office","passportNumber":"BA01N1105","seats":null,"hasProjector":false,"hasWhiteboard":false,"code":235}},{"type":"Feature","geometry":{"type":"Polygon","coordinates":[[[16.615599,49.209747],[16.615612,49.209752],[16.615655,49.209702],[16.615642,49.209697],[16.615625,49.209691],[16.61562,49.209689],[16.615576,49.209738],[16.615582,49.20974],[16.615577,49.209745],[16.615578,49.209746],[16.615594,49.209752],[16.615595,49.209752],[16.615599,49.209747]]]},"properties":{"id":63287,"buildingId":54678,"floorId":63279,"floorLevel":0,"name":"BA01N1106","type":"office","category":"office","label":"Office","passportNumber":"BA01N1106","seats":null,"hasProjector":false,"hasWhiteboard":false,"code":235}},{"type":"Feature","geometry":{"type":"Polygon","coordinates":[[[16.615413,49.209715],[16.615367,49.209698],[16.615361,49.209704],[16.615352,49.209714],[16.615346,49.209721],[16.615393,49.209738],[16.615394,49.209737],[16.6154,49.20973],[16.615413,49.209715]]]},"properties":{"id":63288,"buildingId":54678,"floorId":63279,"floorLevel":0,"name":"BA01N1098","type":"office","category":"office","label":"Office","passportNumber":"BA01N1098","seats":null,"hasProjector":false,"hasWhiteboard":false,"code":235}},{"type":"Feature","geometry":{"type":"Polygon","coordinates":[[[16.615635,49.20976],[16.615643,49.209763],[16.615687,49.209714],[16.615678,49.209711],[16.615662,49.209705],[16.615656,49.209703],[16.615613,49.209752],[16.615619,49.209755],[16.615615,49.20976],[16.615617,49.20976],[16.615629,49.209765],[16.61563,49.209765],[16.615635,49.20976]]]},"properties":{"id":63289,"buildingId":54678,"floorId":63279,"floorLevel":0,"name":"BA01N1107","type":"office","category":"office","label":"Office","passportNumber":"BA01N1107","seats":null,"hasProjector":false,"hasWhiteboard":false,"code":941}},{"type":"Feature","geometry":{"type":"Polygon","coordinates":[[[16.615673,49.209775],[16.615684,49.209779],[16.615688,49.209774],[16.615694,49.209767],[16.615727,49.209729],[16.615714,49.209725],[16.615698,49.209718],[16.615688,49.209715],[16.615645,49.209764],[16.615655,49.209768],[16.615651,49.209773],[16.615652,49.209773],[16.615662,49.209777],[16.615669,49.20978],[16.615673,49.209775]]]},"properties":{"id":63290,"buildingId":54678,"floorId":63279,"floorLevel":0,"name":"BA01N1108","type":"office","category":"office","label":"Office","passportNumber":"BA01N1108","seats":null,"hasProjector":false,"hasWhiteboard":false,"code":944}},{"type":"Feature","geometry":{"type":"Polygon","coordinates":[[[16.615392,49.209739],[16.615346,49.209722],[16.615341,49.209727],[16.615331,49.209738],[16.615326,49.209744],[16.615372,49.209761],[16.615385,49.209748],[16.615391,49.209741],[16.615392,49.209739]]]},"properties":{"id":63291,"buildingId":54678,"floorId":63279,"floorLevel":0,"name":"BA01N1097","type":"office","category":"office","label":"Office","passportNumber":"BA01N1097","seats":null,"hasProjector":false,"hasWhiteboard":false,"code":235}},{"type":"Feature","geometry":{"type":"Polygon","coordinates":[[[16.615442,49.209726],[16.615431,49.209722],[16.615415,49.209716],[16.615414,49.209716],[16.615401,49.20973],[16.615395,49.209737],[16.615392,49.209741],[16.615386,49.209748],[16.615374,49.209762],[16.615401,49.209772],[16.615428,49.209742],[16.615437,49.209732],[16.615442,49.209726]]]},"properties":{"id":63292,"buildingId":54678,"floorId":63279,"floorLevel":0,"name":"BA01N1096","type":"lobby","category":"circulation","label":"Lobby","passportNumber":"BA01N1096","seats":null,"hasProjector":false,"hasWhiteboard":false,"code":235}},{"type":"Feature","geometry":{"type":"Polygon","coordinates":[[[16.615711,49.209789],[16.61572,49.209792],[16.615721,49.209792],[16.61573,49.209782],[16.615764,49.209743],[16.615751,49.209738],[16.615734,49.209732],[16.615728,49.20973],[16.615705,49.209756],[16.615724,49.209763],[16.615723,49.209764],[16.615704,49.209757],[16.615695,49.209767],[16.615689,49.209774],[16.615685,49.209779],[16.615694,49.209782],[16.615689,49.209788],[16.61569,49.209788],[16.615701,49.209792],[16.615707,49.209794],[16.615711,49.209789]]]},"properties":{"id":63293,"buildingId":54678,"floorId":63279,"floorLevel":0,"name":"BA01N1109","type":"office","category":"office","label":"Office","passportNumber":"BA01N1109","seats":null,"hasProjector":false,"hasWhiteboard":false,"code":944}},{"type":"Feature","geometry":{"type":"Polygon","coordinates":[[[16.615549,49.209764],[16.615546,49.209763],[16.615535,49.209759],[16.61552,49.209753],[16.615519,49.209754],[16.61553,49.209783],[16.615531,49.209783],[16.615531,49.209784],[16.615549,49.209764]]]},"properties":{"id":63294,"buildingId":54678,"floorId":63279,"floorLevel":0,"name":"BA01N1131","type":"elevator","category":"circulation","label":"Elevator","passportNumber":"BA01N1131","seats":null,"hasProjector":false,"hasWhiteboard":false,"code":991}},{"type":"Feature","geometry":{"type":"Polygon","coordinates":[[[16.615799,49.209756],[16.615787,49.209752],[16.615771,49.209746],[16.615765,49.209744],[16.615732,49.209782],[16.615723,49.209792],[16.615722,49.209793],[16.615728,49.209795],[16.615739,49.209799],[16.615756,49.209806],[16.615757,49.209805],[16.615763,49.209797],[16.615799,49.209756]]]},"properties":{"id":63295,"buildingId":54678,"floorId":63279,"floorLevel":0,"name":"BA01N1110","type":"office","category":"office","label":"Office","passportNumber":"BA01N1110","seats":null,"hasProjector":false,"hasWhiteboard":false,"code":943}},{"type":"Feature","geometry":{"type":"Polygon","coordinates":[[[16.61561,49.209783],[16.615599,49.209779],[16.615593,49.209785],[16.615588,49.209783],[16.615578,49.209794],[16.615595,49.2098],[16.615595,49.209799],[16.6156,49.209794],[16.61561,49.209783]]]},"properties":{"id":63296,"buildingId":54678,"floorId":63279,"floorLevel":0,"name":"BA01N1073","type":"toilet","category":"service","label":"Toilet","passportNumber":"BA01N1073","seats":null,"hasProjector":false,"hasWhiteboard":false,"code":991}},{"type":"Feature","geometry":{"type":"Polygon","coordinates":[[[16.615781,49.209815],[16.615791,49.209819],[16.615792,49.209818],[16.615801,49.209808],[16.615834,49.20977],[16.615823,49.209766],[16.615807,49.209759],[16.6158,49.209757],[16.615764,49.209798],[16.615758,49.209805],[16.615757,49.209806],[16.615765,49.209809],[16.615761,49.209814],[16.615777,49.20982],[16.615781,49.209815]]]},"properties":{"id":63297,"buildingId":54678,"floorId":63279,"floorLevel":0,"name":"BA01N1111","type":"office","category":"office","label":"Office","passportNumber":"BA01N1111","seats":null,"hasProjector":false,"hasWhiteboard":false,"code":943}},{"type":"Feature","geometry":{"type":"Polygon","coordinates":[[[16.615592,49.209776],[16.615582,49.209773],[16.615571,49.209769],[16.615558,49.209764],[16.615534,49.209791],[16.615536,49.209796],[16.615544,49.209799],[16.61556,49.209805],[16.615565,49.209807],[16.615592,49.209776]]]},"properties":{"id":63298,"buildingId":54678,"floorId":63279,"floorLevel":0,"name":"BA01N1075","type":"library","category":"teaching","label":"Library","passportNumber":"BA01N1075","seats":null,"hasProjector":false,"hasWhiteboard":false,"code":235}},{"type":"Feature","geometry":{"type":"Polygon","coordinates":[[[16.6154,49.209773],[16.615325,49.209745],[16.61532,49.209751],[16.61531,49.209762],[16.615305,49.209768],[16.615353,49.209786],[16.615368,49.209791],[16.61538,49.209796],[16.615385,49.209791],[16.615394,49.20978],[16.6154,49.209773]]]},"properties":{"id":63299,"buildingId":54678,"floorId":63279,"floorLevel":0,"name":"BA01N1095","type":"office","category":"office","label":"Office","passportNumber":"BA01N1095","seats":null,"hasProjector":false,"hasWhiteboard":false,"code":235}},{"type":"Feature","geometry":{"type":"Polygon","coordinates":[[[16.615817,49.209829],[16.615834,49.209835],[16.615838,49.209831],[16.615844,49.209824],[16.615877,49.209786],[16.61586,49.209779],[16.615843,49.209773],[16.615836,49.20977],[16.615802,49.209809],[16.615794,49.209819],[16.615793,49.20982],[16.615801,49.209823],[16.615797,49.209828],[16.615799,49.209829],[16.61581,49.209833],[16.615812,49.209834],[16.615817,49.209829]]]},"properties":{"id":63300,"buildingId":54678,"floorId":63279,"floorLevel":0,"name":"BA01N1112","type":"office","category":"office","label":"Office","passportNumber":"BA01N1112","seats":null,"hasProjector":false,"hasWhiteboard":false,"code":943}},{"type":"Feature","geometry":{"type":"Polygon","coordinates":[[[16.61563,49.20979],[16.615628,49.20979],[16.615618,49.209786],[16.615612,49.209784],[16.615602,49.209795],[16.615597,49.2098],[16.615596,49.209801],[16.615596,49.209802],[16.615578,49.209795],[16.615572,49.209801],[16.615572,49.209801],[16.615567,49.209808],[16.615573,49.20981],[16.615584,49.209814],[16.615587,49.209815],[16.615587,49.209816],[16.615598,49.20982],[16.615603,49.209821],[16.615614,49.209808],[16.615614,49.209808],[16.61563,49.20979]]]},"properties":{"id":63301,"buildingId":54678,"floorId":63279,"floorLevel":0,"name":"BA01N1074","type":"toilet","category":"service","label":"Toilet","passportNumber":"BA01N1074","seats":null,"hasProjector":false,"hasWhiteboard":false,"code":991}},{"type":"Feature","geometry":{"type":"Polygon","coordinates":[[[16.615853,49.209842],[16.615862,49.209846],[16.615864,49.209844],[16.61587,49.209837],[16.615906,49.209796],[16.615896,49.209793],[16.61588,49.209787],[16.615879,49.209786],[16.615845,49.209824],[16.615839,49.209831],[16.615835,49.209836],[16.615838,49.209837],[16.615833,49.209842],[16.615836,49.209843],[16.615846,49.209847],[16.615849,49.209847],[16.615853,49.209842]]]},"properties":{"id":63302,"buildingId":54678,"floorId":63279,"floorLevel":0,"name":"BA01N1113","type":"office","category":"office","label":"Office","passportNumber":"BA01N1113","seats":null,"hasProjector":false,"hasWhiteboard":false,"code":940}},{"type":"Feature","geometry":{"type":"Polygon","coordinates":[[[16.615479,49.209811],[16.615477,49.20981],[16.615471,49.209807],[16.615457,49.209802],[16.615457,49.209802],[16.615456,49.209802],[16.615465,49.209791],[16.615445,49.209784],[16.615437,49.209793],[16.615446,49.209796],[16.615445,49.209797],[16.615432,49.209793],[16.615428,49.209797],[16.615427,49.209796],[16.615422,49.209802],[16.615424,49.209802],[16.615423,49.209803],[16.615448,49.209812],[16.615448,49.209812],[16.61547,49.209821],[16.615479,49.209811]]]},"properties":{"id":63303,"buildingId":54678,"floorId":63279,"floorLevel":0,"name":"BA01N1078","type":"utility_room","category":"service","label":"Utility","passportNumber":"BA01N1078","seats":null,"hasProjector":false,"hasWhiteboard":false,"code":235}},{"type":"Feature","geometry":{"type":"Polygon","coordinates":[[[16.615669,49.209805],[16.615655,49.2098],[16.615645,49.209796],[16.615631,49.209791],[16.615604,49.209822],[16.615611,49.209825],[16.615628,49.209831],[16.615642,49.209836],[16.615661,49.209814],[16.615667,49.209807],[16.615669,49.209805]]]},"properties":{"id":63304,"buildingId":54678,"floorId":63279,"floorLevel":0,"name":"BA01N1072","type":"storage","category":"service","label":"Storage","passportNumber":"BA01N1072","seats":null,"hasProjector":false,"hasWhiteboard":false,"code":235}},{"type":"Feature","geometry":{"type":"Polygon","coordinates":[[[16.61547,49.209821],[16.615421,49.209803],[16.615417,49.209808],[16.615466,49.209826],[16.61547,49.209821]]]},"properties":{"id":63305,"buildingId":54678,"floorId":63279,"floorLevel":0,"name":"BA01N1079","type":"utility_room","category":"service","label":"Utility","passportNumber":"BA01N1079","seats":null,"hasProjector":false,"hasWhiteboard":false,"code":235}},{"type":"Feature","geometry":{"type":"Polygon","coordinates":[[[16.615379,49.209797],[16.615367,49.209792],[16.615352,49.209787],[16.615304,49.209769],[16.615299,49.209775],[16.61529,49.209785],[16.615284,49.209791],[16.615332,49.209809],[16.615348,49.209815],[16.615359,49.20982],[16.615364,49.209814],[16.615373,49.209804],[16.615379,49.209797]]]},"properties":{"id":63306,"buildingId":54678,"floorId":63279,"floorLevel":0,"name":"BA01N1094","type":"office","category":"office","label":"Office","passportNumber":"BA01N1094","seats":null,"hasProjector":false,"hasWhiteboard":false,"code":235}},{"type":"Feature","geometry":{"type":"Polygon","coordinates":[[[16.616253,49.209842],[16.616251,49.209841],[16.616253,49.20984],[16.616251,49.209839],[16.616258,49.209832],[16.616243,49.209827],[16.616236,49.209834],[16.616235,49.209833],[16.616233,49.209834],[16.616226,49.209832],[16.616227,49.20983],[16.616226,49.20983],[16.616227,49.209828],[16.616228,49.209829],[16.616236,49.20982],[16.616234,49.209819],[16.616213,49.209811],[16.616212,49.20981],[16.616203,49.20982],[16.616204,49.20982],[16.616203,49.209821],[16.616202,49.209821],[16.616201,49.209822],[16.616193,49.20982],[16.616195,49.209818],[16.616193,49.209817],[16.616199,49.20981],[16.616184,49.209804],[16.616177,49.209811],[16.616176,49.209811],[16.616175,49.209813],[16.616173,49.209812],[16.616172,49.209813],[16.616164,49.209823],[16.61616,49.209827],[16.616152,49.209837],[16.616148,49.209841],[16.61614,49.209851],[16.616139,49.209851],[16.616141,49.209852],[16.616159,49.209859],[16.616166,49.209862],[16.616192,49.209871],[16.616199,49.209874],[16.616217,49.209881],[16.616218,49.209881],[16.616219,49.20988],[16.616227,49.209871],[16.616231,49.209866],[16.616239,49.209857],[16.616253,49.209842]]]},"properties":{"id":63307,"buildingId":54678,"floorId":63279,"floorLevel":0,"name":"BA01N1137","type":"floor","category":"structure","label":"Corridor","passportNumber":"BA01N1137","seats":null,"hasProjector":false,"hasWhiteboard":false,"code":991}},{"type":"Feature","geometry":{"type":"Polygon","coordinates":[[[16.615943,49.209811],[16.615932,49.209806],[16.615916,49.2098],[16.615907,49.209797],[16.615871,49.209838],[16.615865,49.209845],[16.615864,49.209846],[16.6159,49.20986],[16.615943,49.209811]]]},"properties":{"id":63308,"buildingId":54678,"floorId":63279,"floorLevel":0,"name":"BA01N1114","type":"office","category":"office","label":"Office","passportNumber":"BA01N1114","seats":null,"hasProjector":false,"hasWhiteboard":false,"code":940}},{"type":"Feature","geometry":{"type":"Polygon","coordinates":[[[16.616078,49.209848],[16.616074,49.209846],[16.616082,49.209838],[16.616078,49.209836],[16.616062,49.20983],[16.616058,49.209829],[16.61605,49.209837],[16.616047,49.209836],[16.616023,49.209863],[16.616034,49.209866],[16.616044,49.209871],[16.616055,49.209874],[16.616078,49.209848]]]},"properties":{"id":63309,"buildingId":54678,"floorId":63279,"floorLevel":0,"name":"BA01N1118","type":"room","category":"other","label":"Room","passportNumber":"BA01N1118","seats":null,"hasProjector":false,"hasWhiteboard":false,"code":null}},{"type":"Feature","geometry":{"type":"Polygon","coordinates":[[[16.615993,49.209829],[16.615968,49.20982],[16.615952,49.209814],[16.615945,49.209811],[16.615902,49.209861],[16.61595,49.209879],[16.615965,49.209861],[16.615974,49.209851],[16.615993,49.209829]]]},"properties":{"id":63310,"buildingId":54678,"floorId":63279,"floorLevel":0,"name":"BA01N1117","type":"room","category":"other","label":"Room","passportNumber":"BA01N1117","seats":null,"hasProjector":false,"hasWhiteboard":false,"code":null}},{"type":"Feature","geometry":{"type":"Polygon","coordinates":[[[16.61543,49.209833],[16.615428,49.209832],[16.61542,49.209829],[16.615405,49.209823],[16.615399,49.20983],[16.615409,49.209834],[16.615405,49.209838],[16.615421,49.209844],[16.61543,49.209833]]]},"properties":{"id":63311,"buildingId":54678,"floorId":63279,"floorLevel":0,"name":"BA01N1081","type":"shower","category":"service","label":"Shower","passportNumber":"BA01N1081","seats":null,"hasProjector":false,"hasWhiteboard":false,"code":235}},{"type":"Feature","geometry":{"type":"Polygon","coordinates":[[[16.61606,49.20988],[16.616055,49.209877],[16.616053,49.209879],[16.616044,49.209889],[16.616044,49.20989],[16.61605,49.209892],[16.61606,49.20988]]]},"properties":{"id":63312,"buildingId":54678,"floorId":63279,"floorLevel":0,"name":"BA01N1120","type":"storage","category":"service","label":"Storage","passportNumber":"BA01N1120","seats":null,"hasProjector":false,"hasWhiteboard":false,"code":991}},{"type":"Feature","geometry":{"type":"Polygon","coordinates":[[[16.615465,49.209827],[16.615444,49.20982],[16.615443,49.209819],[16.615417,49.20981],[16.615416,49.209811],[16.61541,49.209818],[16.615406,49.209823],[16.61542,49.209828],[16.615429,49.209831],[16.615431,49.209832],[16.615432,49.209833],[16.615422,49.209844],[16.615433,49.209848],[16.615433,49.209848],[16.615443,49.209852],[16.615446,49.209848],[16.615453,49.209841],[16.615454,49.20984],[16.615454,49.209839],[16.615455,49.209839],[16.615461,49.209832],[16.615465,49.209827]]]},"properties":{"id":63313,"buildingId":54678,"floorId":63279,"floorLevel":0,"name":"BA01N1080","type":"toilet","category":"service","label":"Toilet","passportNumber":"BA01N1080","seats":null,"hasProjector":false,"hasWhiteboard":false,"code":235}},{"type":"Feature","geometry":{"type":"Polygon","coordinates":[[[16.615767,49.209842],[16.61567,49.209806],[16.615669,49.209807],[16.615662,49.209814],[16.615643,49.209836],[16.615645,49.209837],[16.615662,49.209843],[16.61568,49.20985],[16.615696,49.209856],[16.615714,49.209863],[16.61573,49.209869],[16.61574,49.209873],[16.615759,49.209851],[16.615766,49.209844],[16.615767,49.209842]]]},"properties":{"id":63314,"buildingId":54678,"floorId":63279,"floorLevel":0,"name":"BA01N1071","type":"classroom_and_laboratory","category":"teaching","label":"Classroom / lab","passportNumber":"BA01N1071","seats":null,"hasProjector":false,"hasWhiteboard":false,"code":235}},{"type":"Feature","geometry":{"type":"Polygon","coordinates":[[[16.616008,49.209878],[16.616008,49.209877],[16.616013,49.209872],[16.616019,49.209865],[16.616037,49.209845],[16.616027,49.209841],[16.616035,49.209832],[16.616032,49.20983],[16.616039,49.209822],[16.616035,49.20982],[16.616019,49.209814],[16.616015,49.209813],[16.616007,49.209821],[16.616004,49.20982],[16.615976,49.209852],[16.615967,49.209862],[16.615967,49.209862],[16.615952,49.209879],[16.615993,49.209895],[16.616008,49.209878]]]},"properties":{"id":63315,"buildingId":54678,"floorId":63279,"floorLevel":0,"name":"BA01N1116","type":"room","category":"other","label":"Room","passportNumber":"BA01N1116","seats":null,"hasProjector":false,"hasWhiteboard":false,"code":null}},{"type":"Feature","geometry":{"type":"Polygon","coordinates":[[[16.616113,49.209873],[16.616111,49.209873],[16.616117,49.209867],[16.616126,49.209856],[16.616133,49.209848],[16.61614,49.20984],[16.616141,49.209839],[16.616137,49.209837],[16.616122,49.209836],[16.616119,49.209836],[16.616105,49.20984],[16.616099,49.209843],[16.616095,49.209847],[16.616081,49.209861],[16.616072,49.209858],[16.616057,49.209875],[16.616058,49.209877],[16.616062,49.209879],[16.616051,49.209892],[16.616085,49.209905],[16.616113,49.209873]]]},"properties":{"id":63316,"buildingId":54678,"floorId":63279,"floorLevel":0,"name":"BA01N1121","type":"gatehouse","category":"service","label":"Gatehouse","passportNumber":"BA01N1121","seats":null,"hasProjector":false,"hasWhiteboard":false,"code":991}},{"type":"Feature","geometry":{"type":"Polygon","coordinates":[[[16.615809,49.209858],[16.615794,49.209852],[16.615783,49.209848],[16.615768,49.209843],[16.615767,49.209844],[16.615761,49.209851],[16.615741,49.209873],[16.615743,49.209874],[16.615754,49.209878],[16.615758,49.20988],[16.615769,49.209884],[16.615782,49.209889],[16.615809,49.209858]]]},"properties":{"id":63317,"buildingId":54678,"floorId":63279,"floorLevel":0,"name":"BA01N1070","type":"office","category":"office","label":"Office","passportNumber":"BA01N1070","seats":null,"hasProjector":false,"hasWhiteboard":false,"code":235}},{"type":"Feature","geometry":{"type":"Polygon","coordinates":[[[16.616054,49.209875],[16.616044,49.209871],[16.616033,49.209867],[16.616023,49.209863],[16.616021,49.209866],[16.616014,49.209873],[16.615995,49.209896],[16.616,49.209897],[16.616015,49.209903],[16.616026,49.209907],[16.616027,49.209906],[16.616032,49.209901],[16.616035,49.209897],[16.61604,49.209891],[16.616043,49.209888],[16.616051,49.209878],[16.616054,49.209875]]]},"properties":{"id":63318,"buildingId":54678,"floorId":63279,"floorLevel":0,"name":"BA01N1115","type":"floor","category":"structure","label":"Corridor","passportNumber":"BA01N1115","seats":null,"hasProjector":false,"hasWhiteboard":false,"code":null}},{"type":"Feature","geometry":{"type":"Polygon","coordinates":[[[16.615841,49.20987],[16.615822,49.209863],[16.615812,49.209859],[16.61581,49.209858],[16.615783,49.209889],[16.615798,49.209895],[16.615814,49.209901],[16.615841,49.20987]]]},"properties":{"id":63319,"buildingId":54678,"floorId":63279,"floorLevel":0,"name":"BA01N1069","type":"office","category":"office","label":"Office","passportNumber":"BA01N1069","seats":null,"hasProjector":false,"hasWhiteboard":false,"code":941}},{"type":"Feature","geometry":{"type":"Polygon","coordinates":[[[16.615359,49.20982],[16.615347,49.209816],[16.615331,49.20981],[16.615284,49.209792],[16.615278,49.209798],[16.615269,49.209809],[16.615258,49.209822],[16.615248,49.209833],[16.615244,49.209838],[16.615319,49.209866],[16.615323,49.209861],[16.615332,49.209851],[16.615359,49.20982]]]},"properties":{"id":63320,"buildingId":54678,"floorId":63279,"floorLevel":0,"name":"BA01N1093","type":"office","category":"office","label":"Office","passportNumber":"BA01N1093","seats":null,"hasProjector":false,"hasWhiteboard":false,"code":235}},{"type":"Feature","geometry":{"type":"Polygon","coordinates":[[[16.615442,49.209853],[16.615395,49.209835],[16.61539,49.20984],[16.615384,49.209847],[16.615376,49.209857],[16.615423,49.209875],[16.615427,49.20987],[16.615437,49.209859],[16.615442,49.209853]]]},"properties":{"id":63321,"buildingId":54678,"floorId":63279,"floorLevel":0,"name":"BA01N1082","type":"office","category":"office","label":"Office","passportNumber":"BA01N1082","seats":null,"hasProjector":false,"hasWhiteboard":false,"code":235}},{"type":"Feature","geometry":{"type":"Polygon","coordinates":[[[16.616241,49.209921],[16.616238,49.209921],[16.616247,49.209911],[16.616243,49.20991],[16.616249,49.209901],[16.61625,49.209898],[16.616251,49.209895],[16.616249,49.209885],[16.616248,49.209883],[16.616238,49.209875],[16.616234,49.209874],[16.616234,49.209875],[16.616227,49.209882],[16.616219,49.209891],[16.616209,49.209902],[16.616194,49.20992],[16.616195,49.20992],[16.616207,49.209924],[16.61623,49.209933],[16.616241,49.209921]]]},"properties":{"id":63322,"buildingId":54678,"floorId":63279,"floorLevel":0,"name":"BA01N1005","type":"utility_room","category":"service","label":"Utility","passportNumber":"BA01N1005","seats":null,"hasProjector":false,"hasWhiteboard":false,"code":992}},{"type":"Feature","geometry":{"type":"Polygon","coordinates":[[[16.616058,49.209919],[16.616069,49.209923],[16.616084,49.209906],[16.616043,49.209891],[16.616042,49.209892],[16.616037,49.209898],[16.616035,49.209899],[16.616035,49.2099],[16.616034,49.209901],[16.616029,49.209907],[16.616028,49.209908],[16.616042,49.209913],[16.616043,49.209914],[16.61604,49.209918],[16.616055,49.209923],[16.616058,49.209919]]]},"properties":{"id":63323,"buildingId":54678,"floorId":63279,"floorLevel":0,"name":"BA01N1119","type":"toilet","category":"service","label":"Toilet","passportNumber":"BA01N1119","seats":null,"hasProjector":false,"hasWhiteboard":false,"code":null}},{"type":"Feature","geometry":{"type":"Polygon","coordinates":[[[16.615872,49.209881],[16.61587,49.209881],[16.615859,49.209877],[16.615842,49.20987],[16.615815,49.209901],[16.615816,49.209902],[16.615833,49.209908],[16.615845,49.209912],[16.615872,49.209881]]]},"properties":{"id":63324,"buildingId":54678,"floorId":63279,"floorLevel":0,"name":"BA01N1068","type":"office","category":"office","label":"Office","passportNumber":"BA01N1068","seats":null,"hasProjector":false,"hasWhiteboard":false,"code":941}},{"type":"Feature","geometry":{"type":"Polygon","coordinates":[[[16.616017,49.209913],[16.616014,49.209912],[16.616014,49.209911],[16.616011,49.209909],[16.616015,49.209904],[16.616015,49.209904],[16.615999,49.209898],[16.615998,49.209898],[16.615994,49.209903],[16.615846,49.209847],[16.615835,49.209843],[16.615809,49.209834],[16.615799,49.20983],[16.61574,49.209808],[16.615745,49.209803],[16.615738,49.2098],[16.615727,49.209796],[16.615727,49.209796],[16.615722,49.209801],[16.6157,49.209793],[16.615689,49.209789],[16.615662,49.209778],[16.615651,49.209774],[16.615628,49.209766],[16.615616,49.209761],[16.615593,49.209752],[16.615578,49.209747],[16.615557,49.209739],[16.615541,49.209733],[16.615506,49.209719],[16.61549,49.209714],[16.615471,49.209706],[16.615465,49.209713],[16.615458,49.20971],[16.615449,49.20972],[16.615456,49.209723],[16.615455,49.209724],[16.615448,49.209732],[16.615447,49.209733],[16.615473,49.209742],[16.615473,49.209742],[16.615493,49.209739],[16.615496,49.209738],[16.615509,49.209743],[16.615511,49.209749],[16.615516,49.209746],[16.615523,49.209749],[16.61552,49.209752],[16.615536,49.209758],[16.615546,49.209762],[16.615549,49.209763],[16.615552,49.20976],[16.615572,49.209767],[16.615583,49.209771],[16.615619,49.209785],[16.615629,49.209789],[16.615646,49.209795],[16.615656,49.209799],[16.615784,49.209847],[16.615795,49.209851],[16.615813,49.209858],[16.615823,49.209862],[16.61586,49.209876],[16.615871,49.20988],[16.615883,49.209884],[16.615894,49.209888],[16.615915,49.209896],[16.615926,49.2099],[16.615954,49.209911],[16.615965,49.209915],[16.615977,49.209919],[16.615987,49.209923],[16.615999,49.209928],[16.616,49.209927],[16.616003,49.209928],[16.616005,49.209926],[16.616016,49.209914],[16.616017,49.209913]]]},"properties":{"id":63325,"buildingId":54678,"floorId":63279,"floorLevel":0,"name":"BA01N1063","type":"floor","category":"structure","label":"Corridor","passportNumber":"BA01N1063","seats":null,"hasProjector":false,"hasWhiteboard":false,"code":235}},{"type":"Feature","geometry":{"type":"Polygon","coordinates":[[[16.615973,49.20992],[16.615964,49.209916],[16.615953,49.209912],[16.615941,49.209907],[16.615934,49.209915],[16.615967,49.209927],[16.615973,49.20992]]]},"properties":{"id":63326,"buildingId":54678,"floorId":63279,"floorLevel":0,"name":"BA01N1065","type":"utility_room","category":"service","label":"Utility","passportNumber":"BA01N1065","seats":null,"hasProjector":false,"hasWhiteboard":false,"code":991}},{"type":"Feature","geometry":{"type":"Polygon","coordinates":[[[16.616143,49.209877],[16.616124,49.20987],[16.61612,49.209875],[16.616119,49.209874],[16.616069,49.209931],[16.616089,49.209938],[16.616094,49.209933],[16.616119,49.209904],[16.616123,49.2099],[16.616139,49.209882],[16.616143,49.209877]]]},"properties":{"id":63327,"buildingId":54678,"floorId":63279,"floorLevel":0,"name":"BA01N1001","type":"floor","category":"structure","label":"Corridor","passportNumber":"BA01N1001","seats":null,"hasProjector":false,"hasWhiteboard":false,"code":991}},{"type":"Feature","geometry":{"type":"Polygon","coordinates":[[[16.615903,49.209893],[16.615893,49.20989],[16.615882,49.209885],[16.615873,49.209882],[16.615846,49.209913],[16.61585,49.209914],[16.615867,49.209921],[16.615876,49.209924],[16.615903,49.209893]]]},"properties":{"id":63328,"buildingId":54678,"floorId":63279,"floorLevel":0,"name":"BA01N1067","type":"office","category":"office","label":"Office","passportNumber":"BA01N1067","seats":null,"hasProjector":false,"hasWhiteboard":false,"code":941}},{"type":"Feature","geometry":{"type":"Polygon","coordinates":[[[16.616229,49.209935],[16.616206,49.209926],[16.616194,49.209921],[16.616193,49.209921],[16.616191,49.209923],[16.616184,49.209931],[16.61618,49.209935],[16.616183,49.209936],[16.616195,49.209941],[16.616217,49.209949],[16.616219,49.209946],[16.616226,49.209939],[16.616229,49.209935]]]},"properties":{"id":63329,"buildingId":54678,"floorId":63279,"floorLevel":0,"name":"BA01N1002","type":"floor","category":"structure","label":"Corridor","passportNumber":"BA01N1002","seats":null,"hasProjector":false,"hasWhiteboard":false,"code":992}},{"type":"Feature","geometry":{"type":"Polygon","coordinates":[[[16.615423,49.209876],[16.615375,49.209858],[16.615369,49.209864],[16.615363,49.209871],[16.615358,49.209877],[16.615363,49.209879],[16.615374,49.209883],[16.615405,49.209895],[16.615409,49.209891],[16.615419,49.20988],[16.615423,49.209876]]]},"properties":{"id":63330,"buildingId":54678,"floorId":63279,"floorLevel":0,"name":"BA01N1083","type":"office","category":"office","label":"Office","passportNumber":"BA01N1083","seats":null,"hasProjector":false,"hasWhiteboard":false,"code":235}},{"type":"Feature","geometry":{"type":"Polygon","coordinates":[[[16.615304,49.209883],[16.615312,49.209886],[16.615312,49.209886],[16.615321,49.209876],[16.615321,49.209875],[16.615313,49.209872],[16.615318,49.209867],[16.615243,49.209839],[16.615237,49.209846],[16.615227,49.209857],[16.615222,49.209863],[16.61527,49.209881],[16.615285,49.209886],[16.615297,49.209891],[16.615304,49.209883]]]},"properties":{"id":63331,"buildingId":54678,"floorId":63279,"floorLevel":0,"name":"BA01N1092","type":"office","category":"office","label":"Office","passportNumber":"BA01N1092","seats":null,"hasProjector":false,"hasWhiteboard":false,"code":235}},{"type":"Feature","geometry":{"type":"Polygon","coordinates":[[[16.615935,49.209905],[16.615925,49.209901],[16.615914,49.209897],[16.615904,49.209894],[16.615877,49.209924],[16.615885,49.209927],[16.615901,49.209933],[16.615908,49.209936],[16.615935,49.209905]]]},"properties":{"id":63332,"buildingId":54678,"floorId":63279,"floorLevel":0,"name":"BA01N1066","type":"office","category":"office","label":"Office","passportNumber":"BA01N1066","seats":null,"hasProjector":false,"hasWhiteboard":false,"code":991}},{"type":"Feature","geometry":{"type":"Polygon","coordinates":[[[16.616281,49.209937],[16.616277,49.209935],[16.616286,49.209926],[16.616282,49.209924],[16.61629,49.209916],[16.616286,49.209914],[16.616269,49.209908],[16.616266,49.209907],[16.616258,49.209915],[16.616254,49.209914],[16.616246,49.209923],[16.616243,49.209922],[16.616228,49.209939],[16.616221,49.209947],[16.616218,49.20995],[16.616257,49.209964],[16.616281,49.209937]]]},"properties":{"id":63333,"buildingId":54678,"floorId":63279,"floorLevel":0,"name":"BA01N1004","type":"utility_room","category":"service","label":"Utility","passportNumber":"BA01N1004","seats":null,"hasProjector":false,"hasWhiteboard":false,"code":992}},{"type":"Feature","geometry":{"type":"Polygon","coordinates":[[[16.616198,49.209904],[16.616197,49.209904],[16.616201,49.209899],[16.616182,49.209892],[16.616178,49.209897],[16.616163,49.209914],[16.616159,49.209919],[16.616133,49.209948],[16.616129,49.209953],[16.616149,49.20996],[16.616177,49.209929],[16.616184,49.20992],[16.616198,49.209904]]]},"properties":{"id":63334,"buildingId":54678,"floorId":63279,"floorLevel":0,"name":"BA01N1129","type":"floor","category":"structure","label":"Corridor","passportNumber":"BA01N1129","seats":null,"hasProjector":false,"hasWhiteboard":false,"code":991}},{"type":"Feature","geometry":{"type":"Polygon","coordinates":[[[16.616202,49.209945],[16.616194,49.209942],[16.616182,49.209937],[16.616178,49.209936],[16.616159,49.209957],[16.616168,49.209961],[16.616165,49.209965],[16.61618,49.20997],[16.616202,49.209945]]]},"properties":{"id":63335,"buildingId":54678,"floorId":63279,"floorLevel":0,"name":"BA01N1003","type":"room","category":"other","label":"Room","passportNumber":"BA01N1003","seats":null,"hasProjector":false,"hasWhiteboard":false,"code":992}},{"type":"Feature","geometry":{"type":"Polygon","coordinates":[[[16.615981,49.209949],[16.615969,49.209944],[16.615969,49.209944],[16.615969,49.209943],[16.61597,49.209943],[16.615982,49.209948],[16.615998,49.209929],[16.615986,49.209925],[16.615976,49.209921],[16.615975,49.20992],[16.615967,49.209929],[16.615966,49.209929],[16.615966,49.209928],[16.615948,49.209921],[16.615948,49.209922],[16.615947,49.209922],[16.615946,49.209922],[16.615946,49.209921],[16.615947,49.209921],[16.615932,49.209915],[16.615925,49.209922],[16.615941,49.209928],[16.615942,49.209927],[16.615942,49.209927],[16.615943,49.209927],[16.615943,49.209927],[16.615941,49.20993],[16.61594,49.20993],[16.615939,49.20993],[16.61594,49.209929],[16.61594,49.209929],[16.615925,49.209923],[16.615919,49.20993],[16.615934,49.209936],[16.615935,49.209935],[16.615935,49.209934],[16.615936,49.209935],[16.615936,49.209935],[16.615934,49.209938],[16.615934,49.209938],[16.615932,49.209937],[16.615933,49.209937],[16.615933,49.209936],[16.615918,49.20993],[16.615912,49.209938],[16.615915,49.209939],[16.615925,49.209942],[16.615927,49.209943],[16.615928,49.209943],[16.615928,49.209942],[16.61593,49.209943],[16.615929,49.209943],[16.615927,49.209946],[16.615937,49.20995],[16.615939,49.209948],[16.61594,49.209946],[16.615948,49.209949],[16.615957,49.209938],[16.615959,49.209938],[16.615958,49.209939],[16.615959,49.209939],[16.61596,49.20994],[16.615959,49.20994],[16.615959,49.20994],[16.615957,49.20994],[16.615949,49.20995],[16.615972,49.209959],[16.615981,49.209949]]]},"properties":{"id":63336,"buildingId":54678,"floorId":63279,"floorLevel":0,"name":"BA01N1064","type":"toilet","category":"service","label":"Toilet","passportNumber":"BA01N1064","seats":null,"hasProjector":false,"hasWhiteboard":false,"code":991}},{"type":"Feature","geometry":{"type":"Polygon","coordinates":[[[16.615405,49.209896],[16.615373,49.209884],[16.615362,49.20988],[16.615357,49.209878],[16.615353,49.209883],[16.615346,49.20989],[16.615334,49.209904],[16.61534,49.209906],[16.61535,49.20991],[16.615382,49.209922],[16.615385,49.209918],[16.615399,49.209902],[16.615405,49.209896]]]},"properties":{"id":63337,"buildingId":54678,"floorId":63279,"floorLevel":0,"name":"BA01N1084","type":"office","category":"office","label":"Office","passportNumber":"BA01N1084","seats":null,"hasProjector":false,"hasWhiteboard":false,"code":235}},{"type":"Feature","geometry":{"type":"Polygon","coordinates":[[[16.616134,49.209977],[16.616137,49.209978],[16.616138,49.209977],[16.616149,49.209964],[16.61615,49.209963],[16.616148,49.209962],[16.616149,49.20996],[16.616129,49.209953],[16.616122,49.20995],[16.616097,49.209941],[16.616089,49.209938],[16.616069,49.209931],[16.616068,49.209932],[16.616063,49.20993],[16.616063,49.209929],[16.61602,49.209913],[16.616019,49.209914],[16.616017,49.209913],[16.616016,49.209914],[16.616005,49.209926],[16.616004,49.209928],[16.616006,49.209929],[16.616005,49.20993],[16.616048,49.209946],[16.616049,49.209946],[16.616055,49.209948],[16.616054,49.209948],[16.616057,49.20995],[16.616058,49.209949],[16.616059,49.209949],[16.61606,49.209949],[16.616076,49.209955],[16.616076,49.209956],[16.616077,49.209956],[16.616076,49.209957],[16.616084,49.20996],[16.616085,49.209959],[16.616086,49.209959],[16.616087,49.209959],[16.616102,49.209965],[16.616103,49.209966],[16.616103,49.209966],[16.616103,49.209967],[16.61611,49.20997],[16.616111,49.209969],[16.616112,49.209969],[16.616113,49.209969],[16.616129,49.209975],[16.61613,49.209975],[16.61613,49.209976],[16.61613,49.209977],[16.616133,49.209978],[16.616134,49.209977]]]},"properties":{"id":63338,"buildingId":54678,"floorId":63279,"floorLevel":0,"name":"BA01N1128","type":"floor","category":"structure","label":"Corridor","passportNumber":"BA01N1128","seats":null,"hasProjector":false,"hasWhiteboard":false,"code":991}},{"type":"Feature","geometry":{"type":"Polygon","coordinates":[[[16.616229,49.209984],[16.616237,49.209987],[16.616256,49.209965],[16.616204,49.209946],[16.616185,49.209967],[16.616212,49.209977],[16.616208,49.209982],[16.616208,49.209983],[16.616224,49.209988],[16.616224,49.209989],[16.616229,49.209984]]]},"properties":{"id":63339,"buildingId":54678,"floorId":63279,"floorLevel":0,"name":"BA01N1007","type":"utility_room","category":"service","label":"Utility","passportNumber":"BA01N1007","seats":null,"hasProjector":false,"hasWhiteboard":false,"code":992}},{"type":"Feature","geometry":{"type":"Polygon","coordinates":[[[16.615296,49.209892],[16.615284,49.209887],[16.615269,49.209882],[16.615221,49.209864],[16.615216,49.20987],[16.615207,49.20988],[16.615195,49.209894],[16.61527,49.209922],[16.615283,49.209907],[16.615292,49.209897],[16.615296,49.209892]]]},"properties":{"id":63340,"buildingId":54678,"floorId":63279,"floorLevel":0,"name":"BA01N1091","type":"office","category":"office","label":"Office","passportNumber":"BA01N1091","seats":null,"hasProjector":false,"hasWhiteboard":false,"code":235}},{"type":"Feature","geometry":{"type":"Polygon","coordinates":[[[16.616374,49.209972],[16.616362,49.209968],[16.616346,49.209962],[16.61632,49.209952],[16.616329,49.209942],[16.616325,49.209941],[16.616333,49.209932],[16.616328,49.20993],[16.616312,49.209924],[16.616308,49.209923],[16.616301,49.209932],[16.616297,49.20993],[16.616289,49.20994],[16.616283,49.209937],[16.616239,49.209987],[16.616304,49.210012],[16.616319,49.210017],[16.61633,49.210022],[16.616374,49.209972]]]},"properties":{"id":63341,"buildingId":54678,"floorId":63279,"floorLevel":0,"name":"BA01N1008","type":"classroom_and_laboratory","category":"teaching","label":"Classroom / lab","passportNumber":"BA01N1008","seats":null,"hasProjector":false,"hasWhiteboard":false,"code":923}},{"type":"Feature","geometry":{"type":"Polygon","coordinates":[[[16.615269,49.209923],[16.615194,49.209895],[16.615187,49.209903],[16.615178,49.209914],[16.615167,49.209925],[16.615216,49.209944],[16.615232,49.209949],[16.615242,49.209953],[16.615252,49.209943],[16.61526,49.209933],[16.615269,49.209923]]]},"properties":{"id":63342,"buildingId":54678,"floorId":63279,"floorLevel":0,"name":"BA01N1090","type":"office","category":"office","label":"Office","passportNumber":"BA01N1090","seats":null,"hasProjector":false,"hasWhiteboard":false,"code":235}},{"type":"Feature","geometry":{"type":"Polygon","coordinates":[[[16.616355,49.210031],[16.616366,49.210035],[16.616371,49.210029],[16.616377,49.210022],[16.616409,49.209986],[16.616399,49.209982],[16.616382,49.209976],[16.616375,49.209973],[16.616332,49.210022],[16.61634,49.210025],[16.616335,49.21003],[16.616351,49.210036],[16.616355,49.210031]]]},"properties":{"id":63343,"buildingId":54678,"floorId":63279,"floorLevel":0,"name":"BA01N1009","type":"office","category":"office","label":"Office","passportNumber":"BA01N1009","seats":null,"hasProjector":false,"hasWhiteboard":false,"code":927}},{"type":"Feature","geometry":{"type":"Polygon","coordinates":[[[16.616241,49.21002],[16.616237,49.210019],[16.616229,49.210016],[16.616228,49.210015],[16.616219,49.210025],[16.616233,49.21003],[16.616241,49.21002]]]},"properties":{"id":63344,"buildingId":54678,"floorId":63279,"floorLevel":0,"name":"BA01N1049","type":"utility_room","category":"service","label":"Utility","passportNumber":"BA01N1049","seats":null,"hasProjector":false,"hasWhiteboard":false,"code":991}},{"type":"Feature","geometry":{"type":"Polygon","coordinates":[[[16.615213,49.209944],[16.615166,49.209926],[16.615161,49.209933],[16.615151,49.209943],[16.615149,49.209946],[16.615196,49.209963],[16.615201,49.209957],[16.615207,49.20995],[16.615213,49.209944]]]},"properties":{"id":63345,"buildingId":54678,"floorId":63279,"floorLevel":0,"name":"BA01N1089","type":"office","category":"office","label":"Office","passportNumber":"BA01N1089","seats":null,"hasProjector":false,"hasWhiteboard":false,"code":235}},{"type":"Feature","geometry":{"type":"Polygon","coordinates":[[[16.615381,49.209923],[16.61535,49.209911],[16.615339,49.209907],[16.615334,49.209905],[16.615293,49.209951],[16.615284,49.209961],[16.615283,49.209963],[16.615331,49.209981],[16.615337,49.209973],[16.615346,49.209963],[16.615366,49.20994],[16.615375,49.209929],[16.615381,49.209923]]]},"properties":{"id":63346,"buildingId":54678,"floorId":63279,"floorLevel":0,"name":"BA01N1085","type":"boardroom","category":"teaching","label":"Boardroom","passportNumber":"BA01N1085","seats":20,"hasProjector":false,"hasWhiteboard":false,"code":235}},{"type":"Feature","geometry":{"type":"Polygon","coordinates":[[[16.616429,49.210059],[16.61644,49.210063],[16.616445,49.210057],[16.616451,49.21005],[16.616483,49.210013],[16.616471,49.210009],[16.616455,49.210003],[16.616449,49.210001],[16.616418,49.210037],[16.616412,49.210044],[16.616406,49.21005],[16.616413,49.210053],[16.616409,49.210058],[16.616424,49.210064],[16.616429,49.210059]]]},"properties":{"id":63347,"buildingId":54678,"floorId":63279,"floorLevel":0,"name":"BA01N1010","type":"office","category":"office","label":"Office","passportNumber":"BA01N1010","seats":null,"hasProjector":false,"hasWhiteboard":false,"code":927}},{"type":"Feature","geometry":{"type":"Polygon","coordinates":[[[16.616217,49.210052],[16.61622,49.210053],[16.616225,49.210047],[16.616209,49.210041],[16.616209,49.210041],[16.616208,49.210042],[16.616207,49.210041],[16.616207,49.210041],[16.616209,49.210039],[16.616209,49.210039],[16.61621,49.210039],[16.61621,49.21004],[16.61621,49.21004],[16.616226,49.210046],[16.616231,49.21004],[16.616215,49.210034],[16.616215,49.210034],[16.616214,49.210035],[16.616213,49.210034],[16.616213,49.210034],[16.616215,49.210032],[16.616215,49.210032],[16.616216,49.210032],[16.616216,49.210033],[16.616216,49.210033],[16.616232,49.210039],[16.616237,49.210033],[16.616221,49.210027],[16.616221,49.210027],[16.616221,49.210028],[16.616219,49.210027],[16.61622,49.210027],[16.61622,49.210026],[16.616218,49.210025],[16.616227,49.210015],[16.616211,49.210009],[16.616207,49.210014],[16.616207,49.210014],[16.616206,49.210013],[16.616206,49.210013],[16.61621,49.210009],[16.616209,49.210008],[16.616199,49.210004],[16.616187,49.21],[16.616171,49.210017],[16.616183,49.210022],[16.616184,49.210022],[16.616183,49.210023],[16.616183,49.210023],[16.616171,49.210018],[16.616161,49.210029],[16.616184,49.210038],[16.616194,49.210027],[16.616193,49.210027],[16.616193,49.210026],[16.616193,49.210026],[16.616194,49.210026],[16.616194,49.210026],[16.6162,49.21002],[16.6162,49.21002],[16.616201,49.21002],[16.616201,49.210021],[16.616186,49.210037],[16.616188,49.210038],[16.616186,49.210041],[16.616193,49.210043],[16.616191,49.210045],[16.6162,49.210049],[16.616202,49.210047],[16.616203,49.210046],[16.616203,49.210046],[16.616204,49.210046],[16.616204,49.210047],[16.616203,49.210047],[16.616207,49.210048],[16.616205,49.210051],[16.616215,49.210054],[16.616217,49.210052]]]},"properties":{"id":63348,"buildingId":54678,"floorId":63279,"floorLevel":0,"name":"BA01N1050","type":"toilet","category":"service","label":"Toilet","passportNumber":"BA01N1050","seats":null,"hasProjector":false,"hasWhiteboard":false,"code":991}},{"type":"Feature","geometry":{"type":"Polygon","coordinates":[[[16.616464,49.210072],[16.616478,49.210077],[16.616483,49.210071],[16.61649,49.210064],[16.616521,49.210028],[16.616508,49.210023],[16.616491,49.210017],[16.616484,49.210014],[16.616453,49.21005],[16.616446,49.210057],[16.616441,49.210063],[16.616448,49.210066],[16.616444,49.210071],[16.616459,49.210077],[16.616464,49.210072]]]},"properties":{"id":63349,"buildingId":54678,"floorId":63279,"floorLevel":0,"name":"BA01N1011","type":"office","category":"office","label":"Office","passportNumber":"BA01N1011","seats":null,"hasProjector":false,"hasWhiteboard":false,"code":927}},{"type":"Feature","geometry":{"type":"Polygon","coordinates":[[[16.616176,49.210001],[16.616127,49.209982],[16.616122,49.209987],[16.616132,49.209991],[16.616131,49.209991],[16.616122,49.209988],[16.616119,49.209991],[16.616117,49.20999],[16.616116,49.20999],[16.616099,49.209984],[16.616107,49.209975],[16.616098,49.209971],[16.61609,49.20998],[16.616073,49.209974],[16.616081,49.209965],[16.616071,49.209961],[16.616063,49.20997],[16.616046,49.209964],[16.616047,49.209963],[16.616044,49.209962],[16.616052,49.209954],[16.616003,49.209936],[16.615971,49.209972],[16.615957,49.209988],[16.615956,49.209989],[16.615971,49.209994],[16.615969,49.209996],[16.615986,49.210002],[16.615987,49.21],[16.616001,49.210006],[16.615996,49.210012],[16.616027,49.210023],[16.616033,49.210016],[16.616035,49.210017],[16.616029,49.210024],[16.616031,49.210025],[16.616044,49.21003],[16.616046,49.21003],[16.616052,49.210023],[16.616054,49.210024],[16.616048,49.210031],[16.616079,49.210043],[16.616085,49.210037],[16.616099,49.210043],[16.616098,49.210044],[16.616115,49.210051],[16.616116,49.210049],[16.616129,49.210054],[16.61613,49.210053],[16.616144,49.210037],[16.616176,49.210001]]]},"properties":{"id":63350,"buildingId":54678,"floorId":63279,"floorLevel":0,"name":"BA01N1051","type":"floor","category":"structure","label":"Corridor","passportNumber":"BA01N1051","seats":null,"hasProjector":false,"hasWhiteboard":false,"code":991}},{"type":"Feature","geometry":{"type":"Polygon","coordinates":[[[16.615462,49.209756],[16.615467,49.209756],[16.615465,49.209751],[16.615472,49.209743],[16.615447,49.209733],[16.615445,49.209735],[16.615438,49.209732],[16.615429,49.209742],[16.615437,49.209745],[16.615425,49.209758],[16.615418,49.209756],[16.615409,49.209766],[16.615416,49.209769],[16.615403,49.209784],[16.615395,49.209781],[16.615386,49.209791],[16.615394,49.209794],[16.61539,49.209798],[16.61539,49.209798],[16.615382,49.209807],[16.615375,49.209804],[16.615374,49.209804],[16.615365,49.209815],[16.615365,49.209815],[16.615373,49.209818],[16.615341,49.209854],[16.615334,49.209851],[16.615333,49.209851],[16.615324,49.209862],[16.615324,49.209862],[16.615332,49.209865],[16.615322,49.209876],[16.615313,49.209886],[16.615301,49.2099],[16.615293,49.209897],[16.615293,49.209897],[16.615284,49.209908],[16.615284,49.209908],[16.615291,49.209911],[16.61527,49.209936],[16.615262,49.209933],[16.615262,49.209933],[16.615253,49.209943],[16.615252,49.209944],[16.61526,49.209947],[16.615244,49.209965],[16.615237,49.209962],[16.615236,49.209962],[16.615228,49.209972],[16.615227,49.209973],[16.615235,49.209975],[16.615227,49.209984],[16.615232,49.209986],[16.615248,49.209992],[16.615253,49.209994],[16.615261,49.209985],[16.61527,49.209975],[16.615283,49.20996],[16.615291,49.20995],[16.615345,49.209889],[16.615351,49.209882],[16.615361,49.209871],[16.615367,49.209864],[16.615382,49.209847],[16.615388,49.20984],[16.615408,49.209817],[16.615414,49.20981],[16.615416,49.209808],[16.615416,49.209808],[16.615422,49.209801],[16.615427,49.209796],[16.615457,49.209761],[16.615462,49.209756]]]},"properties":{"id":63351,"buildingId":54678,"floorId":63279,"floorLevel":0,"name":"BA01N1077","type":"floor","category":"structure","label":"Corridor","passportNumber":"BA01N1077","seats":null,"hasProjector":false,"hasWhiteboard":false,"code":235}},{"type":"Feature","geometry":{"type":"Polygon","coordinates":[[[16.616279,49.210047],[16.616272,49.210045],[16.616273,49.210044],[16.61628,49.210046],[16.616288,49.210038],[16.616264,49.210029],[16.616252,49.210024],[16.61625,49.210024],[16.616242,49.210032],[16.616255,49.210037],[16.616255,49.210038],[16.616241,49.210033],[16.616223,49.210054],[16.61623,49.210057],[16.616228,49.210058],[16.616245,49.210064],[16.616246,49.210063],[16.616261,49.210069],[16.616268,49.210061],[16.616273,49.210055],[16.616279,49.210047]]]},"properties":{"id":63352,"buildingId":54678,"floorId":63279,"floorLevel":0,"name":"BA01N1048","type":"coatroom","category":"service","label":"Cloakroom","passportNumber":"BA01N1048","seats":null,"hasProjector":false,"hasWhiteboard":false,"code":990}},{"type":"Feature","geometry":{"type":"Polygon","coordinates":[[[16.615329,49.209982],[16.615282,49.209964],[16.615272,49.209975],[16.615263,49.209985],[16.615255,49.209994],[16.615303,49.210012],[16.615311,49.210003],[16.61532,49.209992],[16.615329,49.209982]]]},"properties":{"id":63353,"buildingId":54678,"floorId":63279,"floorLevel":0,"name":"BA01N1086","type":"office","category":"office","label":"Office","passportNumber":"BA01N1086","seats":null,"hasProjector":false,"hasWhiteboard":false,"code":235}},{"type":"Feature","geometry":{"type":"Polygon","coordinates":[[[16.61654,49.210101],[16.61655,49.210104],[16.61656,49.210092],[16.616567,49.210085],[16.616593,49.210055],[16.61658,49.21005],[16.616564,49.210044],[16.61656,49.210042],[16.616528,49.210078],[16.616522,49.210085],[16.616516,49.210092],[16.616525,49.210095],[16.61652,49.2101],[16.616536,49.210106],[16.61654,49.210101]]]},"properties":{"id":63354,"buildingId":54678,"floorId":63279,"floorLevel":0,"name":"BA01N1012","type":"office","category":"office","label":"Office","passportNumber":"BA01N1012","seats":null,"hasProjector":false,"hasWhiteboard":false,"code":987}},{"type":"Feature","geometry":{"type":"Polygon","coordinates":[[[16.615241,49.209955],[16.615231,49.20995],[16.615215,49.209945],[16.615214,49.209944],[16.615208,49.209951],[16.615202,49.209958],[16.615196,49.209964],[16.615149,49.209946],[16.615135,49.209962],[16.615126,49.209973],[16.615116,49.209983],[16.615191,49.210012],[16.615226,49.209972],[16.615235,49.209962],[16.615241,49.209955]]]},"properties":{"id":63355,"buildingId":54678,"floorId":63279,"floorLevel":0,"name":"BA01N1088","type":"classroom_and_laboratory","category":"teaching","label":"Classroom / lab","passportNumber":"BA01N1088","seats":null,"hasProjector":false,"hasWhiteboard":false,"code":235}},{"type":"Feature","geometry":{"type":"Polygon","coordinates":[[[16.616334,49.210096],[16.616337,49.210097],[16.616356,49.210076],[16.616343,49.210071],[16.616343,49.21007],[16.616356,49.210075],[16.616364,49.210067],[16.616362,49.210066],[16.616351,49.210062],[16.616324,49.210052],[16.616317,49.21006],[16.616325,49.210063],[16.616324,49.210064],[16.616316,49.210061],[16.616315,49.210062],[16.616309,49.210069],[16.616297,49.210082],[16.616312,49.210088],[16.616311,49.210089],[16.616333,49.210097],[16.616334,49.210096]]]},"properties":{"id":63356,"buildingId":54678,"floorId":63279,"floorLevel":0,"name":"BA01N1047","type":"coatroom","category":"service","label":"Cloakroom","passportNumber":"BA01N1047","seats":null,"hasProjector":false,"hasWhiteboard":false,"code":990}},{"type":"Feature","geometry":{"type":"Polygon","coordinates":[[[16.616574,49.210113],[16.616587,49.210118],[16.616592,49.210112],[16.616598,49.210105],[16.61663,49.210069],[16.616617,49.210064],[16.6166,49.210058],[16.616594,49.210055],[16.616568,49.210086],[16.616562,49.210093],[16.616561,49.210093],[16.61656,49.210094],[16.616551,49.210105],[16.616558,49.210107],[16.616554,49.210113],[16.616569,49.210118],[16.616574,49.210113]]]},"properties":{"id":63357,"buildingId":54678,"floorId":63279,"floorLevel":0,"name":"BA01N1013","type":"office","category":"office","label":"Office","passportNumber":"BA01N1013","seats":null,"hasProjector":false,"hasWhiteboard":false,"code":927}},{"type":"Feature","geometry":{"type":"Polygon","coordinates":[[[16.616735,49.210108],[16.616726,49.210105],[16.616709,49.210099],[16.616705,49.210097],[16.616685,49.210119],[16.616695,49.210122],[16.616706,49.210126],[16.616716,49.21013],[16.616735,49.210108]]]},"properties":{"id":63358,"buildingId":54678,"floorId":63279,"floorLevel":0,"name":"BA01N1016","type":"classroom_and_laboratory","category":"teaching","label":"Classroom / lab","passportNumber":"BA01N1016","seats":null,"hasProjector":false,"hasWhiteboard":false,"code":217}},{"type":"Feature","geometry":{"type":"Polygon","coordinates":[[[16.615302,49.210014],[16.615247,49.209993],[16.615231,49.209987],[16.615226,49.209985],[16.6152,49.210015],[16.615215,49.210021],[16.615232,49.210027],[16.615244,49.210032],[16.615261,49.210038],[16.615276,49.210043],[16.615285,49.210033],[16.615294,49.210022],[16.615302,49.210014]]]},"properties":{"id":63359,"buildingId":54678,"floorId":63279,"floorLevel":0,"name":"BA01N1087","type":"office","category":"office","label":"Office","passportNumber":"BA01N1087","seats":null,"hasProjector":false,"hasWhiteboard":false,"code":235}},{"type":"Feature","geometry":{"type":"Polygon","coordinates":[[[16.616646,49.21014],[16.61666,49.210146],[16.616703,49.210096],[16.616689,49.210091],[16.616673,49.210085],[16.616653,49.210077],[16.616637,49.210071],[16.616632,49.210069],[16.6166,49.210105],[16.616594,49.210112],[16.616588,49.210119],[16.616595,49.210121],[16.616611,49.210127],[16.616629,49.210134],[16.616625,49.210139],[16.616642,49.210145],[16.616646,49.21014]]]},"properties":{"id":63360,"buildingId":54678,"floorId":63279,"floorLevel":0,"name":"BA01N1014","type":"office","category":"office","label":"Office","passportNumber":"BA01N1014","seats":null,"hasProjector":false,"hasWhiteboard":false,"code":927}},{"type":"Feature","geometry":{"type":"Polygon","coordinates":[[[16.616461,49.210103],[16.616447,49.210098],[16.616418,49.210087],[16.616378,49.210072],[16.616368,49.210068],[16.616366,49.210067],[16.616339,49.210098],[16.616368,49.210109],[16.616384,49.210115],[16.616402,49.210122],[16.616418,49.210128],[16.616434,49.210134],[16.616461,49.210103]]]},"properties":{"id":63361,"buildingId":54678,"floorId":63279,"floorLevel":0,"name":"BA01N1046","type":"archive","category":"service","label":"Archive","passportNumber":"BA01N1046","seats":null,"hasProjector":false,"hasWhiteboard":false,"code":996}},{"type":"Feature","geometry":{"type":"Polygon","coordinates":[[[16.616682,49.210154],[16.616692,49.210158],[16.616715,49.210131],[16.616706,49.210127],[16.616695,49.210123],[16.616685,49.210119],[16.616661,49.210146],[16.616667,49.210148],[16.616662,49.210153],[16.616678,49.210159],[16.616682,49.210154]]]},"properties":{"id":63362,"buildingId":54678,"floorId":63279,"floorLevel":0,"name":"BA01N1015","type":"lobby","category":"circulation","label":"Lobby","passportNumber":"BA01N1015","seats":null,"hasProjector":false,"hasWhiteboard":false,"code":217}},{"type":"Feature","geometry":{"type":"Polygon","coordinates":[[[16.616515,49.210123],[16.616474,49.210108],[16.616463,49.210104],[16.616462,49.210103],[16.616435,49.210134],[16.616436,49.210135],[16.616452,49.210141],[16.61647,49.210147],[16.616486,49.210153],[16.616488,49.210154],[16.616507,49.210132],[16.616513,49.210125],[16.616515,49.210123]]]},"properties":{"id":63363,"buildingId":54678,"floorId":63279,"floorLevel":0,"name":"BA01N1045","type":"office","category":"office","label":"Office","passportNumber":"BA01N1045","seats":null,"hasProjector":false,"hasWhiteboard":false,"code":217}},{"type":"Feature","geometry":{"type":"Polygon","coordinates":[[[16.616571,49.210144],[16.616562,49.210141],[16.616557,49.210147],[16.616551,49.210145],[16.616542,49.210156],[16.616557,49.210161],[16.616557,49.21016],[16.616562,49.210155],[16.616571,49.210144]]]},"properties":{"id":63364,"buildingId":54678,"floorId":63279,"floorLevel":0,"name":"BA01N1043","type":"shower","category":"service","label":"Shower","passportNumber":"BA01N1043","seats":null,"hasProjector":false,"hasWhiteboard":false,"code":234}},{"type":"Feature","geometry":{"type":"Polygon","coordinates":[[[16.616555,49.210138],[16.616541,49.210133],[16.61653,49.210129],[16.616517,49.210124],[16.616515,49.210125],[16.616509,49.210132],[16.61649,49.210155],[16.616504,49.21016],[16.616521,49.210166],[16.616528,49.210169],[16.616555,49.210138]]]},"properties":{"id":63365,"buildingId":54678,"floorId":63279,"floorLevel":0,"name":"BA01N1044","type":"office","category":"office","label":"Office","passportNumber":"BA01N1044","seats":null,"hasProjector":false,"hasWhiteboard":false,"code":217}},{"type":"Feature","geometry":{"type":"Polygon","coordinates":[[[16.616592,49.210152],[16.616591,49.210152],[16.61658,49.210148],[16.616573,49.210145],[16.616564,49.210156],[16.616559,49.210161],[16.616558,49.210162],[16.616558,49.210163],[16.616557,49.210163],[16.616556,49.210162],[16.616541,49.210157],[16.616536,49.210163],[16.616535,49.210164],[16.61653,49.21017],[16.616533,49.210171],[16.616545,49.210175],[16.616546,49.210176],[16.616548,49.210177],[16.616559,49.210181],[16.616565,49.210183],[16.616577,49.21017],[16.616577,49.210169],[16.616592,49.210152]]]},"properties":{"id":63366,"buildingId":54678,"floorId":63279,"floorLevel":0,"name":"BA01N1042","type":"toilet","category":"service","label":"Toilet","passportNumber":"BA01N1042","seats":null,"hasProjector":false,"hasWhiteboard":false,"code":234}},{"type":"Feature","geometry":{"type":"Polygon","coordinates":[[[16.616616,49.210191],[16.616616,49.210191],[16.61666,49.210183],[16.616661,49.210182],[16.616646,49.210176],[16.616635,49.210172],[16.616632,49.210171],[16.616614,49.210191],[16.616616,49.210191]]]},"properties":{"id":63367,"buildingId":54678,"floorId":63279,"floorLevel":0,"name":"BA01N1130","type":"elevator","category":"circulation","label":"Elevator","passportNumber":"BA01N1130","seats":null,"hasProjector":false,"hasWhiteboard":false,"code":991}},{"type":"Feature","geometry":{"type":"Polygon","coordinates":[[[16.616747,49.210186],[16.616728,49.210179],[16.616732,49.210174],[16.616717,49.210168],[16.616712,49.210173],[16.616708,49.210172],[16.616708,49.210172],[16.616699,49.210182],[16.616692,49.210189],[16.616732,49.210204],[16.616747,49.210186]]]},"properties":{"id":63368,"buildingId":54678,"floorId":63279,"floorLevel":0,"name":"BA01N1017","type":"floor","category":"structure","label":"Corridor","passportNumber":"BA01N1017","seats":null,"hasProjector":false,"hasWhiteboard":false,"code":991}},{"type":"Feature","geometry":{"type":"Polygon","coordinates":[[[16.616881,49.210163],[16.616864,49.210157],[16.616848,49.210151],[16.61682,49.21014],[16.616804,49.210134],[16.616776,49.210123],[16.616759,49.210117],[16.616736,49.210109],[16.616693,49.210158],[16.616717,49.210167],[16.616733,49.210173],[16.616838,49.210213],[16.616881,49.210163]]]},"properties":{"id":63369,"buildingId":54678,"floorId":63279,"floorLevel":0,"name":"BA01N1018","type":"classroom_and_laboratory","category":"teaching","label":"Classroom / lab","passportNumber":"BA01N1018","seats":22,"hasProjector":false,"hasWhiteboard":false,"code":953}},{"type":"Feature","geometry":{"type":"Polygon","coordinates":[[[16.616587,49.210191],[16.616596,49.210195],[16.616604,49.210193],[16.616628,49.210166],[16.61662,49.210163],[16.616601,49.210156],[16.616594,49.210153],[16.616567,49.210184],[16.616572,49.210186],[16.616566,49.210192],[16.616581,49.210198],[16.616587,49.210191]]]},"properties":{"id":63370,"buildingId":54678,"floorId":63279,"floorLevel":0,"name":"BA01N1041","type":"floor","category":"structure","label":"Corridor","passportNumber":"BA01N1041","seats":null,"hasProjector":false,"hasWhiteboard":false,"code":991}},{"type":"Feature","geometry":{"type":"Polygon","coordinates":[[[16.616583,49.210205],[16.616585,49.210201],[16.616586,49.2102],[16.616581,49.210198],[16.616566,49.210192],[16.616563,49.210191],[16.616561,49.210193],[16.616557,49.210198],[16.616582,49.210208],[16.616583,49.210205]]]},"properties":{"id":63371,"buildingId":54678,"floorId":63279,"floorLevel":0,"name":"BA01N1136b","type":"floor","category":"structure","label":"Corridor","passportNumber":"BA01N1136b","seats":null,"hasProjector":false,"hasWhiteboard":false,"code":991}},{"type":"Feature","geometry":{"type":"Polygon","coordinates":[[[16.616731,49.210205],[16.616692,49.21019],[16.616676,49.210184],[16.616672,49.210182],[16.616671,49.210185],[16.616666,49.210186],[16.616678,49.210214],[16.616683,49.210213],[16.616687,49.210216],[16.616684,49.210219],[16.616689,49.210221],[16.616705,49.210227],[16.61671,49.210229],[16.616712,49.210226],[16.616718,49.210219],[16.616731,49.210205]]]},"properties":{"id":63372,"buildingId":54678,"floorId":63279,"floorLevel":0,"name":"BA01N1019","type":"floor","category":"structure","label":"Corridor","passportNumber":"BA01N1019","seats":null,"hasProjector":false,"hasWhiteboard":false,"code":991}},{"type":"Feature","geometry":{"type":"Polygon","coordinates":[[[16.615881,49.21016],[16.615862,49.210153],[16.615861,49.210153],[16.615855,49.21016],[16.61585,49.210166],[16.615869,49.210173],[16.615881,49.21016]]]},"properties":{"id":63373,"buildingId":54678,"floorId":63279,"floorLevel":0,"name":"BA01N1057a","type":"storage","category":"service","label":"Storage","passportNumber":"BA01N1057a","seats":null,"hasProjector":false,"hasWhiteboard":false,"code":991}},{"type":"Feature","geometry":{"type":"Polygon","coordinates":[[[16.615988,49.210176],[16.61599,49.210177],[16.616001,49.210181],[16.616013,49.210186],[16.616019,49.210179],[16.616039,49.210155],[16.616046,49.210148],[16.616034,49.210143],[16.616038,49.210139],[16.61605,49.210143],[16.616056,49.210136],[16.616077,49.210113],[16.616083,49.210105],[16.616071,49.210101],[16.616075,49.210096],[16.616087,49.210101],[16.616093,49.210094],[16.616114,49.210071],[16.61612,49.210063],[16.61611,49.210059],[16.616113,49.210057],[16.616043,49.210031],[16.61603,49.210026],[16.615962,49.21],[16.61596,49.210003],[16.615948,49.209998],[16.615941,49.210006],[16.615921,49.21003],[16.615915,49.210036],[16.615927,49.210041],[16.615923,49.210045],[16.615911,49.210041],[16.615905,49.210048],[16.615884,49.210072],[16.615878,49.210079],[16.61589,49.210083],[16.615886,49.210088],[16.615874,49.210083],[16.615867,49.210091],[16.615847,49.210114],[16.615841,49.210121],[16.615853,49.210126],[16.615864,49.21013],[16.615866,49.21013],[16.615863,49.210151],[16.615894,49.210163],[16.615915,49.210171],[16.615962,49.210189],[16.615988,49.210176]]]},"properties":{"id":63374,"buildingId":54678,"floorId":63279,"floorLevel":0,"name":"BA01N1052","type":"classroom_and_laboratory","category":"teaching","label":"Classroom / lab","passportNumber":"BA01N1052","seats":180,"hasProjector":false,"hasWhiteboard":false,"code":991}},{"type":"Feature","geometry":{"type":"Polygon","coordinates":[[[16.616661,49.210237],[16.616662,49.210237],[16.616667,49.210232],[16.616673,49.210225],[16.616678,49.210219],[16.616674,49.210218],[16.616631,49.210226],[16.616631,49.210226],[16.616629,49.210227],[16.61666,49.210238],[16.616661,49.210237]]]},"properties":{"id":63375,"buildingId":54678,"floorId":63279,"floorLevel":0,"name":"BA01N1039","type":"storage","category":"service","label":"Storage","passportNumber":"BA01N1039","seats":null,"hasProjector":false,"hasWhiteboard":false,"code":235}},{"type":"Feature","geometry":{"type":"Polygon","coordinates":[[[16.615861,49.210151],[16.615864,49.210133],[16.615862,49.210132],[16.615851,49.210128],[16.615849,49.21013],[16.615837,49.210126],[16.61583,49.210133],[16.615825,49.210131],[16.615824,49.210132],[16.615805,49.210154],[16.615804,49.210155],[16.61581,49.210157],[16.615803,49.210164],[16.615816,49.210169],[16.615811,49.210174],[16.615817,49.210176],[16.615827,49.21018],[16.615834,49.210182],[16.615854,49.21016],[16.61586,49.210153],[16.615861,49.210151]]]},"properties":{"id":63376,"buildingId":54678,"floorId":63279,"floorLevel":0,"name":"BA01N1057","type":"office","category":"office","label":"Office","passportNumber":"BA01N1057","seats":null,"hasProjector":false,"hasWhiteboard":false,"code":991}},{"type":"Feature","geometry":{"type":"Polygon","coordinates":[[[16.615919,49.210177],[16.615912,49.210175],[16.615891,49.210167],[16.61588,49.210163],[16.615871,49.210174],[16.61591,49.210188],[16.615911,49.210187],[16.615916,49.210181],[16.615919,49.210177]]]},"properties":{"id":63377,"buildingId":54678,"floorId":63279,"floorLevel":0,"name":"BA01N1055c","type":"storage","category":"service","label":"Storage","passportNumber":"BA01N1055c","seats":null,"hasProjector":false,"hasWhiteboard":false,"code":991}},{"type":"Feature","geometry":{"type":"Polygon","coordinates":[[[16.616597,49.210228],[16.616595,49.210228],[16.616591,49.210225],[16.616588,49.210222],[16.616575,49.210237],[16.616586,49.210241],[16.616595,49.21023],[16.616597,49.210228]]]},"properties":{"id":63378,"buildingId":54678,"floorId":63279,"floorLevel":0,"name":"BA01N1136a","type":"floor","category":"structure","label":"Corridor","passportNumber":"BA01N1136a","seats":null,"hasProjector":false,"hasWhiteboard":false,"code":991}},{"type":"Feature","geometry":{"type":"Polygon","coordinates":[[[16.615946,49.210184],[16.615938,49.210181],[16.615936,49.210184],[16.61592,49.210178],[16.615917,49.210182],[16.615912,49.210188],[16.615911,49.210189],[16.615934,49.210198],[16.615936,49.210196],[16.615942,49.21019],[16.615946,49.210184]]]},"properties":{"id":63379,"buildingId":54678,"floorId":63279,"floorLevel":0,"name":"BA01N1055b","type":"storage","category":"service","label":"Storage","passportNumber":"BA01N1055b","seats":null,"hasProjector":false,"hasWhiteboard":false,"code":991}},{"type":"Feature","geometry":{"type":"Polygon","coordinates":[[[16.616586,49.210241],[16.616575,49.210237],[16.616588,49.210222],[16.616586,49.21022],[16.616584,49.210217],[16.616582,49.210214],[16.616582,49.210211],[16.616582,49.210208],[16.616557,49.210198],[16.616553,49.210203],[16.61655,49.210206],[16.616552,49.210214],[16.616556,49.210228],[16.616558,49.210235],[16.616564,49.210237],[16.616578,49.210243],[16.616583,49.210245],[16.616586,49.210241]]]},"properties":{"id":63380,"buildingId":54678,"floorId":63279,"floorLevel":0,"name":"BA01N1136","type":"floor","category":"structure","label":"Corridor","passportNumber":"BA01N1136","seats":null,"hasProjector":false,"hasWhiteboard":false,"code":991}},{"type":"Feature","geometry":{"type":"Polygon","coordinates":[[[16.615961,49.21019],[16.615948,49.210185],[16.615943,49.21019],[16.615937,49.210196],[16.615936,49.210198],[16.615949,49.210203],[16.61595,49.210202],[16.615956,49.210196],[16.615961,49.21019]]]},"properties":{"id":63381,"buildingId":54678,"floorId":63279,"floorLevel":0,"name":"BA01N1055a","type":"storage","category":"service","label":"Storage","passportNumber":"BA01N1055a","seats":null,"hasProjector":false,"hasWhiteboard":false,"code":991}},{"type":"Feature","geometry":{"type":"Polygon","coordinates":[[[16.616831,49.210218],[16.616756,49.21019],[16.616751,49.210196],[16.616744,49.210193],[16.616735,49.210204],[16.616742,49.210206],[16.616729,49.210221],[16.616721,49.210218],[16.616719,49.21022],[16.616713,49.210227],[16.616712,49.210228],[16.61672,49.210231],[16.616714,49.210238],[16.616789,49.210267],[16.616797,49.210257],[16.616806,49.210247],[16.616817,49.210234],[16.616827,49.210223],[16.616831,49.210218]]]},"properties":{"id":63382,"buildingId":54678,"floorId":63279,"floorLevel":0,"name":"BA01N1020","type":"classroom_and_laboratory","category":"teaching","label":"Classroom / lab","passportNumber":"BA01N1020","seats":null,"hasProjector":false,"hasWhiteboard":false,"code":217}},{"type":"Feature","geometry":{"type":"Polygon","coordinates":[[[16.616653,49.210252],[16.616649,49.21025],[16.616658,49.21024],[16.616644,49.210234],[16.616643,49.210235],[16.616629,49.21023],[16.616621,49.210239],[16.616606,49.210234],[16.616605,49.210234],[16.616596,49.210231],[16.616587,49.210241],[16.616596,49.210244],[16.616592,49.210249],[16.616639,49.210267],[16.616653,49.210252]]]},"properties":{"id":63383,"buildingId":54678,"floorId":63279,"floorLevel":0,"name":"BA01N1135","type":"storage","category":"service","label":"Storage","passportNumber":"BA01N1135","seats":null,"hasProjector":false,"hasWhiteboard":false,"code":217}},{"type":"Feature","geometry":{"type":"Polygon","coordinates":[[[16.615955,49.210228],[16.615959,49.210229],[16.615963,49.210224],[16.615975,49.210229],[16.615982,49.210221],[16.615987,49.210223],[16.615988,49.210223],[16.616007,49.210201],[16.616008,49.2102],[16.616002,49.210198],[16.616009,49.21019],[16.615997,49.210186],[16.616,49.210182],[16.615989,49.210178],[16.615988,49.210178],[16.615964,49.210189],[16.615967,49.210191],[16.615961,49.210198],[16.615955,49.210204],[16.61594,49.210222],[16.615942,49.210223],[16.615939,49.210226],[16.615941,49.210227],[16.615951,49.210231],[16.615953,49.210231],[16.615955,49.210228]]]},"properties":{"id":63384,"buildingId":54678,"floorId":63279,"floorLevel":0,"name":"BA01N1054","type":"floor","category":"structure","label":"Corridor","passportNumber":"BA01N1054","seats":null,"hasProjector":false,"hasWhiteboard":false,"code":991}},{"type":"Feature","geometry":{"type":"Polygon","coordinates":[[[16.616601,49.210271],[16.616602,49.210271],[16.616604,49.210272],[16.616613,49.210275],[16.616628,49.210281],[16.616632,49.210276],[16.616638,49.210269],[16.616638,49.210269],[16.616613,49.210259],[16.616612,49.210258],[16.616591,49.210251],[16.616587,49.210255],[16.616581,49.210262],[16.61658,49.210263],[16.616579,49.210264],[16.616572,49.210272],[16.616569,49.210275],[16.616579,49.210279],[16.61658,49.210279],[16.61659,49.210283],[16.616601,49.210271]]]},"properties":{"id":63385,"buildingId":54678,"floorId":63279,"floorLevel":0,"name":"BA01N1037","type":"toilet","category":"service","label":"Toilet","passportNumber":"BA01N1037","seats":null,"hasProjector":false,"hasWhiteboard":false,"code":235}},{"type":"Feature","geometry":{"type":"Polygon","coordinates":[[[16.615948,49.210204],[16.615849,49.210167],[16.615839,49.210179],[16.615843,49.210181],[16.615841,49.210183],[16.615837,49.210182],[16.61583,49.210189],[16.615824,49.210196],[16.615819,49.210202],[16.615827,49.210205],[16.615826,49.210206],[16.615908,49.210237],[16.615909,49.210236],[16.615918,49.210239],[16.615948,49.210204]]]},"properties":{"id":63386,"buildingId":54678,"floorId":63279,"floorLevel":0,"name":"BA01N1056","type":"office","category":"office","label":"Office","passportNumber":"BA01N1056","seats":null,"hasProjector":false,"hasWhiteboard":false,"code":941}},{"type":"Feature","geometry":{"type":"Polygon","coordinates":[[[16.61661,49.210286],[16.61662,49.210289],[16.616627,49.210282],[16.616612,49.210276],[16.616604,49.210273],[16.616601,49.210272],[16.616591,49.210283],[16.616607,49.210289],[16.61661,49.210286]]]},"properties":{"id":63387,"buildingId":54678,"floorId":63279,"floorLevel":0,"name":"BA01N1038","type":"shower","category":"service","label":"Shower","passportNumber":"BA01N1038","seats":null,"hasProjector":false,"hasWhiteboard":false,"code":235}},{"type":"Feature","geometry":{"type":"Polygon","coordinates":[[[16.615741,49.21021],[16.615744,49.210206],[16.615733,49.210202],[16.61573,49.210206],[16.615729,49.210205],[16.615726,49.210209],[16.615721,49.210215],[16.61572,49.210216],[16.615757,49.21023],[16.615752,49.210235],[16.61578,49.210245],[16.61578,49.210244],[16.615787,49.210237],[16.615787,49.210236],[16.615793,49.210229],[16.615741,49.21021]]]},"properties":{"id":63388,"buildingId":54678,"floorId":63279,"floorLevel":0,"name":"BA01N1058a","type":"floor","category":"structure","label":"Corridor","passportNumber":"BA01N1058a","seats":null,"hasProjector":false,"hasWhiteboard":false,"code":991}},{"type":"Feature","geometry":{"type":"Polygon","coordinates":[[[16.616788,49.210267],[16.616713,49.210239],[16.616708,49.210245],[16.616699,49.210255],[16.616689,49.210266],[16.616682,49.210264],[16.616673,49.210274],[16.61668,49.210277],[16.616675,49.210282],[16.616677,49.210283],[16.616688,49.210287],[16.616691,49.210288],[16.616688,49.210291],[16.616747,49.210314],[16.616755,49.210305],[16.616765,49.210294],[16.616776,49.210281],[16.616785,49.21027],[16.616788,49.210267]]]},"properties":{"id":63389,"buildingId":54678,"floorId":63279,"floorLevel":0,"name":"BA01N1023","type":"classroom_and_laboratory","category":"teaching","label":"Classroom / lab","passportNumber":"BA01N1023","seats":null,"hasProjector":false,"hasWhiteboard":false,"code":235}},{"type":"Feature","geometry":{"type":"Polygon","coordinates":[[[16.616689,49.210289],[16.616687,49.210288],[16.616676,49.210284],[16.616674,49.210283],[16.616668,49.21029],[16.616661,49.210288],[16.616659,49.210289],[16.616653,49.210296],[16.616651,49.210298],[16.616659,49.210301],[16.616655,49.210306],[16.616657,49.210307],[16.616667,49.210311],[16.616669,49.210311],[16.61667,49.21031],[16.616676,49.210303],[16.616689,49.210289]]]},"properties":{"id":63390,"buildingId":54678,"floorId":63279,"floorLevel":0,"name":"BA01N1022","type":"lobby","category":"circulation","label":"Lobby","passportNumber":"BA01N1022","seats":null,"hasProjector":false,"hasWhiteboard":false,"code":235}},{"type":"Feature","geometry":{"type":"Polygon","coordinates":[[[16.616616,49.210294],[16.616568,49.210276],[16.616563,49.210283],[16.616554,49.210293],[16.616548,49.210299],[16.616596,49.210317],[16.616601,49.210311],[16.616607,49.210304],[16.616616,49.210294]]]},"properties":{"id":63391,"buildingId":54678,"floorId":63279,"floorLevel":0,"name":"BA01N1036","type":"office","category":"office","label":"Office","passportNumber":"BA01N1036","seats":null,"hasProjector":false,"hasWhiteboard":false,"code":235}},{"type":"Feature","geometry":{"type":"Polygon","coordinates":[[[16.615774,49.210244],[16.615751,49.210235],[16.615755,49.21023],[16.61572,49.210217],[16.615713,49.210224],[16.615705,49.210233],[16.615702,49.210237],[16.615761,49.210259],[16.615765,49.210255],[16.615771,49.210248],[16.615774,49.210244]]]},"properties":{"id":63392,"buildingId":54678,"floorId":63279,"floorLevel":0,"name":"BA01N1056e","type":"coatroom","category":"service","label":"Cloakroom","passportNumber":"BA01N1056e","seats":null,"hasProjector":false,"hasWhiteboard":false,"code":991}},{"type":"Feature","geometry":{"type":"Polygon","coordinates":[[[16.615827,49.210259],[16.615831,49.210261],[16.615835,49.210256],[16.61583,49.210254],[16.615822,49.210251],[16.615821,49.21025],[16.615816,49.210255],[16.615815,49.210256],[16.615808,49.210264],[16.615819,49.210269],[16.615826,49.21026],[16.615827,49.210259]]]},"properties":{"id":63393,"buildingId":54678,"floorId":63279,"floorLevel":0,"name":"BA01N1056c","type":"toilet","category":"service","label":"Toilet","passportNumber":"BA01N1056c","seats":null,"hasProjector":false,"hasWhiteboard":false,"code":991}},{"type":"Feature","geometry":{"type":"Polygon","coordinates":[[[16.616747,49.210314],[16.616688,49.210292],[16.616678,49.210304],[16.616671,49.210311],[16.61667,49.210312],[16.61673,49.210334],[16.616734,49.210328],[16.616744,49.210318],[16.616747,49.210314]]]},"properties":{"id":63394,"buildingId":54678,"floorId":63279,"floorLevel":0,"name":"BA01N1024","type":"office","category":"office","label":"Office","passportNumber":"BA01N1024","seats":null,"hasProjector":false,"hasWhiteboard":false,"code":235}},{"type":"Feature","geometry":{"type":"Polygon","coordinates":[[[16.61582,49.21025],[16.615809,49.210246],[16.615808,49.210245],[16.615788,49.210238],[16.615782,49.210245],[16.61578,49.210246],[16.615776,49.210244],[16.615772,49.210248],[16.615766,49.210255],[16.615764,49.210258],[16.615801,49.210271],[16.615801,49.210271],[16.615806,49.210265],[16.61582,49.21025]]]},"properties":{"id":63395,"buildingId":54678,"floorId":63279,"floorLevel":0,"name":"BA01N1056d","type":"shower","category":"service","label":"Shower","passportNumber":"BA01N1056d","seats":null,"hasProjector":false,"hasWhiteboard":false,"code":991}},{"type":"Feature","geometry":{"type":"Polygon","coordinates":[[[16.615913,49.210245],[16.615872,49.21023],[16.615854,49.210223],[16.615814,49.210208],[16.615805,49.210218],[16.615799,49.210225],[16.615795,49.21023],[16.615788,49.210237],[16.615823,49.21025],[16.615831,49.210253],[16.615837,49.210255],[16.615832,49.210261],[16.615871,49.210276],[16.615879,49.210279],[16.615882,49.21028],[16.615885,49.210277],[16.615891,49.21027],[16.615913,49.210245]]]},"properties":{"id":63396,"buildingId":54678,"floorId":63279,"floorLevel":0,"name":"BA01N1056a","type":"coatroom","category":"service","label":"Cloakroom","passportNumber":"BA01N1056a","seats":null,"hasProjector":false,"hasWhiteboard":false,"code":991}},{"type":"Feature","geometry":{"type":"Polygon","coordinates":[[[16.615822,49.210271],[16.615807,49.210265],[16.615807,49.210266],[16.615802,49.210271],[16.615802,49.210272],[16.615816,49.210277],[16.615822,49.210271]]]},"properties":{"id":63397,"buildingId":54678,"floorId":63279,"floorLevel":0,"name":"BA01N1056f","type":"toilet","category":"service","label":"Toilet","passportNumber":"BA01N1056f","seats":null,"hasProjector":false,"hasWhiteboard":false,"code":991}},{"type":"Feature","geometry":{"type":"Polygon","coordinates":[[[16.616595,49.210318],[16.616547,49.2103],[16.616545,49.210303],[16.616536,49.210314],[16.616529,49.210321],[16.616577,49.210339],[16.616584,49.21033],[16.616591,49.210323],[16.616595,49.210318]]]},"properties":{"id":63398,"buildingId":54678,"floorId":63279,"floorLevel":0,"name":"BA01N1035","type":"office","category":"office","label":"Office","passportNumber":"BA01N1035","seats":null,"hasProjector":false,"hasWhiteboard":false,"code":235}},{"type":"Feature","geometry":{"type":"Polygon","coordinates":[[[16.616729,49.210335],[16.616666,49.210312],[16.616655,49.210308],[16.616654,49.210307],[16.616648,49.210313],[16.616639,49.210323],[16.616636,49.210327],[16.616711,49.210356],[16.616714,49.210352],[16.616723,49.210341],[16.616729,49.210335]]]},"properties":{"id":63399,"buildingId":54678,"floorId":63279,"floorLevel":0,"name":"BA01N1025","type":"office","category":"office","label":"Office","passportNumber":"BA01N1025","seats":null,"hasProjector":false,"hasWhiteboard":false,"code":235}},{"type":"Feature","geometry":{"type":"Polygon","coordinates":[[[16.615881,49.210281],[16.615878,49.21028],[16.61587,49.210277],[16.615831,49.210262],[16.615818,49.210278],[16.615868,49.210296],[16.61587,49.210293],[16.615877,49.210285],[16.615881,49.210281]]]},"properties":{"id":63400,"buildingId":54678,"floorId":63279,"floorLevel":0,"name":"BA01N1056b","type":"shower","category":"service","label":"Shower","passportNumber":"BA01N1056b","seats":null,"hasProjector":false,"hasWhiteboard":false,"code":991}},{"type":"Feature","geometry":{"type":"Polygon","coordinates":[[[16.61671,49.210229],[16.616705,49.210227],[16.616689,49.210221],[16.616684,49.210219],[16.616682,49.210221],[16.616678,49.21022],[16.616673,49.210225],[16.616667,49.210232],[16.616662,49.210237],[16.616667,49.210239],[16.61664,49.21027],[16.616634,49.210277],[16.616609,49.210305],[16.616603,49.210312],[16.616592,49.210324],[16.616586,49.210331],[16.616576,49.210342],[16.616581,49.210344],[16.616597,49.21035],[16.616602,49.210352],[16.616609,49.210345],[16.616618,49.210334],[16.61663,49.21032],[16.616639,49.21031],[16.616651,49.210296],[16.616658,49.210289],[16.61671,49.210229]]]},"properties":{"id":63401,"buildingId":54678,"floorId":63279,"floorLevel":0,"name":"BA01N1021","type":"floor","category":"structure","label":"Corridor","passportNumber":"BA01N1021","seats":null,"hasProjector":false,"hasWhiteboard":false,"code":991}},{"type":"Feature","geometry":{"type":"Polygon","coordinates":[[[16.616508,49.21034],[16.616502,49.210338],[16.616502,49.210339],[16.616496,49.210346],[16.616495,49.210346],[16.616501,49.210349],[16.616508,49.21034]]]},"properties":{"id":63402,"buildingId":54678,"floorId":63279,"floorLevel":0,"name":"BA01N1134","type":"storage","category":"service","label":"Storage","passportNumber":"BA01N1134","seats":null,"hasProjector":false,"hasWhiteboard":false,"code":991}},{"type":"Feature","geometry":{"type":"Polygon","coordinates":[[[16.616476,49.210372],[16.616469,49.21037],[16.616463,49.210377],[16.616469,49.210379],[16.616476,49.210372]]]},"properties":{"id":63403,"buildingId":54678,"floorId":63279,"floorLevel":0,"name":"BA01N1133","type":"storage","category":"service","label":"Storage","passportNumber":"BA01N1133","seats":null,"hasProjector":false,"hasWhiteboard":false,"code":221}},{"type":"Feature","geometry":{"type":"Polygon","coordinates":[[[16.616576,49.21034],[16.616528,49.210322],[16.616523,49.210328],[16.616514,49.210339],[16.616501,49.210353],[16.616492,49.210363],[16.616485,49.210371],[16.616533,49.210389],[16.616563,49.210355],[16.616569,49.210348],[16.616576,49.21034]]]},"properties":{"id":63404,"buildingId":54678,"floorId":63279,"floorLevel":0,"name":"BA01N1034","type":"office","category":"office","label":"Office","passportNumber":"BA01N1034","seats":null,"hasProjector":false,"hasWhiteboard":false,"code":228}},{"type":"Feature","geometry":{"type":"Polygon","coordinates":[[[16.616529,49.210393],[16.616482,49.210375],[16.616472,49.210386],[16.616463,49.210397],[16.616456,49.210404],[16.616504,49.210422],[16.616513,49.210411],[16.616519,49.210404],[16.616529,49.210393]]]},"properties":{"id":63405,"buildingId":54678,"floorId":63279,"floorLevel":0,"name":"BA01N1033","type":"office","category":"office","label":"Office","passportNumber":"BA01N1033","seats":null,"hasProjector":false,"hasWhiteboard":false,"code":228}},{"type":"Feature","geometry":{"type":"Polygon","coordinates":[[[16.61671,49.210357],[16.616635,49.210329],[16.616627,49.210338],[16.616618,49.210348],[16.616607,49.210361],[16.6166,49.210358],[16.616591,49.210368],[16.616598,49.210371],[16.616563,49.21041],[16.616603,49.210425],[16.616614,49.210429],[16.616638,49.210439],[16.616651,49.210423],[16.616661,49.210413],[16.616672,49.2104],[16.616681,49.210389],[16.616693,49.210376],[16.616702,49.210365],[16.61671,49.210357]]]},"properties":{"id":63406,"buildingId":54678,"floorId":63279,"floorLevel":0,"name":"BA01N1026","type":"classroom_and_laboratory","category":"teaching","label":"Classroom / lab","passportNumber":"BA01N1026","seats":16,"hasProjector":false,"hasWhiteboard":false,"code":217}},{"type":"Feature","geometry":{"type":"Polygon","coordinates":[[[16.616584,49.210423],[16.61656,49.210414],[16.61654,49.210436],[16.616564,49.210445],[16.61657,49.210439],[16.616576,49.210431],[16.616584,49.210423]]]},"properties":{"id":63407,"buildingId":54678,"floorId":63279,"floorLevel":0,"name":"BA01N1028","type":"office","category":"office","label":"Office","passportNumber":"BA01N1028","seats":null,"hasProjector":false,"hasWhiteboard":false,"code":217}},{"type":"Feature","geometry":{"type":"Polygon","coordinates":[[[16.616501,49.210426],[16.616497,49.210425],[16.616499,49.210422],[16.616484,49.210416],[16.616482,49.210419],[16.616457,49.210409],[16.616456,49.210411],[16.61644,49.210408],[16.616436,49.210412],[16.616428,49.210422],[16.616422,49.210429],[16.616433,49.210437],[16.616432,49.210438],[16.616476,49.210454],[16.616486,49.210443],[16.616492,49.210436],[16.616501,49.210426]]]},"properties":{"id":63408,"buildingId":54678,"floorId":63279,"floorLevel":0,"name":"BA01N1032","type":"office","category":"office","label":"Office","passportNumber":"BA01N1032","seats":null,"hasProjector":false,"hasWhiteboard":false,"code":228}},{"type":"Feature","geometry":{"type":"Polygon","coordinates":[[[16.616635,49.210442],[16.616611,49.210433],[16.616599,49.210428],[16.616585,49.210423],[16.616577,49.210432],[16.616571,49.210439],[16.616565,49.210445],[16.616615,49.210464],[16.616622,49.210457],[16.616632,49.210446],[16.616635,49.210442]]]},"properties":{"id":63409,"buildingId":54678,"floorId":63279,"floorLevel":0,"name":"BA01N1027","type":"preparatory","category":"service","label":"Preparatory","passportNumber":"BA01N1027","seats":null,"hasProjector":false,"hasWhiteboard":false,"code":217}},{"type":"Feature","geometry":{"type":"Polygon","coordinates":[[[16.616533,49.210441],[16.616526,49.210439],[16.616528,49.210436],[16.616525,49.210435],[16.616528,49.210431],[16.616531,49.210433],[16.616537,49.210427],[16.616544,49.210429],[16.616553,49.210419],[16.616546,49.210416],[16.616569,49.21039],[16.616576,49.210393],[16.616585,49.210382],[16.616578,49.21038],[16.616602,49.210352],[16.616597,49.21035],[16.616581,49.210345],[16.616576,49.210343],[16.616571,49.210349],[16.616565,49.210356],[16.616521,49.210405],[16.616515,49.210412],[16.616493,49.210437],[16.616487,49.210444],[16.616478,49.210455],[16.616503,49.210465],[16.616505,49.210463],[16.616512,49.210465],[16.616515,49.210462],[16.61653,49.210444],[16.616533,49.210441]]]},"properties":{"id":63410,"buildingId":54678,"floorId":63279,"floorLevel":0,"name":"BA01N1029","type":"floor","category":"structure","label":"Corridor","passportNumber":"BA01N1029","seats":null,"hasProjector":false,"hasWhiteboard":false,"code":991}},{"type":"Feature","geometry":{"type":"Polygon","coordinates":[[[16.616574,49.210454],[16.616537,49.21044],[16.616533,49.210445],[16.616517,49.210463],[16.616512,49.210468],[16.616549,49.210482],[16.616554,49.210477],[16.61656,49.21047],[16.616574,49.210454]]]},"properties":{"id":63411,"buildingId":54678,"floorId":63279,"floorLevel":0,"name":"BA01N1030","type":"floor","category":"structure","label":"Corridor","passportNumber":"BA01N1030","seats":null,"hasProjector":false,"hasWhiteboard":false,"code":991}},{"type":"Feature","geometry":{"type":"Polygon","coordinates":[[[16.61662,49.210476],[16.616608,49.210468],[16.616609,49.210467],[16.616575,49.210454],[16.616561,49.21047],[16.616555,49.210477],[16.616551,49.210482],[16.616584,49.210495],[16.616585,49.210494],[16.616601,49.210497],[16.616607,49.21049],[16.616616,49.21048],[16.61662,49.210476]]]},"properties":{"id":63412,"buildingId":54678,"floorId":63279,"floorLevel":0,"name":"BA01N1031","type":"office","category":"office","label":"Office","passportNumber":"BA01N1031","seats":null,"hasProjector":false,"hasWhiteboard":false,"code":228}},{"type":"Feature","geometry":{"type":"Polygon","coordinates":[[[16.6165,49.210468],[16.616425,49.21044],[16.616421,49.210444],[16.61641,49.21044],[16.616399,49.210453],[16.61641,49.210457],[16.616401,49.210468],[16.616476,49.210496],[16.6165,49.210468]]]},"properties":{"id":63413,"buildingId":54678,"floorId":63279,"floorLevel":0,"name":"BA01N1123","type":"substation","category":"other","label":"substation","passportNumber":"BA01N1123","seats":null,"hasProjector":false,"hasWhiteboard":false,"code":992}},{"type":"Feature","geometry":{"type":"Polygon","coordinates":[[[16.616431,49.210488],[16.616402,49.210477],[16.616377,49.210506],[16.616383,49.210508],[16.616401,49.210514],[16.616406,49.210516],[16.616431,49.210488]]]},"properties":{"id":63414,"buildingId":54678,"floorId":63279,"floorLevel":0,"name":"BA01N1125","type":"utility_room","category":"service","label":"Utility","passportNumber":"BA01N1125","seats":null,"hasProjector":false,"hasWhiteboard":false,"code":992}},{"type":"Feature","geometry":{"type":"Polygon","coordinates":[[[16.616571,49.210515],[16.61658,49.210519],[16.616581,49.210518],[16.616588,49.21051],[16.616589,49.210509],[16.616579,49.210505],[16.616584,49.2105],[16.616528,49.210479],[16.61653,49.210476],[16.616514,49.210471],[16.616512,49.210473],[16.616509,49.210472],[16.616507,49.210474],[16.6165,49.210471],[16.616484,49.21049],[16.616491,49.210492],[16.616485,49.210499],[16.61656,49.210528],[16.616571,49.210515]]]},"properties":{"id":63415,"buildingId":54678,"floorId":63279,"floorLevel":0,"name":"BA01N1122","type":"storage","category":"service","label":"Storage","passportNumber":"BA01N1122","seats":null,"hasProjector":false,"hasWhiteboard":false,"code":993}},{"type":"Feature","geometry":{"type":"Polygon","coordinates":[[[16.616461,49.2105],[16.616432,49.210489],[16.616408,49.210517],[16.616413,49.210519],[16.616431,49.210526],[16.616436,49.210528],[16.616461,49.2105]]]},"properties":{"id":63416,"buildingId":54678,"floorId":63279,"floorLevel":0,"name":"BA01N1124","type":"utility_room","category":"service","label":"Utility","passportNumber":"BA01N1124","seats":null,"hasProjector":false,"hasWhiteboard":false,"code":992}},{"type":"Feature","geometry":{"type":"Polygon","coordinates":[[[16.616527,49.210521],[16.616471,49.2105],[16.616444,49.210531],[16.616466,49.210539],[16.616478,49.210544],[16.616501,49.210552],[16.616527,49.210521]]]},"properties":{"id":63417,"buildingId":54678,"floorId":63279,"floorLevel":0,"name":"BA01N1127","type":"substation","category":"other","label":"substation","passportNumber":"BA01N1127","seats":null,"hasProjector":false,"hasWhiteboard":false,"code":992}},{"type":"Feature","geometry":{"type":"Polygon","coordinates":[[[16.616567,49.210536],[16.616535,49.210524],[16.616533,49.210527],[16.616527,49.210524],[16.616502,49.210553],[16.616526,49.210561],[16.616538,49.210566],[16.616541,49.210567],[16.616567,49.210536]]]},"properties":{"id":63418,"buildingId":54678,"floorId":63279,"floorLevel":0,"name":"BA01N1126","type":"substation","category":"other","label":"substation","passportNumber":"BA01N1126","seats":null,"hasProjector":false,"hasWhiteboard":false,"code":992}},{"type":"Feature","geometry":{"type":"Polygon","coordinates":[[[16.616392,49.210045],[16.616405,49.21005],[16.61641,49.210044],[16.616417,49.210037],[16.616448,49.21],[16.616435,49.209995],[16.616419,49.209989],[16.61641,49.209986],[16.616378,49.210022],[16.616372,49.210029],[16.616367,49.210035],[16.616376,49.210039],[16.616372,49.210043],[16.616388,49.21005],[16.616392,49.210045]]]},"properties":{"id":63421,"buildingId":54678,"floorId":63279,"floorLevel":0,"name":"BA01N1009a","type":"office","category":"office","label":"Office","passportNumber":"BA01N1009a","seats":null,"hasProjector":false,"hasWhiteboard":false,"code":null}},{"type":"Feature","geometry":{"type":"Polygon","coordinates":[[[16.616558,49.210042],[16.616544,49.210036],[16.616528,49.21003],[16.616522,49.210028],[16.616491,49.210064],[16.616485,49.210071],[16.616479,49.210078],[16.616484,49.21008],[16.616501,49.210086],[16.616515,49.210091],[16.61652,49.210085],[16.616526,49.210078],[16.616558,49.210042]]]},"properties":{"id":63422,"buildingId":54678,"floorId":63279,"floorLevel":0,"name":"BA01N1011a","type":"office","category":"office","label":"Office","passportNumber":"BA01N1011a","seats":null,"hasProjector":false,"hasWhiteboard":false,"code":null}},{"type":"Feature","geometry":{"type":"Polygon","coordinates":[[[16.616323,49.210051],[16.616312,49.210047],[16.616306,49.210054],[16.616305,49.210054],[16.616311,49.210047],[16.616301,49.210043],[16.616292,49.210053],[16.616289,49.210052],[16.616289,49.210052],[16.616289,49.210051],[16.61629,49.210052],[16.616291,49.210052],[16.616298,49.210044],[16.616288,49.21004],[16.61628,49.210048],[16.616282,49.210049],[16.616282,49.210049],[16.616282,49.210049],[16.616281,49.210049],[16.61628,49.210049],[16.616274,49.210055],[16.616269,49.210061],[16.616262,49.210069],[16.616265,49.21007],[16.616264,49.210072],[16.61628,49.210078],[16.616281,49.210076],[16.616296,49.210082],[16.616308,49.210068],[16.616313,49.210062],[16.616323,49.210051]]]},"properties":{"id":63423,"buildingId":54678,"floorId":63279,"floorLevel":0,"name":"BA01N1048a","type":"toilet","category":"service","label":"Toilet","passportNumber":"BA01N1048a","seats":null,"hasProjector":false,"hasWhiteboard":false,"code":null}},{"type":"Feature","geometry":{"type":"Polygon","coordinates":[[[16.615818,49.210194],[16.615824,49.210196],[16.61583,49.210189],[16.615824,49.210187],[16.615826,49.210185],[16.615825,49.210184],[16.615828,49.210181],[16.615827,49.210181],[16.615827,49.21018],[16.615817,49.210176],[16.615816,49.210177],[16.615815,49.210176],[16.615812,49.210179],[16.615781,49.210168],[16.615782,49.210165],[16.615783,49.210163],[16.615771,49.210159],[16.61577,49.210161],[16.615767,49.210162],[16.615758,49.210172],[16.615773,49.210177],[16.615804,49.210189],[16.615802,49.210191],[16.615816,49.210196],[16.615818,49.210194]]]},"properties":{"id":63582,"buildingId":54678,"floorId":63279,"floorLevel":0,"name":"BA01N1058","type":"stairs","category":"circulation","label":"Stairs","passportNumber":"BA01N1058","seats":null,"hasProjector":false,"hasWhiteboard":false,"code":991}},{"type":"Feature","geometry":{"type":"Polygon","coordinates":[[[16.615996,49.210249],[16.615997,49.210246],[16.615999,49.210244],[16.615987,49.21024],[16.615985,49.210242],[16.615982,49.210243],[16.615951,49.210231],[16.615951,49.210231],[16.615941,49.210227],[16.61594,49.210227],[16.615937,49.210226],[16.615929,49.210236],[16.615943,49.210241],[16.615974,49.210253],[16.615975,49.210253],[16.615987,49.210258],[16.615988,49.210258],[16.615996,49.210249]]]},"properties":{"id":63583,"buildingId":54678,"floorId":63279,"floorLevel":0,"name":"BA01N1053","type":"stairs","category":"circulation","label":"Stairs","passportNumber":"BA01N1053","seats":null,"hasProjector":false,"hasWhiteboard":false,"code":991}},{"type":"Feature","geometry":{"type":"Polygon","coordinates":[[[16.615515,49.209649],[16.615512,49.209648],[16.615495,49.209641],[16.615468,49.209631],[16.615451,49.209625],[16.615433,49.209618],[16.615389,49.209668],[16.615449,49.20969],[16.615464,49.209696],[16.615471,49.209699],[16.615478,49.209691],[16.615484,49.209684],[16.615515,49.209649]]]},"properties":{"id":67548,"buildingId":54678,"floorId":67547,"floorLevel":1,"name":"BA01N2078","type":"library","category":"teaching","label":"Library","passportNumber":"BA01N2078","seats":null,"hasProjector":false,"hasWhiteboard":false,"code":224}},{"type":"Feature","geometry":{"type":"Polygon","coordinates":[[[16.615574,49.209671],[16.615557,49.209664],[16.61554,49.209658],[16.615518,49.20965],[16.61549,49.209683],[16.615489,49.209684],[16.615488,49.209684],[16.615481,49.209692],[16.615475,49.2097],[16.615495,49.209708],[16.615511,49.209714],[16.61553,49.209721],[16.615544,49.209704],[16.615545,49.209704],[16.615574,49.209671]]]},"properties":{"id":67549,"buildingId":54678,"floorId":67547,"floorLevel":1,"name":"BA01N2079","type":"office","category":"office","label":"Office","passportNumber":"BA01N2079","seats":null,"hasProjector":false,"hasWhiteboard":false,"code":224}},{"type":"Feature","geometry":{"type":"Polygon","coordinates":[[[16.615599,49.209747],[16.615604,49.209749],[16.615648,49.209699],[16.615643,49.209697],[16.615626,49.20969],[16.615607,49.209683],[16.61559,49.209677],[16.615575,49.209671],[16.615531,49.209721],[16.615544,49.209726],[16.61554,49.209731],[16.615558,49.209737],[16.615562,49.209733],[16.615583,49.209741],[16.615579,49.209745],[16.615579,49.209746],[16.615595,49.209751],[16.615595,49.209752],[16.615599,49.209747]]]},"properties":{"id":67550,"buildingId":54678,"floorId":67547,"floorLevel":1,"name":"BA01N2080","type":"office","category":"office","label":"Office","passportNumber":"BA01N2080","seats":null,"hasProjector":false,"hasWhiteboard":false,"code":923}},{"type":"Feature","geometry":{"type":"Polygon","coordinates":[[[16.615688,49.209714],[16.61568,49.209711],[16.615663,49.209704],[16.615649,49.209699],[16.615605,49.209749],[16.615618,49.209754],[16.615633,49.20976],[16.615644,49.209764],[16.615688,49.209714]]]},"properties":{"id":67551,"buildingId":54678,"floorId":67547,"floorLevel":1,"name":"BA01N2081","type":"office","category":"office","label":"Office","passportNumber":"BA01N2081","seats":null,"hasProjector":false,"hasWhiteboard":false,"code":923}},{"type":"Feature","geometry":{"type":"Polygon","coordinates":[[[16.615447,49.20972],[16.615453,49.209723],[16.615464,49.209711],[16.615457,49.209708],[16.615462,49.209703],[16.615461,49.209703],[16.615465,49.209698],[16.615463,49.209697],[16.615448,49.209692],[16.615447,49.209691],[16.615443,49.209696],[16.615419,49.209687],[16.615423,49.209682],[16.615405,49.209676],[16.615401,49.20968],[16.615385,49.209674],[16.615381,49.209679],[16.615371,49.20969],[16.61536,49.209703],[16.615351,49.209714],[16.615345,49.20972],[16.615422,49.209749],[16.615425,49.209744],[16.615434,49.209734],[16.615447,49.20972]]]},"properties":{"id":67552,"buildingId":54678,"floorId":67547,"floorLevel":1,"name":"BA01N2077","type":"office","category":"office","label":"Office","passportNumber":"BA01N2077","seats":null,"hasProjector":false,"hasWhiteboard":false,"code":224}},{"type":"Feature","geometry":{"type":"Polygon","coordinates":[[[16.615421,49.209749],[16.615345,49.209721],[16.61534,49.209727],[16.61533,49.209738],[16.615325,49.209744],[16.615401,49.209772],[16.615406,49.209767],[16.615414,49.209757],[16.615421,49.209749]]]},"properties":{"id":67553,"buildingId":54678,"floorId":67547,"floorLevel":1,"name":"BA01N2076","type":"office","category":"office","label":"Office","passportNumber":"BA01N2076","seats":null,"hasProjector":false,"hasWhiteboard":false,"code":224}},{"type":"Feature","geometry":{"type":"Polygon","coordinates":[[[16.615549,49.209763],[16.615546,49.209762],[16.615536,49.209758],[16.61552,49.209752],[16.61552,49.209753],[16.615519,49.209754],[16.61553,49.209783],[16.615531,49.209783],[16.615531,49.209784],[16.615549,49.209764],[16.615549,49.209763]]]},"properties":{"id":67554,"buildingId":54678,"floorId":67547,"floorLevel":1,"name":"BA01N2098","type":"elevator","category":"circulation","label":"Elevator","passportNumber":"BA01N2098","seats":null,"hasProjector":false,"hasWhiteboard":false,"code":991}},{"type":"Feature","geometry":{"type":"Polygon","coordinates":[[[16.615609,49.209783],[16.615599,49.209779],[16.615593,49.209785],[16.615588,49.209783],[16.615578,49.209795],[16.615594,49.209801],[16.615609,49.209783]]]},"properties":{"id":67555,"buildingId":54678,"floorId":67547,"floorLevel":1,"name":"BA01N2062","type":"shower","category":"service","label":"Shower","passportNumber":"BA01N2062","seats":null,"hasProjector":false,"hasWhiteboard":false,"code":996}},{"type":"Feature","geometry":{"type":"Polygon","coordinates":[[[16.615592,49.209776],[16.615582,49.209773],[16.615571,49.209768],[16.615558,49.209764],[16.615534,49.209791],[16.615537,49.209797],[16.615543,49.2098],[16.61556,49.209806],[16.615565,49.209808],[16.615592,49.209776]]]},"properties":{"id":67556,"buildingId":54678,"floorId":67547,"floorLevel":1,"name":"BA01N2063","type":"office","category":"office","label":"Office","passportNumber":"BA01N2063","seats":null,"hasProjector":false,"hasWhiteboard":false,"code":923}},{"type":"Feature","geometry":{"type":"Polygon","coordinates":[[[16.6154,49.209773],[16.615324,49.209745],[16.615319,49.20975],[16.615309,49.209761],[16.615304,49.209768],[16.61538,49.209796],[16.615385,49.20979],[16.615394,49.20978],[16.6154,49.209773]]]},"properties":{"id":67557,"buildingId":54678,"floorId":67547,"floorLevel":1,"name":"BA01N2075","type":"office","category":"office","label":"Office","passportNumber":"BA01N2075","seats":null,"hasProjector":false,"hasWhiteboard":false,"code":224}},{"type":"Feature","geometry":{"type":"Polygon","coordinates":[[[16.615816,49.209828],[16.615829,49.209833],[16.615873,49.209783],[16.615861,49.209779],[16.615844,49.209772],[16.615825,49.209765],[16.615808,49.209759],[16.615789,49.209751],[16.615772,49.209745],[16.615752,49.209738],[16.615735,49.209731],[16.615716,49.209724],[16.615699,49.209718],[16.615689,49.209714],[16.615645,49.209764],[16.615654,49.209768],[16.61567,49.209773],[16.615725,49.209794],[16.615721,49.209799],[16.615721,49.209799],[16.615737,49.209805],[16.615737,49.209805],[16.615741,49.2098],[16.6158,49.209822],[16.615795,49.209827],[16.615796,49.209827],[16.615812,49.209833],[16.615812,49.209833],[16.615816,49.209828]]]},"properties":{"id":67558,"buildingId":54678,"floorId":67547,"floorLevel":1,"name":"BA01N2082","type":"classroom_and_laboratory","category":"teaching","label":"Classroom / lab","passportNumber":"BA01N2082","seats":73,"hasProjector":false,"hasWhiteboard":false,"code":991}},{"type":"Feature","geometry":{"type":"Polygon","coordinates":[[[16.615629,49.20979],[16.615628,49.20979],[16.615617,49.209786],[16.615611,49.209784],[16.615596,49.209801],[16.615595,49.209802],[16.615577,49.209795],[16.615572,49.209801],[16.615572,49.209802],[16.615566,49.209809],[16.615572,49.209811],[16.615583,49.209815],[16.615583,49.209815],[16.615585,49.209816],[16.615586,49.209816],[16.615597,49.20982],[16.615602,49.209822],[16.615613,49.209809],[16.615614,49.209808],[16.615629,49.20979]]]},"properties":{"id":67559,"buildingId":54678,"floorId":67547,"floorLevel":1,"name":"BA01N2061","type":"toilet","category":"service","label":"Toilet","passportNumber":"BA01N2061","seats":null,"hasProjector":false,"hasWhiteboard":false,"code":996}},{"type":"Feature","geometry":{"type":"Polygon","coordinates":[[[16.615481,49.209811],[16.615456,49.209802],[16.615465,49.209791],[16.615445,49.209784],[16.615436,49.209794],[16.615432,49.209793],[16.615429,49.209796],[16.615422,49.209804],[16.615418,49.209808],[16.615467,49.209827],[16.615471,49.209822],[16.615481,49.209811]]]},"properties":{"id":67560,"buildingId":54678,"floorId":67547,"floorLevel":1,"name":"BA01N2065","type":"classroom_and_laboratory","category":"teaching","label":"Classroom / lab","passportNumber":"BA01N2065","seats":null,"hasProjector":false,"hasWhiteboard":false,"code":224}},{"type":"Feature","geometry":{"type":"Polygon","coordinates":[[[16.615379,49.209797],[16.615303,49.209768],[16.615298,49.209774],[16.615288,49.209785],[16.615283,49.209791],[16.615359,49.20982],[16.615363,49.209815],[16.615372,49.209805],[16.615379,49.209797]]]},"properties":{"id":67561,"buildingId":54678,"floorId":67547,"floorLevel":1,"name":"BA01N2074","type":"office","category":"office","label":"Office","passportNumber":"BA01N2074","seats":null,"hasProjector":false,"hasWhiteboard":false,"code":224}},{"type":"Feature","geometry":{"type":"Polygon","coordinates":[[[16.615889,49.209856],[16.615895,49.209858],[16.615928,49.20982],[16.615938,49.209809],[16.615939,49.209808],[16.615917,49.2098],[16.615898,49.209792],[16.615875,49.209784],[16.615831,49.209834],[16.615837,49.209836],[16.615852,49.209842],[16.615871,49.209849],[16.615867,49.209854],[16.615885,49.20986],[16.615889,49.209856]]]},"properties":{"id":67562,"buildingId":54678,"floorId":67547,"floorLevel":1,"name":"BA01N2083","type":"office","category":"office","label":"Office","passportNumber":"BA01N2083","seats":null,"hasProjector":false,"hasWhiteboard":false,"code":996}},{"type":"Feature","geometry":{"type":"Polygon","coordinates":[[[16.615697,49.209816],[16.615643,49.209796],[16.615632,49.209792],[16.615631,49.209791],[16.615604,49.209823],[16.615611,49.209825],[16.615628,49.209832],[16.615645,49.209838],[16.615662,49.209845],[16.615669,49.209847],[16.615697,49.209816]]]},"properties":{"id":67563,"buildingId":54678,"floorId":67547,"floorLevel":1,"name":"BA01N2059","type":"office","category":"office","label":"Office","passportNumber":"BA01N2059","seats":null,"hasProjector":false,"hasWhiteboard":false,"code":996}},{"type":"Feature","geometry":{"type":"Polygon","coordinates":[[[16.615462,49.209756],[16.615467,49.209756],[16.615465,49.209751],[16.615473,49.209742],[16.615476,49.209742],[16.615493,49.209739],[16.615495,49.209738],[16.615509,49.209743],[16.615511,49.209749],[16.615516,49.209746],[16.615523,49.209749],[16.61552,49.209752],[16.615536,49.209758],[16.615546,49.209762],[16.615549,49.209763],[16.615552,49.20976],[16.615572,49.209767],[16.615583,49.209771],[16.615618,49.209785],[16.615629,49.209789],[16.615631,49.209786],[16.615642,49.209774],[16.615644,49.209772],[16.615629,49.209766],[16.615633,49.209761],[16.615632,49.209761],[16.615617,49.209755],[16.615616,49.209755],[16.615612,49.209759],[16.615594,49.209753],[16.615578,49.209747],[16.615507,49.20972],[16.615511,49.209715],[16.61551,49.209715],[16.615494,49.209709],[16.615493,49.209709],[16.615489,49.209713],[16.615471,49.209706],[16.615444,49.209737],[16.615436,49.209734],[16.615436,49.209735],[16.615427,49.209745],[16.615427,49.209745],[16.615434,49.209748],[16.615424,49.20976],[16.615417,49.209757],[16.615416,49.209757],[16.615407,49.209768],[16.615407,49.209768],[16.615414,49.209771],[16.615403,49.209783],[16.615396,49.20978],[16.615396,49.209781],[16.615387,49.209791],[16.615387,49.209791],[16.615394,49.209794],[16.615381,49.209808],[16.615374,49.209805],[16.615374,49.209806],[16.615365,49.209816],[16.615365,49.209816],[16.615372,49.209819],[16.615367,49.209824],[16.615393,49.209834],[16.615408,49.209817],[16.615414,49.20981],[16.61542,49.209803],[16.615427,49.209795],[16.615462,49.209756]]]},"properties":{"id":67564,"buildingId":54678,"floorId":67547,"floorLevel":1,"name":"BA01N2060","type":"floor","category":"structure","label":"Corridor","passportNumber":"BA01N2060","seats":null,"hasProjector":false,"hasWhiteboard":false,"code":224}},{"type":"Feature","geometry":{"type":"Polygon","coordinates":[[[16.616027,49.209841],[16.61602,49.209839],[16.616003,49.209832],[16.615989,49.209827],[16.615956,49.209864],[16.615971,49.20987],[16.615982,49.209874],[16.615995,49.209878],[16.616027,49.209841]]]},"properties":{"id":67565,"buildingId":54678,"floorId":67547,"floorLevel":1,"name":"BA01N2086","type":"office","category":"office","label":"Office","passportNumber":"BA01N2086","seats":null,"hasProjector":false,"hasWhiteboard":false,"code":996}},{"type":"Feature","geometry":{"type":"Polygon","coordinates":[[[16.615988,49.209826],[16.61597,49.20982],[16.615953,49.209813],[16.615942,49.209809],[16.615941,49.20981],[16.615932,49.209821],[16.615898,49.209859],[16.615907,49.209863],[16.615903,49.209867],[16.615921,49.209873],[16.615925,49.209869],[16.615944,49.209876],[16.615948,49.209872],[16.615955,49.209864],[16.615988,49.209826]]]},"properties":{"id":67566,"buildingId":54678,"floorId":67547,"floorLevel":1,"name":"BA01N2085","type":"office","category":"office","label":"Office","passportNumber":"BA01N2085","seats":null,"hasProjector":false,"hasWhiteboard":false,"code":996}},{"type":"Feature","geometry":{"type":"Polygon","coordinates":[[[16.615732,49.209829],[16.615717,49.209823],[16.615705,49.209819],[16.615698,49.209816],[16.61567,49.209848],[16.615679,49.209851],[16.615696,49.209857],[16.615704,49.209861],[16.615732,49.209829]]]},"properties":{"id":67567,"buildingId":54678,"floorId":67547,"floorLevel":1,"name":"BA01N2058","type":"office","category":"office","label":"Office","passportNumber":"BA01N2058","seats":null,"hasProjector":false,"hasWhiteboard":false,"code":996}},{"type":"Feature","geometry":{"type":"Polygon","coordinates":[[[16.61543,49.209834],[16.615427,49.209833],[16.615419,49.20983],[16.615404,49.209824],[16.615399,49.20983],[16.615409,49.209834],[16.615405,49.209838],[16.615421,49.209844],[16.61543,49.209834]]]},"properties":{"id":67568,"buildingId":54678,"floorId":67547,"floorLevel":1,"name":"BA01N2067","type":"utility_room","category":"service","label":"Utility","passportNumber":"BA01N2067","seats":null,"hasProjector":false,"hasWhiteboard":false,"code":224}},{"type":"Feature","geometry":{"type":"Polygon","coordinates":[[[16.616068,49.209856],[16.616063,49.209855],[16.616046,49.209848],[16.616029,49.209842],[16.615997,49.209878],[16.616012,49.209883],[16.616022,49.209888],[16.616036,49.209893],[16.616068,49.209856]]]},"properties":{"id":67569,"buildingId":54678,"floorId":67547,"floorLevel":1,"name":"BA01N2088","type":"office","category":"office","label":"Office","passportNumber":"BA01N2088","seats":null,"hasProjector":false,"hasWhiteboard":false,"code":996}},{"type":"Feature","geometry":{"type":"Polygon","coordinates":[[[16.615466,49.209828],[16.615417,49.20981],[16.615416,49.209811],[16.61541,49.209818],[16.615405,49.209823],[16.61542,49.209829],[16.615428,49.209832],[16.615431,49.209833],[16.615432,49.209831],[16.615433,49.209832],[16.615433,49.209832],[16.615422,49.209844],[16.615433,49.209848],[16.615433,49.209848],[16.615444,49.209852],[16.615448,49.209848],[16.615454,49.209842],[16.615455,49.20984],[16.615455,49.20984],[16.615456,49.209839],[16.615462,49.209833],[16.615466,49.209828]]]},"properties":{"id":67570,"buildingId":54678,"floorId":67547,"floorLevel":1,"name":"BA01N2066","type":"toilet","category":"service","label":"Toilet","passportNumber":"BA01N2066","seats":null,"hasProjector":false,"hasWhiteboard":false,"code":224}},{"type":"Feature","geometry":{"type":"Polygon","coordinates":[[[16.615767,49.209842],[16.615751,49.209836],[16.615739,49.209832],[16.615733,49.209829],[16.615705,49.209861],[16.615713,49.209864],[16.61573,49.20987],[16.615739,49.209874],[16.615767,49.209842]]]},"properties":{"id":67571,"buildingId":54678,"floorId":67547,"floorLevel":1,"name":"BA01N2057","type":"office","category":"office","label":"Office","passportNumber":"BA01N2057","seats":null,"hasProjector":false,"hasWhiteboard":false,"code":996}},{"type":"Feature","geometry":{"type":"Polygon","coordinates":[[[16.615994,49.209879],[16.615982,49.209874],[16.615971,49.20987],[16.615956,49.209864],[16.615956,49.209864],[16.615949,49.209872],[16.615945,49.209877],[16.615959,49.209882],[16.615974,49.209888],[16.615983,49.209891],[16.615994,49.209879]]]},"properties":{"id":67572,"buildingId":54678,"floorId":67547,"floorLevel":1,"name":"BA01N2084","type":"lobby","category":"circulation","label":"Lobby","passportNumber":"BA01N2084","seats":null,"hasProjector":false,"hasWhiteboard":false,"code":996}},{"type":"Feature","geometry":{"type":"Polygon","coordinates":[[[16.615358,49.209821],[16.615282,49.209792],[16.615277,49.209798],[16.615268,49.209809],[16.615258,49.20982],[16.615334,49.209849],[16.615344,49.209837],[16.615351,49.209829],[16.615358,49.209821]]]},"properties":{"id":67573,"buildingId":54678,"floorId":67547,"floorLevel":1,"name":"BA01N2073","type":"office","category":"office","label":"Office","passportNumber":"BA01N2073","seats":null,"hasProjector":false,"hasWhiteboard":false,"code":224}},{"type":"Feature","geometry":{"type":"Polygon","coordinates":[[[16.615807,49.209857],[16.615804,49.209856],[16.615794,49.209852],[16.615769,49.209843],[16.615741,49.209874],[16.615743,49.209875],[16.615768,49.209884],[16.61578,49.209889],[16.6158,49.209866],[16.615806,49.209858],[16.615807,49.209857]]]},"properties":{"id":67574,"buildingId":54678,"floorId":67547,"floorLevel":1,"name":"BA01N2056","type":"office","category":"office","label":"Office","passportNumber":"BA01N2056","seats":null,"hasProjector":false,"hasWhiteboard":false,"code":996}},{"type":"Feature","geometry":{"type":"Polygon","coordinates":[[[16.616035,49.209893],[16.616022,49.209888],[16.616011,49.209884],[16.615996,49.209879],[16.615985,49.209892],[16.615998,49.209897],[16.616013,49.209902],[16.616024,49.209907],[16.616027,49.209904],[16.616033,49.209896],[16.616035,49.209893]]]},"properties":{"id":67575,"buildingId":54678,"floorId":67547,"floorLevel":1,"name":"BA01N2087","type":"lobby","category":"circulation","label":"Lobby","passportNumber":"BA01N2087","seats":null,"hasProjector":false,"hasWhiteboard":false,"code":996}},{"type":"Feature","geometry":{"type":"Polygon","coordinates":[[[16.615333,49.209849],[16.615257,49.209821],[16.615257,49.209821],[16.615247,49.209833],[16.61524,49.209841],[16.615302,49.209864],[16.615313,49.209868],[16.615316,49.209869],[16.615333,49.209849]]]},"properties":{"id":67576,"buildingId":54678,"floorId":67547,"floorLevel":1,"name":"BA01N2071","type":"classroom_and_laboratory","category":"teaching","label":"Classroom / lab","passportNumber":"BA01N2071","seats":null,"hasProjector":false,"hasWhiteboard":false,"code":224}},{"type":"Feature","geometry":{"type":"Polygon","coordinates":[[[16.616058,49.209919],[16.616069,49.209923],[16.616113,49.209873],[16.616106,49.209871],[16.616087,49.209864],[16.616069,49.209857],[16.616035,49.209896],[16.616028,49.209904],[16.616025,49.209907],[16.616043,49.209914],[16.616039,49.209918],[16.616054,49.209924],[16.616058,49.209919]]]},"properties":{"id":67577,"buildingId":54678,"floorId":67547,"floorLevel":1,"name":"BA01N2089","type":"office","category":"office","label":"Office","passportNumber":"BA01N2089","seats":null,"hasProjector":false,"hasWhiteboard":false,"code":996}},{"type":"Feature","geometry":{"type":"Polygon","coordinates":[[[16.615873,49.209882],[16.615822,49.209863],[16.615812,49.209859],[16.615809,49.209858],[16.615808,49.209859],[16.615801,49.209866],[16.615781,49.209889],[16.615782,49.20989],[16.615799,49.209896],[16.615816,49.209902],[16.615833,49.209909],[16.615845,49.209914],[16.615866,49.20989],[16.615872,49.209883],[16.615873,49.209882]]]},"properties":{"id":67578,"buildingId":54678,"floorId":67547,"floorLevel":1,"name":"BA01N2055","type":"office","category":"office","label":"Office","passportNumber":"BA01N2055","seats":null,"hasProjector":false,"hasWhiteboard":false,"code":996}},{"type":"Feature","geometry":{"type":"Polygon","coordinates":[[[16.615955,49.209913],[16.615941,49.209908],[16.615932,49.209918],[16.615946,49.209923],[16.615955,49.209913]]]},"properties":{"id":67579,"buildingId":54678,"floorId":67547,"floorLevel":1,"name":"BA01N2053","type":"utility_room","category":"service","label":"Utility","passportNumber":"BA01N2053","seats":null,"hasProjector":false,"hasWhiteboard":false,"code":991}},{"type":"Feature","geometry":{"type":"Polygon","coordinates":[[[16.616014,49.209911],[16.616009,49.209909],[16.616013,49.209904],[16.616012,49.209904],[16.615997,49.209898],[16.615996,49.209897],[16.615991,49.209902],[16.61597,49.209894],[16.615974,49.209889],[16.615973,49.209889],[16.615958,49.209883],[16.615957,49.209883],[16.615953,49.209888],[16.615848,49.209848],[16.615852,49.209843],[16.615851,49.209843],[16.615835,49.209837],[16.615834,49.209837],[16.61583,49.209842],[16.615811,49.209834],[16.615795,49.209828],[16.615736,49.209806],[16.61572,49.2098],[16.615666,49.20978],[16.61567,49.209775],[16.615669,49.209775],[16.615653,49.209769],[16.615652,49.209768],[16.615648,49.209773],[16.615645,49.209772],[16.615643,49.209774],[16.61563,49.209789],[16.615633,49.20979],[16.615644,49.209794],[16.615706,49.209818],[16.615718,49.209822],[16.61574,49.20983],[16.615752,49.209835],[16.615795,49.209851],[16.615805,49.209855],[16.615813,49.209858],[16.615823,49.209862],[16.615914,49.209896],[16.615924,49.2099],[16.615962,49.209914],[16.615973,49.209918],[16.615982,49.209922],[16.615993,49.209926],[16.615999,49.209928],[16.616,49.209927],[16.616014,49.209912],[16.616014,49.209911]]]},"properties":{"id":67580,"buildingId":54678,"floorId":67547,"floorLevel":1,"name":"BA01N2050","type":"floor","category":"structure","label":"Corridor","passportNumber":"BA01N2050","seats":null,"hasProjector":false,"hasWhiteboard":false,"code":991}},{"type":"Feature","geometry":{"type":"Polygon","coordinates":[[[16.616344,49.209947],[16.616325,49.20994],[16.616333,49.20993],[16.61631,49.209921],[16.616301,49.209931],[16.616282,49.209924],[16.616291,49.209914],[16.616267,49.209905],[16.616258,49.209915],[16.616239,49.209908],[16.61625,49.209896],[16.616259,49.209899],[16.616259,49.209893],[16.616258,49.209887],[16.616256,49.209882],[16.616253,49.209878],[16.616246,49.209874],[16.616238,49.20987],[16.616271,49.209832],[16.616178,49.209797],[16.616145,49.209834],[16.616136,49.209832],[16.616129,49.209831],[16.616121,49.209831],[16.616119,49.209831],[16.616109,49.209833],[16.616102,49.209835],[16.616097,49.209838],[16.616104,49.209841],[16.616093,49.209853],[16.616074,49.209846],[16.616085,49.209834],[16.616062,49.209825],[16.616051,49.209837],[16.616032,49.20983],[16.616043,49.209818],[16.616019,49.209809],[16.616008,49.209821],[16.615989,49.209814],[16.615985,49.209819],[16.615987,49.20982],[16.615989,49.209818],[16.616003,49.209824],[16.616001,49.209825],[16.616008,49.209828],[16.616024,49.209834],[16.616029,49.209836],[16.616031,49.209834],[16.616045,49.20984],[16.616044,49.209841],[16.616051,49.209844],[16.616067,49.20985],[16.616073,49.209852],[16.616074,49.209851],[16.616089,49.209856],[16.616087,49.209857],[16.616092,49.209859],[16.616109,49.209866],[16.616115,49.209868],[16.616116,49.209866],[16.616131,49.209872],[16.616129,49.209873],[16.616155,49.209883],[16.616156,49.209881],[16.616171,49.209887],[16.616169,49.209888],[16.616195,49.209898],[16.616196,49.209896],[16.61621,49.209902],[16.616209,49.209903],[16.616215,49.209905],[16.616232,49.209912],[16.616236,49.209913],[16.616237,49.209912],[16.616251,49.209917],[16.61625,49.209919],[16.616259,49.209922],[16.616275,49.209928],[16.616279,49.20993],[16.616281,49.209928],[16.616295,49.209933],[16.616294,49.209935],[16.616301,49.209938],[16.616317,49.209944],[16.616323,49.209946],[16.616324,49.209944],[16.616338,49.20995],[16.616337,49.209951],[16.616339,49.209952],[16.616344,49.209947]]]},"properties":{"id":67581,"buildingId":54678,"floorId":67547,"floorLevel":1,"name":"BA01N2089a","type":"balcony","category":"other","label":"balcony","passportNumber":"BA01N2089a","seats":null,"hasProjector":false,"hasWhiteboard":false,"code":991}},{"type":"Feature","geometry":{"type":"Polygon","coordinates":[[[16.615935,49.209905],[16.615923,49.209901],[16.615913,49.209897],[16.615875,49.209883],[16.615874,49.209883],[16.615868,49.20989],[16.615847,49.209914],[16.61585,49.209915],[16.615867,49.209922],[16.615884,49.209928],[16.615901,49.209935],[16.615907,49.209937],[16.615935,49.209905]]]},"properties":{"id":67582,"buildingId":54678,"floorId":67547,"floorLevel":1,"name":"BA01N2054","type":"office","category":"office","label":"Office","passportNumber":"BA01N2054","seats":null,"hasProjector":false,"hasWhiteboard":false,"code":996}},{"type":"Feature","geometry":{"type":"Polygon","coordinates":[[[16.615973,49.209919],[16.615972,49.209919],[16.615961,49.209915],[16.615956,49.209913],[16.615947,49.209924],[16.615946,49.209925],[16.615925,49.209917],[16.61592,49.209923],[16.61592,49.209924],[16.615914,49.20993],[16.615914,49.209931],[16.615908,49.209937],[16.615914,49.209939],[16.615924,49.209943],[16.615925,49.209944],[16.615928,49.209945],[16.615938,49.209948],[16.615945,49.209951],[16.615962,49.209931],[16.615963,49.20993],[16.615973,49.209919]]]},"properties":{"id":67583,"buildingId":54678,"floorId":67547,"floorLevel":1,"name":"BA01N2052","type":"toilet","category":"service","label":"Toilet","passportNumber":"BA01N2052","seats":null,"hasProjector":false,"hasWhiteboard":false,"code":991}},{"type":"Feature","geometry":{"type":"Polygon","coordinates":[[[16.616283,49.209937],[16.616271,49.209933],[16.616254,49.209926],[16.61624,49.209921],[16.616209,49.209957],[16.616225,49.209963],[16.616236,49.209967],[16.616252,49.209973],[16.616283,49.209937]]]},"properties":{"id":67584,"buildingId":54678,"floorId":67547,"floorLevel":1,"name":"BA01N2004","type":"office","category":"office","label":"Office","passportNumber":"BA01N2004","seats":null,"hasProjector":false,"hasWhiteboard":false,"code":921}},{"type":"Feature","geometry":{"type":"Polygon","coordinates":[[[16.616238,49.209921],[16.616229,49.209917],[16.61621,49.20991],[16.616203,49.209907],[16.616159,49.209957],[16.616195,49.209971],[16.616196,49.209969],[16.616203,49.209961],[16.616238,49.209921]]]},"properties":{"id":67585,"buildingId":54678,"floorId":67547,"floorLevel":1,"name":"BA01N2003","type":"office","category":"office","label":"Office","passportNumber":"BA01N2003","seats":null,"hasProjector":false,"hasWhiteboard":false,"code":983}},{"type":"Feature","geometry":{"type":"Polygon","coordinates":[[[16.615998,49.209929],[16.615992,49.209927],[16.615981,49.209923],[16.615975,49.20992],[16.615947,49.209952],[16.615951,49.209953],[16.615968,49.20996],[16.615971,49.209961],[16.615998,49.209929]]]},"properties":{"id":67586,"buildingId":54678,"floorId":67547,"floorLevel":1,"name":"BA01N2051","type":"utility_room","category":"service","label":"Utility","passportNumber":"BA01N2051","seats":null,"hasProjector":false,"hasWhiteboard":false,"code":991}},{"type":"Feature","geometry":{"type":"Polygon","coordinates":[[[16.616251,49.209974],[16.616235,49.209968],[16.616224,49.209964],[16.616208,49.209958],[16.616205,49.209962],[16.616198,49.20997],[16.616196,49.209971],[16.616211,49.209977],[16.616227,49.209983],[16.616239,49.209988],[16.616242,49.209984],[16.616248,49.209977],[16.616251,49.209974]]]},"properties":{"id":67587,"buildingId":54678,"floorId":67547,"floorLevel":1,"name":"BA01N2002","type":"lobby","category":"circulation","label":"Lobby","passportNumber":"BA01N2002","seats":null,"hasProjector":false,"hasWhiteboard":false,"code":983}},{"type":"Feature","geometry":{"type":"Polygon","coordinates":[[[16.615315,49.20987],[16.615312,49.209869],[16.615301,49.209865],[16.615239,49.209842],[16.615236,49.209845],[16.615226,49.209856],[16.615215,49.209869],[16.615205,49.20988],[16.615196,49.209891],[16.615272,49.209919],[16.615281,49.20991],[16.61529,49.209899],[16.615315,49.20987]]]},"properties":{"id":67588,"buildingId":54678,"floorId":67547,"floorLevel":1,"name":"BA01N2072","type":"classroom_and_laboratory","category":"teaching","label":"Classroom / lab","passportNumber":"BA01N2072","seats":null,"hasProjector":false,"hasWhiteboard":false,"code":224}},{"type":"Feature","geometry":{"type":"Polygon","coordinates":[[[16.616183,49.209996],[16.616185,49.209997],[16.616187,49.209995],[16.616198,49.209983],[16.616199,49.209981],[16.616196,49.20998],[16.616197,49.209979],[16.616154,49.209963],[16.616153,49.209964],[16.616148,49.209962],[16.616149,49.209961],[16.616129,49.209953],[16.616122,49.20995],[16.616097,49.209941],[16.616089,49.209938],[16.61607,49.209931],[16.616068,49.209932],[16.616063,49.20993],[16.616063,49.209929],[16.61602,49.209913],[16.616019,49.209914],[16.616017,49.209913],[16.616016,49.209914],[16.616005,49.209926],[16.616004,49.209928],[16.616006,49.209929],[16.616005,49.20993],[16.616048,49.209946],[16.616049,49.209946],[16.616055,49.209948],[16.616054,49.209948],[16.616055,49.209948],[16.616056,49.209948],[16.616073,49.209954],[16.616074,49.209955],[16.616074,49.209955],[16.616074,49.209956],[16.616084,49.20996],[16.616084,49.209959],[16.616086,49.209959],[16.616103,49.209965],[16.616104,49.209966],[16.616104,49.209967],[16.616104,49.209967],[16.616112,49.20997],[16.616113,49.20997],[16.616114,49.20997],[16.616115,49.20997],[16.616133,49.209976],[16.616133,49.209977],[16.616134,49.209977],[16.616134,49.209978],[16.616133,49.209978],[16.616134,49.209978],[16.616139,49.209979],[16.616139,49.20998],[16.616182,49.209997],[16.616183,49.209996]]]},"properties":{"id":67589,"buildingId":54678,"floorId":67547,"floorLevel":1,"name":"BA01N2096","type":"floor","category":"structure","label":"Corridor","passportNumber":"BA01N2096","seats":null,"hasProjector":false,"hasWhiteboard":false,"code":991}},{"type":"Feature","geometry":{"type":"Polygon","coordinates":[[[16.616326,49.209954],[16.616314,49.209949],[16.616297,49.209942],[16.616285,49.209938],[16.61625,49.209978],[16.616243,49.209985],[16.616241,49.209988],[16.616283,49.210004],[16.61629,49.209996],[16.616296,49.209989],[16.616326,49.209954]]]},"properties":{"id":67590,"buildingId":54678,"floorId":67547,"floorLevel":1,"name":"BA01N2005","type":"office","category":"office","label":"Office","passportNumber":"BA01N2005","seats":null,"hasProjector":false,"hasWhiteboard":false,"code":983}},{"type":"Feature","geometry":{"type":"Polygon","coordinates":[[[16.616373,49.209971],[16.616364,49.209968],[16.616347,49.209961],[16.616328,49.209954],[16.616297,49.209989],[16.616291,49.209996],[16.616284,49.210004],[16.616304,49.210012],[16.61632,49.210018],[16.616329,49.210021],[16.616336,49.210014],[16.616343,49.210005],[16.616373,49.209971]]]},"properties":{"id":67591,"buildingId":54678,"floorId":67547,"floorLevel":1,"name":"BA01N2006","type":"office","category":"office","label":"Office","passportNumber":"BA01N2006","seats":null,"hasProjector":false,"hasWhiteboard":false,"code":980}},{"type":"Feature","geometry":{"type":"Polygon","coordinates":[[[16.616144,49.209988],[16.616128,49.209982],[16.616122,49.209989],[16.616104,49.209982],[16.61611,49.209976],[16.616097,49.209971],[16.616092,49.209978],[16.616075,49.209971],[16.616081,49.209965],[16.616068,49.20996],[16.616062,49.209967],[16.616045,49.20996],[16.61604,49.209966],[16.61604,49.209966],[16.616034,49.209973],[16.616034,49.209973],[16.616034,49.209973],[16.616055,49.209982],[16.616056,49.209981],[16.616091,49.209994],[16.61609,49.209995],[16.616112,49.210003],[16.616112,49.210002],[16.616126,49.210008],[16.616144,49.209988]]]},"properties":{"id":67592,"buildingId":54678,"floorId":67547,"floorLevel":1,"name":"BA01N2042","type":"floor","category":"structure","label":"Corridor","passportNumber":"BA01N2042","seats":null,"hasProjector":false,"hasWhiteboard":false,"code":991}},{"type":"Feature","geometry":{"type":"Polygon","coordinates":[[[16.616224,49.210024],[16.616212,49.210019],[16.616213,49.210019],[16.616224,49.210023],[16.61623,49.210016],[16.616212,49.210009],[16.616202,49.210021],[16.616197,49.210026],[16.616196,49.210027],[16.616215,49.210034],[16.616224,49.210024]]]},"properties":{"id":67593,"buildingId":54678,"floorId":67547,"floorLevel":1,"name":"BA01N2041","type":"shower","category":"service","label":"Shower","passportNumber":"BA01N2041","seats":null,"hasProjector":false,"hasWhiteboard":false,"code":991}},{"type":"Feature","geometry":{"type":"Polygon","coordinates":[[[16.616446,49.209999],[16.616437,49.209995],[16.61642,49.209989],[16.6164,49.209981],[16.616383,49.209975],[16.616377,49.209973],[16.616346,49.210007],[16.61634,49.210015],[16.616333,49.210023],[16.616377,49.210039],[16.616392,49.210045],[16.616402,49.210049],[16.616446,49.209999]]]},"properties":{"id":67594,"buildingId":54678,"floorId":67547,"floorLevel":1,"name":"BA01N2007","type":"office","category":"office","label":"Office","passportNumber":"BA01N2007","seats":null,"hasProjector":false,"hasWhiteboard":false,"code":980}},{"type":"Feature","geometry":{"type":"Polygon","coordinates":[[[16.616245,49.21003],[16.616239,49.210028],[16.616245,49.210022],[16.616232,49.210017],[16.616217,49.210034],[16.616235,49.210041],[16.616236,49.210041],[16.616241,49.210035],[16.616245,49.21003]]]},"properties":{"id":67595,"buildingId":54678,"floorId":67547,"floorLevel":1,"name":"BA01N2039","type":"shower","category":"service","label":"Shower","passportNumber":"BA01N2039","seats":null,"hasProjector":false,"hasWhiteboard":false,"code":991}},{"type":"Feature","geometry":{"type":"Polygon","coordinates":[[[16.616483,49.210012],[16.616473,49.210009],[16.616456,49.210002],[16.616448,49.209999],[16.616404,49.210049],[16.616413,49.210053],[16.616428,49.210059],[16.616439,49.210063],[16.616483,49.210012]]]},"properties":{"id":67596,"buildingId":54678,"floorId":67547,"floorLevel":1,"name":"BA01N2008","type":"office","category":"office","label":"Office","passportNumber":"BA01N2008","seats":null,"hasProjector":false,"hasWhiteboard":false,"code":981}},{"type":"Feature","geometry":{"type":"Polygon","coordinates":[[[16.616214,49.210035],[16.616194,49.210027],[16.616194,49.210026],[16.616195,49.210025],[16.6162,49.21002],[16.61621,49.210009],[16.616199,49.210004],[16.616188,49.21],[16.616187,49.21],[16.616171,49.210017],[16.616171,49.210018],[16.616159,49.210031],[16.616162,49.210032],[16.616179,49.210039],[16.616191,49.210044],[16.616203,49.210048],[16.616208,49.210042],[16.616209,49.210041],[16.616214,49.210035]]]},"properties":{"id":67597,"buildingId":54678,"floorId":67547,"floorLevel":1,"name":"BA01N2040","type":"toilet","category":"service","label":"Toilet","passportNumber":"BA01N2040","seats":null,"hasProjector":false,"hasWhiteboard":false,"code":981}},{"type":"Feature","geometry":{"type":"Polygon","coordinates":[[[16.616275,49.210033],[16.616274,49.210032],[16.616263,49.210028],[16.616252,49.210025],[16.616242,49.210036],[16.616238,49.210041],[16.616236,49.210043],[16.616216,49.210035],[16.616211,49.210042],[16.61621,49.210042],[16.616204,49.210049],[16.616205,49.210049],[16.616216,49.210053],[16.616223,49.210056],[16.616225,49.210056],[16.61623,49.210058],[16.616247,49.210065],[16.616259,49.210051],[16.616259,49.21005],[16.616275,49.210033]]]},"properties":{"id":67598,"buildingId":54678,"floorId":67547,"floorLevel":1,"name":"BA01N2038","type":"toilet","category":"service","label":"Toilet","passportNumber":"BA01N2038","seats":null,"hasProjector":false,"hasWhiteboard":false,"code":981}},{"type":"Feature","geometry":{"type":"Polygon","coordinates":[[[16.616116,49.21005],[16.616129,49.210055],[16.616131,49.210053],[16.616144,49.210037],[16.616176,49.210001],[16.616165,49.209997],[16.616168,49.209993],[16.61615,49.209986],[16.616147,49.20999],[16.616144,49.209988],[16.616126,49.210008],[16.616125,49.210009],[16.616111,49.210004],[16.616111,49.210003],[16.61609,49.209995],[16.61609,49.209996],[16.616055,49.209982],[16.616055,49.209982],[16.616033,49.209974],[16.616033,49.209974],[16.616031,49.209974],[16.616032,49.209973],[16.616033,49.209973],[16.616039,49.209965],[16.616039,49.209965],[16.61605,49.209953],[16.616033,49.209947],[16.616036,49.209943],[16.616018,49.209937],[16.616015,49.20994],[16.616002,49.209935],[16.61597,49.209972],[16.615957,49.209987],[16.615955,49.209989],[16.615968,49.209994],[16.615963,49.209999],[16.615982,49.210006],[16.615986,49.210001],[16.616003,49.210007],[16.615998,49.210012],[16.616011,49.210017],[16.616015,49.210019],[16.616023,49.210022],[16.616026,49.210023],[16.616034,49.210026],[16.616038,49.210027],[16.616079,49.210043],[16.616084,49.210038],[16.616098,49.210043],[16.616094,49.210048],[16.616112,49.210055],[16.616116,49.21005]]]},"properties":{"id":67599,"buildingId":54678,"floorId":67547,"floorLevel":1,"name":"BA01N2043","type":"office","category":"office","label":"Office","passportNumber":"BA01N2043","seats":null,"hasProjector":false,"hasWhiteboard":false,"code":981}},{"type":"Feature","geometry":{"type":"Polygon","coordinates":[[[16.616555,49.210039],[16.616546,49.210036],[16.616529,49.21003],[16.616509,49.210022],[16.616492,49.210016],[16.616484,49.210013],[16.61644,49.210063],[16.616485,49.21008],[16.616501,49.210086],[16.616511,49.21009],[16.616555,49.210039]]]},"properties":{"id":67600,"buildingId":54678,"floorId":67547,"floorLevel":1,"name":"BA01N2009","type":"office","category":"office","label":"Office","passportNumber":"BA01N2009","seats":null,"hasProjector":false,"hasWhiteboard":false,"code":981}},{"type":"Feature","geometry":{"type":"Polygon","coordinates":[[[16.616323,49.210051],[16.616318,49.210049],[16.616306,49.210045],[16.616276,49.210034],[16.616249,49.210065],[16.616264,49.210071],[16.616281,49.210077],[16.616295,49.210083],[16.616323,49.210051]]]},"properties":{"id":67601,"buildingId":54678,"floorId":67547,"floorLevel":1,"name":"BA01N2037","type":"office","category":"office","label":"Office","passportNumber":"BA01N2037","seats":null,"hasProjector":false,"hasWhiteboard":false,"code":929}},{"type":"Feature","geometry":{"type":"Polygon","coordinates":[[[16.615443,49.209854],[16.615367,49.209825],[16.61536,49.209832],[16.615353,49.209841],[16.615299,49.209902],[16.615289,49.209913],[16.615271,49.209934],[16.615261,49.209945],[16.615223,49.209989],[16.615228,49.209991],[16.615244,49.209997],[16.615299,49.210018],[16.615312,49.210004],[16.615322,49.209993],[16.615338,49.209974],[16.615348,49.209963],[16.615367,49.209941],[16.615377,49.20993],[16.615386,49.209919],[16.615401,49.209902],[16.61541,49.209891],[16.61542,49.20988],[16.615428,49.209871],[16.615438,49.209859],[16.615443,49.209854]]]},"properties":{"id":67602,"buildingId":54678,"floorId":67547,"floorLevel":1,"name":"BA01N2068","type":"archive","category":"service","label":"Archive","passportNumber":"BA01N2068","seats":null,"hasProjector":false,"hasWhiteboard":false,"code":224}},{"type":"Feature","geometry":{"type":"Polygon","coordinates":[[[16.615272,49.20992],[16.615195,49.209891],[16.615186,49.209903],[16.615176,49.209914],[16.61516,49.209932],[16.61515,49.209943],[16.615134,49.209961],[16.615124,49.209972],[16.615114,49.209984],[16.615191,49.210012],[16.615202,49.21],[16.615211,49.209989],[16.615253,49.209942],[16.615262,49.209931],[16.615272,49.20992]]]},"properties":{"id":67603,"buildingId":54678,"floorId":67547,"floorLevel":1,"name":"BA01N2070","type":"classroom_and_laboratory","category":"teaching","label":"Classroom / lab","passportNumber":"BA01N2070","seats":20,"hasProjector":false,"hasWhiteboard":false,"code":224}},{"type":"Feature","geometry":{"type":"Polygon","coordinates":[[[16.616382,49.210073],[16.616364,49.210067],[16.616352,49.210062],[16.616324,49.210052],[16.616296,49.210083],[16.616298,49.210084],[16.616315,49.21009],[16.616332,49.210096],[16.616349,49.210103],[16.616355,49.210105],[16.616382,49.210073]]]},"properties":{"id":67604,"buildingId":54678,"floorId":67547,"floorLevel":1,"name":"BA01N2036","type":"office","category":"office","label":"Office","passportNumber":"BA01N2036","seats":null,"hasProjector":false,"hasWhiteboard":false,"code":981}},{"type":"Feature","geometry":{"type":"Polygon","coordinates":[[[16.61642,49.210087],[16.616408,49.210083],[16.616396,49.210078],[16.616383,49.210074],[16.616356,49.210105],[16.616362,49.210108],[16.616373,49.210112],[16.616377,49.210113],[16.616387,49.210117],[16.616392,49.210119],[16.61642,49.210087]]]},"properties":{"id":67605,"buildingId":54678,"floorId":67547,"floorLevel":1,"name":"BA01N2035","type":"office","category":"office","label":"Office","passportNumber":"BA01N2035","seats":null,"hasProjector":false,"hasWhiteboard":false,"code":981}},{"type":"Feature","geometry":{"type":"Polygon","coordinates":[[[16.615298,49.210019],[16.615243,49.209998],[16.615227,49.209993],[16.615222,49.20999],[16.615221,49.209992],[16.61521,49.210003],[16.6152,49.210016],[16.615276,49.210045],[16.615286,49.210033],[16.615296,49.210022],[16.615298,49.210019]]]},"properties":{"id":67606,"buildingId":54678,"floorId":67547,"floorLevel":1,"name":"BA01N2069","type":"archive","category":"service","label":"Archive","passportNumber":"BA01N2069","seats":null,"hasProjector":false,"hasWhiteboard":false,"code":224}},{"type":"Feature","geometry":{"type":"Polygon","coordinates":[[[16.616738,49.210108],[16.616727,49.210104],[16.61671,49.210098],[16.616691,49.210091],[16.616674,49.210084],[16.616655,49.210077],[16.616638,49.210071],[16.616618,49.210063],[16.616601,49.210057],[16.616582,49.21005],[16.616565,49.210043],[16.616557,49.21004],[16.616513,49.21009],[16.616558,49.210107],[16.616574,49.210113],[16.616632,49.210135],[16.616648,49.210141],[16.616694,49.210158],[16.6167,49.210151],[16.616707,49.210143],[16.616738,49.210108]]]},"properties":{"id":67607,"buildingId":54678,"floorId":67547,"floorLevel":1,"name":"BA01N2010","type":"office","category":"office","label":"Office","passportNumber":"BA01N2010","seats":null,"hasProjector":false,"hasWhiteboard":false,"code":981}},{"type":"Feature","geometry":{"type":"Polygon","coordinates":[[[16.616486,49.210112],[16.616434,49.210093],[16.616422,49.210088],[16.616421,49.210088],[16.616394,49.21012],[16.6164,49.210122],[16.616417,49.210129],[16.616434,49.210135],[16.616451,49.210141],[16.616458,49.210144],[16.616486,49.210112]]]},"properties":{"id":67608,"buildingId":54678,"floorId":67547,"floorLevel":1,"name":"BA01N2034","type":"office","category":"office","label":"Office","passportNumber":"BA01N2034","seats":null,"hasProjector":false,"hasWhiteboard":false,"code":986}},{"type":"Feature","geometry":{"type":"Polygon","coordinates":[[[16.616779,49.210124],[16.616741,49.210109],[16.616711,49.210144],[16.616703,49.210153],[16.616697,49.21016],[16.616717,49.210167],[16.616729,49.210172],[16.616735,49.210174],[16.616741,49.210168],[16.616747,49.210161],[16.616779,49.210124]]]},"properties":{"id":67609,"buildingId":54678,"floorId":67547,"floorLevel":1,"name":"BA01N2011","type":"storage","category":"service","label":"Storage","passportNumber":"BA01N2011","seats":null,"hasProjector":false,"hasWhiteboard":false,"code":981}},{"type":"Feature","geometry":{"type":"Polygon","coordinates":[[[16.616592,49.210152],[16.616586,49.21015],[16.616575,49.210146],[16.616562,49.210141],[16.616557,49.210147],[16.616551,49.210145],[16.616529,49.210171],[16.616533,49.210172],[16.616543,49.210176],[16.616548,49.210177],[16.616558,49.210181],[16.616564,49.210184],[16.616585,49.21016],[16.616591,49.210153],[16.616592,49.210152]]]},"properties":{"id":67610,"buildingId":54678,"floorId":67547,"floorLevel":1,"name":"BA01N2033","type":"kitchen","category":"service","label":"Kitchen","passportNumber":"BA01N2033","seats":null,"hasProjector":false,"hasWhiteboard":false,"code":981}},{"type":"Feature","geometry":{"type":"Polygon","coordinates":[[[16.616616,49.210191],[16.616616,49.210191],[16.61666,49.210183],[16.616661,49.210182],[16.616661,49.210181],[16.616646,49.210176],[16.616635,49.210172],[16.616633,49.210171],[16.616632,49.210171],[16.616614,49.210191],[16.616616,49.210191]]]},"properties":{"id":67611,"buildingId":54678,"floorId":67547,"floorLevel":1,"name":"BA01N2091","type":"elevator","category":"circulation","label":"Elevator","passportNumber":"BA01N2091","seats":null,"hasProjector":false,"hasWhiteboard":false,"code":991}},{"type":"Feature","geometry":{"type":"Polygon","coordinates":[[[16.616741,49.210194],[16.616751,49.210182],[16.61675,49.210181],[16.616738,49.210176],[16.616736,49.210176],[16.616732,49.210181],[16.616726,49.210178],[16.61673,49.210173],[16.616728,49.210173],[16.616716,49.210168],[16.616715,49.210168],[16.61671,49.210172],[16.616645,49.210148],[16.616648,49.210143],[16.616647,49.210142],[16.616631,49.210136],[16.61663,49.210136],[16.616625,49.21014],[16.616572,49.21012],[16.616574,49.210115],[16.616573,49.210114],[16.616557,49.210109],[16.616556,49.210108],[16.616551,49.210112],[16.616498,49.210093],[16.616501,49.210087],[16.6165,49.210087],[16.616484,49.210081],[16.616483,49.210081],[16.616477,49.210085],[16.616426,49.210065],[16.616429,49.21006],[16.616427,49.21006],[16.616412,49.210054],[16.616411,49.210054],[16.616405,49.210058],[16.61639,49.210052],[16.616392,49.210047],[16.616391,49.210046],[16.616376,49.21004],[16.616374,49.21004],[16.616369,49.210044],[16.616317,49.210025],[16.61632,49.210019],[16.616319,49.210019],[16.616303,49.210013],[16.616302,49.210013],[16.616297,49.210017],[16.616224,49.20999],[16.616227,49.209984],[16.616226,49.209984],[16.61621,49.209978],[16.616209,49.209978],[16.616204,49.209982],[16.616203,49.209982],[16.616188,49.209998],[16.616188,49.209999],[16.616189,49.209999],[16.6162,49.210003],[16.616264,49.210027],[16.616275,49.210031],[16.616307,49.210044],[16.616319,49.210048],[16.616353,49.210061],[16.616365,49.210065],[16.616397,49.210077],[16.616409,49.210082],[16.616423,49.210087],[16.616435,49.210092],[16.616488,49.210112],[16.61646,49.210144],[16.616469,49.210148],[16.616486,49.210154],[16.616503,49.210161],[16.61652,49.210167],[16.616527,49.21017],[16.616556,49.210137],[16.616576,49.210145],[16.616587,49.210149],[16.616636,49.210167],[16.616633,49.210171],[16.616635,49.210172],[16.616646,49.210176],[16.616661,49.210181],[16.616665,49.210178],[16.616712,49.210196],[16.616727,49.210202],[16.616732,49.210203],[16.616734,49.210202],[16.616741,49.210194]]]},"properties":{"id":67612,"buildingId":54678,"floorId":67547,"floorLevel":1,"name":"BA01N2001","type":"floor","category":"structure","label":"Corridor","passportNumber":"BA01N2001","seats":null,"hasProjector":false,"hasWhiteboard":false,"code":991}},{"type":"Feature","geometry":{"type":"Polygon","coordinates":[[[16.616604,49.210193],[16.616628,49.210166],[16.616594,49.210153],[16.616593,49.210154],[16.616587,49.210161],[16.616566,49.210184],[16.61657,49.210186],[16.616587,49.210192],[16.616594,49.210195],[16.616604,49.210193]]]},"properties":{"id":67613,"buildingId":54678,"floorId":67547,"floorLevel":1,"name":"BA01N2032","type":"storage","category":"service","label":"Storage","passportNumber":"BA01N2032","seats":null,"hasProjector":false,"hasWhiteboard":false,"code":981}},{"type":"Feature","geometry":{"type":"Polygon","coordinates":[[[16.616824,49.210207],[16.616839,49.210213],[16.616883,49.210163],[16.616866,49.210157],[16.616849,49.21015],[16.616822,49.21014],[16.616805,49.210133],[16.616781,49.210125],[16.616737,49.210175],[16.616739,49.210175],[16.616751,49.21018],[16.616765,49.210185],[16.616761,49.21019],[16.616777,49.210196],[16.616782,49.210191],[16.616806,49.210201],[16.616802,49.210205],[16.616803,49.210206],[16.616819,49.210211],[16.61682,49.210212],[16.616824,49.210207]]]},"properties":{"id":67614,"buildingId":54678,"floorId":67547,"floorLevel":1,"name":"BA01N2012","type":"office","category":"office","label":"Office","passportNumber":"BA01N2012","seats":null,"hasProjector":false,"hasWhiteboard":false,"code":986}},{"type":"Feature","geometry":{"type":"Polygon","coordinates":[[[16.616708,49.210242],[16.616701,49.210239],[16.616732,49.210204],[16.616727,49.210202],[16.616712,49.210196],[16.616672,49.210181],[16.616671,49.210185],[16.61667,49.210185],[16.616682,49.210213],[16.616683,49.210213],[16.616687,49.210216],[16.616665,49.210241],[16.61667,49.210243],[16.616682,49.210248],[16.616691,49.210251],[16.616691,49.21025],[16.616698,49.210253],[16.616699,49.210253],[16.616708,49.210243],[16.616708,49.210242]]]},"properties":{"id":67615,"buildingId":54678,"floorId":67547,"floorLevel":1,"name":"BA01N2014","type":"floor","category":"structure","label":"Corridor","passportNumber":"BA01N2014","seats":null,"hasProjector":false,"hasWhiteboard":false,"code":991}},{"type":"Feature","geometry":{"type":"Polygon","coordinates":[[[16.616832,49.210218],[16.616818,49.210213],[16.616802,49.210207],[16.616756,49.21019],[16.616751,49.210196],[16.616744,49.210193],[16.616743,49.210195],[16.616736,49.210202],[16.616735,49.210204],[16.616742,49.210206],[16.616731,49.210218],[16.616724,49.210216],[16.616715,49.210226],[16.616722,49.210228],[16.616717,49.210235],[16.616793,49.210264],[16.616798,49.210258],[16.616807,49.210247],[16.616818,49.210234],[16.616828,49.210223],[16.616832,49.210218]]]},"properties":{"id":67616,"buildingId":54678,"floorId":67547,"floorLevel":1,"name":"BA01N2013","type":"office","category":"office","label":"Office","passportNumber":"BA01N2013","seats":null,"hasProjector":false,"hasWhiteboard":false,"code":929}},{"type":"Feature","geometry":{"type":"Polygon","coordinates":[[[16.616654,49.210252],[16.616649,49.21025],[16.61665,49.210249],[16.616658,49.21024],[16.616639,49.210232],[16.616629,49.210243],[16.616604,49.210233],[16.616595,49.210244],[16.61659,49.21025],[16.61664,49.210269],[16.616644,49.210264],[16.61665,49.210257],[16.616654,49.210252]]]},"properties":{"id":67617,"buildingId":54678,"floorId":67547,"floorLevel":1,"name":"BA01N2031","type":"storage","category":"service","label":"Storage","passportNumber":"BA01N2031","seats":null,"hasProjector":false,"hasWhiteboard":false,"code":953}},{"type":"Feature","geometry":{"type":"Polygon","coordinates":[[[16.616603,49.210272],[16.616604,49.210273],[16.616605,49.210273],[16.616613,49.210276],[16.616627,49.210281],[16.616631,49.210277],[16.616637,49.21027],[16.616638,49.210269],[16.616614,49.21026],[16.616613,49.21026],[16.616589,49.210251],[16.616585,49.210255],[16.61658,49.210262],[16.616579,49.210262],[16.616577,49.210264],[16.616572,49.210271],[16.616568,49.210275],[16.61658,49.210279],[16.616581,49.210279],[16.616592,49.210284],[16.616603,49.210272]]]},"properties":{"id":67618,"buildingId":54678,"floorId":67547,"floorLevel":1,"name":"BA01N2029","type":"toilet","category":"service","label":"Toilet","passportNumber":"BA01N2029","seats":null,"hasProjector":false,"hasWhiteboard":false,"code":991}},{"type":"Feature","geometry":{"type":"Polygon","coordinates":[[[16.615948,49.210204],[16.615849,49.210167],[16.61583,49.210189],[16.615824,49.210196],[16.615818,49.210203],[16.615834,49.210209],[16.615844,49.210213],[16.61589,49.21023],[16.615901,49.210234],[16.615917,49.21024],[16.615948,49.210204]]]},"properties":{"id":67619,"buildingId":54678,"floorId":67547,"floorLevel":1,"name":"BA01N2094","type":"archive","category":"service","label":"Archive","passportNumber":"BA01N2094","seats":null,"hasProjector":false,"hasWhiteboard":false,"code":981}},{"type":"Feature","geometry":{"type":"Polygon","coordinates":[[[16.61661,49.210286],[16.61662,49.210289],[16.616626,49.210283],[16.616612,49.210277],[16.616604,49.210274],[16.616603,49.210274],[16.616594,49.210284],[16.616607,49.210289],[16.61661,49.210286]]]},"properties":{"id":67620,"buildingId":54678,"floorId":67547,"floorLevel":1,"name":"BA01N2030","type":"utility_room","category":"service","label":"Utility","passportNumber":"BA01N2030","seats":null,"hasProjector":false,"hasWhiteboard":false,"code":991}},{"type":"Feature","geometry":{"type":"Polygon","coordinates":[[[16.616616,49.210294],[16.616567,49.210276],[16.616562,49.210282],[16.616552,49.210293],[16.616547,49.210299],[16.616595,49.210318],[16.616596,49.210316],[16.616603,49.210309],[16.616616,49.210294]]]},"properties":{"id":67621,"buildingId":54678,"floorId":67547,"floorLevel":1,"name":"BA01N2028","type":"office","category":"office","label":"Office","passportNumber":"BA01N2028","seats":null,"hasProjector":false,"hasWhiteboard":false,"code":953}},{"type":"Feature","geometry":{"type":"Polygon","coordinates":[[[16.616594,49.210319],[16.616546,49.2103],[16.616544,49.210302],[16.616534,49.210314],[16.616527,49.210322],[16.616576,49.21034],[16.616585,49.21033],[16.616591,49.210323],[16.616594,49.210319]]]},"properties":{"id":67622,"buildingId":54678,"floorId":67547,"floorLevel":1,"name":"BA01N2027","type":"office","category":"office","label":"Office","passportNumber":"BA01N2027","seats":null,"hasProjector":false,"hasWhiteboard":false,"code":953}},{"type":"Feature","geometry":{"type":"Polygon","coordinates":[[[16.616791,49.210265],[16.616715,49.210237],[16.616709,49.210243],[16.6167,49.210253],[16.616631,49.210333],[16.616631,49.210333],[16.616642,49.210337],[16.616707,49.210361],[16.616715,49.210353],[16.616724,49.210342],[16.616735,49.210329],[16.616745,49.210318],[16.616756,49.210305],[16.616766,49.210294],[16.616777,49.210282],[16.616787,49.21027],[16.616791,49.210265]]]},"properties":{"id":67623,"buildingId":54678,"floorId":67547,"floorLevel":1,"name":"BA01N2015","type":"classroom_and_laboratory","category":"teaching","label":"Classroom / lab","passportNumber":"BA01N2015","seats":48,"hasProjector":false,"hasWhiteboard":false,"code":991}},{"type":"Feature","geometry":{"type":"Polygon","coordinates":[[[16.616575,49.210341],[16.616526,49.210323],[16.616524,49.210325],[16.616518,49.210332],[16.616516,49.210334],[16.61651,49.210341],[16.616507,49.210345],[16.616555,49.210363],[16.616558,49.21036],[16.616564,49.210353],[16.616575,49.210341]]]},"properties":{"id":67624,"buildingId":54678,"floorId":67547,"floorLevel":1,"name":"BA01N2026","type":"office","category":"office","label":"Office","passportNumber":"BA01N2026","seats":null,"hasProjector":false,"hasWhiteboard":false,"code":953}},{"type":"Feature","geometry":{"type":"Polygon","coordinates":[[[16.616554,49.210364],[16.616506,49.210346],[16.6165,49.210352],[16.616491,49.210363],[16.616485,49.210369],[16.616534,49.210387],[16.616544,49.210376],[16.61655,49.210369],[16.616554,49.210364]]]},"properties":{"id":67625,"buildingId":54678,"floorId":67547,"floorLevel":1,"name":"BA01N2025","type":"office","category":"office","label":"Office","passportNumber":"BA01N2025","seats":null,"hasProjector":false,"hasWhiteboard":false,"code":920}},{"type":"Feature","geometry":{"type":"Polygon","coordinates":[[[16.616706,49.210362],[16.616642,49.210338],[16.616631,49.210334],[16.61663,49.210334],[16.616604,49.210363],[16.616596,49.210373],[16.616594,49.210375],[16.61667,49.210404],[16.616673,49.2104],[16.616683,49.210389],[16.616694,49.210376],[16.616704,49.210365],[16.616706,49.210362]]]},"properties":{"id":67626,"buildingId":54678,"floorId":67547,"floorLevel":1,"name":"BA01N2017","type":"boardroom","category":"teaching","label":"Boardroom","passportNumber":"BA01N2017","seats":null,"hasProjector":false,"hasWhiteboard":false,"code":926}},{"type":"Feature","geometry":{"type":"Polygon","coordinates":[[[16.616669,49.210405],[16.616593,49.210376],[16.616584,49.210386],[16.616575,49.210396],[16.616569,49.210403],[16.616646,49.210432],[16.616652,49.210424],[16.616662,49.210413],[16.616669,49.210405]]]},"properties":{"id":67627,"buildingId":54678,"floorId":67547,"floorLevel":1,"name":"BA01N2018","type":"office","category":"office","label":"Office","passportNumber":"BA01N2018","seats":null,"hasProjector":false,"hasWhiteboard":false,"code":926}},{"type":"Feature","geometry":{"type":"Polygon","coordinates":[[[16.616533,49.210389],[16.616484,49.21037],[16.616471,49.210385],[16.616462,49.210396],[16.616454,49.210406],[16.616502,49.210424],[16.616515,49.21041],[16.616521,49.210403],[16.616533,49.210389]]]},"properties":{"id":67628,"buildingId":54678,"floorId":67547,"floorLevel":1,"name":"BA01N2024","type":"office","category":"office","label":"Office","passportNumber":"BA01N2024","seats":null,"hasProjector":false,"hasWhiteboard":false,"code":920}},{"type":"Feature","geometry":{"type":"Polygon","coordinates":[[[16.616628,49.210322],[16.616635,49.210325],[16.616645,49.210313],[16.616638,49.210311],[16.616649,49.210299],[16.616655,49.210302],[16.616666,49.21029],[16.616659,49.210287],[16.616669,49.210276],[16.616676,49.210278],[16.616686,49.210266],[16.616679,49.210264],[16.61669,49.210252],[16.616682,49.210248],[16.61667,49.210244],[16.616664,49.210242],[16.616651,49.210257],[16.616645,49.210264],[16.616639,49.210271],[16.616632,49.210278],[16.616604,49.21031],[16.616598,49.210317],[16.616593,49.210323],[16.616587,49.21033],[16.616566,49.210354],[16.61656,49.210361],[16.616552,49.21037],[16.616546,49.210377],[16.616523,49.210404],[16.616516,49.210411],[16.616504,49.210425],[16.616509,49.210427],[16.616525,49.210432],[16.61653,49.210434],[16.616566,49.210393],[16.616575,49.210383],[16.616587,49.21037],[16.616596,49.21036],[16.616628,49.210322]]]},"properties":{"id":67629,"buildingId":54678,"floorId":67547,"floorLevel":1,"name":"BA01N2016","type":"floor","category":"structure","label":"Corridor","passportNumber":"BA01N2016","seats":null,"hasProjector":false,"hasWhiteboard":false,"code":991}},{"type":"Feature","geometry":{"type":"Polygon","coordinates":[[[16.616594,49.210413],[16.616569,49.210404],[16.616555,49.210419],[16.616548,49.210417],[16.616538,49.210428],[16.616545,49.210431],[16.616533,49.210444],[16.616539,49.210446],[16.616554,49.210452],[16.616558,49.210454],[16.616565,49.210446],[16.616571,49.210439],[16.616594,49.210413]]]},"properties":{"id":67630,"buildingId":54678,"floorId":67547,"floorLevel":1,"name":"BA01N2019","type":"floor","category":"structure","label":"Corridor","passportNumber":"BA01N2019","seats":null,"hasProjector":false,"hasWhiteboard":false,"code":217}},{"type":"Feature","geometry":{"type":"Polygon","coordinates":[[[16.616645,49.210432],[16.616595,49.210414],[16.616573,49.21044],[16.616566,49.210447],[16.61656,49.210454],[16.616609,49.210473],[16.616623,49.210457],[16.616633,49.210446],[16.616645,49.210432]]]},"properties":{"id":67631,"buildingId":54678,"floorId":67547,"floorLevel":1,"name":"BA01N2020","type":"classroom_and_laboratory","category":"teaching","label":"Classroom / lab","passportNumber":"BA01N2020","seats":null,"hasProjector":false,"hasWhiteboard":false,"code":953}},{"type":"Feature","geometry":{"type":"Polygon","coordinates":[[[16.616608,49.210474],[16.616553,49.210453],[16.616538,49.210448],[16.616532,49.210446],[16.616507,49.210475],[16.616512,49.210477],[16.616528,49.210482],[16.616583,49.210503],[16.616597,49.210487],[16.616607,49.210476],[16.616608,49.210474]]]},"properties":{"id":67632,"buildingId":54678,"floorId":67547,"floorLevel":1,"name":"BA01N2021","type":"classroom_and_laboratory","category":"teaching","label":"Classroom / lab","passportNumber":"BA01N2021","seats":null,"hasProjector":false,"hasWhiteboard":false,"code":953}},{"type":"Feature","geometry":{"type":"Polygon","coordinates":[[[16.616485,49.210486],[16.616492,49.210489],[16.616492,49.210489],[16.616501,49.210479],[16.616501,49.210478],[16.616494,49.210475],[16.616505,49.210463],[16.616512,49.210465],[16.61652,49.210456],[16.616514,49.210453],[16.616529,49.210436],[16.616524,49.210434],[16.616508,49.210428],[16.616453,49.210407],[16.616445,49.210415],[16.616436,49.210426],[16.61642,49.210444],[16.61641,49.210456],[16.6164,49.210467],[16.616476,49.210496],[16.616485,49.210486]]]},"properties":{"id":67633,"buildingId":54678,"floorId":67547,"floorLevel":1,"name":"BA01N2023","type":"classroom_and_laboratory","category":"teaching","label":"Classroom / lab","passportNumber":"BA01N2023","seats":null,"hasProjector":false,"hasWhiteboard":false,"code":953}},{"type":"Feature","geometry":{"type":"Polygon","coordinates":[[[16.616582,49.210504],[16.616527,49.210484],[16.616511,49.210478],[16.616506,49.210476],[16.616503,49.210479],[16.616494,49.210489],[16.616485,49.210499],[16.616561,49.210528],[16.616571,49.210516],[16.616581,49.210505],[16.616582,49.210504]]]},"properties":{"id":67634,"buildingId":54678,"floorId":67547,"floorLevel":1,"name":"BA01N2022","type":"classroom_and_laboratory","category":"teaching","label":"Classroom / lab","passportNumber":"BA01N2022","seats":null,"hasProjector":false,"hasWhiteboard":false,"code":953}},{"type":"Feature","geometry":{"type":"Polygon","coordinates":[[[16.615539,49.209709],[16.615545,49.209712],[16.615579,49.209673],[16.615557,49.209664],[16.615538,49.209657],[16.615512,49.209648],[16.615494,49.209641],[16.615468,49.209631],[16.61545,49.209624],[16.615433,49.209618],[16.615388,49.209669],[16.615405,49.209675],[16.615423,49.209682],[16.615445,49.20969],[16.615463,49.209697],[16.615495,49.209709],[16.615511,49.209715],[16.615528,49.209721],[16.615533,49.209717],[16.615539,49.20971],[16.615539,49.209709]]]},"properties":{"id":71928,"buildingId":54678,"floorId":71927,"floorLevel":2,"name":"BA01N3087","type":"classroom_and_laboratory","category":"teaching","label":"Classroom / lab","passportNumber":"BA01N3087","seats":32,"hasProjector":false,"hasWhiteboard":false,"code":219}},{"type":"Feature","geometry":{"type":"Polygon","coordinates":[[[16.615609,49.209684],[16.615607,49.209683],[16.615589,49.209676],[16.61558,49.209673],[16.615545,49.209712],[16.615539,49.20971],[16.615533,49.209717],[16.615529,49.209722],[16.615545,49.209727],[16.61556,49.209733],[16.615564,49.209735],[16.615582,49.209715],[16.615592,49.209703],[16.615609,49.209684]]]},"properties":{"id":71929,"buildingId":54678,"floorId":71927,"floorLevel":2,"name":"BA01N3088","type":"preparatory","category":"service","label":"Preparatory","passportNumber":"BA01N3088","seats":null,"hasProjector":false,"hasWhiteboard":false,"code":219}},{"type":"Feature","geometry":{"type":"Polygon","coordinates":[[[16.615463,49.209703],[16.615385,49.209674],[16.615381,49.209679],[16.615371,49.209691],[16.615365,49.209698],[16.615423,49.209719],[16.615438,49.209725],[16.615442,49.209727],[16.615448,49.20972],[16.615457,49.20971],[16.615463,49.209703]]]},"properties":{"id":71930,"buildingId":54678,"floorId":71927,"floorLevel":2,"name":"BA01N3086","type":"office","category":"office","label":"Office","passportNumber":"BA01N3086","seats":null,"hasProjector":false,"hasWhiteboard":false,"code":219}},{"type":"Feature","geometry":{"type":"Polygon","coordinates":[[[16.61569,49.209714],[16.61568,49.209711],[16.615661,49.209704],[16.615643,49.209697],[16.615625,49.20969],[16.615613,49.209685],[16.615595,49.209705],[16.615586,49.209716],[16.615568,49.209736],[16.615618,49.209755],[16.615633,49.209761],[16.615646,49.209765],[16.615664,49.209745],[16.615673,49.209735],[16.61569,49.209714]]]},"properties":{"id":71931,"buildingId":54678,"floorId":71927,"floorLevel":2,"name":"BA01N3089","type":"classroom_and_laboratory","category":"teaching","label":"Classroom / lab","passportNumber":"BA01N3089","seats":null,"hasProjector":false,"hasWhiteboard":false,"code":219}},{"type":"Feature","geometry":{"type":"Polygon","coordinates":[[[16.615441,49.209728],[16.615437,49.209726],[16.615422,49.209721],[16.615364,49.209699],[16.61536,49.209703],[16.61535,49.209714],[16.61534,49.209727],[16.61533,49.209738],[16.615324,49.209744],[16.615402,49.209773],[16.615428,49.209743],[16.615437,49.209733],[16.615441,49.209728]]]},"properties":{"id":71932,"buildingId":54678,"floorId":71927,"floorLevel":2,"name":"BA01N3085","type":"office","category":"office","label":"Office","passportNumber":"BA01N3085","seats":null,"hasProjector":false,"hasWhiteboard":false,"code":219}},{"type":"Feature","geometry":{"type":"Polygon","coordinates":[[[16.615549,49.209764],[16.615546,49.209763],[16.615535,49.209759],[16.61552,49.209753],[16.615519,49.209754],[16.61553,49.209783],[16.615531,49.209783],[16.615531,49.209784],[16.615549,49.209764]]]},"properties":{"id":71933,"buildingId":54678,"floorId":71927,"floorLevel":2,"name":"BA01N3105","type":"elevator","category":"circulation","label":"Elevator","passportNumber":"BA01N3105","seats":null,"hasProjector":false,"hasWhiteboard":false,"code":991}},{"type":"Feature","geometry":{"type":"Polygon","coordinates":[[[16.61579,49.209752],[16.615789,49.209751],[16.61577,49.209745],[16.615752,49.209738],[16.615734,49.209731],[16.615716,49.209724],[16.615698,49.209717],[16.615694,49.209716],[16.615677,49.209735],[16.615667,49.209747],[16.615649,49.209767],[16.615655,49.209769],[16.61567,49.209775],[16.615688,49.209781],[16.615706,49.209788],[16.615723,49.209794],[16.615741,49.209801],[16.615745,49.209803],[16.61579,49.209752]]]},"properties":{"id":71934,"buildingId":54678,"floorId":71927,"floorLevel":2,"name":"BA01N3090","type":"classroom_and_laboratory","category":"teaching","label":"Classroom / lab","passportNumber":"BA01N3090","seats":null,"hasProjector":false,"hasWhiteboard":false,"code":219}},{"type":"Feature","geometry":{"type":"Polygon","coordinates":[[[16.615834,49.209768],[16.615825,49.209765],[16.615807,49.209758],[16.615793,49.209753],[16.615758,49.209793],[16.615773,49.209799],[16.615784,49.209803],[16.615799,49.209809],[16.615834,49.209768]]]},"properties":{"id":71935,"buildingId":54678,"floorId":71927,"floorLevel":2,"name":"BA01N3092","type":"office","category":"office","label":"Office","passportNumber":"BA01N3092","seats":null,"hasProjector":false,"hasWhiteboard":false,"code":219}},{"type":"Feature","geometry":{"type":"Polygon","coordinates":[[[16.615609,49.209783],[16.615599,49.209779],[16.615593,49.209785],[16.615588,49.209783],[16.615578,49.209795],[16.615594,49.209801],[16.615595,49.209799],[16.6156,49.209794],[16.615609,49.209783]]]},"properties":{"id":71936,"buildingId":54678,"floorId":71927,"floorLevel":2,"name":"BA01N3064a","type":"shower","category":"service","label":"Shower","passportNumber":"BA01N3064a","seats":null,"hasProjector":false,"hasWhiteboard":false,"code":219}},{"type":"Feature","geometry":{"type":"Polygon","coordinates":[[[16.615798,49.209809],[16.615783,49.209803],[16.615773,49.209799],[16.615758,49.209794],[16.615749,49.209804],[16.615762,49.209809],[16.615778,49.209815],[16.615789,49.209819],[16.615791,49.209818],[16.615797,49.209811],[16.615798,49.209809]]]},"properties":{"id":71937,"buildingId":54678,"floorId":71927,"floorLevel":2,"name":"BA01N3091","type":"lobby","category":"circulation","label":"Lobby","passportNumber":"BA01N3091","seats":null,"hasProjector":false,"hasWhiteboard":false,"code":219}},{"type":"Feature","geometry":{"type":"Polygon","coordinates":[[[16.615592,49.209776],[16.615582,49.209773],[16.615571,49.209769],[16.615558,49.209764],[16.615534,49.209791],[16.615537,49.209797],[16.615543,49.2098],[16.61556,49.209806],[16.615565,49.209808],[16.615592,49.209776]]]},"properties":{"id":71938,"buildingId":54678,"floorId":71927,"floorLevel":2,"name":"BA01N3065","type":"storage","category":"service","label":"Storage","passportNumber":"BA01N3065","seats":null,"hasProjector":false,"hasWhiteboard":false,"code":219}},{"type":"Feature","geometry":{"type":"Polygon","coordinates":[[[16.615871,49.209782],[16.615861,49.209779],[16.615843,49.209772],[16.615835,49.209769],[16.615798,49.209811],[16.615792,49.209818],[16.61579,49.20982],[16.615826,49.209833],[16.615871,49.209782]]]},"properties":{"id":71939,"buildingId":54678,"floorId":71927,"floorLevel":2,"name":"BA01N3093","type":"office","category":"office","label":"Office","passportNumber":"BA01N3093","seats":null,"hasProjector":false,"hasWhiteboard":false,"code":219}},{"type":"Feature","geometry":{"type":"Polygon","coordinates":[[[16.61563,49.20979],[16.615628,49.20979],[16.615617,49.209786],[16.615611,49.209784],[16.615602,49.209795],[16.615597,49.2098],[16.615596,49.209801],[16.615595,49.209802],[16.615577,49.209795],[16.615572,49.209801],[16.615571,49.209802],[16.615566,49.209809],[16.615572,49.209811],[16.615583,49.209815],[16.615585,49.209816],[16.615586,49.209816],[16.615597,49.20982],[16.615602,49.209822],[16.615613,49.209809],[16.615614,49.209808],[16.61563,49.20979]]]},"properties":{"id":71940,"buildingId":54678,"floorId":71927,"floorLevel":2,"name":"BA01N3064","type":"toilet","category":"service","label":"Toilet","passportNumber":"BA01N3064","seats":null,"hasProjector":false,"hasWhiteboard":false,"code":219}},{"type":"Feature","geometry":{"type":"Polygon","coordinates":[[[16.615903,49.209794],[16.615898,49.209792],[16.615879,49.209786],[16.615872,49.209783],[16.615828,49.209834],[16.615833,49.209836],[16.615849,49.209842],[16.615858,49.209845],[16.615903,49.209794]]]},"properties":{"id":71941,"buildingId":54678,"floorId":71927,"floorLevel":2,"name":"BA01N3094","type":"office","category":"office","label":"Office","passportNumber":"BA01N3094","seats":null,"hasProjector":false,"hasWhiteboard":false,"code":219}},{"type":"Feature","geometry":{"type":"Polygon","coordinates":[[[16.615669,49.209805],[16.615631,49.209791],[16.615604,49.209823],[16.61561,49.209825],[16.615628,49.209832],[16.615642,49.209837],[16.615669,49.209805]]]},"properties":{"id":71942,"buildingId":54678,"floorId":71927,"floorLevel":2,"name":"BA01N3063","type":"office","category":"office","label":"Office","passportNumber":"BA01N3063","seats":null,"hasProjector":false,"hasWhiteboard":false,"code":219}},{"type":"Feature","geometry":{"type":"Polygon","coordinates":[[[16.615481,49.209811],[16.615456,49.209801],[16.615465,49.209791],[16.615445,49.209784],[16.615436,49.209794],[16.615432,49.209792],[16.615431,49.209794],[16.615425,49.209801],[16.615418,49.209809],[16.615467,49.209827],[16.615471,49.209822],[16.615481,49.209811]]]},"properties":{"id":71943,"buildingId":54678,"floorId":71927,"floorLevel":2,"name":"BA01N3068","type":"storage","category":"service","label":"Storage","passportNumber":"BA01N3068","seats":null,"hasProjector":false,"hasWhiteboard":false,"code":990}},{"type":"Feature","geometry":{"type":"Polygon","coordinates":[[[16.615401,49.209774],[16.615323,49.209745],[16.615319,49.20975],[16.615309,49.209762],[16.615298,49.209774],[16.615288,49.209786],[16.615284,49.209791],[16.615343,49.209813],[16.615356,49.209818],[16.615361,49.20982],[16.615385,49.209792],[16.615394,49.209782],[16.615401,49.209774]]]},"properties":{"id":71944,"buildingId":54678,"floorId":71927,"floorLevel":2,"name":"BA01N3082","type":"office","category":"office","label":"Office","passportNumber":"BA01N3082","seats":24,"hasProjector":false,"hasWhiteboard":false,"code":219}},{"type":"Feature","geometry":{"type":"Polygon","coordinates":[[[16.615938,49.209808],[16.615934,49.209806],[16.615916,49.209799],[16.615904,49.209795],[16.61586,49.209846],[16.61587,49.20985],[16.615885,49.209855],[16.615894,49.209859],[16.615938,49.209808]]]},"properties":{"id":71945,"buildingId":54678,"floorId":71927,"floorLevel":2,"name":"BA01N3095","type":"office","category":"office","label":"Office","passportNumber":"BA01N3095","seats":null,"hasProjector":false,"hasWhiteboard":false,"code":219}},{"type":"Feature","geometry":{"type":"Polygon","coordinates":[[[16.615696,49.209816],[16.615683,49.209811],[16.615672,49.209807],[16.615671,49.209806],[16.615644,49.209838],[16.615644,49.209838],[16.615662,49.209845],[16.615669,49.209847],[16.615689,49.209824],[16.615695,49.209817],[16.615696,49.209816]]]},"properties":{"id":71946,"buildingId":54678,"floorId":71927,"floorLevel":2,"name":"BA01N3062","type":"office","category":"office","label":"Office","passportNumber":"BA01N3062","seats":null,"hasProjector":false,"hasWhiteboard":false,"code":219}},{"type":"Feature","geometry":{"type":"Polygon","coordinates":[[[16.615987,49.209826],[16.61597,49.20982],[16.615952,49.209813],[16.61594,49.209808],[16.615895,49.209859],[16.615904,49.209863],[16.61592,49.209868],[16.615943,49.209877],[16.615987,49.209826]]]},"properties":{"id":71947,"buildingId":54678,"floorId":71927,"floorLevel":2,"name":"BA01N3096","type":"office","category":"office","label":"Office","passportNumber":"BA01N3096","seats":null,"hasProjector":false,"hasWhiteboard":false,"code":219}},{"type":"Feature","geometry":{"type":"Polygon","coordinates":[[[16.615431,49.209834],[16.615427,49.209833],[16.615419,49.20983],[16.615404,49.209824],[16.615399,49.20983],[16.615409,49.209834],[16.615405,49.209838],[16.615422,49.209844],[16.615431,49.209834]]]},"properties":{"id":71948,"buildingId":54678,"floorId":71927,"floorLevel":2,"name":"BA01N3070","type":"utility_room","category":"service","label":"Utility","passportNumber":"BA01N3070","seats":null,"hasProjector":false,"hasWhiteboard":false,"code":991}},{"type":"Feature","geometry":{"type":"Polygon","coordinates":[[[16.615757,49.209839],[16.615753,49.209837],[16.615743,49.209833],[16.615698,49.209816],[16.615697,49.209817],[16.615691,49.209824],[16.61567,49.209848],[16.615678,49.209851],[16.615696,49.209857],[16.615713,49.209864],[16.61573,49.20987],[16.615757,49.209839]]]},"properties":{"id":71949,"buildingId":54678,"floorId":71927,"floorLevel":2,"name":"BA01N3061","type":"office","category":"office","label":"Office","passportNumber":"BA01N3061","seats":null,"hasProjector":false,"hasWhiteboard":false,"code":219}},{"type":"Feature","geometry":{"type":"Polygon","coordinates":[[[16.615466,49.209828],[16.615445,49.20982],[16.615444,49.209819],[16.615417,49.20981],[16.615416,49.209811],[16.61541,49.209818],[16.615405,49.209823],[16.61542,49.209829],[16.615428,49.209832],[16.615432,49.209833],[16.615433,49.209834],[16.615433,49.209834],[16.615423,49.209844],[16.615433,49.209848],[16.615434,49.209849],[16.615444,49.209852],[16.615448,49.209849],[16.615454,49.209842],[16.615454,49.209841],[16.615456,49.209839],[16.615462,49.209832],[16.615466,49.209828]]]},"properties":{"id":71950,"buildingId":54678,"floorId":71927,"floorLevel":2,"name":"BA01N3069","type":"toilet","category":"service","label":"Toilet","passportNumber":"BA01N3069","seats":null,"hasProjector":false,"hasWhiteboard":false,"code":991}},{"type":"Feature","geometry":{"type":"Polygon","coordinates":[[[16.615357,49.209824],[16.615351,49.209822],[16.61534,49.209818],[16.61528,49.209795],[16.615277,49.209798],[16.615267,49.209809],[16.61526,49.209817],[16.615322,49.209841],[16.615333,49.209845],[16.615338,49.209846],[16.615346,49.209837],[16.615356,49.209826],[16.615357,49.209824]]]},"properties":{"id":71951,"buildingId":54678,"floorId":71927,"floorLevel":2,"name":"BA01N3081","type":"office","category":"office","label":"Office","passportNumber":"BA01N3081","seats":null,"hasProjector":false,"hasWhiteboard":false,"code":990}},{"type":"Feature","geometry":{"type":"Polygon","coordinates":[[[16.616028,49.209842],[16.61602,49.209839],[16.616002,49.209832],[16.615988,49.209827],[16.615944,49.209877],[16.615955,49.209882],[16.615971,49.209888],[16.615984,49.209893],[16.616028,49.209842]]]},"properties":{"id":71952,"buildingId":54678,"floorId":71927,"floorLevel":2,"name":"BA01N3097","type":"office","category":"office","label":"Office","passportNumber":"BA01N3097","seats":10,"hasProjector":false,"hasWhiteboard":false,"code":219}},{"type":"Feature","geometry":{"type":"Polygon","coordinates":[[[16.615806,49.209857],[16.615792,49.209851],[16.615781,49.209847],[16.615759,49.209839],[16.615732,49.209871],[16.615743,49.209875],[16.615768,49.209885],[16.615779,49.209889],[16.615806,49.209857]]]},"properties":{"id":71953,"buildingId":54678,"floorId":71927,"floorLevel":2,"name":"BA01N3060","type":"office","category":"office","label":"Office","passportNumber":"BA01N3060","seats":null,"hasProjector":false,"hasWhiteboard":false,"code":219}},{"type":"Feature","geometry":{"type":"Polygon","coordinates":[[[16.616067,49.209856],[16.616063,49.209855],[16.616045,49.209848],[16.61603,49.209842],[16.615986,49.209893],[16.615999,49.209898],[16.616012,49.209903],[16.616023,49.209907],[16.616041,49.209886],[16.61605,49.209876],[16.616067,49.209856]]]},"properties":{"id":71954,"buildingId":54678,"floorId":71927,"floorLevel":2,"name":"BA01N3098","type":"library","category":"teaching","label":"Library","passportNumber":"BA01N3098","seats":null,"hasProjector":false,"hasWhiteboard":false,"code":219}},{"type":"Feature","geometry":{"type":"Polygon","coordinates":[[[16.615828,49.209865],[16.615821,49.209862],[16.615811,49.209859],[16.615808,49.209857],[16.61578,49.209889],[16.615781,49.209889],[16.615799,49.209896],[16.6158,49.209897],[16.615828,49.209865]]]},"properties":{"id":71955,"buildingId":54678,"floorId":71927,"floorLevel":2,"name":"BA01N3059","type":"utility_room","category":"service","label":"Utility","passportNumber":"BA01N3059","seats":null,"hasProjector":false,"hasWhiteboard":false,"code":219}},{"type":"Feature","geometry":{"type":"Polygon","coordinates":[[[16.615315,49.20984],[16.615259,49.209819],[16.615257,49.209821],[16.615246,49.209833],[16.61524,49.20984],[16.615296,49.209861],[16.615302,49.209854],[16.615308,49.209847],[16.615315,49.20984]]]},"properties":{"id":71956,"buildingId":54678,"floorId":71927,"floorLevel":2,"name":"BA01N3080","type":"office","category":"office","label":"Office","passportNumber":"BA01N3080","seats":null,"hasProjector":false,"hasWhiteboard":false,"code":990}},{"type":"Feature","geometry":{"type":"Polygon","coordinates":[[[16.615444,49.209853],[16.615395,49.209835],[16.615389,49.209841],[16.615383,49.209848],[16.615377,49.209855],[16.615426,49.209873],[16.615428,49.209871],[16.615438,49.209859],[16.615444,49.209853]]]},"properties":{"id":71957,"buildingId":54678,"floorId":71927,"floorLevel":2,"name":"BA01N3071","type":"office","category":"office","label":"Office","passportNumber":"BA01N3071","seats":null,"hasProjector":false,"hasWhiteboard":false,"code":990}},{"type":"Feature","geometry":{"type":"Polygon","coordinates":[[[16.615336,49.209848],[16.615332,49.209846],[16.61532,49.209842],[16.615316,49.20984],[16.61531,49.209847],[16.615303,49.209854],[16.615297,49.209862],[16.615318,49.209869],[16.615326,49.20986],[16.615335,49.209849],[16.615336,49.209848]]]},"properties":{"id":71958,"buildingId":54678,"floorId":71927,"floorLevel":2,"name":"BA01N3079","type":"lobby","category":"circulation","label":"Lobby","passportNumber":"BA01N3079","seats":null,"hasProjector":false,"hasWhiteboard":false,"code":990}},{"type":"Feature","geometry":{"type":"Polygon","coordinates":[[[16.616113,49.209873],[16.616106,49.209871],[16.616087,49.209864],[16.616069,49.209857],[16.616052,49.209877],[16.616043,49.209887],[16.616025,49.209908],[16.616041,49.209914],[16.616056,49.20992],[16.616068,49.209924],[16.616113,49.209873]]]},"properties":{"id":71959,"buildingId":54678,"floorId":71927,"floorLevel":2,"name":"BA01N3099","type":"office","category":"office","label":"Office","passportNumber":"BA01N3099","seats":null,"hasProjector":false,"hasWhiteboard":false,"code":219}},{"type":"Feature","geometry":{"type":"Polygon","coordinates":[[[16.616,49.209927],[16.616002,49.209928],[16.616004,49.209926],[16.616015,49.209913],[16.616016,49.209912],[16.616014,49.209912],[16.616014,49.209911],[16.61601,49.209909],[16.616013,49.209905],[16.616011,49.209904],[16.615998,49.2099],[16.615996,49.209898],[16.615992,49.209902],[16.615967,49.209893],[16.615971,49.209889],[16.61597,49.209889],[16.615954,49.209883],[16.615953,49.209882],[16.61595,49.209886],[16.615917,49.209874],[16.61592,49.20987],[16.615919,49.20987],[16.615903,49.209864],[16.615902,49.209863],[16.615899,49.209867],[16.615882,49.209861],[16.615885,49.209857],[16.615884,49.209857],[16.615869,49.209851],[16.615868,49.20985],[16.615864,49.209854],[16.615845,49.209847],[16.615849,49.209843],[16.615848,49.209843],[16.615832,49.209837],[16.615831,49.209837],[16.615828,49.209841],[16.615775,49.209821],[16.615778,49.209817],[16.615777,49.209816],[16.615761,49.20981],[16.61576,49.20981],[16.615757,49.209814],[16.615667,49.20978],[16.61567,49.209776],[16.615669,49.209776],[16.615653,49.20977],[16.615652,49.209769],[16.615649,49.209773],[16.61563,49.209766],[16.615633,49.209762],[16.615632,49.209762],[16.615617,49.209756],[16.615615,49.209756],[16.615612,49.209759],[16.615594,49.209753],[16.615576,49.209746],[16.615557,49.209739],[16.61556,49.209735],[16.615559,49.209734],[16.615544,49.209729],[16.615543,49.209728],[16.615539,49.209732],[16.615507,49.20972],[16.615511,49.209716],[16.61551,49.209716],[16.615494,49.20971],[16.615493,49.20971],[16.61549,49.209713],[16.615471,49.209706],[16.615465,49.209712],[16.615459,49.20971],[16.615459,49.209711],[16.61545,49.209721],[16.615449,49.209722],[16.615455,49.209724],[16.615445,49.209735],[16.615439,49.209733],[16.615439,49.209734],[16.61543,49.209744],[16.615429,49.209745],[16.615435,49.209747],[16.615433,49.209749],[16.615459,49.209759],[16.615462,49.209756],[16.615467,49.209756],[16.615468,49.209756],[16.615492,49.209752],[16.61551,49.209749],[16.615511,49.209749],[16.615516,49.209746],[16.615523,49.209749],[16.61552,49.209752],[16.615536,49.209758],[16.615546,49.209762],[16.615549,49.209763],[16.615552,49.20976],[16.615572,49.209767],[16.615583,49.209771],[16.615618,49.209785],[16.615629,49.209789],[16.615673,49.209805],[16.615684,49.209809],[16.615744,49.209832],[16.615754,49.209836],[16.615782,49.209846],[16.615793,49.20985],[16.615812,49.209858],[16.615822,49.209861],[16.615852,49.209872],[16.615862,49.209876],[16.615951,49.20991],[16.615961,49.209914],[16.615977,49.20992],[16.615988,49.209924],[16.615999,49.209928],[16.616,49.209927]]]},"properties":{"id":71960,"buildingId":54678,"floorId":71927,"floorLevel":2,"name":"BA01N3055","type":"floor","category":"structure","label":"Corridor","passportNumber":"BA01N3055","seats":null,"hasProjector":false,"hasWhiteboard":false,"code":991}},{"type":"Feature","geometry":{"type":"Polygon","coordinates":[[[16.61596,49.209915],[16.61595,49.209911],[16.615941,49.209907],[16.615932,49.209918],[16.615951,49.209925],[16.61596,49.209915]]]},"properties":{"id":71961,"buildingId":54678,"floorId":71927,"floorLevel":2,"name":"BA01N3057","type":"utility_room","category":"service","label":"Utility","passportNumber":"BA01N3057","seats":null,"hasProjector":false,"hasWhiteboard":false,"code":219}},{"type":"Feature","geometry":{"type":"Polygon","coordinates":[[[16.615425,49.209874],[16.615377,49.209856],[16.615369,49.209864],[16.615363,49.209871],[16.615356,49.209879],[16.615405,49.209898],[16.61541,49.209892],[16.61542,49.20988],[16.615425,49.209874]]]},"properties":{"id":71962,"buildingId":54678,"floorId":71927,"floorLevel":2,"name":"BA01N3072","type":"office","category":"office","label":"Office","passportNumber":"BA01N3072","seats":null,"hasProjector":false,"hasWhiteboard":false,"code":991}},{"type":"Feature","geometry":{"type":"Polygon","coordinates":[[[16.615935,49.209905],[16.615861,49.209878],[16.615851,49.209874],[16.61583,49.209866],[16.615802,49.209897],[16.615815,49.209902],[16.615833,49.209909],[16.615849,49.209915],[16.615867,49.209922],[16.615883,49.209928],[16.615901,49.209935],[16.615907,49.209937],[16.615935,49.209905]]]},"properties":{"id":71963,"buildingId":54678,"floorId":71927,"floorLevel":2,"name":"BA01N3058","type":"classroom_and_laboratory","category":"teaching","label":"Classroom / lab","passportNumber":"BA01N3058","seats":null,"hasProjector":false,"hasWhiteboard":false,"code":219}},{"type":"Feature","geometry":{"type":"Polygon","coordinates":[[[16.616247,49.209924],[16.616229,49.209917],[16.61621,49.20991],[16.616203,49.209907],[16.616158,49.209958],[16.616169,49.209962],[16.616187,49.209969],[16.616202,49.209975],[16.616209,49.209966],[16.616218,49.209956],[16.616247,49.209924]]]},"properties":{"id":71964,"buildingId":54678,"floorId":71927,"floorLevel":2,"name":"BA01N3003","type":"office","category":"office","label":"Office","passportNumber":"BA01N3003","seats":null,"hasProjector":false,"hasWhiteboard":false,"code":996}},{"type":"Feature","geometry":{"type":"Polygon","coordinates":[[[16.615969,49.20996],[16.615971,49.209961],[16.615998,49.209929],[16.615987,49.209925],[16.615976,49.209921],[16.615975,49.20992],[16.615961,49.209937],[16.615958,49.209936],[16.615963,49.209931],[16.615962,49.20993],[16.615961,49.20993],[16.615962,49.209929],[16.615963,49.209929],[16.615964,49.20993],[16.615972,49.209921],[16.615961,49.209917],[16.615953,49.209926],[16.615954,49.209926],[16.615955,49.209926],[16.615954,49.209928],[16.615953,49.209927],[16.615945,49.209924],[16.615945,49.209924],[16.615944,49.209925],[16.615943,49.209924],[16.615943,49.209924],[16.615944,49.209924],[16.615928,49.209918],[16.615922,49.209924],[16.615938,49.20993],[16.615939,49.209929],[16.615939,49.209929],[16.61594,49.20993],[16.61594,49.20993],[16.615939,49.209931],[16.615938,49.209932],[16.615937,49.209931],[16.615937,49.209931],[16.615938,49.209931],[16.615922,49.209925],[16.615916,49.209931],[16.615932,49.209937],[16.615933,49.209936],[16.615933,49.209936],[16.615934,49.209937],[16.615934,49.209937],[16.615932,49.209938],[16.615932,49.209939],[16.615931,49.209938],[16.615931,49.209938],[16.615932,49.209938],[16.615915,49.209932],[16.61591,49.209938],[16.615913,49.209939],[16.615924,49.209943],[16.615926,49.209944],[16.615926,49.209944],[16.615927,49.209943],[16.615928,49.209944],[16.615928,49.209944],[16.615927,49.209944],[16.615928,49.209945],[16.615927,49.209946],[16.615937,49.209949],[16.615938,49.209948],[16.61594,49.209949],[16.615941,49.209948],[16.615946,49.20995],[16.61595,49.209945],[16.615953,49.209946],[16.615948,49.209952],[16.615952,49.209954],[16.615951,49.209955],[16.615968,49.209961],[16.615969,49.20996]]]},"properties":{"id":71965,"buildingId":54678,"floorId":71927,"floorLevel":2,"name":"BA01N3056","type":"toilet","category":"service","label":"Toilet","passportNumber":"BA01N3056","seats":null,"hasProjector":false,"hasWhiteboard":false,"code":991}},{"type":"Feature","geometry":{"type":"Polygon","coordinates":[[[16.615404,49.209898],[16.615355,49.20988],[16.615342,49.209895],[16.615336,49.209902],[16.615332,49.209907],[16.615381,49.209925],[16.615386,49.209919],[16.615393,49.209911],[16.615394,49.20991],[16.615401,49.209902],[16.615404,49.209898]]]},"properties":{"id":71966,"buildingId":54678,"floorId":71927,"floorLevel":2,"name":"BA01N3073","type":"office","category":"office","label":"Office","passportNumber":"BA01N3073","seats":null,"hasProjector":false,"hasWhiteboard":false,"code":996}},{"type":"Feature","geometry":{"type":"Polygon","coordinates":[[[16.61629,49.20994],[16.616271,49.209933],[16.616253,49.209926],[16.616248,49.209924],[16.616219,49.209957],[16.616211,49.209967],[16.616203,49.209975],[16.616214,49.209979],[16.616229,49.209985],[16.616245,49.209991],[16.61629,49.20994]]]},"properties":{"id":71967,"buildingId":54678,"floorId":71927,"floorLevel":2,"name":"BA01N3002","type":"office","category":"office","label":"Office","passportNumber":"BA01N3002","seats":null,"hasProjector":false,"hasWhiteboard":false,"code":996}},{"type":"Feature","geometry":{"type":"Polygon","coordinates":[[[16.616372,49.209971],[16.616364,49.209968],[16.616346,49.209961],[16.616336,49.209957],[16.616306,49.209992],[16.616318,49.209996],[16.616329,49.21],[16.616342,49.210005],[16.616372,49.209971]]]},"properties":{"id":71968,"buildingId":54678,"floorId":71927,"floorLevel":2,"name":"BA01N3006","type":"office","category":"office","label":"Office","passportNumber":"BA01N3006","seats":null,"hasProjector":false,"hasWhiteboard":false,"code":222}},{"type":"Feature","geometry":{"type":"Polygon","coordinates":[[[16.616183,49.209996],[16.616185,49.209997],[16.616187,49.209995],[16.616198,49.209983],[16.616199,49.209981],[16.616196,49.20998],[16.616197,49.209979],[16.616154,49.209963],[16.616153,49.209964],[16.616148,49.209962],[16.616149,49.20996],[16.616069,49.209931],[16.616068,49.209932],[16.616063,49.20993],[16.616063,49.209929],[16.616053,49.209925],[16.616056,49.209921],[16.616055,49.209921],[16.61604,49.209915],[16.616038,49.209915],[16.616035,49.209918],[16.61602,49.209913],[16.616019,49.209914],[16.616017,49.209913],[16.616016,49.209914],[16.616005,49.209926],[16.616003,49.209928],[16.616006,49.209929],[16.616005,49.20993],[16.616048,49.209946],[16.616049,49.209946],[16.616055,49.209948],[16.616054,49.209948],[16.616055,49.209949],[16.616075,49.209956],[16.616084,49.20996],[16.616103,49.209967],[16.616113,49.209971],[16.616132,49.209978],[16.616133,49.209978],[16.616134,49.209977],[16.616139,49.209979],[16.616139,49.20998],[16.616182,49.209997],[16.616183,49.209996]]]},"properties":{"id":71969,"buildingId":54678,"floorId":71927,"floorLevel":2,"name":"BA01N3101","type":"floor","category":"structure","label":"Corridor","passportNumber":"BA01N3101","seats":null,"hasProjector":false,"hasWhiteboard":false,"code":991}},{"type":"Feature","geometry":{"type":"Polygon","coordinates":[[[16.616335,49.209957],[16.616314,49.209949],[16.616296,49.209942],[16.616291,49.20994],[16.616247,49.209991],[16.616255,49.209994],[16.616273,49.210001],[16.61629,49.210008],[16.616295,49.210003],[16.616301,49.209996],[16.616335,49.209957]]]},"properties":{"id":71970,"buildingId":54678,"floorId":71927,"floorLevel":2,"name":"BA01N3005","type":"library","category":"teaching","label":"Library","passportNumber":"BA01N3005","seats":null,"hasProjector":false,"hasWhiteboard":false,"code":222}},{"type":"Feature","geometry":{"type":"Polygon","coordinates":[[[16.616341,49.210006],[16.616328,49.210001],[16.616318,49.209997],[16.616305,49.209992],[16.616302,49.209996],[16.616296,49.210003],[16.616291,49.210008],[16.616301,49.210012],[16.616317,49.210018],[16.616327,49.210021],[16.616331,49.210016],[16.616338,49.210009],[16.616341,49.210006]]]},"properties":{"id":71971,"buildingId":54678,"floorId":71927,"floorLevel":2,"name":"BA01N3004","type":"lobby","category":"circulation","label":"Lobby","passportNumber":"BA01N3004","seats":null,"hasProjector":false,"hasWhiteboard":false,"code":222}},{"type":"Feature","geometry":{"type":"Polygon","coordinates":[[[16.615317,49.209871],[16.615239,49.209841],[16.615236,49.209845],[16.615226,49.209857],[16.615215,49.209869],[16.615205,49.20988],[16.615186,49.209902],[16.615176,49.209914],[16.615173,49.209917],[16.615251,49.209946],[16.615254,49.209942],[16.615261,49.209934],[16.615284,49.209908],[16.615293,49.209898],[16.615302,49.209887],[16.615312,49.209875],[16.615317,49.209871]]]},"properties":{"id":71972,"buildingId":54678,"floorId":71927,"floorLevel":2,"name":"BA01N3078","type":"classroom_and_laboratory","category":"teaching","label":"Classroom / lab","passportNumber":"BA01N3078","seats":24,"hasProjector":false,"hasWhiteboard":false,"code":219}},{"type":"Feature","geometry":{"type":"Polygon","coordinates":[[[16.61641,49.209985],[16.6164,49.209981],[16.616382,49.209975],[16.616373,49.209971],[16.616339,49.21001],[16.616333,49.210017],[16.616328,49.210022],[16.616336,49.210025],[16.616354,49.210032],[16.616365,49.210036],[16.61641,49.209985]]]},"properties":{"id":71973,"buildingId":54678,"floorId":71927,"floorLevel":2,"name":"BA01N3007","type":"office","category":"office","label":"Office","passportNumber":"BA01N3007","seats":null,"hasProjector":false,"hasWhiteboard":false,"code":222}},{"type":"Feature","geometry":{"type":"Polygon","coordinates":[[[16.616244,49.210021],[16.616239,49.21002],[16.616231,49.210017],[16.61623,49.210016],[16.616221,49.210027],[16.616234,49.210032],[16.616244,49.210021]]]},"properties":{"id":71974,"buildingId":54678,"floorId":71927,"floorLevel":2,"name":"BA01N3050","type":"utility_room","category":"service","label":"Utility","passportNumber":"BA01N3050","seats":null,"hasProjector":false,"hasWhiteboard":false,"code":991}},{"type":"Feature","geometry":{"type":"Polygon","coordinates":[[[16.616447,49.209999],[16.616437,49.209995],[16.616418,49.209988],[16.616411,49.209985],[16.616366,49.210036],[16.616372,49.210038],[16.616387,49.210044],[16.616402,49.21005],[16.616447,49.209999]]]},"properties":{"id":71975,"buildingId":54678,"floorId":71927,"floorLevel":2,"name":"BA01N3008","type":"office","category":"office","label":"Office","passportNumber":"BA01N3008","seats":null,"hasProjector":false,"hasWhiteboard":false,"code":222}},{"type":"Feature","geometry":{"type":"Polygon","coordinates":[[[16.61538,49.209926],[16.615331,49.209907],[16.615329,49.20991],[16.615323,49.209917],[16.615287,49.209958],[16.615336,49.209977],[16.615337,49.209975],[16.615348,49.209963],[16.615367,49.209941],[16.615377,49.20993],[16.61538,49.209926]]]},"properties":{"id":71976,"buildingId":54678,"floorId":71927,"floorLevel":2,"name":"BA01N3074","type":"office","category":"office","label":"Office","passportNumber":"BA01N3074","seats":null,"hasProjector":false,"hasWhiteboard":false,"code":996}},{"type":"Feature","geometry":{"type":"Polygon","coordinates":[[[16.616137,49.209986],[16.616136,49.209986],[16.616127,49.209982],[16.616109,49.209975],[16.616098,49.209971],[16.61608,49.209965],[16.616069,49.209961],[16.616052,49.209954],[16.616033,49.209947],[16.616015,49.20994],[16.616002,49.209935],[16.615955,49.209989],[16.615968,49.209994],[16.615986,49.210001],[16.616001,49.210007],[16.616,49.210009],[16.616001,49.210009],[16.616023,49.210018],[16.616024,49.210018],[16.616026,49.210016],[16.61603,49.210018],[16.616028,49.21002],[16.616029,49.21002],[16.616051,49.210028],[16.616052,49.210029],[16.616054,49.210027],[16.616058,49.210028],[16.616056,49.21003],[16.616057,49.210031],[16.616079,49.210039],[16.616081,49.210039],[16.616082,49.210037],[16.61609,49.21004],[16.616105,49.210022],[16.616137,49.209986]]]},"properties":{"id":71977,"buildingId":54678,"floorId":71927,"floorLevel":2,"name":"BA01N3053","type":"floor","category":"structure","label":"Corridor","passportNumber":"BA01N3053","seats":null,"hasProjector":false,"hasWhiteboard":false,"code":991}},{"type":"Feature","geometry":{"type":"Polygon","coordinates":[[[16.615459,49.209759],[16.615433,49.20975],[16.615407,49.209779],[16.615406,49.20978],[16.615403,49.209784],[16.615397,49.209782],[16.615396,49.209782],[16.615387,49.209793],[16.615386,49.209793],[16.615392,49.209796],[16.615343,49.209852],[16.615337,49.209849],[16.615337,49.20985],[16.615328,49.20986],[16.615327,49.209861],[16.615333,49.209863],[16.615301,49.2099],[16.615295,49.209898],[16.615295,49.209898],[16.615286,49.209908],[16.615285,49.209909],[16.615291,49.209911],[16.615269,49.209936],[16.615263,49.209934],[16.615263,49.209935],[16.615256,49.209942],[16.615255,49.209943],[16.615261,49.209945],[16.615246,49.209963],[16.61524,49.209961],[16.615239,49.209961],[16.61523,49.209972],[16.61523,49.209972],[16.615236,49.209975],[16.615234,49.209977],[16.615239,49.209979],[16.615255,49.209984],[16.61526,49.209986],[16.615269,49.209976],[16.615276,49.209968],[16.615321,49.209916],[16.615328,49.209909],[16.615334,49.209902],[16.61534,49.209895],[16.615361,49.20987],[16.615368,49.209863],[16.615381,49.209848],[16.615387,49.209841],[16.615408,49.209817],[16.615414,49.20981],[16.615423,49.2098],[16.615429,49.209793],[16.615432,49.209789],[16.615433,49.209789],[16.615459,49.209759]]]},"properties":{"id":71978,"buildingId":54678,"floorId":71927,"floorLevel":2,"name":"BA01N3067","type":"floor","category":"structure","label":"Corridor","passportNumber":"BA01N3067","seats":null,"hasProjector":false,"hasWhiteboard":false,"code":991}},{"type":"Feature","geometry":{"type":"Polygon","coordinates":[[[16.616227,49.210049],[16.616211,49.210042],[16.61621,49.210043],[16.61621,49.210043],[16.616209,49.210043],[16.616209,49.210043],[16.61621,49.210041],[16.616211,49.210041],[16.616212,49.210041],[16.616212,49.210041],[16.616211,49.210042],[16.616228,49.210048],[16.616233,49.210042],[16.616217,49.210036],[16.616216,49.210036],[16.616216,49.210036],[16.616215,49.210036],[16.616215,49.210036],[16.616217,49.210034],[16.616217,49.210034],[16.616218,49.210034],[16.616218,49.210034],[16.616218,49.210035],[16.616234,49.210041],[16.616239,49.210035],[16.616223,49.210029],[16.616223,49.210029],[16.616222,49.210029],[16.616221,49.210029],[16.616221,49.210028],[16.616222,49.210028],[16.616219,49.210027],[16.616229,49.210016],[16.616212,49.210009],[16.616207,49.210015],[16.616207,49.210015],[16.616205,49.210014],[16.616205,49.210014],[16.61621,49.210009],[16.616209,49.210008],[16.616199,49.210004],[16.616187,49.21],[16.616171,49.210018],[16.616182,49.210023],[16.616183,49.210023],[16.616182,49.210024],[16.616182,49.210023],[16.61617,49.210019],[16.61616,49.21003],[16.616183,49.210039],[16.616193,49.210028],[16.616193,49.210027],[16.616192,49.210027],[16.616193,49.210026],[16.616193,49.210027],[16.616194,49.210027],[16.616199,49.210021],[16.616199,49.210021],[16.616201,49.210021],[16.616201,49.210022],[16.616186,49.210039],[16.616192,49.210041],[16.61619,49.210043],[16.616191,49.210044],[16.616203,49.210048],[16.616204,49.210048],[16.616204,49.210048],[16.616205,49.210048],[16.616206,49.210048],[16.616205,49.210049],[16.616205,49.210049],[16.616216,49.210053],[16.616221,49.210055],[16.616227,49.210049]]]},"properties":{"id":71979,"buildingId":54678,"floorId":71927,"floorLevel":2,"name":"BA01N3051","type":"toilet","category":"service","label":"Toilet","passportNumber":"BA01N3051","seats":null,"hasProjector":false,"hasWhiteboard":false,"code":991}},{"type":"Feature","geometry":{"type":"Polygon","coordinates":[[[16.616519,49.210026],[16.616509,49.210022],[16.616491,49.210015],[16.616473,49.210009],[16.616455,49.210002],[16.616448,49.209999],[16.616403,49.21005],[16.616474,49.210077],[16.616519,49.210026]]]},"properties":{"id":71980,"buildingId":54678,"floorId":71927,"floorLevel":2,"name":"BA01N3009","type":"office","category":"office","label":"Office","passportNumber":"BA01N3009","seats":null,"hasProjector":false,"hasWhiteboard":false,"code":222}},{"type":"Feature","geometry":{"type":"Polygon","coordinates":[[[16.616176,49.210001],[16.616165,49.209997],[16.616147,49.20999],[16.616137,49.209986],[16.616105,49.210022],[16.61609,49.21004],[16.616129,49.210055],[16.616176,49.210001]]]},"properties":{"id":71981,"buildingId":54678,"floorId":71927,"floorLevel":2,"name":"BA01N3053a","type":"coatroom","category":"service","label":"Cloakroom","passportNumber":"BA01N3053a","seats":null,"hasProjector":false,"hasWhiteboard":false,"code":991}},{"type":"Feature","geometry":{"type":"Polygon","coordinates":[[[16.616554,49.210039],[16.616546,49.210036],[16.616527,49.210029],[16.61652,49.210026],[16.616475,49.210077],[16.616482,49.21008],[16.616497,49.210085],[16.61651,49.21009],[16.616554,49.210039]]]},"properties":{"id":71982,"buildingId":54678,"floorId":71927,"floorLevel":2,"name":"BA01N3010","type":"office","category":"office","label":"Office","passportNumber":"BA01N3010","seats":null,"hasProjector":false,"hasWhiteboard":false,"code":222}},{"type":"Feature","geometry":{"type":"Polygon","coordinates":[[[16.615335,49.209977],[16.615286,49.209959],[16.615277,49.209969],[16.615271,49.209977],[16.615262,49.209987],[16.61531,49.210005],[16.615312,49.210004],[16.615322,49.209992],[16.615335,49.209977]]]},"properties":{"id":71983,"buildingId":54678,"floorId":71927,"floorLevel":2,"name":"BA01N3075","type":"office","category":"office","label":"Office","passportNumber":"BA01N3075","seats":null,"hasProjector":false,"hasWhiteboard":false,"code":985}},{"type":"Feature","geometry":{"type":"Polygon","coordinates":[[[16.616663,49.21008],[16.616655,49.210077],[16.616636,49.21007],[16.616631,49.210068],[16.616627,49.210073],[16.616621,49.21008],[16.616608,49.210095],[16.616619,49.210098],[16.616629,49.210102],[16.61664,49.210106],[16.616652,49.210092],[16.616658,49.210085],[16.616663,49.21008]]]},"properties":{"id":71984,"buildingId":54678,"floorId":71927,"floorLevel":2,"name":"BA01N3013","type":"office","category":"office","label":"Office","passportNumber":"BA01N3013","seats":null,"hasProjector":false,"hasWhiteboard":false,"code":222}},{"type":"Feature","geometry":{"type":"Polygon","coordinates":[[[16.61659,49.210053],[16.616582,49.21005],[16.616564,49.210043],[16.616556,49.21004],[16.616511,49.210091],[16.616518,49.210093],[16.616533,49.210099],[16.616546,49.210104],[16.61659,49.210053]]]},"properties":{"id":71985,"buildingId":54678,"floorId":71927,"floorLevel":2,"name":"BA01N3011","type":"office","category":"office","label":"Office","passportNumber":"BA01N3011","seats":null,"hasProjector":false,"hasWhiteboard":false,"code":222}},{"type":"Feature","geometry":{"type":"Polygon","coordinates":[[[16.61525,49.209947],[16.615172,49.209918],[16.61516,49.209932],[16.61515,49.209943],[16.615134,49.209961],[16.615124,49.209973],[16.615115,49.209983],[16.615192,49.210012],[16.615203,49.21],[16.615213,49.209989],[16.615229,49.209971],[16.615237,49.209961],[16.61525,49.209947]]]},"properties":{"id":71986,"buildingId":54678,"floorId":71927,"floorLevel":2,"name":"BA01N3077","type":"classroom_and_laboratory","category":"teaching","label":"Classroom / lab","passportNumber":"BA01N3077","seats":24,"hasProjector":false,"hasWhiteboard":false,"code":990}},{"type":"Feature","geometry":{"type":"Polygon","coordinates":[[[16.61663,49.210068],[16.616618,49.210063],[16.6166,49.210056],[16.616591,49.210053],[16.616547,49.210104],[16.616551,49.210106],[16.616566,49.210111],[16.616586,49.210119],[16.61662,49.21008],[16.616626,49.210073],[16.61663,49.210068]]]},"properties":{"id":71987,"buildingId":54678,"floorId":71927,"floorLevel":2,"name":"BA01N3012","type":"office","category":"office","label":"Office","passportNumber":"BA01N3012","seats":null,"hasProjector":false,"hasWhiteboard":false,"code":222}},{"type":"Feature","geometry":{"type":"Polygon","coordinates":[[[16.616639,49.210107],[16.616629,49.210103],[16.616618,49.210099],[16.616608,49.210095],[16.616587,49.210119],[16.616588,49.21012],[16.616606,49.210126],[16.616618,49.210131],[16.616639,49.210107]]]},"properties":{"id":71988,"buildingId":54678,"floorId":71927,"floorLevel":2,"name":"BA01N3014","type":"office","category":"office","label":"Office","passportNumber":"BA01N3014","seats":null,"hasProjector":false,"hasWhiteboard":false,"code":222}},{"type":"Feature","geometry":{"type":"Polygon","coordinates":[[[16.616426,49.21009],[16.616305,49.210045],[16.616294,49.21004],[16.616288,49.210038],[16.616287,49.210038],[16.616253,49.210025],[16.616225,49.210056],[16.616231,49.210058],[16.616248,49.210065],[16.616259,49.210069],[16.61626,49.21007],[16.616265,49.210071],[16.616283,49.210078],[16.616299,49.210084],[16.616317,49.210091],[16.616333,49.210097],[16.616351,49.210104],[16.616364,49.210108],[16.616389,49.210118],[16.616398,49.210121],[16.616426,49.21009]]]},"properties":{"id":71989,"buildingId":54678,"floorId":71927,"floorLevel":2,"name":"BA01N3046","type":"boardroom","category":"teaching","label":"Boardroom","passportNumber":"BA01N3046","seats":null,"hasProjector":false,"hasWhiteboard":false,"code":980}},{"type":"Feature","geometry":{"type":"Polygon","coordinates":[[[16.615309,49.210007],[16.615254,49.209986],[16.615238,49.20998],[16.615233,49.209978],[16.6152,49.210015],[16.615277,49.210044],[16.615286,49.210034],[16.615296,49.210022],[16.615309,49.210007]]]},"properties":{"id":71990,"buildingId":54678,"floorId":71927,"floorLevel":2,"name":"BA01N3076","type":"office","category":"office","label":"Office","passportNumber":"BA01N3076","seats":null,"hasProjector":false,"hasWhiteboard":false,"code":990}},{"type":"Feature","geometry":{"type":"Polygon","coordinates":[[[16.616488,49.210113],[16.616427,49.21009],[16.616399,49.210122],[16.6164,49.210122],[16.616418,49.210129],[16.616434,49.210135],[16.616452,49.210142],[16.616461,49.210145],[16.616488,49.210113]]]},"properties":{"id":71991,"buildingId":54678,"floorId":71927,"floorLevel":2,"name":"BA01N3045","type":"storage","category":"service","label":"Storage","passportNumber":"BA01N3045","seats":null,"hasProjector":false,"hasWhiteboard":false,"code":981}},{"type":"Feature","geometry":{"type":"Polygon","coordinates":[[[16.616757,49.210116],[16.616727,49.210104],[16.616709,49.210097],[16.616691,49.210091],[16.616673,49.210084],[16.616666,49.210081],[16.616663,49.210086],[16.616655,49.210094],[16.616622,49.210132],[16.616627,49.210134],[16.616643,49.21014],[16.616665,49.210149],[16.616683,49.210155],[16.616713,49.210166],[16.616757,49.210116]]]},"properties":{"id":71992,"buildingId":54678,"floorId":71927,"floorLevel":2,"name":"BA01N3015","type":"classroom_and_laboratory","category":"teaching","label":"Classroom / lab","passportNumber":"BA01N3015","seats":22,"hasProjector":false,"hasWhiteboard":false,"code":222}},{"type":"Feature","geometry":{"type":"Polygon","coordinates":[[[16.616572,49.210145],[16.616562,49.210141],[16.616556,49.210147],[16.616551,49.210145],[16.616541,49.210157],[16.616556,49.210162],[16.616557,49.210161],[16.616562,49.210156],[16.616572,49.210145]]]},"properties":{"id":71993,"buildingId":54678,"floorId":71927,"floorLevel":2,"name":"BA01N3043","type":"shower","category":"service","label":"Shower","passportNumber":"BA01N3043","seats":null,"hasProjector":false,"hasWhiteboard":false,"code":222}},{"type":"Feature","geometry":{"type":"Polygon","coordinates":[[[16.616555,49.210138],[16.616489,49.210114],[16.616462,49.210145],[16.616469,49.210148],[16.616486,49.210155],[16.616503,49.210161],[16.61652,49.210167],[16.616527,49.21017],[16.616555,49.210138]]]},"properties":{"id":71994,"buildingId":54678,"floorId":71927,"floorLevel":2,"name":"BA01N3044","type":"classroom_and_laboratory","category":"teaching","label":"Classroom / lab","passportNumber":"BA01N3044","seats":null,"hasProjector":false,"hasWhiteboard":false,"code":222}},{"type":"Feature","geometry":{"type":"Polygon","coordinates":[[[16.616665,49.210178],[16.61668,49.210161],[16.616639,49.210146],[16.616621,49.210139],[16.616563,49.210117],[16.616545,49.21011],[16.61653,49.210104],[16.616512,49.210098],[16.616494,49.210091],[16.616476,49.210084],[16.616384,49.21005],[16.616366,49.210043],[16.616314,49.210023],[16.616296,49.210016],[16.616226,49.20999],[16.616208,49.209983],[16.616203,49.209982],[16.616202,49.209982],[16.6162,49.209981],[16.616198,49.209983],[16.616187,49.209995],[16.616186,49.209997],[16.616188,49.209998],[16.616188,49.209999],[16.6162,49.210003],[16.61621,49.210007],[16.616232,49.210015],[16.61624,49.210019],[16.616295,49.210039],[16.616307,49.210043],[16.616581,49.210147],[16.616592,49.210151],[16.616604,49.210155],[16.616615,49.210159],[16.616636,49.210167],[16.616633,49.210171],[16.616635,49.210172],[16.616646,49.210176],[16.616661,49.210181],[16.616665,49.210178]]]},"properties":{"id":71995,"buildingId":54678,"floorId":71927,"floorLevel":2,"name":"BA01N3001","type":"floor","category":"structure","label":"Corridor","passportNumber":"BA01N3001","seats":null,"hasProjector":false,"hasWhiteboard":false,"code":991}},{"type":"Feature","geometry":{"type":"Polygon","coordinates":[[[16.616592,49.210152],[16.616591,49.210152],[16.61658,49.210148],[16.616574,49.210145],[16.616564,49.210156],[16.616559,49.210162],[16.616558,49.210163],[16.616557,49.210164],[16.61654,49.210157],[16.616535,49.210163],[16.616534,49.210164],[16.616529,49.21017],[16.616533,49.210172],[16.616544,49.210176],[16.616546,49.210177],[16.616547,49.210178],[16.616558,49.210181],[16.616564,49.210184],[16.616576,49.210171],[16.616576,49.21017],[16.616592,49.210152]]]},"properties":{"id":71996,"buildingId":54678,"floorId":71927,"floorLevel":2,"name":"BA01N3042","type":"toilet","category":"service","label":"Toilet","passportNumber":"BA01N3042","seats":null,"hasProjector":false,"hasWhiteboard":false,"code":222}},{"type":"Feature","geometry":{"type":"Polygon","coordinates":[[[16.616616,49.210191],[16.616616,49.210191],[16.61666,49.210183],[16.616661,49.210182],[16.616646,49.210176],[16.616635,49.210172],[16.616632,49.210171],[16.616614,49.210191],[16.616616,49.210191]]]},"properties":{"id":71997,"buildingId":54678,"floorId":71927,"floorLevel":2,"name":"BA01N3100","type":"room","category":"other","label":"Room","passportNumber":"BA01N3100","seats":null,"hasProjector":false,"hasWhiteboard":false,"code":991}},{"type":"Feature","geometry":{"type":"Polygon","coordinates":[[[16.616604,49.210193],[16.616628,49.210166],[16.616614,49.21016],[16.616603,49.210156],[16.616594,49.210153],[16.616566,49.210185],[16.61657,49.210186],[16.616588,49.210193],[16.616594,49.210195],[16.616604,49.210193]]]},"properties":{"id":71998,"buildingId":54678,"floorId":71927,"floorLevel":2,"name":"BA01N3041","type":"classroom_and_laboratory","category":"teaching","label":"Classroom / lab","passportNumber":"BA01N3041","seats":null,"hasProjector":false,"hasWhiteboard":false,"code":219}},{"type":"Feature","geometry":{"type":"Polygon","coordinates":[[[16.616883,49.210163],[16.616866,49.210157],[16.616848,49.21015],[16.616822,49.21014],[16.616804,49.210133],[16.616778,49.210123],[16.616759,49.210116],[16.616715,49.210167],[16.616718,49.210168],[16.616733,49.210174],[16.616765,49.210186],[16.616782,49.210193],[16.616806,49.210202],[16.616824,49.210208],[16.616839,49.210214],[16.616883,49.210163]]]},"properties":{"id":71999,"buildingId":54678,"floorId":71927,"floorLevel":2,"name":"BA01N3016","type":"classroom_and_laboratory","category":"teaching","label":"Classroom / lab","passportNumber":"BA01N3016","seats":20,"hasProjector":false,"hasWhiteboard":false,"code":217}},{"type":"Feature","geometry":{"type":"Polygon","coordinates":[[[16.616747,49.210186],[16.61673,49.21018],[16.616712,49.210173],[16.61668,49.210161],[16.616665,49.210178],[16.616672,49.210181],[16.616671,49.210184],[16.616672,49.210185],[16.616672,49.210185],[16.616683,49.210213],[16.616683,49.210213],[16.616687,49.210216],[16.616684,49.210219],[16.616689,49.210221],[16.616705,49.210227],[16.61671,49.210229],[16.616732,49.210204],[16.616742,49.210192],[16.616747,49.210186]]]},"properties":{"id":72000,"buildingId":54678,"floorId":71927,"floorLevel":2,"name":"BA01N3107","type":"floor","category":"structure","label":"Corridor","passportNumber":"BA01N3107","seats":null,"hasProjector":false,"hasWhiteboard":false,"code":991}},{"type":"Feature","geometry":{"type":"Polygon","coordinates":[[[16.616832,49.210218],[16.616755,49.210189],[16.616749,49.210196],[16.61674,49.210206],[16.616715,49.210234],[16.616793,49.210264],[16.616797,49.210258],[16.616808,49.210247],[16.616818,49.210235],[16.616828,49.210223],[16.616832,49.210218]]]},"properties":{"id":72001,"buildingId":54678,"floorId":71927,"floorLevel":2,"name":"BA01N3017","type":"classroom_and_laboratory","category":"teaching","label":"Classroom / lab","passportNumber":"BA01N3017","seats":24,"hasProjector":false,"hasWhiteboard":false,"code":217}},{"type":"Feature","geometry":{"type":"Polygon","coordinates":[[[16.616654,49.210251],[16.61665,49.210249],[16.616658,49.21024],[16.616639,49.210232],[16.61663,49.210242],[16.616625,49.21024],[16.616631,49.210233],[16.616623,49.21023],[16.616616,49.210237],[16.616611,49.210235],[16.616609,49.210234],[16.616605,49.210233],[16.616605,49.210233],[16.616594,49.210245],[16.616591,49.210249],[16.61664,49.210267],[16.616646,49.21026],[16.616652,49.210253],[16.616654,49.210251]]]},"properties":{"id":72002,"buildingId":54678,"floorId":71927,"floorLevel":2,"name":"BA01N3039","type":"study_room","category":"teaching","label":"Study room","passportNumber":"BA01N3039","seats":null,"hasProjector":false,"hasWhiteboard":false,"code":217}},{"type":"Feature","geometry":{"type":"Polygon","coordinates":[[[16.615963,49.210224],[16.615975,49.210229],[16.615982,49.210221],[16.615987,49.210223],[16.616008,49.2102],[16.616005,49.210199],[16.616006,49.210197],[16.616004,49.210196],[16.616009,49.21019],[16.616011,49.210191],[16.616015,49.210187],[16.616013,49.210186],[16.616018,49.21018],[16.61602,49.210181],[16.616021,49.21018],[16.616024,49.210181],[16.616045,49.210158],[16.616042,49.210156],[16.616044,49.210154],[16.616041,49.210153],[16.616046,49.210148],[16.616048,49.210149],[16.616053,49.210144],[16.61605,49.210143],[16.616055,49.210138],[16.616057,49.210139],[16.616058,49.210138],[16.616061,49.210139],[16.616082,49.210115],[16.616079,49.210114],[16.616081,49.210112],[16.616078,49.210111],[16.616083,49.210105],[16.616086,49.210106],[16.61609,49.210102],[16.616087,49.210101],[16.616092,49.210095],[16.616094,49.210096],[16.616095,49.210095],[16.616098,49.210096],[16.616119,49.210073],[16.616114,49.210071],[16.61612,49.210063],[16.616109,49.210059],[16.616112,49.210055],[16.616078,49.210042],[16.61608,49.21004],[16.616079,49.21004],[16.616057,49.210031],[16.616056,49.210031],[16.616054,49.210033],[16.61605,49.210031],[16.616052,49.210029],[16.61605,49.210029],[16.616028,49.210021],[16.616027,49.21002],[16.616026,49.210022],[16.616022,49.210021],[16.616023,49.210019],[16.616022,49.210018],[16.616,49.21001],[16.615999,49.21001],[16.615997,49.210012],[16.615964,49.209999],[16.61596,49.210003],[16.615948,49.209998],[16.615941,49.210006],[16.615936,49.210004],[16.615916,49.210028],[16.615919,49.210029],[16.615918,49.21003],[16.61592,49.210031],[16.615915,49.210036],[16.615913,49.210035],[16.615909,49.21004],[16.615911,49.210041],[16.615906,49.210046],[16.615904,49.210045],[16.615902,49.210047],[16.615899,49.210046],[16.615879,49.21007],[16.615882,49.210071],[16.615881,49.210072],[16.615883,49.210073],[16.615878,49.210079],[16.615876,49.210078],[16.615872,49.210082],[16.615874,49.210083],[16.615869,49.210088],[16.615867,49.210088],[16.615865,49.21009],[16.615862,49.210089],[16.615841,49.210112],[16.615844,49.210113],[16.615844,49.210114],[16.615846,49.210115],[16.615841,49.210121],[16.615839,49.21012],[16.615834,49.210125],[16.615837,49.210126],[16.615832,49.210131],[16.61583,49.21013],[16.615828,49.210132],[16.615825,49.210131],[16.615804,49.210155],[16.61581,49.210157],[16.615803,49.210164],[16.615816,49.210169],[16.615811,49.210174],[16.615833,49.210182],[16.615854,49.210179],[16.61593,49.210208],[16.615937,49.210221],[16.615959,49.210229],[16.615963,49.210224]]]},"properties":{"id":72003,"buildingId":54678,"floorId":71927,"floorLevel":2,"name":"BA01N3054","type":"representative_space","category":"other","label":"representative space","passportNumber":"BA01N3054","seats":260,"hasProjector":false,"hasWhiteboard":false,"code":991}},{"type":"Feature","geometry":{"type":"Polygon","coordinates":[[[16.616792,49.210265],[16.616714,49.210236],[16.616695,49.210258],[16.616772,49.210287],[16.616777,49.210282],[16.616787,49.21027],[16.616792,49.210265]]]},"properties":{"id":72004,"buildingId":54678,"floorId":71927,"floorLevel":2,"name":"BA01N3019","type":"office","category":"office","label":"Office","passportNumber":"BA01N3019","seats":null,"hasProjector":false,"hasWhiteboard":false,"code":217}},{"type":"Feature","geometry":{"type":"Polygon","coordinates":[[[16.616601,49.210274],[16.616602,49.210275],[16.616603,49.210275],[16.616611,49.210278],[16.616613,49.210276],[16.616627,49.210281],[16.616631,49.210277],[16.616637,49.21027],[16.616638,49.210268],[16.616615,49.21026],[16.616614,49.210259],[16.61659,49.21025],[16.616586,49.210255],[16.61658,49.210262],[16.616578,49.210263],[16.616577,49.210264],[16.616571,49.210271],[16.616568,49.210275],[16.61658,49.210279],[16.616581,49.210279],[16.616592,49.210284],[16.616601,49.210274]]]},"properties":{"id":72005,"buildingId":54678,"floorId":71927,"floorLevel":2,"name":"BA01N3037","type":"toilet","category":"service","label":"Toilet","passportNumber":"BA01N3037","seats":null,"hasProjector":false,"hasWhiteboard":false,"code":217}},{"type":"Feature","geometry":{"type":"Polygon","coordinates":[[[16.615934,49.21022],[16.615929,49.210209],[16.615854,49.21018],[16.615835,49.210183],[16.61583,49.210189],[16.615824,49.210196],[16.615818,49.210203],[16.615917,49.21024],[16.615923,49.210233],[16.615929,49.210226],[16.615934,49.21022]]]},"properties":{"id":72006,"buildingId":54678,"floorId":71927,"floorLevel":2,"name":"BA01N3103","type":"cultural_spaces","category":"other","label":"cultural spaces","passportNumber":"BA01N3103","seats":null,"hasProjector":false,"hasWhiteboard":false,"code":981}},{"type":"Feature","geometry":{"type":"Polygon","coordinates":[[[16.61661,49.210286],[16.61662,49.210289],[16.616626,49.210283],[16.616614,49.210278],[16.616612,49.21028],[16.61661,49.21028],[16.616602,49.210277],[16.616601,49.210276],[16.616594,49.210284],[16.616607,49.210289],[16.61661,49.210286]]]},"properties":{"id":72007,"buildingId":54678,"floorId":71927,"floorLevel":2,"name":"BA01N3038","type":"shower","category":"service","label":"Shower","passportNumber":"BA01N3038","seats":null,"hasProjector":false,"hasWhiteboard":false,"code":217}},{"type":"Feature","geometry":{"type":"Polygon","coordinates":[[[16.616771,49.210288],[16.616694,49.210259],[16.616688,49.210266],[16.616679,49.210276],[16.616675,49.210281],[16.616752,49.21031],[16.616756,49.210306],[16.616766,49.210294],[16.616771,49.210288]]]},"properties":{"id":72008,"buildingId":54678,"floorId":71927,"floorLevel":2,"name":"BA01N3020","type":"office","category":"office","label":"Office","passportNumber":"BA01N3020","seats":null,"hasProjector":false,"hasWhiteboard":false,"code":217}},{"type":"Feature","geometry":{"type":"Polygon","coordinates":[[[16.616692,49.21029],[16.616673,49.210283],[16.616668,49.210289],[16.616659,49.210299],[16.61665,49.210309],[16.616658,49.210312],[16.616669,49.210316],[16.616669,49.210316],[16.616677,49.210307],[16.616684,49.2103],[16.616692,49.21029]]]},"properties":{"id":72009,"buildingId":54678,"floorId":71927,"floorLevel":2,"name":"BA01N3021","type":"lobby","category":"circulation","label":"Lobby","passportNumber":"BA01N3021","seats":null,"hasProjector":false,"hasWhiteboard":false,"code":217}},{"type":"Feature","geometry":{"type":"Polygon","coordinates":[[[16.61675,49.210312],[16.616693,49.210291],[16.616685,49.2103],[16.616679,49.210307],[16.61667,49.210317],[16.616728,49.210338],[16.616735,49.210329],[16.616745,49.210318],[16.61675,49.210312]]]},"properties":{"id":72010,"buildingId":54678,"floorId":71927,"floorLevel":2,"name":"BA01N3022","type":"office","category":"office","label":"Office","passportNumber":"BA01N3022","seats":null,"hasProjector":false,"hasWhiteboard":false,"code":217}},{"type":"Feature","geometry":{"type":"Polygon","coordinates":[[[16.616616,49.210294],[16.616567,49.210276],[16.616562,49.210282],[16.616552,49.210293],[16.616544,49.210302],[16.616534,49.210314],[16.616528,49.21032],[16.616577,49.210339],[16.616616,49.210294]]]},"properties":{"id":72011,"buildingId":54678,"floorId":71927,"floorLevel":2,"name":"BA01N3036","type":"classroom_and_laboratory","category":"teaching","label":"Classroom / lab","passportNumber":"BA01N3036","seats":null,"hasProjector":false,"hasWhiteboard":false,"code":217}},{"type":"Feature","geometry":{"type":"Polygon","coordinates":[[[16.616727,49.210339],[16.616668,49.210317],[16.616657,49.210313],[16.61665,49.21031],[16.616633,49.210328],[16.616711,49.210357],[16.616714,49.210353],[16.616724,49.210342],[16.616727,49.210339]]]},"properties":{"id":72012,"buildingId":54678,"floorId":71927,"floorLevel":2,"name":"BA01N3023","type":"office","category":"office","label":"Office","passportNumber":"BA01N3023","seats":null,"hasProjector":false,"hasWhiteboard":false,"code":217}},{"type":"Feature","geometry":{"type":"Polygon","coordinates":[[[16.616647,49.210336],[16.616631,49.21033],[16.616615,49.21035],[16.616616,49.21035],[16.616627,49.210354],[16.616631,49.210356],[16.616636,49.21035],[16.616642,49.210343],[16.616647,49.210336]]]},"properties":{"id":72013,"buildingId":54678,"floorId":71927,"floorLevel":2,"name":"BA01N3024","type":"lobby","category":"circulation","label":"Lobby","passportNumber":"BA01N3024","seats":null,"hasProjector":false,"hasWhiteboard":false,"code":217}},{"type":"Feature","geometry":{"type":"Polygon","coordinates":[[[16.616574,49.210342],[16.616526,49.210323],[16.616524,49.210325],[16.61651,49.210341],[16.616503,49.210349],[16.616552,49.210368],[16.616574,49.210342]]]},"properties":{"id":72014,"buildingId":54678,"floorId":71927,"floorLevel":2,"name":"BA01N3035","type":"office","category":"office","label":"Office","passportNumber":"BA01N3035","seats":null,"hasProjector":false,"hasWhiteboard":false,"code":217}},{"type":"Feature","geometry":{"type":"Polygon","coordinates":[[[16.616709,49.210359],[16.616649,49.210337],[16.616643,49.210343],[16.616637,49.21035],[16.616632,49.210356],[16.616692,49.210379],[16.616694,49.210377],[16.616704,49.210365],[16.616709,49.210359]]]},"properties":{"id":72015,"buildingId":54678,"floorId":71927,"floorLevel":2,"name":"BA01N3025","type":"office","category":"office","label":"Office","passportNumber":"BA01N3025","seats":null,"hasProjector":false,"hasWhiteboard":false,"code":217}},{"type":"Feature","geometry":{"type":"Polygon","coordinates":[[[16.616691,49.210379],[16.616626,49.210355],[16.616616,49.210351],[16.616614,49.21035],[16.616592,49.210376],[16.616623,49.210388],[16.616639,49.210393],[16.616669,49.210405],[16.616673,49.210401],[16.616683,49.210389],[16.616691,49.210379]]]},"properties":{"id":72016,"buildingId":54678,"floorId":71927,"floorLevel":2,"name":"BA01N3026","type":"office","category":"office","label":"Office","passportNumber":"BA01N3026","seats":null,"hasProjector":false,"hasWhiteboard":false,"code":217}},{"type":"Feature","geometry":{"type":"Polygon","coordinates":[[[16.616551,49.210369],[16.616502,49.210351],[16.616501,49.210352],[16.61649,49.210364],[16.616471,49.210385],[16.616461,49.210397],[16.616457,49.210401],[16.616506,49.21042],[16.616525,49.210398],[16.616532,49.21039],[16.616551,49.210369]]]},"properties":{"id":72017,"buildingId":54678,"floorId":71927,"floorLevel":2,"name":"BA01N3034","type":"library","category":"teaching","label":"Library","passportNumber":"BA01N3034","seats":null,"hasProjector":false,"hasWhiteboard":false,"code":217}},{"type":"Feature","geometry":{"type":"Polygon","coordinates":[[[16.616667,49.210407],[16.616638,49.210396],[16.61662,49.210389],[16.61659,49.210378],[16.616567,49.210404],[16.61657,49.210405],[16.616581,49.210409],[16.616644,49.210433],[16.616652,49.210424],[16.616662,49.210413],[16.616667,49.210407]]]},"properties":{"id":72018,"buildingId":54678,"floorId":71927,"floorLevel":2,"name":"BA01N3028","type":"office","category":"office","label":"Office","passportNumber":"BA01N3028","seats":null,"hasProjector":false,"hasWhiteboard":false,"code":217}},{"type":"Feature","geometry":{"type":"Polygon","coordinates":[[[16.616542,49.210421],[16.616548,49.210423],[16.616558,49.210412],[16.616552,49.21041],[16.61657,49.210388],[16.616581,49.210377],[16.616609,49.210344],[16.616615,49.210346],[16.616625,49.210334],[16.61662,49.210332],[16.616629,49.210321],[16.61664,49.210309],[16.61665,49.210297],[16.616656,49.210299],[16.616657,49.210299],[16.616666,49.210288],[16.616667,49.210288],[16.616661,49.210285],[16.616671,49.210274],[16.616677,49.210276],[16.616677,49.210275],[16.616686,49.210265],[16.616687,49.210264],[16.616681,49.210262],[16.61671,49.210229],[16.616705,49.210228],[16.616689,49.210222],[16.616684,49.21022],[16.616682,49.210221],[16.616667,49.210239],[16.616654,49.210254],[16.616648,49.210261],[16.616639,49.21027],[16.616633,49.210277],[16.616534,49.210391],[16.616527,49.210399],[16.616508,49.21042],[16.616513,49.210422],[16.616529,49.210428],[16.616534,49.21043],[16.616542,49.210421]]]},"properties":{"id":72019,"buildingId":54678,"floorId":71927,"floorLevel":2,"name":"BA01N3018","type":"floor","category":"structure","label":"Corridor","passportNumber":"BA01N3018","seats":null,"hasProjector":false,"hasWhiteboard":false,"code":217}},{"type":"Feature","geometry":{"type":"Polygon","coordinates":[[[16.616582,49.210412],[16.616579,49.210411],[16.616569,49.210407],[16.616566,49.210405],[16.616543,49.210431],[16.616546,49.210432],[16.616557,49.210436],[16.61656,49.210438],[16.616568,49.210428],[16.616574,49.210421],[16.616582,49.210412]]]},"properties":{"id":72020,"buildingId":54678,"floorId":71927,"floorLevel":2,"name":"BA01N3027","type":"lobby","category":"circulation","label":"Lobby","passportNumber":"BA01N3027","seats":null,"hasProjector":false,"hasWhiteboard":false,"code":217}},{"type":"Feature","geometry":{"type":"Polygon","coordinates":[[[16.616643,49.210434],[16.616584,49.210412],[16.616575,49.210421],[16.616569,49.210428],[16.616561,49.210438],[16.616575,49.210443],[16.61659,49.210449],[16.616621,49.21046],[16.616623,49.210458],[16.616633,49.210446],[16.616643,49.210434]]]},"properties":{"id":72021,"buildingId":54678,"floorId":71927,"floorLevel":2,"name":"BA01N3029","type":"office","category":"office","label":"Office","passportNumber":"BA01N3029","seats":null,"hasProjector":false,"hasWhiteboard":false,"code":217}},{"type":"Feature","geometry":{"type":"Polygon","coordinates":[[[16.616533,49.210431],[16.616528,49.210429],[16.616512,49.210423],[16.616456,49.210402],[16.616445,49.210415],[16.616435,49.210426],[16.616433,49.210429],[16.616488,49.210449],[16.616503,49.210455],[16.61651,49.210457],[16.616511,49.210456],[16.616522,49.210444],[16.616533,49.210431]]]},"properties":{"id":72022,"buildingId":54678,"floorId":71927,"floorLevel":2,"name":"BA01N3032","type":"office","category":"office","label":"Office","passportNumber":"BA01N3032","seats":null,"hasProjector":false,"hasWhiteboard":false,"code":217}},{"type":"Feature","geometry":{"type":"Polygon","coordinates":[[[16.616618,49.210463],[16.616588,49.210451],[16.616573,49.210445],[16.616556,49.210439],[16.616543,49.210434],[16.616541,49.210434],[16.616507,49.210472],[16.616585,49.210501],[16.616597,49.210487],[16.616607,49.210476],[16.616618,49.210463]]]},"properties":{"id":72023,"buildingId":54678,"floorId":71927,"floorLevel":2,"name":"BA01N3030","type":"classroom_and_laboratory","category":"teaching","label":"Classroom / lab","passportNumber":"BA01N3030","seats":null,"hasProjector":false,"hasWhiteboard":false,"code":217}},{"type":"Feature","geometry":{"type":"Polygon","coordinates":[[[16.616509,49.210458],[16.616503,49.210456],[16.616487,49.21045],[16.616433,49.210429],[16.61642,49.210444],[16.616409,49.210456],[16.6164,49.210467],[16.616476,49.210496],[16.616509,49.210458]]]},"properties":{"id":72024,"buildingId":54678,"floorId":71927,"floorLevel":2,"name":"BA01N3033","type":"office","category":"office","label":"Office","passportNumber":"BA01N3033","seats":null,"hasProjector":false,"hasWhiteboard":false,"code":217}},{"type":"Feature","geometry":{"type":"Polygon","coordinates":[[[16.616583,49.210503],[16.616505,49.210474],[16.616504,49.210476],[16.616494,49.210488],[16.616484,49.210499],[16.616561,49.210528],[16.616571,49.210517],[16.616581,49.210505],[16.616583,49.210503]]]},"properties":{"id":72025,"buildingId":54678,"floorId":71927,"floorLevel":2,"name":"BA01N3031","type":"office","category":"office","label":"Office","passportNumber":"BA01N3031","seats":null,"hasProjector":false,"hasWhiteboard":false,"code":217}},{"type":"Feature","geometry":{"type":"Polygon","coordinates":[[[16.615527,49.209662],[16.615501,49.209653],[16.615501,49.209648],[16.615489,49.209644],[16.615483,49.209646],[16.615445,49.209632],[16.615419,49.209661],[16.615501,49.209691],[16.615506,49.209687],[16.615512,49.20968],[16.615527,49.209662]]]},"properties":{"id":75137,"buildingId":54678,"floorId":75136,"floorLevel":4,"name":"BA01N5077","type":"storage","category":"service","label":"Storage","passportNumber":"BA01N5077","seats":null,"hasProjector":false,"hasWhiteboard":false,"code":235}},{"type":"Feature","geometry":{"type":"Polygon","coordinates":[[[16.615555,49.209673],[16.615555,49.209668],[16.615543,49.209664],[16.615537,49.209666],[16.615527,49.209663],[16.615512,49.20968],[16.615506,49.209687],[16.615499,49.209695],[16.615493,49.209702],[16.615488,49.209707],[16.615516,49.209718],[16.615517,49.209716],[16.615523,49.209709],[16.615555,49.209673]]]},"properties":{"id":75138,"buildingId":54678,"floorId":75136,"floorLevel":4,"name":"BA01N5076","type":"storage","category":"service","label":"Storage","passportNumber":"BA01N5076","seats":null,"hasProjector":false,"hasWhiteboard":false,"code":235}},{"type":"Feature","geometry":{"type":"Polygon","coordinates":[[[16.615468,49.2097],[16.615487,49.209707],[16.615491,49.209702],[16.615498,49.209695],[16.615499,49.209694],[16.6154,49.209656],[16.615394,49.209663],[16.615381,49.209677],[16.615375,49.209684],[16.615402,49.209694],[16.615401,49.209695],[16.615454,49.209715],[16.615456,49.209712],[16.615463,49.209705],[16.615468,49.2097]]]},"properties":{"id":75139,"buildingId":54678,"floorId":75136,"floorLevel":4,"name":"BA01N5074","type":"storage","category":"service","label":"Storage","passportNumber":"BA01N5074","seats":null,"hasProjector":false,"hasWhiteboard":false,"code":235}},{"type":"Feature","geometry":{"type":"Polygon","coordinates":[[[16.615664,49.209724],[16.615662,49.209723],[16.615673,49.209712],[16.615662,49.209708],[16.615639,49.209699],[16.615629,49.209695],[16.615618,49.209707],[16.615615,49.209706],[16.615625,49.209694],[16.615614,49.20969],[16.615592,49.209681],[16.615581,49.209677],[16.615571,49.209689],[16.615567,49.209688],[16.615574,49.20968],[16.615556,49.209673],[16.615524,49.20971],[16.615518,49.209717],[16.615517,49.209718],[16.615631,49.209761],[16.615664,49.209724]]]},"properties":{"id":75140,"buildingId":54678,"floorId":75136,"floorLevel":4,"name":"BA01N5075","type":"classroom_and_laboratory","category":"teaching","label":"Classroom / lab","passportNumber":"BA01N5075","seats":20,"hasProjector":false,"hasWhiteboard":false,"code":235}},{"type":"Feature","geometry":{"type":"Polygon","coordinates":[[[16.615552,49.20976],[16.615557,49.209761],[16.615559,49.209759],[16.615569,49.209747],[16.615572,49.209744],[16.615539,49.209731],[16.615534,49.209737],[16.615528,49.209744],[16.61552,49.209752],[16.615536,49.209758],[16.615546,49.209762],[16.615549,49.209763],[16.615552,49.20976]]]},"properties":{"id":75141,"buildingId":54678,"floorId":75136,"floorLevel":4,"name":"BA01N5053","type":"floor","category":"structure","label":"Corridor","passportNumber":"BA01N5053","seats":null,"hasProjector":false,"hasWhiteboard":false,"code":235}},{"type":"Feature","geometry":{"type":"Polygon","coordinates":[[[16.615711,49.209742],[16.61571,49.209741],[16.61572,49.20973],[16.615709,49.209726],[16.615687,49.209717],[16.615676,49.209713],[16.615666,49.209725],[16.615665,49.209724],[16.615632,49.209761],[16.615665,49.209774],[16.615676,49.209778],[16.615679,49.209779],[16.615711,49.209742]]]},"properties":{"id":75142,"buildingId":54678,"floorId":75136,"floorLevel":4,"name":"BA01N5079","type":"boardroom","category":"teaching","label":"Boardroom","passportNumber":"BA01N5079","seats":null,"hasProjector":false,"hasWhiteboard":false,"code":235}},{"type":"Feature","geometry":{"type":"Polygon","coordinates":[[[16.615549,49.209764],[16.615546,49.209763],[16.615535,49.209759],[16.61552,49.209753],[16.615519,49.209754],[16.61553,49.209783],[16.615531,49.209783],[16.615531,49.209784],[16.615549,49.209764]]]},"properties":{"id":75143,"buildingId":54678,"floorId":75136,"floorLevel":4,"name":"BA01N5092","type":"elevator","category":"circulation","label":"Elevator","passportNumber":"BA01N5092","seats":null,"hasProjector":false,"hasWhiteboard":false,"code":991}},{"type":"Feature","geometry":{"type":"Polygon","coordinates":[[[16.615453,49.209716],[16.6154,49.209696],[16.615399,49.209697],[16.615373,49.209687],[16.615367,49.209694],[16.615354,49.209708],[16.615348,49.209716],[16.615374,49.209726],[16.615372,49.209728],[16.615346,49.209718],[16.615339,49.209725],[16.615327,49.20974],[16.61532,49.209747],[16.615347,49.209757],[16.615346,49.209758],[16.615399,49.209778],[16.615401,49.209776],[16.615407,49.209769],[16.615442,49.209729],[16.615448,49.209722],[16.615453,49.209716]]]},"properties":{"id":75144,"buildingId":54678,"floorId":75136,"floorLevel":4,"name":"BA01N5073","type":"office","category":"office","label":"Office","passportNumber":"BA01N5073","seats":null,"hasProjector":false,"hasWhiteboard":false,"code":224}},{"type":"Feature","geometry":{"type":"Polygon","coordinates":[[[16.615609,49.209783],[16.615609,49.209783],[16.615601,49.20978],[16.615599,49.209779],[16.615593,49.209785],[16.615588,49.209783],[16.615583,49.209789],[16.615599,49.209795],[16.615609,49.209783]]]},"properties":{"id":75145,"buildingId":54678,"floorId":75136,"floorLevel":4,"name":"BA01N5051","type":"utility_room","category":"service","label":"Utility","passportNumber":"BA01N5051","seats":null,"hasProjector":false,"hasWhiteboard":false,"code":235}},{"type":"Feature","geometry":{"type":"Polygon","coordinates":[[[16.615806,49.209778],[16.615805,49.209777],[16.615815,49.209765],[16.615804,49.209761],[16.615782,49.209753],[16.615771,49.209749],[16.615761,49.209761],[16.615758,49.209759],[16.615768,49.209748],[16.615757,49.209743],[16.615735,49.209735],[16.615724,49.209731],[16.615714,49.209743],[16.615712,49.209742],[16.61568,49.209779],[16.615683,49.209781],[16.615694,49.209785],[16.615774,49.209815],[16.615806,49.209778]]]},"properties":{"id":75146,"buildingId":54678,"floorId":75136,"floorLevel":4,"name":"BA01N5080","type":"classroom_and_laboratory","category":"teaching","label":"Classroom / lab","passportNumber":"BA01N5080","seats":null,"hasProjector":false,"hasWhiteboard":false,"code":235}},{"type":"Feature","geometry":{"type":"Polygon","coordinates":[[[16.615592,49.209776],[16.615582,49.209773],[16.615572,49.209769],[16.615558,49.209764],[16.615534,49.209791],[16.615537,49.209799],[16.615543,49.209801],[16.615558,49.209807],[16.615564,49.209809],[16.615592,49.209776]]]},"properties":{"id":75147,"buildingId":54678,"floorId":75136,"floorLevel":4,"name":"BA01N5052","type":"office","category":"office","label":"Office","passportNumber":"BA01N5052","seats":null,"hasProjector":false,"hasWhiteboard":false,"code":235}},{"type":"Feature","geometry":{"type":"Polygon","coordinates":[[[16.61563,49.20979],[16.615628,49.20979],[16.615617,49.209786],[16.615611,49.209784],[16.6156,49.209796],[16.615583,49.209789],[16.615565,49.20981],[16.615572,49.209812],[16.615582,49.209816],[16.615585,49.209817],[16.615596,49.209821],[16.615601,49.209823],[16.61563,49.20979]]]},"properties":{"id":75148,"buildingId":54678,"floorId":75136,"floorLevel":4,"name":"BA01N5050","type":"toilet","category":"service","label":"Toilet","passportNumber":"BA01N5050","seats":null,"hasProjector":false,"hasWhiteboard":false,"code":991}},{"type":"Feature","geometry":{"type":"Polygon","coordinates":[[[16.615399,49.209778],[16.615346,49.209758],[16.615345,49.209759],[16.615318,49.209749],[16.615312,49.209756],[16.615299,49.209771],[16.615293,49.209778],[16.61532,49.209788],[16.615319,49.209789],[16.615372,49.209809],[16.615381,49.209798],[16.615387,49.209791],[16.615399,49.209778]]]},"properties":{"id":75149,"buildingId":54678,"floorId":75136,"floorLevel":4,"name":"BA01N5072","type":"classroom_and_laboratory","category":"teaching","label":"Classroom / lab","passportNumber":"BA01N5072","seats":20,"hasProjector":false,"hasWhiteboard":false,"code":235}},{"type":"Feature","geometry":{"type":"Polygon","coordinates":[[[16.615902,49.209813],[16.6159,49.209813],[16.615911,49.209801],[16.6159,49.209797],[16.615878,49.209789],[16.615867,49.209785],[16.615856,49.209796],[16.615853,49.209795],[16.615863,49.209783],[16.615852,49.209779],[16.61583,49.209771],[16.615819,49.209767],[16.615809,49.209779],[16.615808,49.209778],[16.615775,49.209815],[16.615779,49.209816],[16.615789,49.20982],[16.615869,49.20985],[16.615902,49.209813]]]},"properties":{"id":75150,"buildingId":54678,"floorId":75136,"floorLevel":4,"name":"BA01N5081","type":"classroom_and_laboratory","category":"teaching","label":"Classroom / lab","passportNumber":"BA01N5081","seats":24,"hasProjector":false,"hasWhiteboard":false,"code":223}},{"type":"Feature","geometry":{"type":"Polygon","coordinates":[[[16.615659,49.209808],[16.615659,49.209807],[16.615655,49.209799],[16.615655,49.2098],[16.615632,49.209791],[16.615603,49.209824],[16.61561,49.209827],[16.615625,49.209832],[16.615634,49.209836],[16.615659,49.209808]]]},"properties":{"id":75151,"buildingId":54678,"floorId":75136,"floorLevel":4,"name":"BA01N5049","type":"office","category":"office","label":"Office","passportNumber":"BA01N5049","seats":null,"hasProjector":false,"hasWhiteboard":false,"code":235}},{"type":"Feature","geometry":{"type":"Polygon","coordinates":[[[16.615481,49.209811],[16.615469,49.209807],[16.615476,49.209799],[16.615467,49.209795],[16.61546,49.209803],[16.615454,49.209801],[16.615463,49.20979],[16.615445,49.209784],[16.615436,49.209794],[16.615432,49.209793],[16.615427,49.209799],[16.61542,49.209806],[16.615417,49.20981],[16.615466,49.209828],[16.615467,49.209826],[16.615476,49.209817],[16.615481,49.209811]]]},"properties":{"id":75152,"buildingId":54678,"floorId":75136,"floorLevel":4,"name":"BA01N5056","type":"library","category":"teaching","label":"Library","passportNumber":"BA01N5056","seats":null,"hasProjector":false,"hasWhiteboard":false,"code":224}},{"type":"Feature","geometry":{"type":"Polygon","coordinates":[[[16.615696,49.209815],[16.615672,49.209806],[16.615672,49.209806],[16.61566,49.209808],[16.61566,49.209808],[16.615635,49.209836],[16.615645,49.20984],[16.61566,49.209845],[16.615667,49.209848],[16.615696,49.209815]]]},"properties":{"id":75153,"buildingId":54678,"floorId":75136,"floorLevel":4,"name":"BA01N5048","type":"office","category":"office","label":"Office","passportNumber":"BA01N5048","seats":null,"hasProjector":false,"hasWhiteboard":false,"code":235}},{"type":"Feature","geometry":{"type":"Polygon","coordinates":[[[16.615949,49.209831],[16.615948,49.209831],[16.615958,49.209819],[16.615947,49.209815],[16.615925,49.209807],[16.615914,49.209803],[16.615904,49.209814],[16.615903,49.209814],[16.61587,49.209851],[16.615875,49.209853],[16.615886,49.209857],[16.615917,49.209868],[16.615949,49.209831]]]},"properties":{"id":75154,"buildingId":54678,"floorId":75136,"floorLevel":4,"name":"BA01N5082","type":"office","category":"office","label":"Office","passportNumber":"BA01N5082","seats":null,"hasProjector":false,"hasWhiteboard":false,"code":235}},{"type":"Feature","geometry":{"type":"Polygon","coordinates":[[[16.615423,49.20983],[16.615423,49.20983],[16.615414,49.209826],[16.615399,49.209821],[16.615392,49.209828],[16.615406,49.209833],[16.615402,49.209837],[16.615413,49.209841],[16.615423,49.20983]]]},"properties":{"id":75155,"buildingId":54678,"floorId":75136,"floorLevel":4,"name":"BA01N5058","type":"shower","category":"service","label":"Shower","passportNumber":"BA01N5058","seats":null,"hasProjector":false,"hasWhiteboard":false,"code":217}},{"type":"Feature","geometry":{"type":"Polygon","coordinates":[[[16.615985,49.209838],[16.615956,49.209827],[16.615952,49.209832],[16.61595,49.209832],[16.615918,49.209869],[16.615948,49.20988],[16.615954,49.209873],[16.61596,49.209866],[16.615985,49.209838]]]},"properties":{"id":75156,"buildingId":54678,"floorId":75136,"floorLevel":4,"name":"BA01N5084","type":"storage","category":"service","label":"Storage","passportNumber":"BA01N5084","seats":null,"hasProjector":false,"hasWhiteboard":false,"code":554}},{"type":"Feature","geometry":{"type":"Polygon","coordinates":[[[16.615889,49.209863],[16.615884,49.209861],[16.615871,49.209856],[16.615788,49.209824],[16.615774,49.20982],[16.615692,49.209789],[16.615679,49.209784],[16.615674,49.209782],[16.615661,49.209777],[16.615573,49.209744],[16.61557,49.209747],[16.615559,49.209759],[16.615557,49.209762],[16.615573,49.209767],[16.615583,49.209772],[16.615602,49.209778],[16.61561,49.209782],[16.615618,49.209785],[16.615629,49.209789],[16.615657,49.209799],[16.615657,49.209799],[16.61566,49.209807],[16.61566,49.209807],[16.615672,49.209805],[16.615672,49.209805],[16.615724,49.209825],[16.615735,49.209829],[16.615774,49.209843],[16.615784,49.209847],[16.615835,49.209866],[16.615846,49.20987],[16.615873,49.20988],[16.615875,49.209878],[16.615886,49.209866],[16.615889,49.209863]]]},"properties":{"id":75157,"buildingId":54678,"floorId":75136,"floorLevel":4,"name":"BA01N5044","type":"floor","category":"structure","label":"Corridor","passportNumber":"BA01N5044","seats":null,"hasProjector":false,"hasWhiteboard":false,"code":235}},{"type":"Feature","geometry":{"type":"Polygon","coordinates":[[[16.615761,49.209839],[16.615734,49.209829],[16.615724,49.209825],[16.615697,49.209815],[16.615668,49.209848],[16.615679,49.209853],[16.615694,49.209858],[16.615713,49.209865],[16.615728,49.209871],[16.615732,49.209873],[16.615761,49.209839]]]},"properties":{"id":75158,"buildingId":54678,"floorId":75136,"floorLevel":4,"name":"BA01N5047","type":"office","category":"office","label":"Office","passportNumber":"BA01N5047","seats":null,"hasProjector":false,"hasWhiteboard":false,"code":235}},{"type":"Feature","geometry":{"type":"Polygon","coordinates":[[[16.615465,49.209829],[16.61541,49.209808],[16.615409,49.209809],[16.615403,49.209816],[16.6154,49.20982],[16.615415,49.209826],[16.615423,49.209829],[16.615425,49.209829],[16.615415,49.209841],[16.615444,49.209852],[16.615447,49.20985],[16.615455,49.20984],[16.615465,49.209829]]]},"properties":{"id":75159,"buildingId":54678,"floorId":75136,"floorLevel":4,"name":"BA01N5057","type":"toilet","category":"service","label":"Toilet","passportNumber":"BA01N5057","seats":null,"hasProjector":false,"hasWhiteboard":false,"code":217}},{"type":"Feature","geometry":{"type":"Polygon","coordinates":[[[16.615409,49.209807],[16.615415,49.209809],[16.615419,49.209805],[16.615425,49.209798],[16.615462,49.209756],[16.615467,49.209756],[16.615465,49.209751],[16.615473,49.209742],[16.615476,49.209742],[16.615493,49.209739],[16.615496,49.209738],[16.615511,49.209721],[16.61547,49.209705],[16.615469,49.209707],[16.615461,49.209715],[16.615454,49.209723],[16.615446,49.209732],[16.615413,49.20977],[16.615405,49.209779],[16.615394,49.209792],[16.615386,49.209801],[16.615348,49.209844],[16.615342,49.209851],[16.615343,49.209852],[16.615362,49.209859],[16.615363,49.209859],[16.615401,49.209816],[16.615408,49.209809],[16.615409,49.209807]]]},"properties":{"id":75160,"buildingId":54678,"floorId":75136,"floorLevel":4,"name":"BA01N5055","type":"floor","category":"structure","label":"Corridor","passportNumber":"BA01N5055","seats":null,"hasProjector":false,"hasWhiteboard":false,"code":217}},{"type":"Feature","geometry":{"type":"Polygon","coordinates":[[[16.615806,49.209856],[16.615784,49.209848],[16.615773,49.209844],[16.615762,49.20984],[16.615733,49.209873],[16.615743,49.209877],[16.615753,49.20988],[16.615756,49.209882],[16.615766,49.209885],[16.615777,49.209889],[16.615806,49.209856]]]},"properties":{"id":75161,"buildingId":54678,"floorId":75136,"floorLevel":4,"name":"BA01N5046","type":"office","category":"office","label":"Office","passportNumber":"BA01N5046","seats":null,"hasProjector":false,"hasWhiteboard":false,"code":235}},{"type":"Feature","geometry":{"type":"Polygon","coordinates":[[[16.61607,49.20985],[16.616065,49.209848],[16.616065,49.209839],[16.616063,49.209839],[16.616042,49.209831],[16.61604,49.20983],[16.616029,49.209835],[16.616012,49.209828],[16.615986,49.209838],[16.615961,49.209867],[16.615955,49.209874],[16.615949,49.20988],[16.615967,49.209887],[16.61598,49.209892],[16.61602,49.209907],[16.61607,49.20985]]]},"properties":{"id":75162,"buildingId":54678,"floorId":75136,"floorLevel":4,"name":"BA01N5083","type":"office","category":"office","label":"Office","passportNumber":"BA01N5083","seats":null,"hasProjector":false,"hasWhiteboard":false,"code":554}},{"type":"Feature","geometry":{"type":"Polygon","coordinates":[[[16.615443,49.209854],[16.615388,49.209833],[16.615374,49.209849],[16.615377,49.20985],[16.615388,49.209854],[16.615403,49.209859],[16.615404,49.209859],[16.61543,49.209869],[16.615443,49.209854]]]},"properties":{"id":75163,"buildingId":54678,"floorId":75136,"floorLevel":4,"name":"BA01N5061","type":"storage","category":"service","label":"Storage","passportNumber":"BA01N5061","seats":null,"hasProjector":false,"hasWhiteboard":false,"code":217}},{"type":"Feature","geometry":{"type":"Polygon","coordinates":[[[16.616117,49.209868],[16.616112,49.209866],[16.616112,49.209857],[16.616111,49.209857],[16.616089,49.209849],[16.616088,49.209848],[16.616076,49.209852],[16.616071,49.20985],[16.616021,49.209908],[16.616043,49.209916],[16.616056,49.209921],[16.616068,49.209925],[16.616117,49.209868]]]},"properties":{"id":75164,"buildingId":54678,"floorId":75136,"floorLevel":4,"name":"BA01N5085","type":"office","category":"office","label":"Office","passportNumber":"BA01N5085","seats":null,"hasProjector":false,"hasWhiteboard":false,"code":554}},{"type":"Feature","geometry":{"type":"Polygon","coordinates":[[[16.615348,49.209843],[16.615343,49.209842],[16.615371,49.20981],[16.615318,49.20979],[16.615318,49.20979],[16.615291,49.20978],[16.615285,49.209788],[16.615272,49.209802],[16.615266,49.209809],[16.615292,49.209819],[16.61529,49.209822],[16.615264,49.209812],[16.615257,49.209819],[16.615245,49.209833],[16.615238,49.20984],[16.615265,49.20985],[16.615264,49.209851],[16.615322,49.209873],[16.615341,49.209851],[16.615347,49.209844],[16.615348,49.209843]]]},"properties":{"id":75165,"buildingId":54678,"floorId":75136,"floorLevel":4,"name":"BA01N5071","type":"classroom_and_laboratory","category":"teaching","label":"Classroom / lab","passportNumber":"BA01N5071","seats":20,"hasProjector":false,"hasWhiteboard":false,"code":217}},{"type":"Feature","geometry":{"type":"Polygon","coordinates":[[[16.615872,49.209881],[16.615845,49.209871],[16.615834,49.209867],[16.615807,49.209857],[16.615778,49.20989],[16.615781,49.209891],[16.615796,49.209897],[16.615815,49.209904],[16.61583,49.209909],[16.615843,49.209914],[16.615872,49.209881]]]},"properties":{"id":75166,"buildingId":54678,"floorId":75136,"floorLevel":4,"name":"BA01N5045","type":"office","category":"office","label":"Office","passportNumber":"BA01N5045","seats":null,"hasProjector":false,"hasWhiteboard":false,"code":235}},{"type":"Feature","geometry":{"type":"Polygon","coordinates":[[[16.616161,49.209884],[16.616156,49.209882],[16.616156,49.209874],[16.616155,49.209873],[16.616137,49.209867],[16.616136,49.209866],[16.616124,49.20987],[16.616119,49.209868],[16.616069,49.209925],[16.616087,49.209932],[16.6161,49.209937],[16.616111,49.209941],[16.616161,49.209884]]]},"properties":{"id":75167,"buildingId":54678,"floorId":75136,"floorLevel":4,"name":"BA01N5086","type":"classroom_and_laboratory","category":"teaching","label":"Classroom / lab","passportNumber":"BA01N5086","seats":null,"hasProjector":false,"hasWhiteboard":false,"code":554}},{"type":"Feature","geometry":{"type":"Polygon","coordinates":[[[16.615428,49.209871],[16.615402,49.209861],[16.615402,49.20986],[16.615387,49.209855],[16.615377,49.209851],[16.615374,49.209849],[16.615363,49.209861],[16.615357,49.209868],[16.615347,49.20988],[16.615376,49.209891],[16.615376,49.20989],[16.615403,49.2099],[16.615409,49.209893],[16.615422,49.209878],[16.615428,49.209871]]]},"properties":{"id":75168,"buildingId":54678,"floorId":75136,"floorLevel":4,"name":"BA01N5060","type":"office","category":"office","label":"Office","passportNumber":"BA01N5060","seats":null,"hasProjector":false,"hasWhiteboard":false,"code":217}},{"type":"Feature","geometry":{"type":"Polygon","coordinates":[[[16.615935,49.209905],[16.61591,49.209895],[16.615899,49.209891],[16.615874,49.209882],[16.615845,49.209915],[16.61585,49.209917],[16.615865,49.209922],[16.615884,49.20993],[16.615899,49.209935],[16.615906,49.209938],[16.615921,49.209921],[16.615927,49.209914],[16.615935,49.209905]]]},"properties":{"id":75169,"buildingId":54678,"floorId":75136,"floorLevel":4,"name":"BA01N5043","type":"office","category":"office","label":"Office","passportNumber":"BA01N5043","seats":null,"hasProjector":false,"hasWhiteboard":false,"code":562}},{"type":"Feature","geometry":{"type":"Polygon","coordinates":[[[16.616209,49.209902],[16.616204,49.2099],[16.616204,49.209892],[16.616202,49.209891],[16.616181,49.209883],[16.616179,49.209882],[16.616168,49.209887],[16.616163,49.209885],[16.616113,49.209942],[16.616135,49.20995],[16.616148,49.209955],[16.616159,49.209959],[16.616209,49.209902]]]},"properties":{"id":75170,"buildingId":54678,"floorId":75136,"floorLevel":4,"name":"BA01N5087","type":"office","category":"office","label":"Office","passportNumber":"BA01N5087","seats":null,"hasProjector":false,"hasWhiteboard":false,"code":554}},{"type":"Feature","geometry":{"type":"Polygon","coordinates":[[[16.615321,49.209874],[16.615264,49.209852],[16.615263,49.209853],[16.615236,49.209843],[16.61523,49.20985],[16.615217,49.209864],[16.615211,49.209872],[16.615238,49.209882],[16.615237,49.209882],[16.615294,49.209904],[16.615296,49.209902],[16.615302,49.209895],[16.615321,49.209874]]]},"properties":{"id":75171,"buildingId":54678,"floorId":75136,"floorLevel":4,"name":"BA01N5070","type":"office","category":"office","label":"Office","passportNumber":"BA01N5070","seats":null,"hasProjector":false,"hasWhiteboard":false,"code":217}},{"type":"Feature","geometry":{"type":"Polygon","coordinates":[[[16.615974,49.209919],[16.615965,49.209916],[16.615954,49.209912],[16.615942,49.209907],[16.615936,49.209914],[16.61593,49.209912],[16.615928,49.209915],[16.615922,49.209922],[16.615907,49.209938],[16.615913,49.209941],[16.615923,49.209944],[16.615926,49.209946],[16.615937,49.209949],[16.615945,49.209952],[16.615974,49.209919]]]},"properties":{"id":75172,"buildingId":54678,"floorId":75136,"floorLevel":4,"name":"BA01N5042","type":"office","category":"office","label":"Office","passportNumber":"BA01N5042","seats":null,"hasProjector":false,"hasWhiteboard":false,"code":562}},{"type":"Feature","geometry":{"type":"Polygon","coordinates":[[[16.616257,49.20992],[16.616251,49.209918],[16.616251,49.209909],[16.61625,49.209909],[16.616228,49.209901],[16.616227,49.2099],[16.616215,49.209905],[16.61621,49.209903],[16.61616,49.20996],[16.616166,49.209962],[16.616179,49.209967],[16.616207,49.209977],[16.616243,49.209935],[16.616249,49.209928],[16.616257,49.20992]]]},"properties":{"id":75173,"buildingId":54678,"floorId":75136,"floorLevel":4,"name":"BA01N5088","type":"archive","category":"service","label":"Archive","passportNumber":"BA01N5088","seats":null,"hasProjector":false,"hasWhiteboard":false,"code":235}},{"type":"Feature","geometry":{"type":"Polygon","coordinates":[[[16.615999,49.209929],[16.615992,49.209926],[16.615982,49.209922],[16.615975,49.20992],[16.615946,49.209953],[16.615951,49.209955],[16.615966,49.20996],[16.61597,49.209962],[16.615978,49.209952],[16.615986,49.209943],[16.615988,49.209941],[16.615996,49.209931],[16.615999,49.209929]]]},"properties":{"id":75174,"buildingId":54678,"floorId":75136,"floorLevel":4,"name":"BA01N5041","type":"lobby","category":"circulation","label":"Lobby","passportNumber":"BA01N5041","seats":null,"hasProjector":false,"hasWhiteboard":false,"code":562}},{"type":"Feature","geometry":{"type":"Polygon","coordinates":[[[16.615401,49.209902],[16.615374,49.209892],[16.615375,49.209891],[16.615346,49.209881],[16.615341,49.209887],[16.615335,49.209894],[16.61532,49.209911],[16.615348,49.209922],[16.615349,49.209921],[16.615376,49.209931],[16.615382,49.209924],[16.615395,49.209909],[16.615401,49.209902]]]},"properties":{"id":75175,"buildingId":54678,"floorId":75136,"floorLevel":4,"name":"BA01N5062","type":"office","category":"office","label":"Office","passportNumber":"BA01N5062","seats":null,"hasProjector":false,"hasWhiteboard":false,"code":217}},{"type":"Feature","geometry":{"type":"Polygon","coordinates":[[[16.615294,49.209905],[16.615236,49.209883],[16.615236,49.209884],[16.615209,49.209874],[16.615203,49.209881],[16.61519,49.209896],[16.615184,49.209903],[16.61521,49.209913],[16.61521,49.209914],[16.615267,49.209935],[16.61527,49.209931],[16.615277,49.209924],[16.615294,49.209905]]]},"properties":{"id":75176,"buildingId":54678,"floorId":75136,"floorLevel":4,"name":"BA01N5069","type":"office","category":"office","label":"Office","passportNumber":"BA01N5069","seats":null,"hasProjector":false,"hasWhiteboard":false,"code":217}},{"type":"Feature","geometry":{"type":"Polygon","coordinates":[[[16.61634,49.209978],[16.616339,49.209978],[16.616343,49.209972],[16.616309,49.20996],[16.616309,49.20994],[16.616299,49.209936],[16.616299,49.209927],[16.616297,49.209927],[16.616276,49.209919],[16.616275,49.209918],[16.616263,49.209923],[16.616258,49.209921],[16.616251,49.209929],[16.616245,49.209936],[16.616208,49.209978],[16.616213,49.20998],[16.616226,49.209985],[16.616307,49.210015],[16.61634,49.209978]]]},"properties":{"id":75177,"buildingId":54678,"floorId":75136,"floorLevel":4,"name":"BA01N5089","type":"classroom_and_laboratory","category":"teaching","label":"Classroom / lab","passportNumber":"BA01N5089","seats":26,"hasProjector":false,"hasWhiteboard":false,"code":235}},{"type":"Feature","geometry":{"type":"Polygon","coordinates":[[[16.61624,49.209994],[16.616222,49.209988],[16.616211,49.209984],[16.616174,49.20997],[16.616164,49.209966],[16.616143,49.209958],[16.616133,49.209954],[16.616096,49.20994],[16.616085,49.209936],[16.616052,49.209924],[16.616041,49.20992],[16.615976,49.209895],[16.615965,49.209891],[16.615889,49.209863],[16.615887,49.209866],[16.615876,49.209878],[16.615874,49.209881],[16.6159,49.20989],[16.61591,49.209894],[16.615955,49.209911],[16.615966,49.209915],[16.615982,49.209921],[16.615993,49.209926],[16.616193,49.210001],[16.616204,49.210005],[16.616212,49.210008],[16.616222,49.210012],[16.616224,49.210012],[16.616227,49.21001],[16.616237,49.209997],[16.61624,49.209994]]]},"properties":{"id":75178,"buildingId":54678,"floorId":75136,"floorLevel":4,"name":"BA01N5091","type":"floor","category":"structure","label":"Corridor","passportNumber":"BA01N5091","seats":null,"hasProjector":false,"hasWhiteboard":false,"code":991}},{"type":"Feature","geometry":{"type":"Polygon","coordinates":[[[16.615373,49.209933],[16.615347,49.209923],[16.615348,49.209923],[16.615319,49.209912],[16.615313,49.209919],[16.615307,49.209926],[16.615292,49.209942],[16.615321,49.209953],[16.615322,49.209952],[16.615348,49.209962],[16.615354,49.209955],[16.615367,49.209941],[16.615373,49.209933]]]},"properties":{"id":75179,"buildingId":54678,"floorId":75136,"floorLevel":4,"name":"BA01N5063","type":"office","category":"office","label":"Office","passportNumber":"BA01N5063","seats":null,"hasProjector":false,"hasWhiteboard":false,"code":217}},{"type":"Feature","geometry":{"type":"Polygon","coordinates":[[[16.615252,49.209946],[16.615256,49.209948],[16.615257,49.209946],[16.615263,49.209939],[16.615266,49.209936],[16.615209,49.209914],[16.615208,49.209915],[16.615182,49.209905],[16.615175,49.209912],[16.615163,49.209927],[16.615156,49.209934],[16.615183,49.209944],[16.615182,49.209945],[16.615236,49.209965],[16.615252,49.209946]]]},"properties":{"id":75180,"buildingId":54678,"floorId":75136,"floorLevel":4,"name":"BA01N5068","type":"library","category":"teaching","label":"Library","passportNumber":"BA01N5068","seats":null,"hasProjector":false,"hasWhiteboard":false,"code":217}},{"type":"Feature","geometry":{"type":"Polygon","coordinates":[[[16.616435,49.210014],[16.616434,49.210013],[16.616444,49.210002],[16.616433,49.209998],[16.616411,49.209989],[16.6164,49.209985],[16.61639,49.209997],[16.616386,49.209996],[16.616397,49.209984],[16.616385,49.20998],[16.616363,49.209971],[16.616352,49.209967],[16.616342,49.209979],[16.616341,49.209979],[16.616309,49.210016],[16.616338,49.210027],[16.616353,49.210032],[16.616362,49.210036],[16.616372,49.21004],[16.616403,49.210051],[16.616435,49.210014]]]},"properties":{"id":75181,"buildingId":54678,"floorId":75136,"floorLevel":4,"name":"BA01N5002","type":"classroom_and_laboratory","category":"teaching","label":"Classroom / lab","passportNumber":"BA01N5002","seats":20,"hasProjector":false,"hasWhiteboard":false,"code":235}},{"type":"Feature","geometry":{"type":"Polygon","coordinates":[[[16.616208,49.210008],[16.616203,49.210006],[16.616192,49.210002],[16.616187,49.21],[16.616185,49.210002],[16.616176,49.210012],[16.616174,49.210014],[16.616167,49.210023],[16.616158,49.210032],[16.616162,49.210034],[16.616177,49.210039],[16.61618,49.21004],[16.616208,49.210008]]]},"properties":{"id":75182,"buildingId":54678,"floorId":75136,"floorLevel":4,"name":"BA01N5038","type":"lobby","category":"circulation","label":"Lobby","passportNumber":"BA01N5038","seats":null,"hasProjector":false,"hasWhiteboard":false,"code":991}},{"type":"Feature","geometry":{"type":"Polygon","coordinates":[[[16.616237,49.210035],[16.616229,49.210032],[16.616239,49.21002],[16.616221,49.210013],[16.616211,49.210009],[16.616209,49.210008],[16.616181,49.210041],[16.616191,49.210045],[16.616202,49.210049],[16.616205,49.21005],[16.616215,49.210054],[16.616219,49.210055],[16.616237,49.210035]]]},"properties":{"id":75183,"buildingId":54678,"floorId":75136,"floorLevel":4,"name":"BA01N5037","type":"toilet","category":"service","label":"Toilet","passportNumber":"BA01N5037","seats":null,"hasProjector":false,"hasWhiteboard":false,"code":991}},{"type":"Feature","geometry":{"type":"Polygon","coordinates":[[[16.615346,49.209965],[16.61532,49.209955],[16.61532,49.209954],[16.615292,49.209943],[16.615285,49.209951],[16.615279,49.209958],[16.615265,49.209974],[16.615294,49.209984],[16.615294,49.209983],[16.615321,49.209993],[16.615327,49.209986],[16.61534,49.209972],[16.615346,49.209965]]]},"properties":{"id":75184,"buildingId":54678,"floorId":75136,"floorLevel":4,"name":"BA01N5064","type":"office","category":"office","label":"Office","passportNumber":"BA01N5064","seats":null,"hasProjector":false,"hasWhiteboard":false,"code":217}},{"type":"Feature","geometry":{"type":"Polygon","coordinates":[[[16.616578,49.210068],[16.616577,49.210067],[16.616587,49.210055],[16.616576,49.210051],[16.616554,49.210043],[16.616543,49.210039],[16.616533,49.210051],[16.616529,49.210049],[16.616539,49.210038],[16.616528,49.210033],[16.616506,49.210025],[16.616495,49.210021],[16.616485,49.210033],[16.616482,49.210031],[16.616492,49.21002],[16.616481,49.210016],[16.616459,49.210007],[16.616448,49.210003],[16.616437,49.210015],[16.616436,49.210014],[16.616404,49.210051],[16.616456,49.210071],[16.616466,49.210075],[16.616546,49.210105],[16.616578,49.210068]]]},"properties":{"id":75185,"buildingId":54678,"floorId":75136,"floorLevel":4,"name":"BA01N5003","type":"classroom_and_laboratory","category":"teaching","label":"Classroom / lab","passportNumber":"BA01N5003","seats":25,"hasProjector":false,"hasWhiteboard":false,"code":561}},{"type":"Feature","geometry":{"type":"Polygon","coordinates":[[[16.615194,49.210009],[16.615196,49.21001],[16.615202,49.210003],[16.615206,49.210005],[16.61521,49.210001],[16.615216,49.209994],[16.615226,49.209982],[16.615222,49.20998],[16.615235,49.209966],[16.615182,49.209946],[16.615181,49.209946],[16.615154,49.209936],[16.615142,49.209951],[16.61513,49.209965],[16.615145,49.20997],[16.615155,49.209994],[16.615173,49.210001],[16.615169,49.210005],[16.615171,49.210006],[16.615189,49.210013],[16.615191,49.210013],[16.615194,49.210009]]]},"properties":{"id":75186,"buildingId":54678,"floorId":75136,"floorLevel":4,"name":"BA01N5067","type":"office","category":"office","label":"Office","passportNumber":"BA01N5067","seats":null,"hasProjector":false,"hasWhiteboard":false,"code":217}},{"type":"Feature","geometry":{"type":"Polygon","coordinates":[[[16.615319,49.209996],[16.615292,49.209986],[16.615293,49.209985],[16.615264,49.209974],[16.615248,49.209993],[16.615242,49.21],[16.615238,49.210004],[16.615248,49.210008],[16.615258,49.210012],[16.615267,49.210015],[16.615268,49.210013],[16.615295,49.210023],[16.615306,49.21001],[16.615319,49.209996]]]},"properties":{"id":75187,"buildingId":54678,"floorId":75136,"floorLevel":4,"name":"BA01N5065","type":"office","category":"office","label":"Office","passportNumber":"BA01N5065","seats":null,"hasProjector":false,"hasWhiteboard":false,"code":217}},{"type":"Feature","geometry":{"type":"Polygon","coordinates":[[[16.615363,49.20986],[16.615362,49.209859],[16.615343,49.209852],[16.615342,49.209852],[16.615303,49.209895],[16.615297,49.209902],[16.615278,49.209925],[16.615272,49.209932],[16.615264,49.20994],[16.615258,49.209947],[16.615217,49.209994],[16.615211,49.210001],[16.615198,49.210016],[16.615199,49.210016],[16.615218,49.210023],[16.615219,49.210024],[16.615225,49.210018],[16.615231,49.210011],[16.615241,49.21],[16.615247,49.209993],[16.615278,49.209957],[16.615284,49.20995],[16.615306,49.209925],[16.615312,49.209918],[16.615334,49.209893],[16.61534,49.209886],[16.615356,49.209868],[16.615362,49.209861],[16.615363,49.20986]]]},"properties":{"id":75188,"buildingId":54678,"floorId":75136,"floorLevel":4,"name":"BA01N5059","type":"floor","category":"structure","label":"Corridor","passportNumber":"BA01N5059","seats":null,"hasProjector":false,"hasWhiteboard":false,"code":217}},{"type":"Feature","geometry":{"type":"Polygon","coordinates":[[[16.61638,49.210072],[16.61628,49.210034],[16.616269,49.21003],[16.616249,49.210023],[16.61622,49.210056],[16.61623,49.210059],[16.616245,49.210065],[16.616264,49.210072],[16.616279,49.210078],[16.616298,49.210085],[16.616313,49.210091],[16.616333,49.210098],[16.616347,49.210103],[16.616351,49.210105],[16.61638,49.210072]]]},"properties":{"id":75189,"buildingId":54678,"floorId":75136,"floorLevel":4,"name":"BA01N5036","type":"classroom_and_laboratory","category":"teaching","label":"Classroom / lab","passportNumber":"BA01N5036","seats":24,"hasProjector":false,"hasWhiteboard":false,"code":554}},{"type":"Feature","geometry":{"type":"Polygon","coordinates":[[[16.615286,49.210023],[16.615258,49.210013],[16.615247,49.210009],[16.615238,49.210005],[16.615232,49.210011],[16.615226,49.210018],[16.615221,49.210024],[16.615241,49.210031],[16.615286,49.210023]]]},"properties":{"id":75190,"buildingId":54678,"floorId":75136,"floorLevel":4,"name":"BA01N5066","type":"utility_room","category":"service","label":"Utility","passportNumber":"BA01N5066","seats":null,"hasProjector":false,"hasWhiteboard":false,"code":217}},{"type":"Feature","geometry":{"type":"Polygon","coordinates":[[[16.616425,49.210089],[16.616403,49.210081],[16.616392,49.210077],[16.616381,49.210073],[16.616353,49.210105],[16.616362,49.210109],[16.616372,49.210113],[16.616376,49.210114],[16.616386,49.210118],[16.616396,49.210122],[16.616425,49.210089]]]},"properties":{"id":75191,"buildingId":54678,"floorId":75136,"floorLevel":4,"name":"BA01N5035","type":"office","category":"office","label":"Office","passportNumber":"BA01N5035","seats":null,"hasProjector":false,"hasWhiteboard":false,"code":554}},{"type":"Feature","geometry":{"type":"Polygon","coordinates":[[[16.616564,49.210116],[16.616464,49.210079],[16.616451,49.210074],[16.61637,49.210044],[16.616357,49.210039],[16.61624,49.209995],[16.616238,49.209997],[16.616227,49.21001],[16.616225,49.210013],[16.61627,49.210029],[16.61628,49.210034],[16.616393,49.210076],[16.616403,49.21008],[16.616448,49.210097],[16.616459,49.210101],[16.616463,49.210102],[16.616474,49.210106],[16.616503,49.210117],[16.616514,49.210121],[16.616535,49.210129],[16.616546,49.210133],[16.616548,49.210134],[16.616552,49.210131],[16.616561,49.21012],[16.616564,49.210116]]]},"properties":{"id":75192,"buildingId":54678,"floorId":75136,"floorLevel":4,"name":"BA01N5001","type":"floor","category":"structure","label":"Corridor","passportNumber":"BA01N5001","seats":null,"hasProjector":false,"hasWhiteboard":false,"code":591}},{"type":"Feature","geometry":{"type":"Polygon","coordinates":[[[16.61646,49.210102],[16.616458,49.210101],[16.616447,49.210097],[16.616426,49.210089],[16.616397,49.210122],[16.616401,49.210123],[16.616416,49.210129],[16.616431,49.210135],[16.61646,49.210102]]]},"properties":{"id":75193,"buildingId":54678,"floorId":75136,"floorLevel":4,"name":"BA01N5034","type":"office","category":"office","label":"Office","passportNumber":"BA01N5034","seats":null,"hasProjector":false,"hasWhiteboard":false,"code":554}},{"type":"Feature","geometry":{"type":"Polygon","coordinates":[[[16.616722,49.210122],[16.61672,49.210121],[16.61673,49.210109],[16.616719,49.210105],[16.616697,49.210097],[16.616686,49.210093],[16.616676,49.210104],[16.616672,49.210103],[16.616682,49.210091],[16.616671,49.210087],[16.616649,49.210079],[16.616638,49.210075],[16.616628,49.210086],[16.616624,49.210085],[16.616635,49.210073],[16.616624,49.210069],[16.616602,49.210061],[16.616591,49.210057],[16.61658,49.210069],[16.616579,49.210068],[16.616547,49.210105],[16.616671,49.210152],[16.616682,49.210156],[16.61669,49.210159],[16.616722,49.210122]]]},"properties":{"id":75194,"buildingId":54678,"floorId":75136,"floorLevel":4,"name":"BA01N5005","type":"classroom_and_laboratory","category":"teaching","label":"Classroom / lab","passportNumber":"BA01N5005","seats":38,"hasProjector":false,"hasWhiteboard":false,"code":991}},{"type":"Feature","geometry":{"type":"Polygon","coordinates":[[[16.616491,49.210114],[16.616473,49.210107],[16.616463,49.210103],[16.616461,49.210102],[16.616432,49.210135],[16.616435,49.210136],[16.61645,49.210142],[16.616463,49.210147],[16.616491,49.210114]]]},"properties":{"id":75195,"buildingId":54678,"floorId":75136,"floorLevel":4,"name":"BA01N5033","type":"office","category":"office","label":"Office","passportNumber":"BA01N5033","seats":null,"hasProjector":false,"hasWhiteboard":false,"code":554}},{"type":"Feature","geometry":{"type":"Polygon","coordinates":[[[16.616523,49.210126],[16.616513,49.210122],[16.616503,49.210118],[16.616493,49.210114],[16.616464,49.210147],[16.616469,49.210149],[16.616484,49.210155],[16.616495,49.210159],[16.616523,49.210126]]]},"properties":{"id":75196,"buildingId":54678,"floorId":75136,"floorLevel":4,"name":"BA01N5032","type":"office","category":"office","label":"Office","passportNumber":"BA01N5032","seats":null,"hasProjector":false,"hasWhiteboard":false,"code":554}},{"type":"Feature","geometry":{"type":"Polygon","coordinates":[[[16.616563,49.210158],[16.616563,49.210157],[16.616554,49.210154],[16.616546,49.210151],[16.61654,49.210157],[16.616558,49.210164],[16.616563,49.210158]]]},"properties":{"id":75197,"buildingId":54678,"floorId":75136,"floorLevel":4,"name":"BA01N5030","type":"utility_room","category":"service","label":"Utility","passportNumber":"BA01N5030","seats":null,"hasProjector":false,"hasWhiteboard":false,"code":991}},{"type":"Feature","geometry":{"type":"Polygon","coordinates":[[[16.616555,49.210138],[16.616545,49.210134],[16.616535,49.21013],[16.616525,49.210126],[16.616496,49.210159],[16.616503,49.210162],[16.616518,49.210168],[16.616527,49.210171],[16.616555,49.210138]]]},"properties":{"id":75198,"buildingId":54678,"floorId":75136,"floorLevel":4,"name":"BA01N5031","type":"office","category":"office","label":"Office","passportNumber":"BA01N5031","seats":null,"hasProjector":false,"hasWhiteboard":false,"code":925}},{"type":"Feature","geometry":{"type":"Polygon","coordinates":[[[16.616878,49.210166],[16.616734,49.210112],[16.616729,49.210117],[16.616728,49.210117],[16.616691,49.210159],[16.616691,49.210159],[16.616702,49.210164],[16.616734,49.210175],[16.616739,49.210169],[16.616742,49.210171],[16.61675,49.210161],[16.616826,49.210189],[16.616827,49.210189],[16.61685,49.210197],[16.616878,49.210166]]]},"properties":{"id":75199,"buildingId":54678,"floorId":75136,"floorLevel":4,"name":"BA01N5006","type":"office","category":"office","label":"Office","passportNumber":"BA01N5006","seats":15,"hasProjector":false,"hasWhiteboard":false,"code":561}},{"type":"Feature","geometry":{"type":"Polygon","coordinates":[[[16.616592,49.210152],[16.61659,49.210152],[16.61658,49.210148],[16.616562,49.210141],[16.616552,49.210152],[16.616555,49.210153],[16.616563,49.210157],[16.616565,49.210157],[16.616558,49.210165],[16.61654,49.210158],[16.616534,49.210164],[16.616534,49.210165],[16.616528,49.210171],[16.616533,49.210173],[16.616543,49.210177],[16.616547,49.210178],[16.616557,49.210182],[16.616563,49.210184],[16.616592,49.210152]]]},"properties":{"id":75200,"buildingId":54678,"floorId":75136,"floorLevel":4,"name":"BA01N5029","type":"toilet","category":"service","label":"Toilet","passportNumber":"BA01N5029","seats":null,"hasProjector":false,"hasWhiteboard":false,"code":991}},{"type":"Feature","geometry":{"type":"Polygon","coordinates":[[[16.616616,49.210191],[16.616616,49.210191],[16.61666,49.210183],[16.616661,49.210182],[16.616646,49.210176],[16.616635,49.210172],[16.616632,49.210171],[16.616614,49.210191],[16.616616,49.210191]]]},"properties":{"id":75201,"buildingId":54678,"floorId":75136,"floorLevel":4,"name":"BA01N5090","type":"elevator","category":"circulation","label":"Elevator","passportNumber":"BA01N5090","seats":null,"hasProjector":false,"hasWhiteboard":false,"code":991}},{"type":"Feature","geometry":{"type":"Polygon","coordinates":[[[16.616604,49.210193],[16.616628,49.210166],[16.616613,49.21016],[16.616602,49.210156],[16.616593,49.210153],[16.616565,49.210185],[16.616571,49.210187],[16.616586,49.210193],[16.616592,49.210195],[16.616604,49.210193]]]},"properties":{"id":75202,"buildingId":54678,"floorId":75136,"floorLevel":4,"name":"BA01N5028","type":"office","category":"office","label":"Office","passportNumber":"BA01N5028","seats":null,"hasProjector":false,"hasWhiteboard":false,"code":562}},{"type":"Feature","geometry":{"type":"Polygon","coordinates":[[[16.6166,49.210254],[16.61659,49.21025],[16.616583,49.210258],[16.616593,49.210262],[16.616594,49.210261],[16.616599,49.210255],[16.6166,49.210254]]]},"properties":{"id":75203,"buildingId":54678,"floorId":75136,"floorLevel":4,"name":"BA01N5025","type":"utility_room","category":"service","label":"Utility","passportNumber":"BA01N5025","seats":null,"hasProjector":false,"hasWhiteboard":false,"code":591}},{"type":"Feature","geometry":{"type":"Polygon","coordinates":[[[16.616653,49.210252],[16.616649,49.21025],[16.616658,49.21024],[16.61664,49.210233],[16.616631,49.210243],[16.616625,49.210241],[16.616628,49.210238],[16.616607,49.21023],[16.616599,49.210239],[16.616592,49.210248],[16.61659,49.210249],[16.616639,49.210268],[16.616646,49.21026],[16.616652,49.210253],[16.616653,49.210252]]]},"properties":{"id":75204,"buildingId":54678,"floorId":75136,"floorLevel":4,"name":"BA01N5027","type":"office","category":"office","label":"Office","passportNumber":"BA01N5027","seats":null,"hasProjector":false,"hasWhiteboard":false,"code":953}},{"type":"Feature","geometry":{"type":"Polygon","coordinates":[[[16.616795,49.210263],[16.616769,49.210253],[16.616771,49.21025],[16.616797,49.21026],[16.616803,49.210253],[16.616816,49.210239],[16.616822,49.210232],[16.616796,49.210222],[16.616798,49.210219],[16.616824,49.210229],[16.616831,49.210222],[16.616843,49.210208],[16.616849,49.210201],[16.616822,49.210191],[16.616823,49.21019],[16.61675,49.210163],[16.616738,49.210177],[16.616758,49.210184],[16.616745,49.210199],[16.616739,49.210206],[16.616689,49.210262],[16.616743,49.210282],[16.616743,49.210282],[16.61677,49.210292],[16.616776,49.210284],[16.616789,49.21027],[16.616795,49.210263]]]},"properties":{"id":75205,"buildingId":54678,"floorId":75136,"floorLevel":4,"name":"BA01N5008","type":"classroom_and_laboratory","category":"teaching","label":"Classroom / lab","passportNumber":"BA01N5008","seats":20,"hasProjector":false,"hasWhiteboard":false,"code":235}},{"type":"Feature","geometry":{"type":"Polygon","coordinates":[[[16.616604,49.210279],[16.616603,49.210278],[16.616604,49.210278],[16.616604,49.210278],[16.616612,49.210269],[16.616613,49.210269],[16.616609,49.210274],[16.616634,49.210284],[16.616638,49.210279],[16.616644,49.210272],[16.616645,49.210271],[16.61662,49.210262],[16.616619,49.210263],[16.616618,49.210262],[16.616619,49.210261],[16.616601,49.210254],[16.6166,49.210256],[16.616595,49.210261],[16.616591,49.210266],[16.61659,49.210266],[16.616591,49.210265],[16.61658,49.210261],[16.616579,49.210263],[16.616571,49.210271],[16.616568,49.210275],[16.616579,49.210279],[16.616586,49.21027],[16.616587,49.210271],[16.616587,49.210271],[16.616597,49.210275],[16.616596,49.210276],[16.616588,49.210273],[16.616582,49.21028],[16.616598,49.210286],[16.616604,49.210279]]]},"properties":{"id":75206,"buildingId":54678,"floorId":75136,"floorLevel":4,"name":"BA01N5026","type":"toilet","category":"service","label":"Toilet","passportNumber":"BA01N5026","seats":null,"hasProjector":false,"hasWhiteboard":false,"code":591}},{"type":"Feature","geometry":{"type":"Polygon","coordinates":[[[16.616749,49.210186],[16.6167,49.210167],[16.616687,49.210163],[16.61668,49.21016],[16.616667,49.210155],[16.616565,49.210117],[16.616562,49.21012],[16.616552,49.210131],[16.616549,49.210135],[16.616581,49.210146],[16.616591,49.21015],[16.616603,49.210155],[16.616614,49.210159],[16.616636,49.210167],[16.616633,49.210171],[16.616635,49.210172],[16.616646,49.210176],[16.616661,49.210181],[16.616665,49.210178],[16.616672,49.210181],[16.616671,49.210185],[16.61667,49.210185],[16.616675,49.210195],[16.616675,49.210195],[16.616676,49.210195],[16.616677,49.210195],[16.616677,49.210196],[16.61668,49.210202],[16.61668,49.210203],[16.616679,49.210203],[16.616679,49.210203],[16.616678,49.210204],[16.616669,49.210205],[16.616673,49.210215],[16.616675,49.210215],[16.616675,49.210214],[16.616683,49.210213],[16.616687,49.210216],[16.616682,49.210221],[16.616667,49.210239],[16.616654,49.210253],[16.616648,49.21026],[16.616641,49.210268],[16.616647,49.210271],[16.616645,49.210272],[16.616639,49.210279],[16.616635,49.210284],[16.616638,49.210285],[16.616653,49.210291],[16.616656,49.210292],[16.616672,49.210275],[16.616679,49.210266],[16.616733,49.210205],[16.61674,49.210196],[16.616749,49.210186]]]},"properties":{"id":75207,"buildingId":54678,"floorId":75136,"floorLevel":4,"name":"BA01N5004","type":"floor","category":"structure","label":"Corridor","passportNumber":"BA01N5004","seats":null,"hasProjector":false,"hasWhiteboard":false,"code":591}},{"type":"Feature","geometry":{"type":"Polygon","coordinates":[[[16.616633,49.210284],[16.616619,49.210279],[16.616619,49.21028],[16.616618,49.210279],[16.616618,49.210279],[16.616608,49.210275],[16.6166,49.210285],[16.616609,49.210289],[16.616613,49.210284],[16.616615,49.210284],[16.616613,49.210287],[16.616626,49.210292],[16.616628,49.21029],[16.616633,49.210284]]]},"properties":{"id":75208,"buildingId":54678,"floorId":75136,"floorLevel":4,"name":"BA01N5024","type":"toilet","category":"service","label":"Toilet","passportNumber":"BA01N5024","seats":null,"hasProjector":false,"hasWhiteboard":false,"code":591}},{"type":"Feature","geometry":{"type":"Polygon","coordinates":[[[16.616588,49.210284],[16.616567,49.210276],[16.616554,49.210291],[16.616563,49.210294],[16.616569,49.210288],[16.61657,49.210288],[16.616564,49.210295],[16.616575,49.210299],[16.616583,49.210289],[16.616588,49.210284]]]},"properties":{"id":75209,"buildingId":54678,"floorId":75136,"floorLevel":4,"name":"BA01N5023","type":"shower","category":"service","label":"Shower","passportNumber":"BA01N5023","seats":null,"hasProjector":false,"hasWhiteboard":false,"code":591}},{"type":"Feature","geometry":{"type":"Polygon","coordinates":[[[16.616622,49.210297],[16.616589,49.210284],[16.616585,49.21029],[16.616576,49.210299],[16.616581,49.210301],[16.616579,49.210303],[16.616607,49.210314],[16.616615,49.210304],[16.616622,49.210297]]]},"properties":{"id":75210,"buildingId":54678,"floorId":75136,"floorLevel":4,"name":"BA01N5022","type":"kitchen","category":"service","label":"Kitchen","passportNumber":"BA01N5022","seats":null,"hasProjector":false,"hasWhiteboard":false,"code":591}},{"type":"Feature","geometry":{"type":"Polygon","coordinates":[[[16.616606,49.210315],[16.616551,49.210294],[16.616546,49.2103],[16.616533,49.210315],[16.616527,49.210322],[16.616553,49.210332],[16.616552,49.210333],[16.616581,49.210344],[16.616587,49.210336],[16.616594,49.210329],[16.616606,49.210315]]]},"properties":{"id":75211,"buildingId":54678,"floorId":75136,"floorLevel":4,"name":"BA01N5021","type":"office","category":"office","label":"Office","passportNumber":"BA01N5021","seats":null,"hasProjector":false,"hasWhiteboard":false,"code":953}},{"type":"Feature","geometry":{"type":"Polygon","coordinates":[[[16.61674,49.210325],[16.616714,49.210315],[16.616716,49.210313],[16.616743,49.210323],[16.616749,49.210316],[16.616761,49.210301],[16.616768,49.210294],[16.616741,49.210284],[16.616742,49.210283],[16.616689,49.210263],[16.616684,49.210269],[16.616678,49.210276],[16.616635,49.210325],[16.616688,49.210345],[16.616689,49.210344],[16.616715,49.210354],[16.616722,49.210347],[16.616734,49.210332],[16.61674,49.210325]]]},"properties":{"id":75212,"buildingId":54678,"floorId":75136,"floorLevel":4,"name":"BA01N5009","type":"classroom_and_laboratory","category":"teaching","label":"Classroom / lab","passportNumber":"BA01N5009","seats":20,"hasProjector":false,"hasWhiteboard":false,"code":561}},{"type":"Feature","geometry":{"type":"Polygon","coordinates":[[[16.61658,49.210344],[16.616552,49.210334],[16.616551,49.210335],[16.616525,49.210325],[16.616518,49.210332],[16.616505,49.210346],[16.616499,49.210353],[16.616526,49.210363],[16.616525,49.210364],[16.616554,49.210375],[16.61657,49.210357],[16.616576,49.21035],[16.61658,49.210344]]]},"properties":{"id":75213,"buildingId":54678,"floorId":75136,"floorLevel":4,"name":"BA01N5020","type":"office","category":"office","label":"Office","passportNumber":"BA01N5020","seats":null,"hasProjector":false,"hasWhiteboard":false,"code":554}},{"type":"Feature","geometry":{"type":"Polygon","coordinates":[[[16.616713,49.210356],[16.616687,49.210346],[16.616687,49.210346],[16.616634,49.210326],[16.616633,49.210326],[16.616629,49.210325],[16.616627,49.210328],[16.61662,49.210335],[16.616603,49.210354],[16.616661,49.210376],[16.616661,49.210375],[16.616688,49.210385],[16.616694,49.210378],[16.616707,49.210364],[16.616713,49.210356]]]},"properties":{"id":75214,"buildingId":54678,"floorId":75136,"floorLevel":4,"name":"BA01N5011","type":"office","category":"office","label":"Office","passportNumber":"BA01N5011","seats":null,"hasProjector":false,"hasWhiteboard":false,"code":591}},{"type":"Feature","geometry":{"type":"Polygon","coordinates":[[[16.616553,49.210376],[16.616524,49.210365],[16.616524,49.210366],[16.616497,49.210356],[16.616491,49.210363],[16.616478,49.210378],[16.616472,49.210385],[16.616498,49.210395],[16.616498,49.210395],[16.616526,49.210406],[16.616542,49.210388],[16.616549,49.210381],[16.616553,49.210376]]]},"properties":{"id":75215,"buildingId":54678,"floorId":75136,"floorLevel":4,"name":"BA01N5019","type":"office","category":"office","label":"Office","passportNumber":"BA01N5019","seats":null,"hasProjector":false,"hasWhiteboard":false,"code":561}},{"type":"Feature","geometry":{"type":"Polygon","coordinates":[[[16.616686,49.210388],[16.616659,49.210378],[16.61666,49.210377],[16.616603,49.210355],[16.616583,49.210377],[16.616577,49.210384],[16.616576,49.210386],[16.616633,49.210407],[16.616634,49.210406],[16.616661,49.210416],[16.616667,49.210409],[16.61668,49.210395],[16.616686,49.210388]]]},"properties":{"id":75216,"buildingId":54678,"floorId":75136,"floorLevel":4,"name":"BA01N5012","type":"office","category":"office","label":"Office","passportNumber":"BA01N5012","seats":null,"hasProjector":false,"hasWhiteboard":false,"code":554}},{"type":"Feature","geometry":{"type":"Polygon","coordinates":[[[16.616526,49.210407],[16.616497,49.210396],[16.616496,49.210397],[16.61647,49.210387],[16.616464,49.210394],[16.616451,49.210409],[16.616445,49.210416],[16.616471,49.210426],[16.61647,49.210427],[16.616499,49.210437],[16.616515,49.210419],[16.616521,49.210412],[16.616526,49.210407]]]},"properties":{"id":75217,"buildingId":54678,"floorId":75136,"floorLevel":4,"name":"BA01N5018","type":"office","category":"office","label":"Office","passportNumber":"BA01N5018","seats":null,"hasProjector":false,"hasWhiteboard":false,"code":561}},{"type":"Feature","geometry":{"type":"Polygon","coordinates":[[[16.616659,49.210419],[16.616632,49.210409],[16.616633,49.210408],[16.616575,49.210386],[16.616556,49.210408],[16.61655,49.210415],[16.616549,49.210417],[16.616555,49.210419],[16.616565,49.210423],[16.616606,49.210438],[16.616607,49.210438],[16.616633,49.210448],[16.61664,49.21044],[16.616652,49.210426],[16.616659,49.210419]]]},"properties":{"id":75218,"buildingId":54678,"floorId":75136,"floorLevel":4,"name":"BA01N5013","type":"office","category":"office","label":"Office","passportNumber":"BA01N5013","seats":null,"hasProjector":false,"hasWhiteboard":false,"code":561}},{"type":"Feature","geometry":{"type":"Polygon","coordinates":[[[16.616498,49.210438],[16.61647,49.210427],[16.616469,49.210428],[16.616443,49.210418],[16.61643,49.210433],[16.616417,49.210447],[16.616444,49.210457],[16.616443,49.210458],[16.616471,49.210469],[16.616488,49.21045],[16.616494,49.210443],[16.616498,49.210438]]]},"properties":{"id":75219,"buildingId":54678,"floorId":75136,"floorLevel":4,"name":"BA01N5017","type":"office","category":"office","label":"Office","passportNumber":"BA01N5017","seats":null,"hasProjector":false,"hasWhiteboard":false,"code":561}},{"type":"Feature","geometry":{"type":"Polygon","coordinates":[[[16.616631,49.21045],[16.616605,49.21044],[16.616605,49.210439],[16.616565,49.210424],[16.616554,49.21042],[16.616548,49.210418],[16.616521,49.210449],[16.616578,49.21047],[16.616579,49.210469],[16.616606,49.210479],[16.616612,49.210472],[16.616625,49.210457],[16.616631,49.21045]]]},"properties":{"id":75220,"buildingId":54678,"floorId":75136,"floorLevel":4,"name":"BA01N5014","type":"office","category":"office","label":"Office","passportNumber":"BA01N5014","seats":null,"hasProjector":false,"hasWhiteboard":false,"code":561}},{"type":"Feature","geometry":{"type":"Polygon","coordinates":[[[16.616457,49.210481],[16.61646,49.210482],[16.61646,49.210482],[16.616466,49.210475],[16.616471,49.21047],[16.616442,49.210459],[16.616442,49.21046],[16.616424,49.210453],[16.616435,49.21048],[16.616452,49.210486],[16.616457,49.210481]]]},"properties":{"id":75221,"buildingId":54678,"floorId":75136,"floorLevel":4,"name":"BA01N5016","type":"storage","category":"service","label":"Storage","passportNumber":"BA01N5016","seats":null,"hasProjector":false,"hasWhiteboard":false,"code":561}},{"type":"Feature","geometry":{"type":"Polygon","coordinates":[[[16.616656,49.210293],[16.616653,49.210291],[16.616637,49.210286],[16.616634,49.210284],[16.616634,49.210285],[16.616629,49.21029],[16.616623,49.210298],[16.616617,49.210305],[16.616595,49.21033],[16.616589,49.210337],[16.616577,49.21035],[16.616571,49.210357],[16.61655,49.210381],[16.616544,49.210388],[16.616522,49.210412],[16.616516,49.210419],[16.616495,49.210444],[16.616489,49.210451],[16.616468,49.210475],[16.616461,49.210482],[16.616456,49.210489],[16.616457,49.210489],[16.616476,49.210496],[16.616477,49.210497],[16.616492,49.21048],[16.616498,49.210473],[16.616549,49.210414],[16.616555,49.210407],[16.616576,49.210384],[16.616582,49.210377],[16.616619,49.210334],[16.616625,49.210327],[16.616656,49.210293]]]},"properties":{"id":75222,"buildingId":54678,"floorId":75136,"floorLevel":4,"name":"BA01N5010","type":"floor","category":"structure","label":"Corridor","passportNumber":"BA01N5010","seats":null,"hasProjector":false,"hasWhiteboard":false,"code":561}},{"type":"Feature","geometry":{"type":"Polygon","coordinates":[[[16.616564,49.210504],[16.616579,49.210509],[16.616591,49.210496],[16.616604,49.210481],[16.61652,49.21045],[16.616499,49.210473],[16.616493,49.21048],[16.616487,49.210487],[16.616493,49.210489],[16.616484,49.210499],[16.616486,49.2105],[16.616504,49.210507],[16.616506,49.210507],[16.616509,49.210503],[16.616528,49.21051],[16.616564,49.210504]]]},"properties":{"id":75223,"buildingId":54678,"floorId":75136,"floorLevel":4,"name":"BA01N5015","type":"office","category":"office","label":"Office","passportNumber":"BA01N5015","seats":null,"hasProjector":false,"hasWhiteboard":false,"code":561}},{"type":"Feature","geometry":{"type":"Polygon","coordinates":[[[16.615441,49.209695],[16.615418,49.209686],[16.615421,49.209683],[16.615403,49.209676],[16.6154,49.20968],[16.615384,49.209674],[16.61538,49.209679],[16.61537,49.20969],[16.615364,49.209697],[16.61541,49.209713],[16.61542,49.209718],[16.615421,49.209718],[16.615432,49.209704],[16.615439,49.209697],[16.615441,49.209695]]]},"properties":{"id":79942,"buildingId":54678,"floorId":79639,"floorLevel":3,"name":"BA01N4101","type":"office","category":"office","label":"Office","passportNumber":"BA01N4101","seats":null,"hasProjector":false,"hasWhiteboard":false,"code":235}},{"type":"Feature","geometry":{"type":"Polygon","coordinates":[[[16.615611,49.209684],[16.615607,49.209682],[16.61559,49.209676],[16.615556,49.209663],[16.615539,49.209657],[16.615512,49.209646],[16.615495,49.20964],[16.615467,49.20963],[16.61545,49.209623],[16.615433,49.209617],[16.615388,49.209669],[16.615495,49.209709],[16.615511,49.209715],[16.615565,49.209735],[16.615611,49.209684]]]},"properties":{"id":79943,"buildingId":54678,"floorId":79639,"floorLevel":3,"name":"BA01N4102","type":"classroom_and_laboratory","category":"teaching","label":"Classroom / lab","passportNumber":"BA01N4102","seats":60,"hasProjector":false,"hasWhiteboard":false,"code":991}},{"type":"Feature","geometry":{"type":"Polygon","coordinates":[[[16.615447,49.209721],[16.615452,49.209723],[16.615462,49.209712],[16.615457,49.20971],[16.615463,49.209703],[16.615462,49.209703],[16.615465,49.209699],[16.615447,49.209693],[16.615444,49.209696],[16.615442,49.209696],[16.61544,49.209698],[16.615434,49.209705],[16.615418,49.209723],[16.615423,49.209725],[16.615434,49.209729],[16.615439,49.209731],[16.615447,49.209721]]]},"properties":{"id":79944,"buildingId":54678,"floorId":79639,"floorLevel":3,"name":"BA01N4100","type":"lobby","category":"circulation","label":"Lobby","passportNumber":"BA01N4100","seats":null,"hasProjector":false,"hasWhiteboard":false,"code":223}},{"type":"Feature","geometry":{"type":"Polygon","coordinates":[[[16.615651,49.209699],[16.615643,49.209696],[16.615626,49.209689],[16.615612,49.209684],[16.615567,49.209736],[16.615582,49.209741],[16.615597,49.209747],[16.615606,49.209751],[16.615651,49.209699]]]},"properties":{"id":79945,"buildingId":54678,"floorId":79639,"floorLevel":3,"name":"BA01N4103","type":"office","category":"office","label":"Office","passportNumber":"BA01N4103","seats":null,"hasProjector":false,"hasWhiteboard":false,"code":223}},{"type":"Feature","geometry":{"type":"Polygon","coordinates":[[[16.61542,49.209719],[16.615419,49.209719],[16.615409,49.209715],[16.615363,49.209698],[16.615359,49.209703],[16.615349,49.209714],[16.615344,49.20972],[16.6154,49.209741],[16.615407,49.209734],[16.615413,49.209727],[16.61542,49.209719]]]},"properties":{"id":79946,"buildingId":54678,"floorId":79639,"floorLevel":3,"name":"BA01N4099","type":"office","category":"office","label":"Office","passportNumber":"BA01N4099","seats":null,"hasProjector":false,"hasWhiteboard":false,"code":223}},{"type":"Feature","geometry":{"type":"Polygon","coordinates":[[[16.615438,49.209732],[16.615433,49.20973],[16.615422,49.209726],[16.615417,49.209724],[16.615415,49.209727],[16.615409,49.209734],[16.615402,49.209742],[16.615422,49.20975],[16.615428,49.209743],[16.615437,49.209733],[16.615438,49.209732]]]},"properties":{"id":79947,"buildingId":54678,"floorId":79639,"floorLevel":3,"name":"BA01N4098","type":"lobby","category":"circulation","label":"Lobby","passportNumber":"BA01N4098","seats":null,"hasProjector":false,"hasWhiteboard":false,"code":223}},{"type":"Feature","geometry":{"type":"Polygon","coordinates":[[[16.615722,49.209726],[16.615715,49.209723],[16.615698,49.209717],[16.615679,49.209709],[16.615662,49.209703],[16.615653,49.209699],[16.615608,49.209751],[16.615617,49.209755],[16.615614,49.209758],[16.615631,49.209765],[16.615635,49.209761],[16.615654,49.209769],[16.615669,49.209774],[16.615677,49.209777],[16.615722,49.209726]]]},"properties":{"id":79948,"buildingId":54678,"floorId":79639,"floorLevel":3,"name":"BA01N4104","type":"classroom_and_laboratory","category":"teaching","label":"Classroom / lab","passportNumber":"BA01N4104","seats":15,"hasProjector":false,"hasWhiteboard":false,"code":223}},{"type":"Feature","geometry":{"type":"Polygon","coordinates":[[[16.615549,49.209764],[16.615546,49.209763],[16.615535,49.209759],[16.61552,49.209753],[16.615519,49.209754],[16.61553,49.209783],[16.615531,49.209783],[16.615531,49.209784],[16.615549,49.209764]]]},"properties":{"id":79949,"buildingId":54678,"floorId":79639,"floorLevel":3,"name":"BA01N4118","type":"elevator","category":"circulation","label":"Elevator","passportNumber":"BA01N4118","seats":null,"hasProjector":false,"hasWhiteboard":false,"code":991}},{"type":"Feature","geometry":{"type":"Polygon","coordinates":[[[16.615462,49.209756],[16.615467,49.209756],[16.615465,49.209751],[16.615473,49.209742],[16.615476,49.209742],[16.615493,49.209739],[16.615496,49.209738],[16.615509,49.209743],[16.615511,49.209749],[16.615516,49.209746],[16.615523,49.209749],[16.61552,49.209752],[16.615536,49.209758],[16.615546,49.209762],[16.615549,49.209763],[16.615552,49.20976],[16.615557,49.209761],[16.615559,49.209759],[16.615569,49.209747],[16.615572,49.209744],[16.615553,49.209737],[16.615543,49.209734],[16.615507,49.20972],[16.615511,49.209716],[16.61551,49.209716],[16.615494,49.20971],[16.615493,49.20971],[16.61549,49.209713],[16.61547,49.209706],[16.615445,49.209735],[16.61544,49.209733],[16.615439,49.209733],[16.61543,49.209744],[16.615429,49.209744],[16.615435,49.209746],[16.615433,49.209748],[16.615429,49.209753],[16.615425,49.209758],[16.615419,49.209756],[16.615419,49.209756],[16.61541,49.209767],[16.615409,49.209767],[16.615415,49.209769],[16.615414,49.20977],[16.615417,49.209771],[16.615437,49.209778],[16.615441,49.20978],[16.615442,49.209779],[16.615457,49.209761],[16.615462,49.209756]]]},"properties":{"id":79950,"buildingId":54678,"floorId":79639,"floorLevel":3,"name":"BA01N4077","type":"floor","category":"structure","label":"Corridor","passportNumber":"BA01N4077","seats":null,"hasProjector":false,"hasWhiteboard":false,"code":991}},{"type":"Feature","geometry":{"type":"Polygon","coordinates":[[[16.615791,49.209751],[16.615788,49.20975],[16.615771,49.209744],[16.615752,49.209737],[16.615735,49.20973],[16.615724,49.209726],[16.615679,49.209778],[16.615726,49.209796],[16.615738,49.2098],[16.615746,49.209803],[16.615749,49.209799],[16.615756,49.209791],[16.615791,49.209751]]]},"properties":{"id":79951,"buildingId":54678,"floorId":79639,"floorLevel":3,"name":"BA01N4105","type":"classroom_and_laboratory","category":"teaching","label":"Classroom / lab","passportNumber":"BA01N4105","seats":null,"hasProjector":false,"hasWhiteboard":false,"code":235}},{"type":"Feature","geometry":{"type":"Polygon","coordinates":[[[16.615609,49.209783],[16.615599,49.209779],[16.615593,49.209785],[16.615588,49.209783],[16.615578,49.209795],[16.615594,49.209801],[16.615595,49.209799],[16.6156,49.209794],[16.615609,49.209783]]]},"properties":{"id":79952,"buildingId":54678,"floorId":79639,"floorLevel":3,"name":"BA01N4075","type":"shower","category":"service","label":"Shower","passportNumber":"BA01N4075","seats":null,"hasProjector":false,"hasWhiteboard":false,"code":223}},{"type":"Feature","geometry":{"type":"Polygon","coordinates":[[[16.615832,49.209767],[16.615824,49.209764],[16.615807,49.209757],[16.615793,49.209752],[16.615758,49.209792],[16.615751,49.2098],[16.615747,49.209804],[16.615786,49.209818],[16.615832,49.209767]]]},"properties":{"id":79953,"buildingId":54678,"floorId":79639,"floorLevel":3,"name":"BA01N4106","type":"preparatory","category":"service","label":"Preparatory","passportNumber":"BA01N4106","seats":null,"hasProjector":false,"hasWhiteboard":false,"code":235}},{"type":"Feature","geometry":{"type":"Polygon","coordinates":[[[16.615907,49.209795],[16.615897,49.209791],[16.61588,49.209785],[16.615874,49.209783],[16.615846,49.209815],[16.615857,49.209819],[16.615868,49.209823],[16.615879,49.209827],[16.615907,49.209795]]]},"properties":{"id":79954,"buildingId":54678,"floorId":79639,"floorLevel":3,"name":"BA01N4109","type":"classroom_and_laboratory","category":"teaching","label":"Classroom / lab","passportNumber":"BA01N4109","seats":null,"hasProjector":false,"hasWhiteboard":false,"code":223}},{"type":"Feature","geometry":{"type":"Polygon","coordinates":[[[16.615464,49.209791],[16.615445,49.209784],[16.615444,49.209785],[16.61544,49.209783],[16.615438,49.209785],[16.615433,49.209791],[16.615433,49.209792],[16.615437,49.209793],[16.615436,49.209794],[16.615455,49.209801],[16.615464,49.209791]]]},"properties":{"id":79955,"buildingId":54678,"floorId":79639,"floorLevel":3,"name":"BA01N4080","type":"utility_room","category":"service","label":"Utility","passportNumber":"BA01N4080","seats":null,"hasProjector":false,"hasWhiteboard":false,"code":223}},{"type":"Feature","geometry":{"type":"Polygon","coordinates":[[[16.615592,49.209776],[16.615582,49.209773],[16.615571,49.209769],[16.615558,49.209764],[16.615534,49.209791],[16.615537,49.209799],[16.615542,49.209801],[16.615559,49.209807],[16.615564,49.209809],[16.615592,49.209776]]]},"properties":{"id":79956,"buildingId":54678,"floorId":79639,"floorLevel":3,"name":"BA01N4076","type":"office","category":"office","label":"Office","passportNumber":"BA01N4076","seats":null,"hasProjector":false,"hasWhiteboard":false,"code":235}},{"type":"Feature","geometry":{"type":"Polygon","coordinates":[[[16.615873,49.209782],[16.615861,49.209778],[16.615844,49.209771],[16.615833,49.209767],[16.615788,49.209819],[16.615798,49.209823],[16.615814,49.209829],[16.615827,49.209834],[16.615873,49.209782]]]},"properties":{"id":79957,"buildingId":54678,"floorId":79639,"floorLevel":3,"name":"BA01N4107","type":"office","category":"office","label":"Office","passportNumber":"BA01N4107","seats":null,"hasProjector":false,"hasWhiteboard":false,"code":223}},{"type":"Feature","geometry":{"type":"Polygon","coordinates":[[[16.615942,49.209808],[16.615933,49.209805],[16.615916,49.209798],[16.615908,49.209795],[16.61588,49.209827],[16.615892,49.209832],[16.615903,49.209836],[16.615914,49.20984],[16.615942,49.209808]]]},"properties":{"id":79958,"buildingId":54678,"floorId":79639,"floorLevel":3,"name":"BA01N4110","type":"classroom_and_laboratory","category":"teaching","label":"Classroom / lab","passportNumber":"BA01N4110","seats":null,"hasProjector":false,"hasWhiteboard":false,"code":223}},{"type":"Feature","geometry":{"type":"Polygon","coordinates":[[[16.61563,49.20979],[16.615628,49.20979],[16.615617,49.209786],[16.615611,49.209784],[16.615602,49.209795],[16.615597,49.2098],[16.615596,49.209801],[16.615595,49.209802],[16.615577,49.209795],[16.615572,49.209801],[16.615571,49.209802],[16.615565,49.209809],[16.615572,49.209812],[16.615582,49.209816],[16.615583,49.209816],[16.615584,49.209816],[16.615586,49.209817],[16.615596,49.209821],[16.615601,49.209823],[16.615613,49.209809],[16.615614,49.209808],[16.61563,49.20979]]]},"properties":{"id":79959,"buildingId":54678,"floorId":79639,"floorLevel":3,"name":"BA01N4074","type":"toilet","category":"service","label":"Toilet","passportNumber":"BA01N4074","seats":null,"hasProjector":false,"hasWhiteboard":false,"code":223}},{"type":"Feature","geometry":{"type":"Polygon","coordinates":[[[16.615482,49.209811],[16.615477,49.20981],[16.615471,49.209807],[16.615471,49.209807],[16.615469,49.209807],[16.615476,49.209799],[16.615467,49.209795],[16.61546,49.209803],[16.615432,49.209793],[16.615432,49.209793],[16.615425,49.2098],[16.615418,49.209809],[16.615436,49.209816],[16.615437,49.209816],[16.615455,49.209823],[16.615456,49.209823],[16.615468,49.209828],[16.615472,49.209822],[16.615482,49.209811]]]},"properties":{"id":79960,"buildingId":54678,"floorId":79639,"floorLevel":3,"name":"BA01N4081","type":"office","category":"office","label":"Office","passportNumber":"BA01N4081","seats":null,"hasProjector":false,"hasWhiteboard":false,"code":223}},{"type":"Feature","geometry":{"type":"Polygon","coordinates":[[[16.615421,49.209751],[16.615343,49.209721],[16.615338,49.209726],[16.615329,49.209737],[16.615318,49.20975],[16.615308,49.209761],[16.615297,49.209774],[16.615287,49.209785],[16.615282,49.209791],[16.615361,49.20982],[16.615408,49.209766],[16.615417,49.209756],[16.615421,49.209751]]]},"properties":{"id":79961,"buildingId":54678,"floorId":79639,"floorLevel":3,"name":"BA01N4097","type":"classroom_and_laboratory","category":"teaching","label":"Classroom / lab","passportNumber":"BA01N4097","seats":20,"hasProjector":false,"hasWhiteboard":false,"code":223}},{"type":"Feature","geometry":{"type":"Polygon","coordinates":[[[16.615914,49.209841],[16.615902,49.209836],[16.615891,49.209832],[16.615867,49.209823],[16.615857,49.209819],[16.615846,49.209815],[16.615829,49.209834],[16.61587,49.20985],[16.615886,49.209856],[16.615897,49.20986],[16.615914,49.209841]]]},"properties":{"id":79962,"buildingId":54678,"floorId":79639,"floorLevel":3,"name":"BA01N4108","type":"lobby","category":"circulation","label":"Lobby","passportNumber":"BA01N4108","seats":null,"hasProjector":false,"hasWhiteboard":false,"code":223}},{"type":"Feature","geometry":{"type":"Polygon","coordinates":[[[16.615697,49.209816],[16.615668,49.209805],[16.615656,49.209801],[16.615631,49.209791],[16.615603,49.209823],[16.615609,49.209826],[16.615627,49.209832],[16.615644,49.209839],[16.615661,49.209845],[16.615669,49.209848],[16.615697,49.209816]]]},"properties":{"id":79963,"buildingId":54678,"floorId":79639,"floorLevel":3,"name":"BA01N4073","type":"office","category":"office","label":"Office","passportNumber":"BA01N4073","seats":null,"hasProjector":false,"hasWhiteboard":false,"code":223}},{"type":"Feature","geometry":{"type":"Polygon","coordinates":[[[16.61661,49.210286],[16.61662,49.21029],[16.616626,49.210283],[16.616607,49.210276],[16.616599,49.210273],[16.616597,49.210272],[16.616588,49.210283],[16.616607,49.21029],[16.61661,49.210286]]]},"properties":{"id":80030,"buildingId":54678,"floorId":79639,"floorLevel":3,"name":"BA01N4042","type":"shower","category":"service","label":"Shower","passportNumber":"BA01N4042","seats":null,"hasProjector":false,"hasWhiteboard":false,"code":221}},{"type":"Feature","geometry":{"type":"Polygon","coordinates":[[[16.616036,49.209843],[16.61602,49.209837],[16.616003,49.209831],[16.615993,49.209827],[16.615961,49.209864],[16.615977,49.20987],[16.615988,49.209874],[16.616003,49.20988],[16.616036,49.209843]]]},"properties":{"id":79964,"buildingId":54678,"floorId":79639,"floorLevel":3,"name":"BA01N4113","type":"classroom_and_laboratory","category":"teaching","label":"Classroom / lab","passportNumber":"BA01N4113","seats":null,"hasProjector":false,"hasWhiteboard":false,"code":223}},{"type":"Feature","geometry":{"type":"Polygon","coordinates":[[[16.61572,49.209837],[16.615715,49.209835],[16.615723,49.209826],[16.615718,49.209824],[16.615706,49.209819],[16.615698,49.209816],[16.61567,49.209849],[16.615678,49.209852],[16.615695,49.209858],[16.615699,49.20986],[16.61572,49.209837]]]},"properties":{"id":79965,"buildingId":54678,"floorId":79639,"floorLevel":3,"name":"BA01N4072","type":"office","category":"office","label":"Office","passportNumber":"BA01N4072","seats":null,"hasProjector":false,"hasWhiteboard":false,"code":223}},{"type":"Feature","geometry":{"type":"Polygon","coordinates":[[[16.615991,49.209827],[16.61597,49.209818],[16.615953,49.209812],[16.615944,49.209809],[16.615899,49.209861],[16.615905,49.209863],[16.615923,49.20987],[16.615946,49.209878],[16.615949,49.209875],[16.615955,49.209868],[16.615991,49.209827]]]},"properties":{"id":79966,"buildingId":54678,"floorId":79639,"floorLevel":3,"name":"BA01N4111","type":"classroom_and_laboratory","category":"teaching","label":"Classroom / lab","passportNumber":"BA01N4111","seats":null,"hasProjector":false,"hasWhiteboard":false,"code":223}},{"type":"Feature","geometry":{"type":"Polygon","coordinates":[[[16.616076,49.209859],[16.616063,49.209853],[16.616046,49.209847],[16.616037,49.209844],[16.616005,49.20988],[16.616019,49.209886],[16.61603,49.20989],[16.616044,49.209895],[16.616076,49.209859]]]},"properties":{"id":79967,"buildingId":54678,"floorId":79639,"floorLevel":3,"name":"BA01N4114","type":"classroom_and_laboratory","category":"teaching","label":"Classroom / lab","passportNumber":"BA01N4114","seats":null,"hasProjector":false,"hasWhiteboard":false,"code":223}},{"type":"Feature","geometry":{"type":"Polygon","coordinates":[[[16.615768,49.209842],[16.615756,49.209838],[16.615744,49.209834],[16.615724,49.209826],[16.615717,49.209834],[16.615722,49.209836],[16.615701,49.20986],[16.615712,49.209864],[16.615729,49.209871],[16.615739,49.209875],[16.615768,49.209842]]]},"properties":{"id":79968,"buildingId":54678,"floorId":79639,"floorLevel":3,"name":"BA01N4071","type":"office","category":"office","label":"Office","passportNumber":"BA01N4071","seats":null,"hasProjector":false,"hasWhiteboard":false,"code":223}},{"type":"Feature","geometry":{"type":"Polygon","coordinates":[[[16.615798,49.209854],[16.615787,49.20985],[16.615776,49.209846],[16.615769,49.209843],[16.615741,49.209875],[16.615743,49.209876],[16.615753,49.20988],[16.615757,49.209881],[16.615767,49.209885],[16.61577,49.209886],[16.615781,49.209874],[16.615787,49.209867],[16.615798,49.209854]]]},"properties":{"id":79969,"buildingId":54678,"floorId":79639,"floorLevel":3,"name":"BA01N4070","type":"office","category":"office","label":"Office","passportNumber":"BA01N4070","seats":null,"hasProjector":false,"hasWhiteboard":false,"code":223}},{"type":"Feature","geometry":{"type":"Polygon","coordinates":[[[16.616043,49.209896],[16.616029,49.209891],[16.616019,49.209887],[16.615987,49.209875],[16.615976,49.209871],[16.61596,49.209865],[16.615957,49.209868],[16.615951,49.209875],[16.615948,49.209879],[16.615956,49.209882],[16.615971,49.209888],[16.61603,49.20991],[16.616034,49.209906],[16.61604,49.209899],[16.616043,49.209896]]]},"properties":{"id":79970,"buildingId":54678,"floorId":79639,"floorLevel":3,"name":"BA01N4112","type":"floor","category":"structure","label":"Corridor","passportNumber":"BA01N4112","seats":null,"hasProjector":false,"hasWhiteboard":false,"code":223}},{"type":"Feature","geometry":{"type":"Polygon","coordinates":[[[16.61536,49.209821],[16.615281,49.209791],[16.615276,49.209797],[16.615266,49.209809],[16.615255,49.209821],[16.615246,49.209832],[16.61524,49.209838],[16.615319,49.209868],[16.615325,49.209861],[16.615334,49.209851],[16.61536,49.209821]]]},"properties":{"id":79971,"buildingId":54678,"floorId":79639,"floorLevel":3,"name":"BA01N4096","type":"office","category":"office","label":"Office","passportNumber":"BA01N4096","seats":null,"hasProjector":false,"hasWhiteboard":false,"code":223}},{"type":"Feature","geometry":{"type":"Polygon","coordinates":[[[16.616113,49.209872],[16.616105,49.209869],[16.616088,49.209863],[16.616077,49.209859],[16.616041,49.2099],[16.616035,49.209907],[16.616031,49.20991],[16.616068,49.209924],[16.616113,49.209872]]]},"properties":{"id":79972,"buildingId":54678,"floorId":79639,"floorLevel":3,"name":"BA01N4115","type":"classroom_and_laboratory","category":"teaching","label":"Classroom / lab","passportNumber":"BA01N4115","seats":null,"hasProjector":false,"hasWhiteboard":false,"code":223}},{"type":"Feature","geometry":{"type":"Polygon","coordinates":[[[16.615869,49.20988],[16.615858,49.209876],[16.615846,49.209872],[16.6158,49.209854],[16.615789,49.209867],[16.615782,49.209874],[16.615771,49.209887],[16.61578,49.20989],[16.615797,49.209897],[16.615814,49.209903],[16.615832,49.209909],[16.61584,49.209913],[16.615869,49.20988]]]},"properties":{"id":79973,"buildingId":54678,"floorId":79639,"floorLevel":3,"name":"BA01N4069","type":"office","category":"office","label":"Office","passportNumber":"BA01N4069","seats":null,"hasProjector":false,"hasWhiteboard":false,"code":223}},{"type":"Feature","geometry":{"type":"Polygon","coordinates":[[[16.616014,49.209911],[16.616014,49.20991],[16.61601,49.209909],[16.616009,49.209909],[16.616013,49.209905],[16.615997,49.209899],[16.615993,49.209903],[16.615968,49.209893],[16.615971,49.209889],[16.61597,49.209889],[16.615955,49.209883],[16.615953,49.209883],[16.61595,49.209887],[16.615919,49.209875],[16.615901,49.209868],[16.615882,49.209861],[16.615886,49.209857],[16.615885,49.209857],[16.615869,49.209851],[16.615868,49.209851],[16.615864,49.209854],[16.615844,49.209847],[16.615847,49.209843],[16.615833,49.209838],[16.615829,49.209841],[16.615811,49.209834],[16.615814,49.20983],[16.615813,49.20983],[16.615797,49.209824],[16.615796,49.209824],[16.615793,49.209827],[16.615773,49.20982],[16.615756,49.209814],[16.615735,49.209806],[16.615739,49.209802],[16.615737,49.209801],[16.615725,49.209797],[16.615724,49.209797],[16.615721,49.2098],[16.6157,49.209793],[16.615703,49.209789],[16.615687,49.209783],[16.615684,49.209787],[16.615666,49.20978],[16.61567,49.209776],[16.615668,49.209776],[16.615653,49.20977],[16.615652,49.209769],[16.615648,49.209773],[16.615594,49.209753],[16.615597,49.209749],[16.615596,49.209748],[16.615581,49.209742],[16.615579,49.209742],[16.615576,49.209746],[16.615572,49.209745],[16.61557,49.209747],[16.615559,49.209759],[16.615557,49.209762],[16.615572,49.209767],[16.615583,49.209771],[16.615618,49.209785],[16.615629,49.209789],[16.615657,49.209799],[16.615669,49.209804],[16.615707,49.209818],[16.615719,49.209823],[16.615745,49.209832],[16.615757,49.209837],[16.615777,49.209844],[16.615788,49.209849],[16.615847,49.209871],[16.615859,49.209875],[16.615895,49.209889],[16.615906,49.209893],[16.615958,49.209912],[16.615969,49.209916],[16.615987,49.209923],[16.615998,49.209927],[16.615999,49.209928],[16.616,49.209927],[16.616014,49.209912],[16.616014,49.209911]]]},"properties":{"id":79974,"buildingId":54678,"floorId":79639,"floorLevel":3,"name":"BA01N4065","type":"floor","category":"structure","label":"Corridor","passportNumber":"BA01N4065","seats":null,"hasProjector":false,"hasWhiteboard":false,"code":223}},{"type":"Feature","geometry":{"type":"Polygon","coordinates":[[[16.615444,49.209855],[16.615394,49.209836],[16.615367,49.209867],[16.61536,49.209874],[16.615354,49.209881],[16.615404,49.2099],[16.615412,49.209892],[16.615421,49.209881],[16.61543,49.209871],[16.615439,49.20986],[16.615444,49.209855]]]},"properties":{"id":79975,"buildingId":54678,"floorId":79639,"floorLevel":3,"name":"BA01N4084","type":"classroom_and_laboratory","category":"teaching","label":"Classroom / lab","passportNumber":"BA01N4084","seats":null,"hasProjector":false,"hasWhiteboard":false,"code":223}},{"type":"Feature","geometry":{"type":"Polygon","coordinates":[[[16.615935,49.209905],[16.615905,49.209894],[16.615894,49.20989],[16.61587,49.209881],[16.615842,49.209913],[16.615849,49.209916],[16.615866,49.209922],[16.615883,49.209929],[16.6159,49.209935],[16.615906,49.209937],[16.615935,49.209905]]]},"properties":{"id":79976,"buildingId":54678,"floorId":79639,"floorLevel":3,"name":"BA01N4068","type":"office","category":"office","label":"Office","passportNumber":"BA01N4068","seats":null,"hasProjector":false,"hasWhiteboard":false,"code":223}},{"type":"Feature","geometry":{"type":"Polygon","coordinates":[[[16.615318,49.209869],[16.615239,49.209839],[16.615235,49.209845],[16.615225,49.209856],[16.615217,49.209865],[16.615296,49.209894],[16.615304,49.209885],[16.615313,49.209874],[16.615318,49.209869]]]},"properties":{"id":79977,"buildingId":54678,"floorId":79639,"floorLevel":3,"name":"BA01N4095","type":"office","category":"office","label":"Office","passportNumber":"BA01N4095","seats":null,"hasProjector":false,"hasWhiteboard":false,"code":223}},{"type":"Feature","geometry":{"type":"Polygon","coordinates":[[[16.616012,49.209938],[16.616003,49.209935],[16.615994,49.209945],[16.616004,49.209948],[16.616005,49.209947],[16.616011,49.20994],[16.616012,49.209938]]]},"properties":{"id":79978,"buildingId":54678,"floorId":79639,"floorLevel":3,"name":"BA01N4065a","type":"office","category":"office","label":"Office","passportNumber":"BA01N4065a","seats":null,"hasProjector":false,"hasWhiteboard":false,"code":223}},{"type":"Feature","geometry":{"type":"Polygon","coordinates":[[[16.615973,49.209919],[16.615968,49.209918],[16.615957,49.209913],[16.615942,49.209908],[16.615935,49.209915],[16.615929,49.209913],[16.615907,49.209938],[16.615913,49.20994],[16.615924,49.209944],[16.615927,49.209945],[16.615937,49.209949],[16.615944,49.209952],[16.615973,49.209919]]]},"properties":{"id":79979,"buildingId":54678,"floorId":79639,"floorLevel":3,"name":"BA01N4067","type":"office","category":"office","label":"Office","passportNumber":"BA01N4067","seats":null,"hasProjector":false,"hasWhiteboard":false,"code":223}},{"type":"Feature","geometry":{"type":"Polygon","coordinates":[[[16.616046,49.209951],[16.616034,49.209947],[16.616032,49.209948],[16.616026,49.209955],[16.616025,49.209956],[16.616038,49.209961],[16.616046,49.209951]]]},"properties":{"id":79980,"buildingId":54678,"floorId":79639,"floorLevel":3,"name":"BA01N4064","type":"storage","category":"service","label":"Storage","passportNumber":"BA01N4064","seats":null,"hasProjector":false,"hasWhiteboard":false,"code":223}},{"type":"Feature","geometry":{"type":"Polygon","coordinates":[[[16.615998,49.209929],[16.615997,49.209928],[16.615986,49.209924],[16.615975,49.20992],[16.615946,49.209953],[16.61595,49.209954],[16.615967,49.20996],[16.61597,49.209961],[16.615998,49.209929]]]},"properties":{"id":79981,"buildingId":54678,"floorId":79639,"floorLevel":3,"name":"BA01N4066","type":"office","category":"office","label":"Office","passportNumber":"BA01N4066","seats":null,"hasProjector":false,"hasWhiteboard":false,"code":223}},{"type":"Feature","geometry":{"type":"Polygon","coordinates":[[[16.616236,49.209981],[16.616251,49.209979],[16.616256,49.209981],[16.616283,49.20995],[16.616278,49.209948],[16.616274,49.209939],[16.616278,49.209934],[16.616271,49.209932],[16.616254,49.209925],[16.616228,49.209916],[16.616211,49.209909],[16.616203,49.209906],[16.616158,49.209958],[16.616212,49.209978],[16.616224,49.209983],[16.616232,49.209986],[16.616236,49.209981]]]},"properties":{"id":79982,"buildingId":54678,"floorId":79639,"floorLevel":3,"name":"BA01N4002","type":"classroom_and_laboratory","category":"teaching","label":"Classroom / lab","passportNumber":"BA01N4002","seats":25,"hasProjector":false,"hasWhiteboard":false,"code":223}},{"type":"Feature","geometry":{"type":"Polygon","coordinates":[[[16.615403,49.209901],[16.615353,49.209882],[16.61535,49.209886],[16.615344,49.209893],[16.615332,49.209907],[16.615382,49.209926],[16.615388,49.209919],[16.615394,49.209912],[16.615395,49.20991],[16.615401,49.209903],[16.615403,49.209901]]]},"properties":{"id":79983,"buildingId":54678,"floorId":79639,"floorLevel":3,"name":"BA01N4085","type":"office","category":"office","label":"Office","passportNumber":"BA01N4085","seats":null,"hasProjector":false,"hasWhiteboard":false,"code":223}},{"type":"Feature","geometry":{"type":"Polygon","coordinates":[[[16.615295,49.209896],[16.615216,49.209866],[16.615214,49.209868],[16.615204,49.20988],[16.615192,49.209893],[16.615271,49.209923],[16.615283,49.209908],[16.615292,49.209898],[16.615295,49.209896]]]},"properties":{"id":79984,"buildingId":54678,"floorId":79639,"floorLevel":3,"name":"BA01N4094","type":"office","category":"office","label":"Office","passportNumber":"BA01N4094","seats":null,"hasProjector":false,"hasWhiteboard":false,"code":223}},{"type":"Feature","geometry":{"type":"Polygon","coordinates":[[[16.616146,49.209989],[16.616133,49.209984],[16.616125,49.209994],[16.616137,49.209999],[16.616138,49.209997],[16.616145,49.20999],[16.616146,49.209989]]]},"properties":{"id":79985,"buildingId":54678,"floorId":79639,"floorLevel":3,"name":"BA01N4058","type":"storage","category":"service","label":"Storage","passportNumber":"BA01N4058","seats":null,"hasProjector":false,"hasWhiteboard":false,"code":219}},{"type":"Feature","geometry":{"type":"Polygon","coordinates":[[[16.615381,49.209927],[16.615331,49.209908],[16.615324,49.209916],[16.615317,49.209924],[16.615311,49.209931],[16.615361,49.20995],[16.615368,49.209941],[16.615378,49.20993],[16.615381,49.209927]]]},"properties":{"id":79986,"buildingId":54678,"floorId":79639,"floorLevel":3,"name":"BA01N4086","type":"office","category":"office","label":"Office","passportNumber":"BA01N4086","seats":null,"hasProjector":false,"hasWhiteboard":false,"code":223}},{"type":"Feature","geometry":{"type":"Polygon","coordinates":[[[16.616177,49.21],[16.616167,49.209997],[16.616166,49.209998],[16.61616,49.210005],[16.616159,49.210007],[16.616168,49.21001],[16.616177,49.21]]]},"properties":{"id":79987,"buildingId":54678,"floorId":79639,"floorLevel":3,"name":"BA01N4059","type":"storage","category":"service","label":"Storage","passportNumber":"BA01N4059","seats":null,"hasProjector":false,"hasWhiteboard":false,"code":219}},{"type":"Feature","geometry":{"type":"Polygon","coordinates":[[[16.616024,49.209957],[16.616021,49.209956],[16.616006,49.20995],[16.615994,49.209946],[16.615971,49.209971],[16.615958,49.209987],[16.615955,49.209989],[16.615985,49.210001],[16.616024,49.209957]]]},"properties":{"id":79988,"buildingId":54678,"floorId":79639,"floorLevel":3,"name":"BA01N4063","type":"office","category":"office","label":"Office","passportNumber":"BA01N4063","seats":null,"hasProjector":false,"hasWhiteboard":false,"code":223}},{"type":"Feature","geometry":{"type":"Polygon","coordinates":[[[16.61527,49.209924],[16.615191,49.209894],[16.615185,49.209902],[16.615175,49.209913],[16.615168,49.209921],[16.615246,49.209951],[16.615255,49.209941],[16.615264,49.209931],[16.61527,49.209924]]]},"properties":{"id":79989,"buildingId":54678,"floorId":79639,"floorLevel":3,"name":"BA01N4093","type":"office","category":"office","label":"Office","passportNumber":"BA01N4093","seats":null,"hasProjector":false,"hasWhiteboard":false,"code":223}},{"type":"Feature","geometry":{"type":"Polygon","coordinates":[[[16.616268,49.210006],[16.616265,49.210005],[16.616268,49.210001],[16.616267,49.210001],[16.616252,49.209995],[16.61625,49.209994],[16.616247,49.209998],[16.616222,49.209989],[16.616226,49.209985],[16.616222,49.209984],[16.616211,49.209979],[16.616208,49.209978],[16.616204,49.209982],[16.616203,49.209982],[16.616202,49.209982],[16.616188,49.209998],[16.616188,49.209999],[16.616191,49.21],[16.616203,49.210004],[16.616215,49.210009],[16.616226,49.210013],[16.616253,49.210023],[16.616256,49.21002],[16.616265,49.21001],[16.616268,49.210006]]]},"properties":{"id":79990,"buildingId":54678,"floorId":79639,"floorLevel":3,"name":"BA01N4001","type":"floor","category":"structure","label":"Corridor","passportNumber":"BA01N4001","seats":null,"hasProjector":false,"hasWhiteboard":false,"code":991}},{"type":"Feature","geometry":{"type":"Polygon","coordinates":[[[16.616408,49.209983],[16.6164,49.20998],[16.616383,49.209974],[16.616364,49.209967],[16.616347,49.20996],[16.616313,49.209948],[16.616296,49.209941],[16.616278,49.209934],[16.616274,49.209939],[16.616278,49.209948],[16.616285,49.20995],[16.616257,49.209982],[16.616251,49.209979],[16.616237,49.209982],[16.616233,49.209986],[16.616253,49.209994],[16.616268,49.209999],[16.616363,49.210035],[16.616408,49.209983]]]},"properties":{"id":79991,"buildingId":54678,"floorId":79639,"floorLevel":3,"name":"BA01N4003","type":"classroom_and_laboratory","category":"teaching","label":"Classroom / lab","passportNumber":"BA01N4003","seats":48,"hasProjector":false,"hasWhiteboard":false,"code":239}},{"type":"Feature","geometry":{"type":"Polygon","coordinates":[[[16.616124,49.210012],[16.616124,49.210011],[16.616117,49.210009],[16.616128,49.209996],[16.61605,49.209967],[16.616049,49.209966],[16.616025,49.209957],[16.615999,49.209987],[16.616004,49.209988],[16.616017,49.209993],[16.616023,49.209996],[16.616024,49.209996],[16.616031,49.209999],[16.616038,49.210001],[16.616045,49.210004],[16.616046,49.210004],[16.616053,49.210007],[16.616059,49.210009],[16.616066,49.210012],[16.616067,49.210012],[16.616074,49.210015],[16.61608,49.210017],[16.616088,49.21002],[16.616089,49.21002],[16.616095,49.210023],[16.616101,49.210025],[16.616109,49.210028],[16.616124,49.210012]]]},"properties":{"id":79992,"buildingId":54678,"floorId":79639,"floorLevel":3,"name":"BA01N4061","type":"office","category":"office","label":"Office","passportNumber":"BA01N4061","seats":null,"hasProjector":false,"hasWhiteboard":false,"code":991}},{"type":"Feature","geometry":{"type":"Polygon","coordinates":[[[16.616445,49.209997],[16.616436,49.209994],[16.616419,49.209987],[16.61641,49.209984],[16.616365,49.210036],[16.616374,49.210039],[16.616389,49.210045],[16.616399,49.210049],[16.616412,49.210034],[16.616419,49.210026],[16.616445,49.209997]]]},"properties":{"id":79993,"buildingId":54678,"floorId":79639,"floorLevel":3,"name":"BA01N4005","type":"office","category":"office","label":"Office","passportNumber":"BA01N4005","seats":null,"hasProjector":false,"hasWhiteboard":false,"code":219}},{"type":"Feature","geometry":{"type":"Polygon","coordinates":[[[16.616243,49.21003],[16.616238,49.210028],[16.616244,49.210021],[16.616231,49.210017],[16.61622,49.210029],[16.616216,49.210035],[16.616215,49.210035],[16.616233,49.210042],[16.616243,49.21003]]]},"properties":{"id":79994,"buildingId":54678,"floorId":79639,"floorLevel":3,"name":"BA01N4056","type":"utility_room","category":"service","label":"Utility","passportNumber":"BA01N4056","seats":null,"hasProjector":false,"hasWhiteboard":false,"code":219}},{"type":"Feature","geometry":{"type":"Polygon","coordinates":[[[16.615359,49.209951],[16.615309,49.209932],[16.615297,49.209946],[16.615291,49.209954],[16.615285,49.209961],[16.615335,49.20998],[16.615339,49.209975],[16.615349,49.209963],[16.615359,49.209951]]]},"properties":{"id":79995,"buildingId":54678,"floorId":79639,"floorLevel":3,"name":"BA01N4087","type":"office","category":"office","label":"Office","passportNumber":"BA01N4087","seats":null,"hasProjector":false,"hasWhiteboard":false,"code":223}},{"type":"Feature","geometry":{"type":"Polygon","coordinates":[[[16.616554,49.210038],[16.616545,49.210035],[16.616528,49.210028],[16.61652,49.210025],[16.616496,49.210052],[16.616507,49.210057],[16.616518,49.210061],[16.61653,49.210065],[16.616554,49.210038]]]},"properties":{"id":79996,"buildingId":54678,"floorId":79639,"floorLevel":3,"name":"BA01N4009","type":"office","category":"office","label":"Office","passportNumber":"BA01N4009","seats":null,"hasProjector":false,"hasWhiteboard":false,"code":219}},{"type":"Feature","geometry":{"type":"Polygon","coordinates":[[[16.616211,49.210009],[16.616202,49.210006],[16.61619,49.210001],[16.616187,49.21],[16.616172,49.210017],[16.616166,49.210014],[16.616166,49.210015],[16.616157,49.210025],[16.616157,49.210025],[16.616162,49.210028],[16.616158,49.210032],[16.61616,49.210033],[16.616178,49.210039],[16.616182,49.210041],[16.616211,49.210009]]]},"properties":{"id":79997,"buildingId":54678,"floorId":79639,"floorLevel":3,"name":"BA01N4057","type":"classroom_and_laboratory","category":"teaching","label":"Classroom / lab","passportNumber":"BA01N4057","seats":null,"hasProjector":false,"hasWhiteboard":false,"code":219}},{"type":"Feature","geometry":{"type":"Polygon","coordinates":[[[16.616481,49.210011],[16.616472,49.210007],[16.616455,49.210001],[16.616446,49.209998],[16.616421,49.210027],[16.616414,49.210035],[16.616401,49.210049],[16.61641,49.210053],[16.616426,49.210059],[16.616436,49.210062],[16.616481,49.210011]]]},"properties":{"id":79998,"buildingId":54678,"floorId":79639,"floorLevel":3,"name":"BA01N4006","type":"office","category":"office","label":"Office","passportNumber":"BA01N4006","seats":null,"hasProjector":false,"hasWhiteboard":false,"code":219}},{"type":"Feature","geometry":{"type":"Polygon","coordinates":[[[16.616287,49.210038],[16.616251,49.210024],[16.616237,49.21004],[16.616273,49.210053],[16.616276,49.21005],[16.616282,49.210043],[16.616287,49.210038]]]},"properties":{"id":79999,"buildingId":54678,"floorId":79639,"floorLevel":3,"name":"BA01N4054","type":"preparatory","category":"service","label":"Preparatory","passportNumber":"BA01N4054","seats":null,"hasProjector":false,"hasWhiteboard":false,"code":219}},{"type":"Feature","geometry":{"type":"Polygon","coordinates":[[[16.61544,49.20978],[16.615436,49.209779],[16.615417,49.209772],[16.615414,49.20977],[16.615404,49.209781],[16.615399,49.20978],[16.61539,49.209789],[16.615395,49.209791],[16.615383,49.209805],[16.615378,49.209803],[16.61537,49.209813],[16.615375,49.209815],[16.615363,49.209828],[16.615358,49.209826],[16.615349,49.209836],[16.615354,49.209838],[16.615341,49.209853],[16.615336,49.209851],[16.615335,49.209852],[16.615326,49.209862],[16.615326,49.209863],[16.615331,49.209865],[16.615321,49.209876],[16.615315,49.209874],[16.615315,49.209875],[16.615306,49.209885],[16.615305,49.209886],[16.615311,49.209888],[16.6153,49.2099],[16.615295,49.209898],[16.615294,49.209899],[16.615285,49.209909],[16.615284,49.20991],[16.61529,49.209912],[16.615271,49.209933],[16.615266,49.209931],[16.615265,49.209932],[16.615257,49.209942],[16.615256,49.209942],[16.615261,49.209944],[16.615247,49.209961],[16.615241,49.209959],[16.615241,49.20996],[16.615232,49.20997],[16.615231,49.209971],[16.615236,49.209973],[16.615233,49.209977],[16.615239,49.209979],[16.615254,49.209985],[16.615259,49.209987],[16.615262,49.209984],[16.615269,49.209976],[16.615289,49.209953],[16.615296,49.209945],[16.615315,49.209923],[16.615322,49.209915],[16.615342,49.209893],[16.615349,49.209885],[16.615359,49.209874],[16.615365,49.209866],[16.615408,49.209817],[16.615414,49.20981],[16.615424,49.209799],[16.61543,49.209792],[16.615432,49.20979],[16.615436,49.209785],[16.61544,49.20978]]]},"properties":{"id":80000,"buildingId":54678,"floorId":79639,"floorLevel":3,"name":"BA01N4079","type":"floor","category":"structure","label":"Corridor","passportNumber":"BA01N4079","seats":null,"hasProjector":false,"hasWhiteboard":false,"code":223}},{"type":"Feature","geometry":{"type":"Polygon","coordinates":[[[16.616232,49.210043],[16.616212,49.210035],[16.616213,49.210035],[16.616214,49.210034],[16.616219,49.210028],[16.616229,49.210016],[16.616225,49.210014],[16.616214,49.21001],[16.616212,49.21001],[16.616196,49.210028],[16.616195,49.210029],[16.616184,49.210042],[16.616191,49.210045],[16.616202,49.210049],[16.616203,49.210049],[16.616205,49.21005],[16.616215,49.210054],[16.616221,49.210056],[16.616226,49.21005],[16.616227,49.210049],[16.616232,49.210043]]]},"properties":{"id":80001,"buildingId":54678,"floorId":79639,"floorLevel":3,"name":"BA01N4055","type":"toilet","category":"service","label":"Toilet","passportNumber":"BA01N4055","seats":null,"hasProjector":false,"hasWhiteboard":false,"code":991}},{"type":"Feature","geometry":{"type":"Polygon","coordinates":[[[16.616519,49.210025],[16.616509,49.210021],[16.616492,49.210015],[16.616483,49.210011],[16.616438,49.210063],[16.616473,49.210076],[16.616486,49.210062],[16.616492,49.210055],[16.616519,49.210025]]]},"properties":{"id":80002,"buildingId":54678,"floorId":79639,"floorLevel":3,"name":"BA01N4008","type":"office","category":"office","label":"Office","passportNumber":"BA01N4008","seats":null,"hasProjector":false,"hasWhiteboard":false,"code":219}},{"type":"Feature","geometry":{"type":"Polygon","coordinates":[[[16.616168,49.210011],[16.616156,49.210006],[16.61614,49.210001],[16.616138,49.21],[16.616127,49.210012],[16.616125,49.210012],[16.616109,49.210031],[16.616102,49.210039],[16.616098,49.210043],[16.616129,49.210055],[16.616131,49.210052],[16.616145,49.210037],[16.616156,49.210024],[16.616165,49.210014],[16.616168,49.210011]]]},"properties":{"id":80003,"buildingId":54678,"floorId":79639,"floorLevel":3,"name":"BA01N4060","type":"preparatory","category":"service","label":"Preparatory","passportNumber":"BA01N4060","seats":null,"hasProjector":false,"hasWhiteboard":false,"code":991}},{"type":"Feature","geometry":{"type":"Polygon","coordinates":[[[16.616091,49.210049],[16.616096,49.210043],[16.616097,49.210043],[16.616101,49.210038],[16.616108,49.21003],[16.616109,49.210029],[16.616101,49.210026],[16.616095,49.210023],[16.616079,49.210018],[16.616073,49.210015],[16.616058,49.21001],[16.616052,49.210008],[16.616037,49.210002],[16.616031,49.21],[16.616016,49.209994],[16.616003,49.209989],[16.615998,49.209987],[16.615986,49.210001],[16.615988,49.210002],[16.615983,49.210008],[16.615971,49.210004],[16.615982,49.210012],[16.615993,49.21002],[16.615999,49.210024],[16.616006,49.210027],[16.616014,49.210031],[16.616022,49.210035],[16.616039,49.210041],[16.616048,49.210044],[16.616055,49.210045],[16.616071,49.210049],[16.616081,49.210051],[16.616102,49.210053],[16.616091,49.210049]]]},"properties":{"id":80004,"buildingId":54678,"floorId":79639,"floorLevel":3,"name":"BA01N4062","type":"balcony","category":"other","label":"balcony","passportNumber":"BA01N4062","seats":null,"hasProjector":false,"hasWhiteboard":false,"code":991}},{"type":"Feature","geometry":{"type":"Polygon","coordinates":[[[16.616272,49.210054],[16.616236,49.210041],[16.616223,49.210056],[16.616229,49.210059],[16.616246,49.210065],[16.616258,49.21007],[16.616264,49.210064],[16.61627,49.210057],[16.616272,49.210054]]]},"properties":{"id":80005,"buildingId":54678,"floorId":79639,"floorLevel":3,"name":"BA01N4053","type":"preparatory","category":"service","label":"Preparatory","passportNumber":"BA01N4053","seats":null,"hasProjector":false,"hasWhiteboard":false,"code":219}},{"type":"Feature","geometry":{"type":"Polygon","coordinates":[[[16.616529,49.210066],[16.616517,49.210062],[16.616507,49.210058],[16.616495,49.210053],[16.616493,49.210056],[16.616487,49.210063],[16.616474,49.210077],[16.616485,49.210081],[16.6165,49.210087],[16.616508,49.21009],[16.616521,49.210075],[16.616527,49.210068],[16.616529,49.210066]]]},"properties":{"id":80006,"buildingId":54678,"floorId":79639,"floorLevel":3,"name":"BA01N4007","type":"lobby","category":"circulation","label":"Lobby","passportNumber":"BA01N4007","seats":null,"hasProjector":false,"hasWhiteboard":false,"code":219}},{"type":"Feature","geometry":{"type":"Polygon","coordinates":[[[16.615334,49.209981],[16.615284,49.209962],[16.61527,49.209977],[16.615264,49.209985],[16.615261,49.209987],[16.615311,49.210006],[16.615313,49.210004],[16.615323,49.209993],[16.615334,49.209981]]]},"properties":{"id":80007,"buildingId":54678,"floorId":79639,"floorLevel":3,"name":"BA01N4088","type":"office","category":"office","label":"Office","passportNumber":"BA01N4088","seats":null,"hasProjector":false,"hasWhiteboard":false,"code":223}},{"type":"Feature","geometry":{"type":"Polygon","coordinates":[[[16.61659,49.210052],[16.616581,49.210048],[16.616564,49.210042],[16.616555,49.210038],[16.616528,49.210069],[16.616522,49.210076],[16.61651,49.21009],[16.616544,49.210103],[16.61659,49.210052]]]},"properties":{"id":80008,"buildingId":54678,"floorId":79639,"floorLevel":3,"name":"BA01N4010","type":"office","category":"office","label":"Office","passportNumber":"BA01N4010","seats":null,"hasProjector":false,"hasWhiteboard":false,"code":219}},{"type":"Feature","geometry":{"type":"Polygon","coordinates":[[[16.615245,49.209952],[16.615167,49.209922],[16.615159,49.209931],[16.615149,49.209943],[16.615133,49.209961],[16.615123,49.209972],[16.615114,49.209983],[16.615192,49.210012],[16.61523,49.209969],[16.615239,49.209959],[16.615245,49.209952]]]},"properties":{"id":80009,"buildingId":54678,"floorId":79639,"floorLevel":3,"name":"BA01N4090","type":"office","category":"office","label":"Office","passportNumber":"BA01N4090","seats":null,"hasProjector":false,"hasWhiteboard":false,"code":223}},{"type":"Feature","geometry":{"type":"Polygon","coordinates":[[[16.61638,49.210073],[16.616376,49.210071],[16.616365,49.210067],[16.616288,49.210038],[16.616283,49.210044],[16.616277,49.210051],[16.616271,49.210057],[16.616265,49.210064],[16.61626,49.21007],[16.616263,49.210072],[16.61628,49.210078],[16.616297,49.210084],[16.616314,49.210091],[16.616331,49.210097],[16.616348,49.210104],[16.616352,49.210105],[16.61638,49.210073]]]},"properties":{"id":80010,"buildingId":54678,"floorId":79639,"floorLevel":3,"name":"BA01N4052a","type":"classroom_and_laboratory","category":"teaching","label":"Classroom / lab","passportNumber":"BA01N4052a","seats":null,"hasProjector":false,"hasWhiteboard":false,"code":219}},{"type":"Feature","geometry":{"type":"Polygon","coordinates":[[[16.616661,49.210078],[16.616654,49.210076],[16.616637,49.210069],[16.616618,49.210062],[16.616601,49.210056],[16.616591,49.210052],[16.616546,49.210104],[16.61659,49.210121],[16.616606,49.210126],[16.616616,49.21013],[16.616629,49.210115],[16.616636,49.210108],[16.616661,49.210078]]]},"properties":{"id":80011,"buildingId":54678,"floorId":79639,"floorLevel":3,"name":"BA01N4011","type":"office","category":"office","label":"Office","passportNumber":"BA01N4011","seats":20,"hasProjector":false,"hasWhiteboard":false,"code":219}},{"type":"Feature","geometry":{"type":"Polygon","coordinates":[[[16.616425,49.210089],[16.616395,49.210078],[16.616384,49.210074],[16.616381,49.210073],[16.616353,49.210105],[16.616362,49.210109],[16.616372,49.210113],[16.616376,49.210114],[16.616386,49.210118],[16.616396,49.210122],[16.616425,49.210089]]]},"properties":{"id":80012,"buildingId":54678,"floorId":79639,"floorLevel":3,"name":"BA01N4052","type":"office","category":"office","label":"Office","passportNumber":"BA01N4052","seats":null,"hasProjector":false,"hasWhiteboard":false,"code":219}},{"type":"Feature","geometry":{"type":"Polygon","coordinates":[[[16.61531,49.210007],[16.615253,49.209986],[16.615238,49.20998],[16.615232,49.209978],[16.615199,49.210015],[16.615278,49.210044],[16.615287,49.210034],[16.615297,49.210023],[16.61531,49.210007]]]},"properties":{"id":80013,"buildingId":54678,"floorId":79639,"floorLevel":3,"name":"BA01N4089","type":"office","category":"office","label":"Office","passportNumber":"BA01N4089","seats":null,"hasProjector":false,"hasWhiteboard":false,"code":223}},{"type":"Feature","geometry":{"type":"Polygon","coordinates":[[[16.616702,49.210094],[16.61669,49.210089],[16.616673,49.210083],[16.616663,49.210079],[16.616638,49.210108],[16.616631,49.210116],[16.616618,49.210131],[16.616629,49.210135],[16.616645,49.210141],[16.616657,49.210146],[16.616702,49.210094]]]},"properties":{"id":80014,"buildingId":54678,"floorId":79639,"floorLevel":3,"name":"BA01N4012","type":"office","category":"office","label":"Office","passportNumber":"BA01N4012","seats":null,"hasProjector":false,"hasWhiteboard":false,"code":219}},{"type":"Feature","geometry":{"type":"Polygon","coordinates":[[[16.616458,49.210102],[16.616443,49.210096],[16.616431,49.210092],[16.616426,49.21009],[16.616398,49.210122],[16.6164,49.210123],[16.616417,49.210129],[16.61643,49.210134],[16.616458,49.210102]]]},"properties":{"id":80015,"buildingId":54678,"floorId":79639,"floorLevel":3,"name":"BA01N4051","type":"office","category":"office","label":"Office","passportNumber":"BA01N4051","seats":null,"hasProjector":false,"hasWhiteboard":false,"code":219}},{"type":"Feature","geometry":{"type":"Polygon","coordinates":[[[16.616744,49.21011],[16.616727,49.210103],[16.61671,49.210097],[16.616704,49.210095],[16.616659,49.210146],[16.616665,49.210149],[16.616681,49.210154],[16.616699,49.210161],[16.616744,49.21011]]]},"properties":{"id":80016,"buildingId":54678,"floorId":79639,"floorLevel":3,"name":"BA01N4014","type":"library","category":"teaching","label":"Library","passportNumber":"BA01N4014","seats":null,"hasProjector":false,"hasWhiteboard":false,"code":219}},{"type":"Feature","geometry":{"type":"Polygon","coordinates":[[[16.61649,49.210114],[16.616477,49.210109],[16.616466,49.210105],[16.616459,49.210102],[16.616431,49.210135],[16.616434,49.210136],[16.616451,49.210142],[16.616462,49.210146],[16.61649,49.210114]]]},"properties":{"id":80017,"buildingId":54678,"floorId":79639,"floorLevel":3,"name":"BA01N4050","type":"office","category":"office","label":"Office","passportNumber":"BA01N4050","seats":null,"hasProjector":false,"hasWhiteboard":false,"code":219}},{"type":"Feature","geometry":{"type":"Polygon","coordinates":[[[16.61665,49.21015],[16.616641,49.210146],[16.616645,49.210142],[16.616644,49.210142],[16.616628,49.210136],[16.616627,49.210136],[16.616623,49.21014],[16.616603,49.210132],[16.616606,49.210128],[16.616605,49.210128],[16.616589,49.210122],[16.616588,49.210121],[16.616585,49.210125],[16.616566,49.210118],[16.616569,49.210114],[16.616554,49.210109],[16.616551,49.210113],[16.616529,49.210104],[16.616532,49.210101],[16.616518,49.210095],[16.616514,49.210099],[16.616497,49.210092],[16.6165,49.210088],[16.616499,49.210088],[16.616484,49.210082],[16.616482,49.210081],[16.616479,49.210085],[16.616457,49.210077],[16.61646,49.210073],[16.616443,49.210067],[16.61644,49.210071],[16.616422,49.210064],[16.616426,49.21006],[16.616425,49.21006],[16.616409,49.210054],[16.616408,49.210053],[16.616404,49.210057],[16.616386,49.21005],[16.616389,49.210047],[16.616388,49.210046],[16.616373,49.21004],[16.616372,49.21004],[16.616368,49.210044],[16.616348,49.210036],[16.616351,49.210033],[16.616337,49.210027],[16.616333,49.210031],[16.616311,49.210022],[16.616314,49.210019],[16.6163,49.210013],[16.616296,49.210017],[16.616268,49.210006],[16.616265,49.21001],[16.616256,49.21002],[16.616253,49.210023],[16.616366,49.210066],[16.616377,49.21007],[16.616385,49.210073],[16.616396,49.210077],[16.616432,49.210091],[16.616444,49.210095],[16.616467,49.210104],[16.616478,49.210108],[16.616603,49.210155],[16.616614,49.210159],[16.616635,49.210167],[16.616637,49.210164],[16.616647,49.210153],[16.61665,49.21015]]]},"properties":{"id":80018,"buildingId":54678,"floorId":79639,"floorLevel":3,"name":"BA01N4004","type":"floor","category":"structure","label":"Corridor","passportNumber":"BA01N4004","seats":null,"hasProjector":false,"hasWhiteboard":false,"code":219}},{"type":"Feature","geometry":{"type":"Polygon","coordinates":[[[16.616519,49.210125],[16.616492,49.210115],[16.616464,49.210147],[16.616468,49.210149],[16.616485,49.210155],[16.61649,49.210157],[16.616519,49.210125]]]},"properties":{"id":80019,"buildingId":54678,"floorId":79639,"floorLevel":3,"name":"BA01N4049","type":"office","category":"office","label":"Office","passportNumber":"BA01N4049","seats":null,"hasProjector":false,"hasWhiteboard":false,"code":219}},{"type":"Feature","geometry":{"type":"Polygon","coordinates":[[[16.616572,49.210145],[16.616562,49.210141],[16.616556,49.210147],[16.616551,49.210145],[16.61654,49.210158],[16.616555,49.210163],[16.616556,49.210162],[16.616561,49.210157],[16.616572,49.210145]]]},"properties":{"id":80020,"buildingId":54678,"floorId":79639,"floorLevel":3,"name":"BA01N4047","type":"shower","category":"service","label":"Shower","passportNumber":"BA01N4047","seats":null,"hasProjector":false,"hasWhiteboard":false,"code":219}},{"type":"Feature","geometry":{"type":"Polygon","coordinates":[[[16.616555,49.210138],[16.61652,49.210125],[16.616492,49.210158],[16.616502,49.210161],[16.616519,49.210168],[16.616527,49.210171],[16.616555,49.210138]]]},"properties":{"id":80021,"buildingId":54678,"floorId":79639,"floorLevel":3,"name":"BA01N4048","type":"classroom_and_laboratory","category":"teaching","label":"Classroom / lab","passportNumber":"BA01N4048","seats":null,"hasProjector":false,"hasWhiteboard":false,"code":219}},{"type":"Feature","geometry":{"type":"Polygon","coordinates":[[[16.616592,49.210152],[16.616574,49.210145],[16.616563,49.210157],[16.616558,49.210163],[16.616557,49.210164],[16.616556,49.210165],[16.616539,49.210158],[16.616534,49.210164],[16.616533,49.210165],[16.616528,49.210171],[16.616533,49.210173],[16.616543,49.210177],[16.616546,49.210178],[16.616547,49.210178],[16.616557,49.210182],[16.616564,49.210185],[16.616575,49.210172],[16.616576,49.210171],[16.616592,49.210152]]]},"properties":{"id":80022,"buildingId":54678,"floorId":79639,"floorLevel":3,"name":"BA01N4046","type":"toilet","category":"service","label":"Toilet","passportNumber":"BA01N4046","seats":null,"hasProjector":false,"hasWhiteboard":false,"code":219}},{"type":"Feature","geometry":{"type":"Polygon","coordinates":[[[16.616616,49.210191],[16.616616,49.210191],[16.61666,49.210183],[16.616661,49.210182],[16.616646,49.210176],[16.616635,49.210172],[16.616632,49.210171],[16.616614,49.210191],[16.616616,49.210191]]]},"properties":{"id":80023,"buildingId":54678,"floorId":79639,"floorLevel":3,"name":"BA01N4116","type":"elevator","category":"circulation","label":"Elevator","passportNumber":"BA01N4116","seats":null,"hasProjector":false,"hasWhiteboard":false,"code":991}},{"type":"Feature","geometry":{"type":"Polygon","coordinates":[[[16.616604,49.210193],[16.616628,49.210166],[16.616613,49.21016],[16.616602,49.210156],[16.616594,49.210153],[16.616565,49.210185],[16.61657,49.210187],[16.616587,49.210193],[16.616592,49.210195],[16.616604,49.210193]]]},"properties":{"id":80024,"buildingId":54678,"floorId":79639,"floorLevel":3,"name":"BA01N4045","type":"classroom_and_laboratory","category":"teaching","label":"Classroom / lab","passportNumber":"BA01N4045","seats":null,"hasProjector":false,"hasWhiteboard":false,"code":219}},{"type":"Feature","geometry":{"type":"Polygon","coordinates":[[[16.616883,49.210162],[16.616866,49.210155],[16.616849,49.210149],[16.616821,49.210139],[16.616804,49.210132],[16.616777,49.210122],[16.61676,49.210116],[16.616746,49.21011],[16.6167,49.210162],[16.61672,49.210169],[16.616731,49.210173],[16.616838,49.210214],[16.616883,49.210162]]]},"properties":{"id":80025,"buildingId":54678,"floorId":79639,"floorLevel":3,"name":"BA01N4015","type":"classroom_and_laboratory","category":"teaching","label":"Classroom / lab","passportNumber":"BA01N4015","seats":20,"hasProjector":false,"hasWhiteboard":false,"code":219}},{"type":"Feature","geometry":{"type":"Polygon","coordinates":[[[16.616727,49.210218],[16.616722,49.210217],[16.616734,49.210202],[16.616743,49.210192],[16.616748,49.210186],[16.61673,49.21018],[16.616734,49.210176],[16.61673,49.210175],[16.616719,49.21017],[16.616716,49.210169],[16.616712,49.210173],[16.616678,49.21016],[16.616681,49.210156],[16.61668,49.210156],[16.616664,49.21015],[16.616663,49.210149],[16.61666,49.210153],[16.616651,49.21015],[16.616648,49.210153],[16.616638,49.210164],[16.616633,49.210171],[16.616635,49.210172],[16.616646,49.210176],[16.616661,49.210181],[16.616665,49.210178],[16.616706,49.210194],[16.616701,49.2102],[16.616692,49.21021],[16.616684,49.210219],[16.61669,49.210221],[16.616705,49.210227],[16.616711,49.210229],[16.616711,49.210228],[16.616716,49.21023],[16.616727,49.210218]]]},"properties":{"id":80026,"buildingId":54678,"floorId":79639,"floorLevel":3,"name":"BA01N4013","type":"floor","category":"structure","label":"Corridor","passportNumber":"BA01N4013","seats":null,"hasProjector":false,"hasWhiteboard":false,"code":991}},{"type":"Feature","geometry":{"type":"Polygon","coordinates":[[[16.616654,49.210252],[16.616649,49.21025],[16.616658,49.21024],[16.616639,49.210232],[16.616629,49.210243],[16.616624,49.210241],[16.616631,49.210233],[16.616622,49.210229],[16.616615,49.210237],[16.616614,49.210237],[16.616608,49.210235],[16.616603,49.210233],[16.616594,49.210244],[16.616589,49.210249],[16.616639,49.210268],[16.616644,49.210264],[16.61665,49.210256],[16.616654,49.210252]]]},"properties":{"id":80027,"buildingId":54678,"floorId":79639,"floorLevel":3,"name":"BA01N4043","type":"office","category":"office","label":"Office","passportNumber":"BA01N4043","seats":null,"hasProjector":false,"hasWhiteboard":false,"code":221}},{"type":"Feature","geometry":{"type":"Polygon","coordinates":[[[16.616834,49.210219],[16.616819,49.210213],[16.616823,49.21021],[16.616805,49.210203],[16.616802,49.210207],[16.616774,49.210196],[16.616777,49.210193],[16.61676,49.210186],[16.616756,49.21019],[16.616755,49.210189],[16.616751,49.210194],[16.616745,49.210192],[16.616745,49.210193],[16.616736,49.210203],[16.616735,49.210204],[16.61674,49.210206],[16.616695,49.210258],[16.616773,49.210288],[16.616778,49.210282],[16.616788,49.210271],[16.616799,49.210258],[16.616809,49.210247],[16.61682,49.210235],[16.616829,49.210224],[16.616834,49.210219]]]},"properties":{"id":80028,"buildingId":54678,"floorId":79639,"floorLevel":3,"name":"BA01N4016","type":"classroom_and_laboratory","category":"teaching","label":"Classroom / lab","passportNumber":"BA01N4016","seats":16,"hasProjector":false,"hasWhiteboard":false,"code":221}},{"type":"Feature","geometry":{"type":"Polygon","coordinates":[[[16.616597,49.210271],[16.616598,49.210271],[16.6166,49.210272],[16.616608,49.210275],[16.616627,49.210282],[16.616631,49.210277],[16.616637,49.21027],[16.616638,49.210269],[16.616609,49.210258],[16.616608,49.210258],[16.616588,49.21025],[16.616584,49.210255],[16.616578,49.210261],[16.616578,49.210262],[16.616576,49.210264],[16.61657,49.21027],[16.616567,49.210275],[16.616577,49.210278],[16.616578,49.210279],[16.616587,49.210282],[16.616597,49.210271]]]},"properties":{"id":80029,"buildingId":54678,"floorId":79639,"floorLevel":3,"name":"BA01N4041","type":"toilet","category":"service","label":"Toilet","passportNumber":"BA01N4041","seats":null,"hasProjector":false,"hasWhiteboard":false,"code":221}},{"type":"Feature","geometry":{"type":"Polygon","coordinates":[[[16.616773,49.210288],[16.616694,49.210259],[16.616686,49.210268],[16.616679,49.210276],[16.616673,49.210283],[16.616725,49.210302],[16.616733,49.210305],[16.616752,49.210312],[16.616757,49.210306],[16.616767,49.210295],[16.616773,49.210288]]]},"properties":{"id":80031,"buildingId":54678,"floorId":79639,"floorLevel":3,"name":"BA01N4018","type":"preparatory","category":"service","label":"Preparatory","passportNumber":"BA01N4018","seats":null,"hasProjector":false,"hasWhiteboard":false,"code":221}},{"type":"Feature","geometry":{"type":"Polygon","coordinates":[[[16.616616,49.210295],[16.616566,49.210276],[16.616561,49.210281],[16.616551,49.210293],[16.616546,49.210298],[16.616596,49.210317],[16.616603,49.210309],[16.616609,49.210302],[16.616616,49.210295]]]},"properties":{"id":80032,"buildingId":54678,"floorId":79639,"floorLevel":3,"name":"BA01N4040","type":"library","category":"teaching","label":"Library","passportNumber":"BA01N4040","seats":null,"hasProjector":false,"hasWhiteboard":false,"code":221}},{"type":"Feature","geometry":{"type":"Polygon","coordinates":[[[16.616712,49.210299],[16.616672,49.210284],[16.616665,49.210292],[16.616658,49.2103],[16.616648,49.210311],[16.616688,49.210326],[16.616697,49.210315],[16.616704,49.210308],[16.616712,49.210299]]]},"properties":{"id":80033,"buildingId":54678,"floorId":79639,"floorLevel":3,"name":"BA01N4019","type":"preparatory","category":"service","label":"Preparatory","passportNumber":"BA01N4019","seats":null,"hasProjector":false,"hasWhiteboard":false,"code":221}},{"type":"Feature","geometry":{"type":"Polygon","coordinates":[[[16.616751,49.210314],[16.616732,49.210306],[16.616723,49.210303],[16.616713,49.210299],[16.616705,49.210308],[16.616698,49.210316],[16.616689,49.210327],[16.616727,49.210341],[16.616737,49.21033],[16.616746,49.210318],[16.616751,49.210314]]]},"properties":{"id":80034,"buildingId":54678,"floorId":79639,"floorLevel":3,"name":"BA01N4020","type":"preparatory","category":"service","label":"Preparatory","passportNumber":"BA01N4020","seats":null,"hasProjector":false,"hasWhiteboard":false,"code":221}},{"type":"Feature","geometry":{"type":"Polygon","coordinates":[[[16.616596,49.210318],[16.616546,49.210299],[16.616543,49.210302],[16.616533,49.210313],[16.616526,49.210321],[16.616576,49.21034],[16.616586,49.210328],[16.616592,49.210321],[16.616596,49.210318]]]},"properties":{"id":80035,"buildingId":54678,"floorId":79639,"floorLevel":3,"name":"BA01N4039","type":"office","category":"office","label":"Office","passportNumber":"BA01N4039","seats":null,"hasProjector":false,"hasWhiteboard":false,"code":221}},{"type":"Feature","geometry":{"type":"Polygon","coordinates":[[[16.616726,49.210342],[16.616681,49.210325],[16.616671,49.210336],[16.616664,49.210344],[16.616663,49.210346],[16.616708,49.210362],[16.616716,49.210353],[16.616726,49.210342]]]},"properties":{"id":80036,"buildingId":54678,"floorId":79639,"floorLevel":3,"name":"BA01N4022","type":"classroom_and_laboratory","category":"teaching","label":"Classroom / lab","passportNumber":"BA01N4022","seats":null,"hasProjector":false,"hasWhiteboard":false,"code":221}},{"type":"Feature","geometry":{"type":"Polygon","coordinates":[[[16.61668,49.210325],[16.616647,49.210313],[16.616627,49.210336],[16.61662,49.210343],[16.61661,49.210354],[16.616643,49.210367],[16.616653,49.210355],[16.61666,49.210347],[16.616663,49.210344],[16.61667,49.210336],[16.61668,49.210325]]]},"properties":{"id":80037,"buildingId":54678,"floorId":79639,"floorLevel":3,"name":"BA01N4021","type":"classroom_and_laboratory","category":"teaching","label":"Classroom / lab","passportNumber":"BA01N4021","seats":null,"hasProjector":false,"hasWhiteboard":false,"code":221}},{"type":"Feature","geometry":{"type":"Polygon","coordinates":[[[16.616575,49.210341],[16.616525,49.210322],[16.616523,49.210325],[16.616516,49.210332],[16.616515,49.210333],[16.616509,49.21034],[16.616501,49.210349],[16.616551,49.210368],[16.616552,49.210367],[16.616559,49.21036],[16.616575,49.210341]]]},"properties":{"id":80038,"buildingId":54678,"floorId":79639,"floorLevel":3,"name":"BA01N4038","type":"office","category":"office","label":"Office","passportNumber":"BA01N4038","seats":null,"hasProjector":false,"hasWhiteboard":false,"code":221}},{"type":"Feature","geometry":{"type":"Polygon","coordinates":[[[16.616707,49.210363],[16.616663,49.210346],[16.616661,49.210348],[16.616655,49.210355],[16.616644,49.210367],[16.616689,49.210384],[16.616695,49.210377],[16.616705,49.210366],[16.616707,49.210363]]]},"properties":{"id":80039,"buildingId":54678,"floorId":79639,"floorLevel":3,"name":"BA01N4023","type":"office","category":"office","label":"Office","passportNumber":"BA01N4023","seats":null,"hasProjector":false,"hasWhiteboard":false,"code":221}},{"type":"Feature","geometry":{"type":"Polygon","coordinates":[[[16.616551,49.210369],[16.616501,49.21035],[16.616499,49.210352],[16.616489,49.210363],[16.61648,49.210373],[16.61653,49.210392],[16.616543,49.210377],[16.61655,49.21037],[16.616551,49.210369]]]},"properties":{"id":80040,"buildingId":54678,"floorId":79639,"floorLevel":3,"name":"BA01N4037","type":"office","category":"office","label":"Office","passportNumber":"BA01N4037","seats":null,"hasProjector":false,"hasWhiteboard":false,"code":221}},{"type":"Feature","geometry":{"type":"Polygon","coordinates":[[[16.616688,49.210385],[16.616609,49.210356],[16.616601,49.210365],[16.616594,49.210373],[16.616588,49.210381],[16.616666,49.21041],[16.616674,49.210401],[16.616684,49.210389],[16.616688,49.210385]]]},"properties":{"id":80041,"buildingId":54678,"floorId":79639,"floorLevel":3,"name":"BA01N4024","type":"office","category":"office","label":"Office","passportNumber":"BA01N4024","seats":null,"hasProjector":false,"hasWhiteboard":false,"code":221}},{"type":"Feature","geometry":{"type":"Polygon","coordinates":[[[16.616529,49.210393],[16.616479,49.210374],[16.61647,49.210385],[16.61646,49.210396],[16.616457,49.210399],[16.616507,49.210418],[16.616513,49.210412],[16.616519,49.210405],[16.616529,49.210393]]]},"properties":{"id":80042,"buildingId":54678,"floorId":79639,"floorLevel":3,"name":"BA01N4036","type":"classroom_and_laboratory","category":"teaching","label":"Classroom / lab","passportNumber":"BA01N4036","seats":null,"hasProjector":false,"hasWhiteboard":false,"code":221}},{"type":"Feature","geometry":{"type":"Polygon","coordinates":[[[16.616539,49.210425],[16.616544,49.210427],[16.616554,49.210415],[16.616549,49.210413],[16.616569,49.210391],[16.616574,49.210393],[16.616575,49.210392],[16.616582,49.210384],[16.616583,49.210383],[16.616577,49.210381],[16.616586,49.210371],[16.616592,49.210373],[16.616592,49.210372],[16.616599,49.210365],[16.6166,49.210364],[16.616594,49.210362],[16.616612,49.210342],[16.616618,49.210344],[16.616618,49.210343],[16.616625,49.210335],[16.616626,49.210334],[16.61662,49.210332],[16.61663,49.210322],[16.61664,49.21031],[16.616651,49.210298],[16.616656,49.2103],[16.616657,49.210299],[16.616664,49.210291],[16.616664,49.21029],[16.616659,49.210288],[16.616671,49.210274],[16.616677,49.210276],[16.616678,49.210275],[16.616684,49.210267],[16.616685,49.210266],[16.61668,49.210264],[16.616691,49.210252],[16.616696,49.210254],[16.616706,49.210242],[16.616701,49.21024],[16.61671,49.21023],[16.616705,49.210228],[16.616689,49.210222],[16.616684,49.21022],[16.616682,49.210221],[16.616667,49.210239],[16.616652,49.210256],[16.616645,49.210264],[16.616639,49.21027],[16.616633,49.210277],[16.616611,49.210303],[16.616604,49.21031],[16.616594,49.210322],[16.616588,49.210329],[16.61656,49.21036],[16.616554,49.210368],[16.616551,49.210371],[16.616545,49.210378],[16.61652,49.210406],[16.616514,49.210413],[16.616509,49.210419],[16.616515,49.210421],[16.61653,49.210427],[16.616536,49.210429],[16.616539,49.210425]]]},"properties":{"id":80043,"buildingId":54678,"floorId":79639,"floorLevel":3,"name":"BA01N4017","type":"floor","category":"structure","label":"Corridor","passportNumber":"BA01N4017","seats":null,"hasProjector":false,"hasWhiteboard":false,"code":221}},{"type":"Feature","geometry":{"type":"Polygon","coordinates":[[[16.616665,49.210411],[16.616587,49.210381],[16.616584,49.210385],[16.616577,49.210393],[16.61656,49.210412],[16.616571,49.210416],[16.616582,49.210421],[16.616589,49.210423],[16.6166,49.210427],[16.616638,49.210442],[16.616654,49.210424],[16.616663,49.210413],[16.616665,49.210411]]]},"properties":{"id":80044,"buildingId":54678,"floorId":79639,"floorLevel":3,"name":"BA01N4025","type":"classroom_and_laboratory","category":"teaching","label":"Classroom / lab","passportNumber":"BA01N4025","seats":null,"hasProjector":false,"hasWhiteboard":false,"code":221}},{"type":"Feature","geometry":{"type":"Polygon","coordinates":[[[16.616584,49.210422],[16.616581,49.210421],[16.616571,49.210417],[16.616559,49.210413],[16.616538,49.210437],[16.616564,49.210446],[16.616584,49.210422]]]},"properties":{"id":80045,"buildingId":54678,"floorId":79639,"floorLevel":3,"name":"BA01N4026","type":"classroom_and_laboratory","category":"teaching","label":"Classroom / lab","passportNumber":"BA01N4026","seats":null,"hasProjector":false,"hasWhiteboard":false,"code":221}},{"type":"Feature","geometry":{"type":"Polygon","coordinates":[[[16.616534,49.210431],[16.616529,49.210428],[16.616513,49.210423],[16.616456,49.210401],[16.616444,49.210414],[16.616434,49.210426],[16.616433,49.210427],[16.616482,49.210446],[16.616494,49.21045],[16.616499,49.210452],[16.61651,49.210456],[16.616511,49.210457],[16.616534,49.210431]]]},"properties":{"id":80046,"buildingId":54678,"floorId":79639,"floorLevel":3,"name":"BA01N4032","type":"kitchen","category":"service","label":"Kitchen","passportNumber":"BA01N4032","seats":null,"hasProjector":false,"hasWhiteboard":false,"code":221}},{"type":"Feature","geometry":{"type":"Polygon","coordinates":[[[16.616638,49.210442],[16.616599,49.210428],[16.616588,49.210424],[16.616586,49.210423],[16.616565,49.210447],[16.616568,49.210448],[16.616584,49.210454],[16.616617,49.210466],[16.616624,49.210458],[16.616634,49.210447],[16.616638,49.210442]]]},"properties":{"id":80047,"buildingId":54678,"floorId":79639,"floorLevel":3,"name":"BA01N4027","type":"office","category":"office","label":"Office","passportNumber":"BA01N4027","seats":null,"hasProjector":false,"hasWhiteboard":false,"code":221}},{"type":"Feature","geometry":{"type":"Polygon","coordinates":[[[16.616563,49.210447],[16.616538,49.210438],[16.616521,49.210456],[16.616547,49.210466],[16.616551,49.210461],[16.616557,49.210454],[16.616563,49.210447]]]},"properties":{"id":80048,"buildingId":54678,"floorId":79639,"floorLevel":3,"name":"BA01N4029","type":"classroom_and_laboratory","category":"teaching","label":"Classroom / lab","passportNumber":"BA01N4029","seats":null,"hasProjector":false,"hasWhiteboard":false,"code":221}},{"type":"Feature","geometry":{"type":"Polygon","coordinates":[[[16.616546,49.210466],[16.616521,49.210457],[16.616518,49.21046],[16.616513,49.210459],[16.616502,49.21047],[16.616533,49.210482],[16.616539,49.210475],[16.616545,49.210468],[16.616546,49.210466]]]},"properties":{"id":80049,"buildingId":54678,"floorId":79639,"floorLevel":3,"name":"BA01N4030","type":"classroom_and_laboratory","category":"teaching","label":"Classroom / lab","passportNumber":"BA01N4030","seats":null,"hasProjector":false,"hasWhiteboard":false,"code":221}},{"type":"Feature","geometry":{"type":"Polygon","coordinates":[[[16.616495,49.210452],[16.616493,49.210451],[16.616481,49.210447],[16.616432,49.210428],[16.616418,49.210444],[16.616409,49.210455],[16.616399,49.210466],[16.616462,49.21049],[16.616467,49.210484],[16.616473,49.210477],[16.616495,49.210452]]]},"properties":{"id":80050,"buildingId":54678,"floorId":79639,"floorLevel":3,"name":"BA01N4033","type":"classroom_and_laboratory","category":"teaching","label":"Classroom / lab","passportNumber":"BA01N4033","seats":10,"hasProjector":false,"hasWhiteboard":false,"code":221}},{"type":"Feature","geometry":{"type":"Polygon","coordinates":[[[16.616616,49.210467],[16.616583,49.210455],[16.616568,49.210449],[16.616564,49.210448],[16.616558,49.210454],[16.616552,49.210461],[16.616546,49.210468],[16.61654,49.210475],[16.616534,49.210482],[16.616539,49.210484],[16.61655,49.210488],[16.616586,49.210502],[16.616599,49.210487],[16.616608,49.210476],[16.616616,49.210467]]]},"properties":{"id":80051,"buildingId":54678,"floorId":79639,"floorLevel":3,"name":"BA01N4028","type":"office","category":"office","label":"Office","passportNumber":"BA01N4028","seats":null,"hasProjector":false,"hasWhiteboard":false,"code":221}},{"type":"Feature","geometry":{"type":"Polygon","coordinates":[[[16.616483,49.210489],[16.616489,49.210491],[16.616489,49.21049],[16.616496,49.210483],[16.616496,49.210482],[16.616491,49.21048],[16.61651,49.210458],[16.616509,49.210457],[16.616498,49.210453],[16.616496,49.210452],[16.616475,49.210477],[16.616468,49.210484],[16.616463,49.21049],[16.616478,49.210495],[16.616483,49.210489]]]},"properties":{"id":80052,"buildingId":54678,"floorId":79639,"floorLevel":3,"name":"BA01N4034","type":"office","category":"office","label":"Office","passportNumber":"BA01N4034","seats":null,"hasProjector":false,"hasWhiteboard":false,"code":221}},{"type":"Feature","geometry":{"type":"Polygon","coordinates":[[[16.616532,49.210482],[16.616507,49.210473],[16.616497,49.210484],[16.616491,49.210491],[16.616485,49.210498],[16.61651,49.210508],[16.616532,49.210482]]]},"properties":{"id":80053,"buildingId":54678,"floorId":79639,"floorLevel":3,"name":"BA01N4035","type":"office","category":"office","label":"Office","passportNumber":"BA01N4035","seats":null,"hasProjector":false,"hasWhiteboard":false,"code":221}},{"type":"Feature","geometry":{"type":"Polygon","coordinates":[[[16.616585,49.210502],[16.616549,49.210489],[16.616538,49.210485],[16.616533,49.210483],[16.616511,49.210508],[16.616563,49.210528],[16.616573,49.210517],[16.616582,49.210506],[16.616585,49.210502]]]},"properties":{"id":80054,"buildingId":54678,"floorId":79639,"floorLevel":3,"name":"BA01N4031","type":"classroom_and_laboratory","category":"teaching","label":"Classroom / lab","passportNumber":"BA01N4031","seats":null,"hasProjector":false,"hasWhiteboard":false,"code":221}},{"type":"Feature","geometry":{"type":"Polygon","coordinates":[[[16.615422,49.20983],[16.61543,49.209833],[16.615434,49.209834],[16.615438,49.209828],[16.61544,49.209829],[16.615435,49.209834],[16.615436,49.209834],[16.615435,49.209835],[16.615435,49.209835],[16.615425,49.209845],[16.615435,49.209849],[16.615445,49.209838],[16.615444,49.209838],[16.615444,49.209837],[16.615447,49.209838],[16.615446,49.209839],[16.615446,49.209839],[16.615437,49.209849],[16.615446,49.209853],[16.615449,49.209849],[16.615455,49.209842],[16.615457,49.20984],[16.615463,49.209833],[16.615467,49.209828],[16.615447,49.209821],[16.615446,49.209822],[16.615445,49.209821],[16.615446,49.20982],[16.615417,49.20981],[16.615416,49.209811],[16.61541,49.209818],[16.615405,49.209823],[16.615422,49.20983]]]},"properties":{"id":80055,"buildingId":54678,"floorId":79639,"floorLevel":3,"name":"BA01N4083","type":"utility_room","category":"service","label":"Utility","passportNumber":"BA01N4083","seats":null,"hasProjector":false,"hasWhiteboard":false,"code":223}},{"type":"Feature","geometry":{"type":"Polygon","coordinates":[[[16.615429,49.209834],[16.615421,49.209831],[16.615404,49.209824],[16.615399,49.20983],[16.615409,49.209834],[16.615405,49.209838],[16.615424,49.209845],[16.615433,49.209835],[16.615429,49.209834]]]},"properties":{"id":80056,"buildingId":54678,"floorId":79639,"floorLevel":3,"name":"BA01N4082","type":"toilet","category":"service","label":"Toilet","passportNumber":"BA01N4082","seats":null,"hasProjector":false,"hasWhiteboard":false,"code":223}},{"type":"Feature","geometry":{"type":"Polygon","coordinates":[[[16.615981,49.209825],[16.615968,49.20982],[16.61597,49.209818],[16.615954,49.209812],[16.615952,49.209814],[16.615944,49.209811],[16.615908,49.209851],[16.615902,49.209859],[16.615901,49.209859],[16.615909,49.209862],[16.615906,49.209866],[16.615923,49.209872],[16.615926,49.209869],[16.615938,49.209873],[16.615981,49.209825]]]},"properties":{"id":57592,"buildingId":54678,"floorId":57574,"floorLevel":-1,"name":"BA01P1062B","type":"office","category":"office","label":"Office","passportNumber":"BA01P1062B","seats":null,"hasProjector":false,"hasWhiteboard":false,"code":941}},{"type":"Feature","geometry":{"type":"Polygon","coordinates":[[[16.61611,49.209866],[16.616116,49.209868],[16.616117,49.209867],[16.616125,49.20987],[16.616135,49.209858],[16.616127,49.209855],[16.616132,49.209849],[16.616139,49.209841],[16.616141,49.209839],[16.616137,49.209837],[16.616131,49.209837],[16.616128,49.209837],[16.616122,49.209836],[16.616119,49.209836],[16.616105,49.20984],[16.616095,49.209847],[16.616086,49.209857],[16.616087,49.209857],[16.616084,49.209861],[16.616087,49.209863],[16.616098,49.209867],[16.616107,49.20987],[16.61611,49.209866]]]},"properties":{"id":57589,"buildingId":54678,"floorId":57574,"floorLevel":-1,"name":"BA01P1062A","type":"office","category":"office","label":"Office","passportNumber":"BA01P1062A","seats":null,"hasProjector":false,"hasWhiteboard":false,"code":941}},{"type":"Feature","geometry":{"type":"Polygon","coordinates":[[[16.615942,49.20981],[16.615932,49.209806],[16.615934,49.209804],[16.615918,49.209798],[16.615916,49.2098],[16.615896,49.209793],[16.615898,49.209791],[16.615881,49.209784],[16.61588,49.209787],[16.61586,49.209779],[16.615861,49.209777],[16.615845,49.209771],[16.615843,49.209773],[16.615835,49.20977],[16.615802,49.209807],[16.6158,49.209806],[16.61579,49.209818],[16.615871,49.209848],[16.615887,49.209854],[16.615899,49.209859],[16.6159,49.209858],[16.615907,49.209851],[16.615942,49.20981]]]},"properties":{"id":57590,"buildingId":54678,"floorId":57574,"floorLevel":-1,"name":"BA01P1062C","type":"office","category":"office","label":"Office","passportNumber":"BA01P1062C","seats":null,"hasProjector":false,"hasWhiteboard":false,"code":941}}]}