{"type":"FeatureCollection","features":[{"type":"Feature","geometry":{"type":"Polygon","coordinates":[[[16.614084,49.209297],[16.61397,49.209255],[16.613999,49.20922],[16.614094,49.209254],[16.614097,49.209251],[16.614116,49.209258],[16.614084,49.209297]]]},"properties":{"id":17,"buildingId":0,"floorId":0,"floorLevel":5,"name":"","type":"emergency_floor","category":"structure","label":"Corridor","passportNumber":null,"seats":null,"hasProjector":false,"hasWhiteboard":false,"code":null}},{"type":"Feature","geometry":{"type":"Polygon","coordinates":[[[16.614881,49.209455],[16.614869,49.209469],[16.614524,49.209341],[16.61452,49.209346],[16.614326,49.209274],[16.614315,49.209287],[16.614147,49.209225],[16.614118,49.209259],[16.614097,49.209251],[16.614139,49.2092],[16.614088,49.209181],[16.614099,49.209168],[16.614881,49.209455]]]},"properties":{"id":18,"buildingId":0,"floorId":0,"floorLevel":5,"name":"","type":"floor","category":"structure","label":"Corridor","passportNumber":null,"seats":null,"hasProjector":false,"hasWhiteboard":false,"code":null}},{"type":"Feature","geometry":{"type":"Polygon","coordinates":[[[16.614739,49.209442],[16.614804,49.209467],[16.614778,49.209497],[16.614777,49.209498],[16.614712,49.209474],[16.614739,49.209442]]]},"properties":{"id":21,"buildingId":0,"floorId":0,"floorLevel":5,"name":"","type":"stairs","category":"circulation","label":"Stairs","passportNumber":null,"seats":null,"hasProjector":false,"hasWhiteboard":false,"code":null}},{"type":"Feature","geometry":{"type":"Polygon","coordinates":[[[16.614541,49.209426],[16.614564,49.209398],[16.614586,49.209406],[16.614576,49.209419],[16.614565,49.209415],[16.61456,49.20942],[16.614572,49.209424],[16.614563,49.209435],[16.614541,49.209426]]]},"properties":{"id":22,"buildingId":0,"floorId":0,"floorLevel":5,"name":"","type":"toilet","category":"service","label":"Toilet","passportNumber":null,"seats":null,"hasProjector":false,"hasWhiteboard":false,"code":null}},{"type":"Feature","geometry":{"type":"Polygon","coordinates":[[[16.614189,49.209285],[16.614164,49.209276],[16.614193,49.209242],[16.614218,49.209251],[16.614189,49.209285]]]},"properties":{"id":25,"buildingId":0,"floorId":0,"floorLevel":5,"name":"","type":"toilet_female","category":"service","label":"Toilet (W)","passportNumber":null,"seats":null,"hasProjector":false,"hasWhiteboard":false,"code":null}},{"type":"Feature","geometry":{"type":"Polygon","coordinates":[[[16.614531,49.209373],[16.61455,49.20935],[16.614574,49.209359],[16.614555,49.209382],[16.614531,49.209373]]]},"properties":{"id":30,"buildingId":0,"floorId":0,"floorLevel":5,"name":"","type":"toilet_male","category":"service","label":"Toilet (M)","passportNumber":null,"seats":null,"hasProjector":false,"hasWhiteboard":false,"code":null}},{"type":"Feature","geometry":{"type":"Polygon","coordinates":[[[16.614695,49.209448],[16.614668,49.209438],[16.614681,49.209423],[16.614707,49.209433],[16.614695,49.209448]]]},"properties":{"id":31,"buildingId":0,"floorId":0,"floorLevel":5,"name":"","type":"elevator","category":"circulation","label":"Elevator","passportNumber":null,"seats":null,"hasProjector":false,"hasWhiteboard":false,"code":null}},{"type":"Feature","geometry":{"type":"Polygon","coordinates":[[[16.614505,49.209364],[16.614524,49.209341],[16.61455,49.20935],[16.614531,49.209373],[16.614505,49.209364]]]},"properties":{"id":35,"buildingId":0,"floorId":0,"floorLevel":5,"name":"","type":"toilet_female","category":"service","label":"Toilet (W)","passportNumber":null,"seats":null,"hasProjector":false,"hasWhiteboard":false,"code":null}},{"type":"Feature","geometry":{"type":"Polygon","coordinates":[[[16.61414,49.209267],[16.614118,49.209259],[16.614132,49.209242],[16.614155,49.20925],[16.61414,49.209267]]]},"properties":{"id":38,"buildingId":0,"floorId":0,"floorLevel":5,"name":"","type":"utility_room","category":"service","label":"Utility","passportNumber":null,"seats":null,"hasProjector":false,"hasWhiteboard":false,"code":null}},{"type":"Feature","geometry":{"type":"Polygon","coordinates":[[[16.614164,49.209276],[16.61414,49.209267],[16.614169,49.209233],[16.614193,49.209242],[16.614164,49.209276]]]},"properties":{"id":40,"buildingId":0,"floorId":0,"floorLevel":5,"name":"","type":"toilet_male","category":"service","label":"Toilet (M)","passportNumber":null,"seats":null,"hasProjector":false,"hasWhiteboard":false,"code":null}},{"type":"Feature","geometry":{"type":"Polygon","coordinates":[[[16.614132,49.209242],[16.614147,49.209225],[16.614169,49.209233],[16.614155,49.20925],[16.614132,49.209242]]]},"properties":{"id":44,"buildingId":0,"floorId":0,"floorLevel":5,"name":"","type":"kitchen","category":"service","label":"Kitchen","passportNumber":null,"seats":null,"hasProjector":false,"hasWhiteboard":false,"code":null}},{"type":"Feature","geometry":{"type":"Polygon","coordinates":[[[16.613981,49.209245],[16.613993,49.209231],[16.614084,49.209265],[16.614072,49.209279],[16.613981,49.209245]]]},"properties":{"id":55,"buildingId":0,"floorId":0,"floorLevel":5,"name":"","type":"emergency_stairs","category":"circulation","label":"Emergency stairs","passportNumber":null,"seats":null,"hasProjector":false,"hasWhiteboard":false,"code":null}},{"type":"Feature","geometry":{"type":"Polygon","coordinates":[[[16.614563,49.209435],[16.614572,49.209424],[16.614584,49.209429],[16.614586,49.209426],[16.614577,49.209423],[16.614578,49.20942],[16.614576,49.209419],[16.614586,49.209406],[16.614609,49.209415],[16.614586,49.209443],[16.614563,49.209435]]]},"properties":{"id":56,"buildingId":0,"floorId":0,"floorLevel":5,"name":"","type":"toilet","category":"service","label":"Toilet","passportNumber":null,"seats":null,"hasProjector":false,"hasWhiteboard":false,"code":null}},{"type":"Feature","geometry":{"type":"Polygon","coordinates":[[[16.614712,49.209477],[16.61468,49.209465],[16.614707,49.209433],[16.614575,49.209385],[16.614587,49.209371],[16.614718,49.209419],[16.614722,49.209414],[16.614762,49.209429],[16.614748,49.209446],[16.614739,49.209442],[16.614712,49.209474],[16.614714,49.209475],[16.614712,49.209477]]]},"properties":{"id":58,"buildingId":0,"floorId":0,"floorLevel":5,"name":"","type":"floor","category":"structure","label":"Corridor","passportNumber":null,"seats":null,"hasProjector":false,"hasWhiteboard":false,"code":null}},{"type":"Feature","geometry":{"type":"Polygon","coordinates":[[[16.614683,49.209462],[16.614646,49.209449],[16.614658,49.209435],[16.614695,49.209448],[16.614683,49.209462]]]},"properties":{"id":59,"buildingId":0,"floorId":0,"floorLevel":5,"name":"","type":"elevator","category":"circulation","label":"Elevator","passportNumber":null,"seats":null,"hasProjector":false,"hasWhiteboard":false,"code":null}},{"type":"Feature","geometry":{"type":"Polygon","coordinates":[[[16.614189,49.209285],[16.614218,49.209251],[16.614269,49.20927],[16.61424,49.209304],[16.614189,49.209285]]]},"properties":{"id":34,"buildingId":0,"floorId":0,"floorLevel":5,"name":"Q6.06","type":"office","category":"office","label":"Office","passportNumber":"BA39N6006","seats":null,"hasProjector":false,"hasWhiteboard":false,"code":111}},{"type":"Feature","geometry":{"type":"Polygon","coordinates":[[[16.614286,49.20932],[16.614326,49.209274],[16.614362,49.209287],[16.614323,49.209334],[16.614286,49.20932]]]},"properties":{"id":28,"buildingId":0,"floorId":0,"floorLevel":5,"name":"Q6.08","type":"office","category":"office","label":"Office","passportNumber":"BA39N6008","seats":null,"hasProjector":false,"hasWhiteboard":false,"code":111}},{"type":"Feature","geometry":{"type":"Polygon","coordinates":[[[16.614323,49.209334],[16.614362,49.209287],[16.614393,49.209298],[16.614353,49.209345],[16.614323,49.209334]]]},"properties":{"id":46,"buildingId":0,"floorId":0,"floorLevel":5,"name":"Q6.09","type":"office","category":"office","label":"Office","passportNumber":"BA39N6009","seats":null,"hasProjector":false,"hasWhiteboard":false,"code":111}},{"type":"Feature","geometry":{"type":"Polygon","coordinates":[[[16.614353,49.209345],[16.614393,49.209298],[16.614427,49.209311],[16.614388,49.209358],[16.614353,49.209345]]]},"properties":{"id":33,"buildingId":0,"floorId":0,"floorLevel":5,"name":"Q6.10","type":"office","category":"office","label":"Office","passportNumber":"BA39N6010","seats":null,"hasProjector":false,"hasWhiteboard":false,"code":111}},{"type":"Feature","geometry":{"type":"Polygon","coordinates":[[[16.614388,49.209358],[16.614427,49.209311],[16.61446,49.209323],[16.614421,49.20937],[16.614388,49.209358]]]},"properties":{"id":14,"buildingId":0,"floorId":0,"floorLevel":5,"name":"Q6.11","type":"office","category":"office","label":"Office","passportNumber":"BA39N6011","seats":null,"hasProjector":false,"hasWhiteboard":false,"code":111}},{"type":"Feature","geometry":{"type":"Polygon","coordinates":[[[16.614421,49.20937],[16.61446,49.209323],[16.614489,49.209334],[16.61445,49.20938],[16.614421,49.20937]]]},"properties":{"id":41,"buildingId":0,"floorId":0,"floorLevel":5,"name":"Q6.12","type":"office","category":"office","label":"Office","passportNumber":"BA39N6012","seats":null,"hasProjector":false,"hasWhiteboard":false,"code":111}},{"type":"Feature","geometry":{"type":"Polygon","coordinates":[[[16.614481,49.209392],[16.61445,49.20938],[16.614489,49.209334],[16.61452,49.209346],[16.614481,49.209392]]]},"properties":{"id":49,"buildingId":0,"floorId":0,"floorLevel":5,"name":"Q6.13","type":"office","category":"office","label":"Office","passportNumber":"BA39N6013","seats":null,"hasProjector":false,"hasWhiteboard":false,"code":111}},{"type":"Feature","geometry":{"type":"Polygon","coordinates":[[[16.614586,49.209443],[16.614621,49.209401],[16.614669,49.209419],[16.614666,49.209423],[16.614667,49.209424],[16.614671,49.20942],[16.614679,49.209423],[16.614666,49.209437],[16.614658,49.209434],[16.614661,49.209431],[16.614659,49.20943],[16.614639,49.209455],[16.61464,49.209455],[16.614635,49.209461],[16.614586,49.209443]]]},"properties":{"id":36,"buildingId":0,"floorId":0,"floorLevel":5,"name":"Q6.17","type":"room","category":"other","label":"Room","passportNumber":"BA39N6017","seats":null,"hasProjector":false,"hasWhiteboard":false,"code":null}},{"type":"Feature","geometry":{"type":"Polygon","coordinates":[[[16.614779,49.209501],[16.614781,49.209498],[16.614778,49.209497],[16.614818,49.20945],[16.614869,49.209469],[16.614914,49.209486],[16.614912,49.209488],[16.614917,49.20949],[16.614879,49.209535],[16.614874,49.209533],[16.614872,49.209535],[16.614779,49.209501]]]},"properties":{"id":50,"buildingId":0,"floorId":0,"floorLevel":5,"name":"Q6.19","type":"boardroom","category":"teaching","label":"Boardroom","passportNumber":"BA39N6019","seats":null,"hasProjector":false,"hasWhiteboard":false,"code":117}},{"type":"Feature","geometry":{"type":"Polygon","coordinates":[[[16.61404,49.209163],[16.614036,49.209162],[16.614073,49.209117],[16.614078,49.209119],[16.614082,49.209114],[16.61413,49.209131],[16.614088,49.209181],[16.61404,49.209163]]]},"properties":{"id":57,"buildingId":0,"floorId":0,"floorLevel":5,"name":"Q6.21","type":"office","category":"office","label":"Office","passportNumber":"BA39N6021","seats":null,"hasProjector":false,"hasWhiteboard":false,"code":111}},{"type":"Feature","geometry":{"type":"Polygon","coordinates":[[[16.614099,49.209168],[16.61413,49.209131],[16.614178,49.209149],[16.614148,49.209186],[16.614099,49.209168]]]},"properties":{"id":13,"buildingId":0,"floorId":0,"floorLevel":5,"name":"Q6.22","type":"office","category":"office","label":"Office","passportNumber":"BA39N6022","seats":null,"hasProjector":false,"hasWhiteboard":false,"code":111}},{"type":"Feature","geometry":{"type":"Polygon","coordinates":[[[16.614148,49.209186],[16.614178,49.209149],[16.614226,49.209167],[16.614195,49.209204],[16.614148,49.209186]]]},"properties":{"id":42,"buildingId":0,"floorId":0,"floorLevel":5,"name":"Q6.23","type":"office","category":"office","label":"Office","passportNumber":"BA39N6023","seats":null,"hasProjector":false,"hasWhiteboard":false,"code":111}},{"type":"Feature","geometry":{"type":"Polygon","coordinates":[[[16.614195,49.209204],[16.614226,49.209167],[16.614276,49.209185],[16.614245,49.209222],[16.614195,49.209204]]]},"properties":{"id":20,"buildingId":0,"floorId":0,"floorLevel":5,"name":"Q6.24","type":"office","category":"office","label":"Office","passportNumber":"BA39N6024","seats":null,"hasProjector":false,"hasWhiteboard":false,"code":111}},{"type":"Feature","geometry":{"type":"Polygon","coordinates":[[[16.614245,49.209222],[16.614276,49.209185],[16.614324,49.209203],[16.614294,49.20924],[16.614245,49.209222]]]},"properties":{"id":29,"buildingId":0,"floorId":0,"floorLevel":5,"name":"Q6.25","type":"office","category":"office","label":"Office","passportNumber":"BA39N6025","seats":null,"hasProjector":false,"hasWhiteboard":false,"code":111}},{"type":"Feature","geometry":{"type":"Polygon","coordinates":[[[16.614294,49.20924],[16.614324,49.209203],[16.614373,49.209221],[16.614343,49.209258],[16.614294,49.20924]]]},"properties":{"id":43,"buildingId":0,"floorId":0,"floorLevel":5,"name":"Q6.26","type":"office","category":"office","label":"Office","passportNumber":"BA39N6026","seats":null,"hasProjector":false,"hasWhiteboard":false,"code":111}},{"type":"Feature","geometry":{"type":"Polygon","coordinates":[[[16.614343,49.209258],[16.614373,49.209221],[16.614421,49.209239],[16.61439,49.209275],[16.614343,49.209258]]]},"properties":{"id":60,"buildingId":0,"floorId":0,"floorLevel":5,"name":"Q6.27","type":"office","category":"office","label":"Office","passportNumber":"BA39N6027","seats":null,"hasProjector":false,"hasWhiteboard":false,"code":111}},{"type":"Feature","geometry":{"type":"Polygon","coordinates":[[[16.61439,49.209275],[16.614421,49.209239],[16.614471,49.209257],[16.61444,49.209294],[16.61439,49.209275]]]},"properties":{"id":54,"buildingId":0,"floorId":0,"floorLevel":5,"name":"Q6.28","type":"office","category":"office","label":"Office","passportNumber":"BA39N6028","seats":null,"hasProjector":false,"hasWhiteboard":false,"code":111}},{"type":"Feature","geometry":{"type":"Polygon","coordinates":[[[16.61444,49.209294],[16.614471,49.209257],[16.61452,49.209275],[16.614489,49.209312],[16.61444,49.209294]]]},"properties":{"id":37,"buildingId":0,"floorId":0,"floorLevel":5,"name":"Q6.29","type":"office","category":"office","label":"Office","passportNumber":"BA39N6029","seats":null,"hasProjector":false,"hasWhiteboard":false,"code":111}},{"type":"Feature","geometry":{"type":"Polygon","coordinates":[[[16.614489,49.209312],[16.61452,49.209275],[16.61457,49.209294],[16.614539,49.20933],[16.614489,49.209312]]]},"properties":{"id":12,"buildingId":0,"floorId":0,"floorLevel":5,"name":"Q6.30","type":"office","category":"office","label":"Office","passportNumber":"BA39N6030","seats":null,"hasProjector":false,"hasWhiteboard":false,"code":111}},{"type":"Feature","geometry":{"type":"Polygon","coordinates":[[[16.614539,49.20933],[16.61457,49.209294],[16.614617,49.209311],[16.614586,49.209347],[16.614539,49.20933]]]},"properties":{"id":53,"buildingId":0,"floorId":0,"floorLevel":5,"name":"Q6.31","type":"office","category":"office","label":"Office","passportNumber":"BA39N6031","seats":null,"hasProjector":false,"hasWhiteboard":false,"code":117}},{"type":"Feature","geometry":{"type":"Polygon","coordinates":[[[16.614586,49.209347],[16.614617,49.209311],[16.614666,49.209329],[16.614635,49.209365],[16.614586,49.209347]]]},"properties":{"id":45,"buildingId":0,"floorId":0,"floorLevel":5,"name":"Q6.32","type":"office","category":"office","label":"Office","passportNumber":"BA39N6032","seats":null,"hasProjector":false,"hasWhiteboard":false,"code":117}},{"type":"Feature","geometry":{"type":"Polygon","coordinates":[[[16.614635,49.209365],[16.614666,49.209329],[16.614715,49.209347],[16.614684,49.209383],[16.614635,49.209365]]]},"properties":{"id":39,"buildingId":0,"floorId":0,"floorLevel":5,"name":"Q6.33","type":"office","category":"office","label":"Office","passportNumber":"BA39N6033","seats":null,"hasProjector":false,"hasWhiteboard":false,"code":117}},{"type":"Feature","geometry":{"type":"Polygon","coordinates":[[[16.614684,49.209383],[16.614715,49.209347],[16.614764,49.209365],[16.614734,49.209401],[16.614684,49.209383]]]},"properties":{"id":26,"buildingId":0,"floorId":0,"floorLevel":5,"name":"Q6.34","type":"office","category":"office","label":"Office","passportNumber":"BA39N6034","seats":null,"hasProjector":false,"hasWhiteboard":false,"code":117}},{"type":"Feature","geometry":{"type":"Polygon","coordinates":[[[16.614734,49.209401],[16.614764,49.209365],[16.614812,49.209383],[16.614781,49.209419],[16.614734,49.209401]]]},"properties":{"id":19,"buildingId":0,"floorId":0,"floorLevel":5,"name":"Q6.35","type":"office","category":"office","label":"Office","passportNumber":"BA39N6035","seats":null,"hasProjector":false,"hasWhiteboard":false,"code":117}},{"type":"Feature","geometry":{"type":"Polygon","coordinates":[[[16.614781,49.209419],[16.614812,49.209383],[16.614861,49.209401],[16.61483,49.209437],[16.614781,49.209419]]]},"properties":{"id":23,"buildingId":0,"floorId":0,"floorLevel":5,"name":"Q6.36","type":"office","category":"office","label":"Office","passportNumber":"BA39N6036","seats":null,"hasProjector":false,"hasWhiteboard":false,"code":117}},{"type":"Feature","geometry":{"type":"Polygon","coordinates":[[[16.61483,49.209437],[16.614861,49.209401],[16.614911,49.209419],[16.614881,49.209455],[16.61483,49.209437]]]},"properties":{"id":10,"buildingId":0,"floorId":0,"floorLevel":5,"name":"Q6.37","type":"office","category":"office","label":"Office","passportNumber":"BA39N6037","seats":null,"hasProjector":false,"hasWhiteboard":false,"code":117}},{"type":"Feature","geometry":{"type":"Polygon","coordinates":[[[16.61492,49.209488],[16.614914,49.209486],[16.614869,49.209469],[16.614911,49.209419],[16.614956,49.209436],[16.614952,49.209441],[16.614958,49.209443],[16.61492,49.209488]]]},"properties":{"id":15,"buildingId":0,"floorId":0,"floorLevel":5,"name":"Q6.38","type":"office","category":"office","label":"Office","passportNumber":"BA39N6038","seats":null,"hasProjector":false,"hasWhiteboard":false,"code":117}},{"type":"Feature","geometry":{"type":"Polygon","coordinates":[[[16.614781,49.209436],[16.614767,49.209453],[16.614748,49.209446],[16.614762,49.209429],[16.614781,49.209436]]]},"properties":{"id":52,"buildingId":0,"floorId":0,"floorLevel":5,"name":"Q6.40","type":"utility_room","category":"service","label":"Utility","passportNumber":"BA39N6040","seats":null,"hasProjector":false,"hasWhiteboard":false,"code":null}},{"type":"Feature","geometry":{"type":"Polygon","coordinates":[[[16.614818,49.20945],[16.614804,49.209467],[16.614767,49.209453],[16.614781,49.209436],[16.614818,49.20945]]]},"properties":{"id":16,"buildingId":0,"floorId":0,"floorLevel":5,"name":"Q6.41","type":"utility_room","category":"service","label":"Utility","passportNumber":"BA39N6041","seats":null,"hasProjector":false,"hasWhiteboard":false,"code":null}},{"type":"Feature","geometry":{"type":"Polygon","coordinates":[[[16.614586,49.209406],[16.614564,49.209398],[16.614575,49.209385],[16.614598,49.209393],[16.614586,49.209406]]]},"properties":{"id":11,"buildingId":0,"floorId":0,"floorLevel":5,"name":"Q6.42","type":"room","category":"other","label":"Room","passportNumber":"BA39N6042","seats":null,"hasProjector":false,"hasWhiteboard":false,"code":null}},{"type":"Feature","geometry":{"type":"Polygon","coordinates":[[[16.614609,49.209415],[16.614586,49.209406],[16.614598,49.209393],[16.614621,49.209401],[16.614609,49.209415]]]},"properties":{"id":27,"buildingId":0,"floorId":0,"floorLevel":5,"name":"Q6.43","type":"room","category":"other","label":"Room","passportNumber":"BA39N6043","seats":null,"hasProjector":false,"hasWhiteboard":false,"code":null}},{"type":"Feature","geometry":{"type":"Polygon","coordinates":[[[16.614555,49.209382],[16.614574,49.209359],[16.614591,49.209366],[16.614572,49.209388],[16.614555,49.209382]]]},"properties":{"id":47,"buildingId":0,"floorId":0,"floorLevel":5,"name":"Q6.46","type":"utility_room","category":"service","label":"Utility","passportNumber":"BA39N6046","seats":null,"hasProjector":false,"hasWhiteboard":false,"code":null}},{"type":"Feature","geometry":{"type":"Polygon","coordinates":[[[16.61474,49.209542],[16.614526,49.209795],[16.614432,49.20976],[16.614643,49.209509],[16.614647,49.209505],[16.614742,49.20954],[16.61474,49.209542]]]},"properties":{"id":77,"buildingId":0,"floorId":1,"floorLevel":4,"name":"","type":"floor","category":"structure","label":"Corridor","passportNumber":null,"seats":null,"hasProjector":false,"hasWhiteboard":false,"code":null}},{"type":"Feature","geometry":{"type":"Polygon","coordinates":[[[16.614618,49.209563],[16.614653,49.209522],[16.614719,49.209544],[16.614684,49.209585],[16.614618,49.209563]]]},"properties":{"id":78,"buildingId":0,"floorId":1,"floorLevel":4,"name":"","type":"empty","category":"other","label":"Room","passportNumber":null,"seats":null,"hasProjector":false,"hasWhiteboard":false,"code":null}},{"type":"Feature","geometry":{"type":"Polygon","coordinates":[[[16.614556,49.209432],[16.614566,49.20942],[16.614576,49.209424],[16.61458,49.209419],[16.614601,49.209394],[16.614681,49.209423],[16.614668,49.209438],[16.614658,49.209435],[16.614636,49.209461],[16.614556,49.209432]]]},"properties":{"id":79,"buildingId":0,"floorId":1,"floorLevel":4,"name":"","type":"toilet_female","category":"service","label":"Toilet (W)","passportNumber":null,"seats":null,"hasProjector":false,"hasWhiteboard":false,"code":null}},{"type":"Feature","geometry":{"type":"Polygon","coordinates":[[[16.61467,49.209419],[16.614508,49.20936],[16.614522,49.209343],[16.614684,49.209403],[16.61467,49.209419]]]},"properties":{"id":85,"buildingId":0,"floorId":1,"floorLevel":4,"name":"","type":"floor","category":"structure","label":"Corridor","passportNumber":null,"seats":null,"hasProjector":false,"hasWhiteboard":false,"code":null}},{"type":"Feature","geometry":{"type":"Polygon","coordinates":[[[16.614164,49.209276],[16.61414,49.209267],[16.614169,49.209233],[16.614193,49.209242],[16.614164,49.209276]]]},"properties":{"id":87,"buildingId":0,"floorId":1,"floorLevel":4,"name":"","type":"toilet_male","category":"service","label":"Toilet (M)","passportNumber":null,"seats":null,"hasProjector":false,"hasWhiteboard":false,"code":null}},{"type":"Feature","geometry":{"type":"Polygon","coordinates":[[[16.614679,49.209516],[16.614647,49.209505],[16.614707,49.209433],[16.61467,49.209419],[16.614684,49.209403],[16.614685,49.209401],[16.614762,49.209429],[16.614748,49.209446],[16.614739,49.209442],[16.614712,49.209474],[16.614714,49.209475],[16.614679,49.209516]]]},"properties":{"id":88,"buildingId":0,"floorId":1,"floorLevel":4,"name":"","type":"floor","category":"structure","label":"Corridor","passportNumber":null,"seats":null,"hasProjector":false,"hasWhiteboard":false,"code":null}},{"type":"Feature","geometry":{"type":"Polygon","coordinates":[[[16.614695,49.209448],[16.614668,49.209438],[16.614681,49.209423],[16.614707,49.209433],[16.614695,49.209448]]]},"properties":{"id":93,"buildingId":0,"floorId":1,"floorLevel":4,"name":"","type":"elevator","category":"circulation","label":"Elevator","passportNumber":null,"seats":null,"hasProjector":false,"hasWhiteboard":false,"code":null}},{"type":"Feature","geometry":{"type":"Polygon","coordinates":[[[16.614526,49.209421],[16.614536,49.209409],[16.614554,49.209416],[16.614558,49.209411],[16.61458,49.209419],[16.614576,49.209424],[16.614566,49.20942],[16.614556,49.209432],[16.614526,49.209421]]]},"properties":{"id":100,"buildingId":0,"floorId":1,"floorLevel":4,"name":"","type":"utility_room","category":"service","label":"Utility","passportNumber":null,"seats":null,"hasProjector":false,"hasWhiteboard":false,"code":null}},{"type":"Feature","geometry":{"type":"Polygon","coordinates":[[[16.61414,49.209267],[16.614118,49.209259],[16.614132,49.209242],[16.614155,49.20925],[16.61414,49.209267]]]},"properties":{"id":102,"buildingId":0,"floorId":1,"floorLevel":4,"name":"","type":"utility_room","category":"service","label":"Utility","passportNumber":null,"seats":null,"hasProjector":false,"hasWhiteboard":false,"code":null}},{"type":"Feature","geometry":{"type":"Polygon","coordinates":[[[16.614739,49.209442],[16.614804,49.209467],[16.614778,49.209497],[16.614777,49.209498],[16.614712,49.209474],[16.614739,49.209442]]]},"properties":{"id":103,"buildingId":0,"floorId":1,"floorLevel":4,"name":"","type":"stairs","category":"circulation","label":"Stairs","passportNumber":null,"seats":null,"hasProjector":false,"hasWhiteboard":false,"code":null}},{"type":"Feature","geometry":{"type":"Polygon","coordinates":[[[16.614402,49.209795],[16.614432,49.20976],[16.614526,49.209795],[16.614497,49.20983],[16.614402,49.209795]]]},"properties":{"id":104,"buildingId":0,"floorId":1,"floorLevel":4,"name":"","type":"emergency_floor","category":"structure","label":"Corridor","passportNumber":null,"seats":null,"hasProjector":false,"hasWhiteboard":false,"code":null}},{"type":"Feature","geometry":{"type":"Polygon","coordinates":[[[16.614818,49.20945],[16.614804,49.209467],[16.614767,49.209453],[16.614781,49.209436],[16.614818,49.20945]]]},"properties":{"id":107,"buildingId":0,"floorId":1,"floorLevel":4,"name":"","type":"kitchen","category":"service","label":"Kitchen","passportNumber":null,"seats":null,"hasProjector":false,"hasWhiteboard":false,"code":null}},{"type":"Feature","geometry":{"type":"Polygon","coordinates":[[[16.614527,49.209716],[16.614511,49.20971],[16.614591,49.209615],[16.614607,49.209621],[16.614527,49.209716]]]},"properties":{"id":109,"buildingId":0,"floorId":1,"floorLevel":4,"name":"","type":"stairs","category":"circulation","label":"Stairs","passportNumber":null,"seats":null,"hasProjector":false,"hasWhiteboard":false,"code":null}},{"type":"Feature","geometry":{"type":"Polygon","coordinates":[[[16.614189,49.209285],[16.614164,49.209276],[16.614193,49.209242],[16.614218,49.209251],[16.614189,49.209285]]]},"properties":{"id":110,"buildingId":0,"floorId":1,"floorLevel":4,"name":"","type":"toilet_female","category":"service","label":"Toilet (W)","passportNumber":null,"seats":null,"hasProjector":false,"hasWhiteboard":false,"code":null}},{"type":"Feature","geometry":{"type":"Polygon","coordinates":[[[16.613981,49.209245],[16.613993,49.209231],[16.614084,49.209265],[16.614072,49.209279],[16.613981,49.209245]]]},"properties":{"id":111,"buildingId":0,"floorId":1,"floorLevel":4,"name":"","type":"emergency_stairs","category":"circulation","label":"Emergency stairs","passportNumber":null,"seats":null,"hasProjector":false,"hasWhiteboard":false,"code":null}},{"type":"Feature","geometry":{"type":"Polygon","coordinates":[[[16.614781,49.209436],[16.614767,49.209453],[16.614748,49.209446],[16.614762,49.209429],[16.614781,49.209436]]]},"properties":{"id":114,"buildingId":0,"floorId":1,"floorLevel":4,"name":"","type":"utility_room","category":"service","label":"Utility","passportNumber":null,"seats":null,"hasProjector":false,"hasWhiteboard":false,"code":null}},{"type":"Feature","geometry":{"type":"Polygon","coordinates":[[[16.614084,49.209297],[16.61397,49.209255],[16.613999,49.20922],[16.614094,49.209254],[16.614097,49.209251],[16.614116,49.209258],[16.614084,49.209297]]]},"properties":{"id":116,"buildingId":0,"floorId":1,"floorLevel":4,"name":"","type":"emergency_floor","category":"structure","label":"Corridor","passportNumber":null,"seats":null,"hasProjector":false,"hasWhiteboard":false,"code":null}},{"type":"Feature","geometry":{"type":"Polygon","coordinates":[[[16.614408,49.209796],[16.614435,49.209764],[16.614501,49.209788],[16.614474,49.20982],[16.614408,49.209796]]]},"properties":{"id":118,"buildingId":0,"floorId":1,"floorLevel":4,"name":"","type":"emergency_stairs","category":"circulation","label":"Emergency stairs","passportNumber":null,"seats":null,"hasProjector":false,"hasWhiteboard":false,"code":null}},{"type":"Feature","geometry":{"type":"Polygon","coordinates":[[[16.614579,49.209386],[16.614554,49.209416],[16.614536,49.209409],[16.614526,49.209421],[16.614477,49.209403],[16.614482,49.209397],[16.614484,49.209398],[16.614489,49.209391],[16.614484,49.209389],[16.614508,49.20936],[16.614579,49.209386]]]},"properties":{"id":119,"buildingId":0,"floorId":1,"floorLevel":4,"name":"","type":"toilet_male","category":"service","label":"Toilet (M)","passportNumber":null,"seats":null,"hasProjector":false,"hasWhiteboard":false,"code":null}},{"type":"Feature","geometry":{"type":"Polygon","coordinates":[[[16.614881,49.209455],[16.614869,49.209469],[16.614685,49.209401],[16.614684,49.209403],[16.614522,49.209343],[16.61452,49.209346],[16.614326,49.209274],[16.614315,49.209287],[16.614147,49.209225],[16.614118,49.209259],[16.614097,49.209251],[16.614139,49.2092],[16.614088,49.209181],[16.614099,49.209168],[16.614881,49.209455]]]},"properties":{"id":124,"buildingId":0,"floorId":1,"floorLevel":4,"name":"","type":"floor","category":"structure","label":"Corridor","passportNumber":null,"seats":null,"hasProjector":false,"hasWhiteboard":false,"code":null}},{"type":"Feature","geometry":{"type":"Polygon","coordinates":[[[16.614683,49.209462],[16.614646,49.209449],[16.614658,49.209435],[16.614695,49.209448],[16.614683,49.209462]]]},"properties":{"id":128,"buildingId":0,"floorId":1,"floorLevel":4,"name":"","type":"elevator","category":"circulation","label":"Elevator","passportNumber":null,"seats":null,"hasProjector":false,"hasWhiteboard":false,"code":null}},{"type":"Feature","geometry":{"type":"Polygon","coordinates":[[[16.614579,49.209386],[16.614601,49.209394],[16.61458,49.209419],[16.614558,49.209411],[16.614579,49.209386]]]},"properties":{"id":130,"buildingId":0,"floorId":1,"floorLevel":4,"name":"","type":"toilet_handicapped","category":"service","label":"Toilet (accessible)","passportNumber":null,"seats":null,"hasProjector":false,"hasWhiteboard":false,"code":null}},{"type":"Feature","geometry":{"type":"Polygon","coordinates":[[[16.614132,49.209242],[16.614147,49.209225],[16.614169,49.209233],[16.614155,49.20925],[16.614132,49.209242]]]},"properties":{"id":135,"buildingId":0,"floorId":1,"floorLevel":4,"name":"","type":"kitchen","category":"service","label":"Kitchen","passportNumber":null,"seats":null,"hasProjector":false,"hasWhiteboard":false,"code":null}},{"type":"Feature","geometry":{"type":"Polygon","coordinates":[[[16.614497,49.20983],[16.614558,49.209757],[16.614663,49.209796],[16.614601,49.209869],[16.614497,49.20983]]]},"properties":{"id":131,"buildingId":0,"floorId":1,"floorLevel":4,"name":"Q45","type":"classroom_and_laboratory","category":"teaching","label":"Classroom / lab","passportNumber":"BA39N5003","seats":30,"hasProjector":true,"hasWhiteboard":true,"code":112}},{"type":"Feature","geometry":{"type":"Polygon","coordinates":[[[16.614344,49.209709],[16.614423,49.209615],[16.614523,49.209652],[16.614443,49.209746],[16.614344,49.209709]]]},"properties":{"id":120,"buildingId":0,"floorId":1,"floorLevel":4,"name":"Q43","type":"classroom_and_laboratory","category":"teaching","label":"Classroom / lab","passportNumber":"BA39N5004","seats":64,"hasProjector":true,"hasWhiteboard":true,"code":112}},{"type":"Feature","geometry":{"type":"Polygon","coordinates":[[[16.614558,49.209757],[16.614617,49.209687],[16.614722,49.209726],[16.614663,49.209796],[16.614558,49.209757]]]},"properties":{"id":92,"buildingId":0,"floorId":1,"floorLevel":4,"name":"Q46","type":"classroom_and_laboratory","category":"teaching","label":"Classroom / lab","passportNumber":"BA39N5006","seats":30,"hasProjector":true,"hasWhiteboard":true,"code":114}},{"type":"Feature","geometry":{"type":"Polygon","coordinates":[[[16.614423,49.209615],[16.614502,49.209521],[16.614602,49.209557],[16.614523,49.209652],[16.614423,49.209615]]]},"properties":{"id":123,"buildingId":0,"floorId":1,"floorLevel":4,"name":"Q42","type":"classroom_and_laboratory","category":"teaching","label":"Classroom / lab","passportNumber":"BA39N5010","seats":60,"hasProjector":true,"hasWhiteboard":true,"code":111}},{"type":"Feature","geometry":{"type":"Polygon","coordinates":[[[16.614502,49.209521],[16.614543,49.209472],[16.614643,49.209509],[16.614602,49.209557],[16.614502,49.209521]]]},"properties":{"id":134,"buildingId":0,"floorId":1,"floorLevel":4,"name":"Q41","type":"classroom_and_laboratory","category":"teaching","label":"Classroom / lab","passportNumber":"BA39N5013","seats":30,"hasProjector":true,"hasWhiteboard":true,"code":117}},{"type":"Feature","geometry":{"type":"Polygon","coordinates":[[[16.61478,49.209654],[16.614677,49.209616],[16.61474,49.209542],[16.614843,49.20958],[16.61478,49.209654]]]},"properties":{"id":80,"buildingId":0,"floorId":1,"floorLevel":4,"name":"Q48","type":"classroom_and_laboratory","category":"teaching","label":"Classroom / lab","passportNumber":"BA39N5014","seats":30,"hasProjector":true,"hasWhiteboard":true,"code":110}},{"type":"Feature","geometry":{"type":"Polygon","coordinates":[[[16.614097,49.209251],[16.613998,49.209214],[16.614001,49.209211],[16.613994,49.209208],[16.614032,49.209163],[16.614038,49.209166],[16.61404,49.209163],[16.614139,49.2092],[16.614097,49.209251]]]},"properties":{"id":129,"buildingId":0,"floorId":1,"floorLevel":4,"name":"Q5.16","type":"boardroom","category":"teaching","label":"Boardroom","passportNumber":"BA39N5016","seats":null,"hasProjector":false,"hasWhiteboard":false,"code":112}},{"type":"Feature","geometry":{"type":"Polygon","coordinates":[[[16.614189,49.209285],[16.614218,49.209251],[16.614269,49.20927],[16.61424,49.209304],[16.614189,49.209285]]]},"properties":{"id":133,"buildingId":0,"floorId":1,"floorLevel":4,"name":"Q5.21","type":"office","category":"office","label":"Office","passportNumber":"BA39N5021","seats":null,"hasProjector":false,"hasWhiteboard":false,"code":112}},{"type":"Feature","geometry":{"type":"Polygon","coordinates":[[[16.614286,49.20932],[16.61424,49.209304],[16.614269,49.20927],[16.614315,49.209287],[16.614286,49.20932]]]},"properties":{"id":89,"buildingId":0,"floorId":1,"floorLevel":4,"name":"Q5.22","type":"office","category":"office","label":"Office","passportNumber":"BA39N5022","seats":null,"hasProjector":false,"hasWhiteboard":false,"code":112}},{"type":"Feature","geometry":{"type":"Polygon","coordinates":[[[16.614286,49.20932],[16.614326,49.209274],[16.614362,49.209287],[16.614323,49.209334],[16.614286,49.20932]]]},"properties":{"id":96,"buildingId":0,"floorId":1,"floorLevel":4,"name":"Q5.23","type":"office","category":"office","label":"Office","passportNumber":"BA39N5023","seats":null,"hasProjector":false,"hasWhiteboard":false,"code":null}},{"type":"Feature","geometry":{"type":"Polygon","coordinates":[[[16.614323,49.209334],[16.614362,49.209287],[16.614393,49.209298],[16.614353,49.209345],[16.614323,49.209334]]]},"properties":{"id":122,"buildingId":0,"floorId":1,"floorLevel":4,"name":"Q5.24","type":"office","category":"office","label":"Office","passportNumber":"BA39N5024","seats":null,"hasProjector":false,"hasWhiteboard":false,"code":null}},{"type":"Feature","geometry":{"type":"Polygon","coordinates":[[[16.614353,49.209345],[16.614393,49.209298],[16.614427,49.209311],[16.614388,49.209358],[16.614353,49.209345]]]},"properties":{"id":106,"buildingId":0,"floorId":1,"floorLevel":4,"name":"Q5.25","type":"office","category":"office","label":"Office","passportNumber":"BA39N5025","seats":null,"hasProjector":false,"hasWhiteboard":false,"code":null}},{"type":"Feature","geometry":{"type":"Polygon","coordinates":[[[16.614388,49.209358],[16.614427,49.209311],[16.61446,49.209323],[16.614421,49.20937],[16.614388,49.209358]]]},"properties":{"id":101,"buildingId":0,"floorId":1,"floorLevel":4,"name":"Q5.26","type":"office","category":"office","label":"Office","passportNumber":"BA39N5026","seats":null,"hasProjector":false,"hasWhiteboard":false,"code":112}},{"type":"Feature","geometry":{"type":"Polygon","coordinates":[[[16.614421,49.20937],[16.61446,49.209323],[16.614489,49.209334],[16.61445,49.20938],[16.614421,49.20937]]]},"properties":{"id":98,"buildingId":0,"floorId":1,"floorLevel":4,"name":"Q5.27","type":"office","category":"office","label":"Office","passportNumber":"BA39N5027","seats":null,"hasProjector":false,"hasWhiteboard":false,"code":112}},{"type":"Feature","geometry":{"type":"Polygon","coordinates":[[[16.614481,49.209392],[16.61445,49.20938],[16.614489,49.209334],[16.61452,49.209346],[16.614481,49.209392]]]},"properties":{"id":82,"buildingId":0,"floorId":1,"floorLevel":4,"name":"Q5.28","type":"office","category":"office","label":"Office","passportNumber":"BA39N5028","seats":null,"hasProjector":false,"hasWhiteboard":false,"code":112}},{"type":"Feature","geometry":{"type":"Polygon","coordinates":[[[16.614779,49.209501],[16.614781,49.209498],[16.614778,49.209497],[16.614818,49.20945],[16.614869,49.209469],[16.614914,49.209486],[16.614912,49.209488],[16.614917,49.20949],[16.614879,49.209535],[16.614874,49.209533],[16.614872,49.209535],[16.614779,49.209501]]]},"properties":{"id":81,"buildingId":0,"floorId":1,"floorLevel":4,"name":"Q5.35","type":"boardroom","category":"teaching","label":"Boardroom","passportNumber":"BA39N5035","seats":null,"hasProjector":false,"hasWhiteboard":false,"code":110}},{"type":"Feature","geometry":{"type":"Polygon","coordinates":[[[16.61404,49.209163],[16.614036,49.209162],[16.614073,49.209117],[16.614078,49.209119],[16.614082,49.209114],[16.61413,49.209131],[16.614088,49.209181],[16.61404,49.209163]]]},"properties":{"id":126,"buildingId":0,"floorId":1,"floorLevel":4,"name":"Q5.37","type":"office","category":"office","label":"Office","passportNumber":"BA39N5037","seats":null,"hasProjector":false,"hasWhiteboard":false,"code":112}},{"type":"Feature","geometry":{"type":"Polygon","coordinates":[[[16.614099,49.209168],[16.61413,49.209131],[16.614178,49.209149],[16.614148,49.209186],[16.614099,49.209168]]]},"properties":{"id":97,"buildingId":0,"floorId":1,"floorLevel":4,"name":"Q5.38","type":"office","category":"office","label":"Office","passportNumber":"BA39N5038","seats":null,"hasProjector":false,"hasWhiteboard":false,"code":112}},{"type":"Feature","geometry":{"type":"Polygon","coordinates":[[[16.614195,49.209204],[16.614226,49.209167],[16.614276,49.209185],[16.614245,49.209222],[16.614195,49.209204]]]},"properties":{"id":121,"buildingId":0,"floorId":1,"floorLevel":4,"name":"Q5.40","type":"office","category":"office","label":"Office","passportNumber":"BA39N5040","seats":null,"hasProjector":false,"hasWhiteboard":false,"code":112}},{"type":"Feature","geometry":{"type":"Polygon","coordinates":[[[16.614245,49.209222],[16.614276,49.209185],[16.614324,49.209203],[16.614294,49.20924],[16.614245,49.209222]]]},"properties":{"id":115,"buildingId":0,"floorId":1,"floorLevel":4,"name":"Q5.41","type":"office","category":"office","label":"Office","passportNumber":"BA39N5041","seats":null,"hasProjector":false,"hasWhiteboard":false,"code":112}},{"type":"Feature","geometry":{"type":"Polygon","coordinates":[[[16.614294,49.20924],[16.614324,49.209203],[16.614373,49.209221],[16.614343,49.209258],[16.614294,49.20924]]]},"properties":{"id":95,"buildingId":0,"floorId":1,"floorLevel":4,"name":"Q5.42","type":"office","category":"office","label":"Office","passportNumber":"BA39N5042","seats":null,"hasProjector":false,"hasWhiteboard":false,"code":112}},{"type":"Feature","geometry":{"type":"Polygon","coordinates":[[[16.614343,49.209258],[16.614373,49.209221],[16.614421,49.209239],[16.61439,49.209275],[16.614343,49.209258]]]},"properties":{"id":125,"buildingId":0,"floorId":1,"floorLevel":4,"name":"Q5.43","type":"office","category":"office","label":"Office","passportNumber":"BA39N5043","seats":null,"hasProjector":false,"hasWhiteboard":false,"code":null}},{"type":"Feature","geometry":{"type":"Polygon","coordinates":[[[16.61439,49.209275],[16.614421,49.209239],[16.614471,49.209257],[16.61444,49.209294],[16.61439,49.209275]]]},"properties":{"id":94,"buildingId":0,"floorId":1,"floorLevel":4,"name":"Q5.44","type":"office","category":"office","label":"Office","passportNumber":"BA39N5044","seats":null,"hasProjector":false,"hasWhiteboard":false,"code":112}},{"type":"Feature","geometry":{"type":"Polygon","coordinates":[[[16.61444,49.209294],[16.614471,49.209257],[16.61452,49.209275],[16.614489,49.209312],[16.61444,49.209294]]]},"properties":{"id":91,"buildingId":0,"floorId":1,"floorLevel":4,"name":"Q5.45","type":"office","category":"office","label":"Office","passportNumber":"BA39N5045","seats":null,"hasProjector":false,"hasWhiteboard":false,"code":112}},{"type":"Feature","geometry":{"type":"Polygon","coordinates":[[[16.614489,49.209312],[16.61452,49.209275],[16.61457,49.209294],[16.614539,49.20933],[16.614489,49.209312]]]},"properties":{"id":108,"buildingId":0,"floorId":1,"floorLevel":4,"name":"Q5.46","type":"office","category":"office","label":"Office","passportNumber":"BA39N5046","seats":null,"hasProjector":false,"hasWhiteboard":false,"code":112}},{"type":"Feature","geometry":{"type":"Polygon","coordinates":[[[16.614586,49.209347],[16.614617,49.209311],[16.614666,49.209329],[16.614635,49.209365],[16.614586,49.209347]]]},"properties":{"id":99,"buildingId":0,"floorId":1,"floorLevel":4,"name":"Q5.48","type":"office","category":"office","label":"Office","passportNumber":"BA39N5048","seats":null,"hasProjector":false,"hasWhiteboard":false,"code":110}},{"type":"Feature","geometry":{"type":"Polygon","coordinates":[[[16.614635,49.209365],[16.614666,49.209329],[16.614715,49.209347],[16.614684,49.209383],[16.614635,49.209365]]]},"properties":{"id":117,"buildingId":0,"floorId":1,"floorLevel":4,"name":"Q5.49","type":"office","category":"office","label":"Office","passportNumber":"BA39N5049","seats":null,"hasProjector":false,"hasWhiteboard":false,"code":110}},{"type":"Feature","geometry":{"type":"Polygon","coordinates":[[[16.614684,49.209383],[16.614715,49.209347],[16.614764,49.209365],[16.614734,49.209401],[16.614684,49.209383]]]},"properties":{"id":112,"buildingId":0,"floorId":1,"floorLevel":4,"name":"Q5.50","type":"office","category":"office","label":"Office","passportNumber":"BA39N5050","seats":null,"hasProjector":false,"hasWhiteboard":false,"code":110}},{"type":"Feature","geometry":{"type":"Polygon","coordinates":[[[16.614734,49.209401],[16.614764,49.209365],[16.614812,49.209383],[16.614781,49.209419],[16.614734,49.209401]]]},"properties":{"id":83,"buildingId":0,"floorId":1,"floorLevel":4,"name":"Q5.51","type":"office","category":"office","label":"Office","passportNumber":"BA39N5051","seats":null,"hasProjector":false,"hasWhiteboard":false,"code":110}},{"type":"Feature","geometry":{"type":"Polygon","coordinates":[[[16.614781,49.209419],[16.614812,49.209383],[16.614861,49.209401],[16.61483,49.209437],[16.614781,49.209419]]]},"properties":{"id":127,"buildingId":0,"floorId":1,"floorLevel":4,"name":"Q5.52","type":"office","category":"office","label":"Office","passportNumber":"BA39N5052","seats":null,"hasProjector":false,"hasWhiteboard":false,"code":110}},{"type":"Feature","geometry":{"type":"Polygon","coordinates":[[[16.61483,49.209437],[16.614861,49.209401],[16.614911,49.209419],[16.614881,49.209455],[16.61483,49.209437]]]},"properties":{"id":105,"buildingId":0,"floorId":1,"floorLevel":4,"name":"Q5.53","type":"office","category":"office","label":"Office","passportNumber":"BA39N5053","seats":null,"hasProjector":false,"hasWhiteboard":false,"code":110}},{"type":"Feature","geometry":{"type":"Polygon","coordinates":[[[16.61492,49.209488],[16.614914,49.209486],[16.614869,49.209469],[16.614911,49.209419],[16.614956,49.209436],[16.614952,49.209441],[16.614958,49.209443],[16.61492,49.209488]]]},"properties":{"id":84,"buildingId":0,"floorId":1,"floorLevel":4,"name":"Q5.54","type":"office","category":"office","label":"Office","passportNumber":"BA39N5054","seats":null,"hasProjector":false,"hasWhiteboard":false,"code":110}},{"type":"Feature","geometry":{"type":"Polygon","coordinates":[[[16.61414,49.209267],[16.614118,49.209259],[16.614132,49.209242],[16.614155,49.20925],[16.61414,49.209267]]]},"properties":{"id":160,"buildingId":0,"floorId":2,"floorLevel":3,"name":"","type":"utility_room","category":"service","label":"Utility","passportNumber":null,"seats":null,"hasProjector":false,"hasWhiteboard":false,"code":null}},{"type":"Feature","geometry":{"type":"Polygon","coordinates":[[[16.613837,49.209675],[16.613858,49.209682],[16.613838,49.209706],[16.613834,49.209705],[16.613832,49.209707],[16.613735,49.209672],[16.613746,49.209659],[16.61378,49.209671],[16.613784,49.209666],[16.613805,49.209673],[16.613816,49.209661],[16.613841,49.20967],[16.613837,49.209675]]]},"properties":{"id":166,"buildingId":0,"floorId":2,"floorLevel":3,"name":"","type":"toilet_male","category":"service","label":"Toilet (M)","passportNumber":null,"seats":null,"hasProjector":false,"hasWhiteboard":false,"code":null}},{"type":"Feature","geometry":{"type":"Polygon","coordinates":[[[16.614527,49.209716],[16.614511,49.20971],[16.614591,49.209615],[16.614607,49.209621],[16.614527,49.209716]]]},"properties":{"id":167,"buildingId":0,"floorId":2,"floorLevel":3,"name":"","type":"stairs","category":"circulation","label":"Stairs","passportNumber":null,"seats":null,"hasProjector":false,"hasWhiteboard":false,"code":null}},{"type":"Feature","geometry":{"type":"Polygon","coordinates":[[[16.613856,49.209652],[16.613841,49.20967],[16.613816,49.209661],[16.613831,49.209643],[16.613856,49.209652]]]},"properties":{"id":168,"buildingId":0,"floorId":2,"floorLevel":3,"name":"","type":"elevator","category":"circulation","label":"Elevator","passportNumber":null,"seats":null,"hasProjector":false,"hasWhiteboard":false,"code":null}},{"type":"Feature","geometry":{"type":"Polygon","coordinates":[[[16.614132,49.209242],[16.614147,49.209225],[16.614169,49.209233],[16.614155,49.20925],[16.614132,49.209242]]]},"properties":{"id":169,"buildingId":0,"floorId":2,"floorLevel":3,"name":"","type":"kitchen","category":"service","label":"Kitchen","passportNumber":null,"seats":null,"hasProjector":false,"hasWhiteboard":false,"code":null}},{"type":"Feature","geometry":{"type":"Polygon","coordinates":[[[16.614618,49.209563],[16.614653,49.209522],[16.614719,49.209544],[16.614684,49.209585],[16.614618,49.209563]]]},"properties":{"id":170,"buildingId":0,"floorId":2,"floorLevel":3,"name":"","type":"empty","category":"other","label":"Room","passportNumber":null,"seats":null,"hasProjector":false,"hasWhiteboard":false,"code":null}},{"type":"Feature","geometry":{"type":"Polygon","coordinates":[[[16.613672,49.209714],[16.6136,49.209687],[16.613603,49.209684],[16.613597,49.209682],[16.613635,49.209635],[16.613714,49.209664],[16.613672,49.209714]]]},"properties":{"id":171,"buildingId":0,"floorId":2,"floorLevel":3,"name":"Q39","type":"classroom_and_laboratory","category":"teaching","label":"Classroom / lab","passportNumber":null,"seats":null,"hasProjector":false,"hasWhiteboard":false,"code":null}},{"type":"Feature","geometry":{"type":"Polygon","coordinates":[[[16.613814,49.209578],[16.613827,49.209563],[16.613852,49.209572],[16.613839,49.209587],[16.613814,49.209578]]]},"properties":{"id":172,"buildingId":0,"floorId":2,"floorLevel":3,"name":"","type":"kitchen","category":"service","label":"Kitchen","passportNumber":null,"seats":null,"hasProjector":false,"hasWhiteboard":false,"code":null}},{"type":"Feature","geometry":{"type":"Polygon","coordinates":[[[16.614739,49.209442],[16.614804,49.209467],[16.614778,49.209497],[16.614777,49.209498],[16.614712,49.209474],[16.614739,49.209442]]]},"properties":{"id":173,"buildingId":0,"floorId":2,"floorLevel":3,"name":"","type":"stairs","category":"circulation","label":"Stairs","passportNumber":null,"seats":null,"hasProjector":false,"hasWhiteboard":false,"code":null}},{"type":"Feature","geometry":{"type":"Polygon","coordinates":[[[16.613805,49.209673],[16.613784,49.209666],[16.61378,49.209671],[16.613746,49.209659],[16.613763,49.209639],[16.613818,49.209658],[16.613805,49.209673]]]},"properties":{"id":177,"buildingId":0,"floorId":2,"floorLevel":3,"name":"","type":"toilet_female","category":"service","label":"Toilet (W)","passportNumber":null,"seats":null,"hasProjector":false,"hasWhiteboard":false,"code":null}},{"type":"Feature","geometry":{"type":"Polygon","coordinates":[[[16.61474,49.209542],[16.614526,49.209795],[16.614432,49.20976],[16.614643,49.209509],[16.614647,49.209505],[16.614742,49.20954],[16.61474,49.209542]]]},"properties":{"id":179,"buildingId":0,"floorId":2,"floorLevel":3,"name":"","type":"floor","category":"structure","label":"Corridor","passportNumber":null,"seats":null,"hasProjector":false,"hasWhiteboard":false,"code":null}},{"type":"Feature","geometry":{"type":"Polygon","coordinates":[[[16.614402,49.209795],[16.614432,49.20976],[16.614526,49.209795],[16.614497,49.20983],[16.614402,49.209795]]]},"properties":{"id":188,"buildingId":0,"floorId":2,"floorLevel":3,"name":"","type":"emergency_floor","category":"structure","label":"Corridor","passportNumber":null,"seats":null,"hasProjector":false,"hasWhiteboard":false,"code":null}},{"type":"Feature","geometry":{"type":"Polygon","coordinates":[[[16.613817,49.209579],[16.613881,49.209602],[16.61388,49.209602],[16.613917,49.209616],[16.613879,49.20966],[16.613776,49.209623],[16.613814,49.209578],[16.613817,49.209579]]]},"properties":{"id":190,"buildingId":0,"floorId":2,"floorLevel":3,"name":"","type":"floor","category":"structure","label":"Corridor","passportNumber":null,"seats":null,"hasProjector":false,"hasWhiteboard":false,"code":null}},{"type":"Feature","geometry":{"type":"Polygon","coordinates":[[[16.614579,49.209386],[16.614601,49.209394],[16.61458,49.209419],[16.614558,49.209411],[16.614579,49.209386]]]},"properties":{"id":194,"buildingId":0,"floorId":2,"floorLevel":3,"name":"","type":"toilet_handicapped","category":"service","label":"Toilet (accessible)","passportNumber":null,"seats":null,"hasProjector":false,"hasWhiteboard":false,"code":null}},{"type":"Feature","geometry":{"type":"Polygon","coordinates":[[[16.614781,49.209436],[16.614767,49.209453],[16.614748,49.209446],[16.614762,49.209429],[16.614781,49.209436]]]},"properties":{"id":201,"buildingId":0,"floorId":2,"floorLevel":3,"name":"","type":"utility_room","category":"service","label":"Utility","passportNumber":null,"seats":null,"hasProjector":false,"hasWhiteboard":false,"code":null}},{"type":"Feature","geometry":{"type":"Polygon","coordinates":[[[16.614082,49.209299],[16.613852,49.209572],[16.613827,49.209563],[16.613693,49.209722],[16.613672,49.209714],[16.613868,49.209482],[16.613862,49.20948],[16.613867,49.209473],[16.613863,49.209471],[16.613872,49.209461],[16.613882,49.209464],[16.613981,49.209347],[16.614007,49.209357],[16.614018,49.209344],[16.614061,49.209292],[16.614082,49.209299]]]},"properties":{"id":204,"buildingId":0,"floorId":2,"floorLevel":3,"name":"","type":"floor","category":"structure","label":"Corridor","passportNumber":null,"seats":null,"hasProjector":false,"hasWhiteboard":false,"code":null}},{"type":"Feature","geometry":{"type":"Polygon","coordinates":[[[16.613785,49.209647],[16.613798,49.209631],[16.613831,49.209643],[16.613818,49.209658],[16.613785,49.209647]]]},"properties":{"id":205,"buildingId":0,"floorId":2,"floorLevel":3,"name":"","type":"toilet_handicapped","category":"service","label":"Toilet (accessible)","passportNumber":null,"seats":null,"hasProjector":false,"hasWhiteboard":false,"code":null}},{"type":"Feature","geometry":{"type":"Polygon","coordinates":[[[16.614683,49.209462],[16.614646,49.209449],[16.614658,49.209435],[16.614695,49.209448],[16.614683,49.209462]]]},"properties":{"id":208,"buildingId":0,"floorId":2,"floorLevel":3,"name":"","type":"elevator","category":"circulation","label":"Elevator","passportNumber":null,"seats":null,"hasProjector":false,"hasWhiteboard":false,"code":null}},{"type":"Feature","geometry":{"type":"Polygon","coordinates":[[[16.613881,49.209602],[16.613856,49.209632],[16.613792,49.209609],[16.613817,49.209579],[16.613881,49.209602]]]},"properties":{"id":209,"buildingId":0,"floorId":2,"floorLevel":3,"name":"","type":"stairs","category":"circulation","label":"Stairs","passportNumber":null,"seats":null,"hasProjector":false,"hasWhiteboard":false,"code":null}},{"type":"Feature","geometry":{"type":"Polygon","coordinates":[[[16.614881,49.209455],[16.614869,49.209469],[16.614685,49.209401],[16.614684,49.209403],[16.614522,49.209343],[16.61452,49.209346],[16.614326,49.209274],[16.614315,49.209287],[16.614147,49.209225],[16.614118,49.209259],[16.614097,49.209251],[16.614139,49.2092],[16.614088,49.209181],[16.614099,49.209168],[16.614881,49.209455]]]},"properties":{"id":211,"buildingId":0,"floorId":2,"floorLevel":3,"name":"","type":"floor","category":"structure","label":"Corridor","passportNumber":null,"seats":null,"hasProjector":false,"hasWhiteboard":false,"code":null}},{"type":"Feature","geometry":{"type":"Polygon","coordinates":[[[16.614579,49.209386],[16.614554,49.209416],[16.614536,49.209409],[16.614526,49.209421],[16.614477,49.209403],[16.614482,49.209397],[16.614484,49.209398],[16.614489,49.209391],[16.614484,49.209389],[16.614508,49.20936],[16.614579,49.209386]]]},"properties":{"id":212,"buildingId":0,"floorId":2,"floorLevel":3,"name":"","type":"toilet_male","category":"service","label":"Toilet (M)","passportNumber":null,"seats":null,"hasProjector":false,"hasWhiteboard":false,"code":null}},{"type":"Feature","geometry":{"type":"Polygon","coordinates":[[[16.614556,49.209432],[16.614566,49.20942],[16.614576,49.209424],[16.61458,49.209419],[16.614601,49.209394],[16.614681,49.209423],[16.614668,49.209438],[16.614658,49.209435],[16.614636,49.209461],[16.614556,49.209432]]]},"properties":{"id":214,"buildingId":0,"floorId":2,"floorLevel":3,"name":"","type":"toilet_female","category":"service","label":"Toilet (W)","passportNumber":null,"seats":null,"hasProjector":false,"hasWhiteboard":false,"code":null}},{"type":"Feature","geometry":{"type":"Polygon","coordinates":[[[16.614695,49.209448],[16.614668,49.209438],[16.614681,49.209423],[16.614707,49.209433],[16.614695,49.209448]]]},"properties":{"id":215,"buildingId":0,"floorId":2,"floorLevel":3,"name":"","type":"elevator","category":"circulation","label":"Elevator","passportNumber":null,"seats":null,"hasProjector":false,"hasWhiteboard":false,"code":null}},{"type":"Feature","geometry":{"type":"Polygon","coordinates":[[[16.613858,49.209682],[16.613837,49.209675],[16.613856,49.209652],[16.613878,49.20966],[16.613858,49.209682]]]},"properties":{"id":224,"buildingId":0,"floorId":2,"floorLevel":3,"name":"","type":"elevator","category":"circulation","label":"Elevator","passportNumber":null,"seats":null,"hasProjector":false,"hasWhiteboard":false,"code":null}},{"type":"Feature","geometry":{"type":"Polygon","coordinates":[[[16.614164,49.209276],[16.61414,49.209267],[16.614169,49.209233],[16.614193,49.209242],[16.614164,49.209276]]]},"properties":{"id":227,"buildingId":0,"floorId":2,"floorLevel":3,"name":"","type":"toilet_male","category":"service","label":"Toilet (M)","passportNumber":null,"seats":null,"hasProjector":false,"hasWhiteboard":false,"code":null}},{"type":"Feature","geometry":{"type":"Polygon","coordinates":[[[16.613798,49.209631],[16.613785,49.209647],[16.613763,49.209639],[16.613776,49.209623],[16.613798,49.209631]]]},"properties":{"id":232,"buildingId":0,"floorId":2,"floorLevel":3,"name":"","type":"utility_room","category":"service","label":"Utility","passportNumber":null,"seats":null,"hasProjector":false,"hasWhiteboard":false,"code":null}},{"type":"Feature","geometry":{"type":"Polygon","coordinates":[[[16.61382,49.209732],[16.613763,49.209712],[16.613783,49.20969],[16.613839,49.209709],[16.61382,49.209732]]]},"properties":{"id":174,"buildingId":0,"floorId":2,"floorLevel":3,"name":"Q4.03","type":"office","category":"office","label":"Office","passportNumber":"BA39N4003","seats":null,"hasProjector":false,"hasWhiteboard":false,"code":null}},{"type":"Feature","geometry":{"type":"Polygon","coordinates":[[[16.613839,49.209587],[16.613852,49.209572],[16.61386,49.209563],[16.613938,49.209591],[16.613917,49.209616],[16.613839,49.209587]]]},"properties":{"id":157,"buildingId":0,"floorId":2,"floorLevel":3,"name":"Q4.15","type":"office","category":"office","label":"Office","passportNumber":"BA39N4015","seats":null,"hasProjector":false,"hasWhiteboard":false,"code":null}},{"type":"Feature","geometry":{"type":"Polygon","coordinates":[[[16.613735,49.209517],[16.613755,49.209493],[16.613834,49.209522],[16.613814,49.209546],[16.613735,49.209517]]]},"properties":{"id":184,"buildingId":0,"floorId":2,"floorLevel":3,"name":"Q4.20","type":"office","category":"office","label":"Office","passportNumber":"BA39N4020","seats":null,"hasProjector":false,"hasWhiteboard":false,"code":null}},{"type":"Feature","geometry":{"type":"Polygon","coordinates":[[[16.613938,49.209591],[16.61386,49.209563],[16.61388,49.209539],[16.613958,49.209567],[16.613938,49.209591]]]},"properties":{"id":213,"buildingId":0,"floorId":2,"floorLevel":3,"name":"Q4.21","type":"office","category":"office","label":"Office","passportNumber":"BA39N4021","seats":null,"hasProjector":false,"hasWhiteboard":false,"code":null}},{"type":"Feature","geometry":{"type":"Polygon","coordinates":[[[16.613755,49.209493],[16.613775,49.20947],[16.613854,49.209498],[16.613834,49.209522],[16.613755,49.209493]]]},"properties":{"id":216,"buildingId":0,"floorId":2,"floorLevel":3,"name":"Q4.22","type":"office","category":"office","label":"Office","passportNumber":"BA39N4022","seats":null,"hasProjector":false,"hasWhiteboard":false,"code":null}},{"type":"Feature","geometry":{"type":"Polygon","coordinates":[[[16.61388,49.209539],[16.6139,49.209516],[16.613978,49.209544],[16.613958,49.209567],[16.61388,49.209539]]]},"properties":{"id":218,"buildingId":0,"floorId":2,"floorLevel":3,"name":"Q4.24","type":"office","category":"office","label":"Office","passportNumber":"BA39N4024","seats":null,"hasProjector":false,"hasWhiteboard":false,"code":null}},{"type":"Feature","geometry":{"type":"Polygon","coordinates":[[[16.613775,49.20947],[16.613794,49.209446],[16.613867,49.209473],[16.613862,49.20948],[16.613868,49.209482],[16.613854,49.209498],[16.613775,49.20947]]]},"properties":{"id":226,"buildingId":0,"floorId":2,"floorLevel":3,"name":"Q4.25","type":"office","category":"office","label":"Office","passportNumber":"BA39N4025","seats":null,"hasProjector":false,"hasWhiteboard":false,"code":null}},{"type":"Feature","geometry":{"type":"Polygon","coordinates":[[[16.6139,49.209516],[16.61392,49.209492],[16.613998,49.20952],[16.613978,49.209544],[16.6139,49.209516]]]},"properties":{"id":192,"buildingId":0,"floorId":2,"floorLevel":3,"name":"Q4.26","type":"office","category":"office","label":"Office","passportNumber":"BA39N4026","seats":null,"hasProjector":false,"hasWhiteboard":false,"code":null}},{"type":"Feature","geometry":{"type":"Polygon","coordinates":[[[16.614344,49.209709],[16.614423,49.209615],[16.614523,49.209652],[16.614443,49.209746],[16.614344,49.209709]]]},"properties":{"id":206,"buildingId":0,"floorId":2,"floorLevel":3,"name":"Q33","type":"classroom_and_laboratory","category":"teaching","label":"Classroom / lab","passportNumber":"BA39N4027","seats":48,"hasProjector":true,"hasWhiteboard":true,"code":117}},{"type":"Feature","geometry":{"type":"Polygon","coordinates":[[[16.614558,49.209757],[16.614617,49.209687],[16.614722,49.209726],[16.614663,49.209796],[16.614558,49.209757]]]},"properties":{"id":165,"buildingId":0,"floorId":2,"floorLevel":3,"name":"Q36","type":"classroom_and_laboratory","category":"teaching","label":"Classroom / lab","passportNumber":"BA39N4029","seats":24,"hasProjector":true,"hasWhiteboard":true,"code":113}},{"type":"Feature","geometry":{"type":"Polygon","coordinates":[[[16.613794,49.209446],[16.613814,49.209423],[16.613894,49.209451],[16.613882,49.209464],[16.613872,49.209461],[16.613863,49.209471],[16.613794,49.209446]]]},"properties":{"id":182,"buildingId":0,"floorId":2,"floorLevel":3,"name":"Q4.30","type":"office","category":"office","label":"Office","passportNumber":"BA39N4030","seats":null,"hasProjector":false,"hasWhiteboard":false,"code":null}},{"type":"Feature","geometry":{"type":"Polygon","coordinates":[[[16.61392,49.209492],[16.61394,49.209468],[16.614018,49.209497],[16.613998,49.20952],[16.61392,49.209492]]]},"properties":{"id":225,"buildingId":0,"floorId":2,"floorLevel":3,"name":"Q4.31","type":"office","category":"office","label":"Office","passportNumber":"BA39N4031","seats":null,"hasProjector":false,"hasWhiteboard":false,"code":null}},{"type":"Feature","geometry":{"type":"Polygon","coordinates":[[[16.613834,49.209399],[16.613854,49.209375],[16.613933,49.209404],[16.613913,49.209427],[16.613834,49.209399]]]},"properties":{"id":230,"buildingId":0,"floorId":2,"floorLevel":3,"name":"Q4.37","type":"office","category":"office","label":"Office","passportNumber":"BA39N4037","seats":null,"hasProjector":false,"hasWhiteboard":false,"code":null}},{"type":"Feature","geometry":{"type":"Polygon","coordinates":[[[16.61396,49.209444],[16.61398,49.209421],[16.614058,49.209449],[16.614038,49.209473],[16.61396,49.209444]]]},"properties":{"id":231,"buildingId":0,"floorId":2,"floorLevel":3,"name":"Q4.38","type":"office","category":"office","label":"Office","passportNumber":"BA39N4038","seats":null,"hasProjector":false,"hasWhiteboard":false,"code":null}},{"type":"Feature","geometry":{"type":"Polygon","coordinates":[[[16.613854,49.209375],[16.613874,49.209351],[16.613953,49.20938],[16.613933,49.209404],[16.613854,49.209375]]]},"properties":{"id":197,"buildingId":0,"floorId":2,"floorLevel":3,"name":"Q4.40","type":"office","category":"office","label":"Office","passportNumber":"BA39N4040","seats":null,"hasProjector":false,"hasWhiteboard":false,"code":null}},{"type":"Feature","geometry":{"type":"Polygon","coordinates":[[[16.61398,49.209421],[16.613999,49.209398],[16.614078,49.209426],[16.614058,49.209449],[16.61398,49.209421]]]},"properties":{"id":219,"buildingId":0,"floorId":2,"floorLevel":3,"name":"Q4.41","type":"office","category":"office","label":"Office","passportNumber":"BA39N4041","seats":null,"hasProjector":false,"hasWhiteboard":false,"code":null}},{"type":"Feature","geometry":{"type":"Polygon","coordinates":[[[16.614617,49.209687],[16.614677,49.209616],[16.614782,49.209655],[16.614722,49.209726],[16.614617,49.209687]]]},"properties":{"id":203,"buildingId":0,"floorId":2,"floorLevel":3,"name":"Q37","type":"classroom_and_laboratory","category":"teaching","label":"Classroom / lab","passportNumber":"BA39N4044","seats":24,"hasProjector":true,"hasWhiteboard":true,"code":113}},{"type":"Feature","geometry":{"type":"Polygon","coordinates":[[[16.613992,49.209334],[16.613953,49.20938],[16.613874,49.209351],[16.613913,49.209305],[16.613992,49.209334]]]},"properties":{"id":164,"buildingId":0,"floorId":2,"floorLevel":3,"name":"Q4.45","type":"office","category":"office","label":"Office","passportNumber":"BA39N4045","seats":null,"hasProjector":false,"hasWhiteboard":false,"code":null}},{"type":"Feature","geometry":{"type":"Polygon","coordinates":[[[16.613999,49.209398],[16.61402,49.209374],[16.614098,49.209402],[16.614078,49.209426],[16.613999,49.209398]]]},"properties":{"id":183,"buildingId":0,"floorId":2,"floorLevel":3,"name":"Q4.46","type":"office","category":"office","label":"Office","passportNumber":"BA39N4046","seats":null,"hasProjector":false,"hasWhiteboard":false,"code":null}},{"type":"Feature","geometry":{"type":"Polygon","coordinates":[[[16.614061,49.209292],[16.614018,49.209344],[16.613992,49.209334],[16.613913,49.209305],[16.613953,49.209257],[16.61396,49.209259],[16.613963,49.209256],[16.614061,49.209292]]]},"properties":{"id":202,"buildingId":0,"floorId":2,"floorLevel":3,"name":"Q4.49","type":"boardroom","category":"teaching","label":"Boardroom","passportNumber":"BA39N4049","seats":null,"hasProjector":false,"hasWhiteboard":false,"code":null}},{"type":"Feature","geometry":{"type":"Polygon","coordinates":[[[16.614039,49.209351],[16.614059,49.209327],[16.614137,49.209355],[16.614117,49.209379],[16.614039,49.209351]]]},"properties":{"id":162,"buildingId":0,"floorId":2,"floorLevel":3,"name":"Q4.50","type":"office","category":"office","label":"Office","passportNumber":"BA39N4050","seats":null,"hasProjector":false,"hasWhiteboard":false,"code":null}},{"type":"Feature","geometry":{"type":"Polygon","coordinates":[[[16.614502,49.209521],[16.614543,49.209472],[16.614643,49.209509],[16.614602,49.209557],[16.614502,49.209521]]]},"properties":{"id":189,"buildingId":0,"floorId":2,"floorLevel":3,"name":"Q31","type":"classroom_and_laboratory","category":"teaching","label":"Classroom / lab","passportNumber":"BA39N4051","seats":30,"hasProjector":true,"hasWhiteboard":true,"code":118}},{"type":"Feature","geometry":{"type":"Polygon","coordinates":[[[16.61478,49.209654],[16.614677,49.209616],[16.61474,49.209542],[16.614843,49.20958],[16.61478,49.209654]]]},"properties":{"id":210,"buildingId":0,"floorId":2,"floorLevel":3,"name":"Q38","type":"classroom_and_laboratory","category":"teaching","label":"Classroom / lab","passportNumber":"BA39N4052","seats":30,"hasProjector":true,"hasWhiteboard":true,"code":118}},{"type":"Feature","geometry":{"type":"Polygon","coordinates":[[[16.614097,49.209251],[16.613998,49.209214],[16.614001,49.209211],[16.613994,49.209208],[16.614032,49.209163],[16.614038,49.209166],[16.61404,49.209163],[16.614139,49.2092],[16.614097,49.209251]]]},"properties":{"id":223,"buildingId":0,"floorId":2,"floorLevel":3,"name":"Q4.55","type":"boardroom","category":"teaching","label":"Boardroom","passportNumber":"BA39N4055","seats":null,"hasProjector":false,"hasWhiteboard":false,"code":113}},{"type":"Feature","geometry":{"type":"Polygon","coordinates":[[[16.614189,49.209285],[16.614218,49.209251],[16.614269,49.20927],[16.61424,49.209304],[16.614189,49.209285]]]},"properties":{"id":193,"buildingId":0,"floorId":2,"floorLevel":3,"name":"Q4.60","type":"office","category":"office","label":"Office","passportNumber":"BA39N4060","seats":null,"hasProjector":false,"hasWhiteboard":false,"code":113}},{"type":"Feature","geometry":{"type":"Polygon","coordinates":[[[16.614286,49.20932],[16.61424,49.209304],[16.614269,49.20927],[16.614315,49.209287],[16.614286,49.20932]]]},"properties":{"id":199,"buildingId":0,"floorId":2,"floorLevel":3,"name":"Q4.61","type":"office","category":"office","label":"Office","passportNumber":"BA39N4061","seats":null,"hasProjector":false,"hasWhiteboard":false,"code":113}},{"type":"Feature","geometry":{"type":"Polygon","coordinates":[[[16.614286,49.20932],[16.614326,49.209274],[16.614362,49.209287],[16.614323,49.209334],[16.614286,49.20932]]]},"properties":{"id":181,"buildingId":0,"floorId":2,"floorLevel":3,"name":"Q4.62","type":"office","category":"office","label":"Office","passportNumber":"BA39N4062","seats":null,"hasProjector":false,"hasWhiteboard":false,"code":113}},{"type":"Feature","geometry":{"type":"Polygon","coordinates":[[[16.614323,49.209334],[16.614362,49.209287],[16.614393,49.209298],[16.614353,49.209345],[16.614323,49.209334]]]},"properties":{"id":196,"buildingId":0,"floorId":2,"floorLevel":3,"name":"Q4.63","type":"office","category":"office","label":"Office","passportNumber":"BA39N4063","seats":null,"hasProjector":false,"hasWhiteboard":false,"code":113}},{"type":"Feature","geometry":{"type":"Polygon","coordinates":[[[16.614388,49.209358],[16.614427,49.209311],[16.61446,49.209323],[16.614421,49.20937],[16.614388,49.209358]]]},"properties":{"id":161,"buildingId":0,"floorId":2,"floorLevel":3,"name":"Q4.65","type":"office","category":"office","label":"Office","passportNumber":"BA39N4065","seats":null,"hasProjector":false,"hasWhiteboard":false,"code":113}},{"type":"Feature","geometry":{"type":"Polygon","coordinates":[[[16.614481,49.209392],[16.61445,49.20938],[16.614489,49.209334],[16.61452,49.209346],[16.614481,49.209392]]]},"properties":{"id":163,"buildingId":0,"floorId":2,"floorLevel":3,"name":"Q4.67","type":"office","category":"office","label":"Office","passportNumber":"BA39N4067","seats":null,"hasProjector":false,"hasWhiteboard":false,"code":113}},{"type":"Feature","geometry":{"type":"Polygon","coordinates":[[[16.614779,49.209501],[16.614781,49.209498],[16.614778,49.209497],[16.614818,49.20945],[16.614869,49.209469],[16.614914,49.209486],[16.614912,49.209488],[16.614917,49.20949],[16.614879,49.209535],[16.614874,49.209533],[16.614872,49.209535],[16.614779,49.209501]]]},"properties":{"id":191,"buildingId":0,"floorId":2,"floorLevel":3,"name":"Q4.74","type":"boardroom","category":"teaching","label":"Boardroom","passportNumber":"BA39N4074","seats":null,"hasProjector":false,"hasWhiteboard":false,"code":118}},{"type":"Feature","geometry":{"type":"Polygon","coordinates":[[[16.61404,49.209163],[16.614036,49.209162],[16.614073,49.209117],[16.614078,49.209119],[16.614082,49.209114],[16.61413,49.209131],[16.614088,49.209181],[16.61404,49.209163]]]},"properties":{"id":158,"buildingId":0,"floorId":2,"floorLevel":3,"name":"Q4.76","type":"office","category":"office","label":"Office","passportNumber":"BA39N4076","seats":null,"hasProjector":false,"hasWhiteboard":false,"code":113}},{"type":"Feature","geometry":{"type":"Polygon","coordinates":[[[16.614099,49.209168],[16.61413,49.209131],[16.614178,49.209149],[16.614148,49.209186],[16.614099,49.209168]]]},"properties":{"id":200,"buildingId":0,"floorId":2,"floorLevel":3,"name":"Q4.77","type":"office","category":"office","label":"Office","passportNumber":"BA39N4077","seats":null,"hasProjector":false,"hasWhiteboard":false,"code":113}},{"type":"Feature","geometry":{"type":"Polygon","coordinates":[[[16.614148,49.209186],[16.614178,49.209149],[16.614226,49.209167],[16.614195,49.209204],[16.614148,49.209186]]]},"properties":{"id":207,"buildingId":0,"floorId":2,"floorLevel":3,"name":"Q4.78","type":"office","category":"office","label":"Office","passportNumber":"BA39N4078","seats":null,"hasProjector":false,"hasWhiteboard":false,"code":113}},{"type":"Feature","geometry":{"type":"Polygon","coordinates":[[[16.614195,49.209204],[16.614226,49.209167],[16.614276,49.209185],[16.614245,49.209222],[16.614195,49.209204]]]},"properties":{"id":222,"buildingId":0,"floorId":2,"floorLevel":3,"name":"Q4.79","type":"office","category":"office","label":"Office","passportNumber":"BA39N4079","seats":null,"hasProjector":false,"hasWhiteboard":false,"code":113}},{"type":"Feature","geometry":{"type":"Polygon","coordinates":[[[16.614245,49.209222],[16.614276,49.209185],[16.614324,49.209203],[16.614294,49.20924],[16.614245,49.209222]]]},"properties":{"id":178,"buildingId":0,"floorId":2,"floorLevel":3,"name":"Q4.80","type":"office","category":"office","label":"Office","passportNumber":"BA39N4080","seats":null,"hasProjector":false,"hasWhiteboard":false,"code":113}},{"type":"Feature","geometry":{"type":"Polygon","coordinates":[[[16.61439,49.209275],[16.614421,49.209239],[16.614471,49.209257],[16.61444,49.209294],[16.61439,49.209275]]]},"properties":{"id":233,"buildingId":0,"floorId":2,"floorLevel":3,"name":"Q4.83","type":"office","category":"office","label":"Office","passportNumber":"BA39N4083","seats":null,"hasProjector":false,"hasWhiteboard":false,"code":113}},{"type":"Feature","geometry":{"type":"Polygon","coordinates":[[[16.61444,49.209294],[16.614471,49.209257],[16.61452,49.209275],[16.614489,49.209312],[16.61444,49.209294]]]},"properties":{"id":228,"buildingId":0,"floorId":2,"floorLevel":3,"name":"Q4.84","type":"office","category":"office","label":"Office","passportNumber":"BA39N4084","seats":null,"hasProjector":false,"hasWhiteboard":false,"code":113}},{"type":"Feature","geometry":{"type":"Polygon","coordinates":[[[16.614489,49.209312],[16.61452,49.209275],[16.61457,49.209294],[16.614539,49.20933],[16.614489,49.209312]]]},"properties":{"id":229,"buildingId":0,"floorId":2,"floorLevel":3,"name":"Q4.85","type":"office","category":"office","label":"Office","passportNumber":"BA39N4085","seats":null,"hasProjector":false,"hasWhiteboard":false,"code":113}},{"type":"Feature","geometry":{"type":"Polygon","coordinates":[[[16.614539,49.20933],[16.61457,49.209294],[16.614617,49.209311],[16.614586,49.209347],[16.614539,49.20933]]]},"properties":{"id":220,"buildingId":0,"floorId":2,"floorLevel":3,"name":"Q4.86","type":"office","category":"office","label":"Office","passportNumber":"BA39N4086","seats":null,"hasProjector":false,"hasWhiteboard":false,"code":118}},{"type":"Feature","geometry":{"type":"Polygon","coordinates":[[[16.614635,49.209365],[16.614666,49.209329],[16.614715,49.209347],[16.614684,49.209383],[16.614635,49.209365]]]},"properties":{"id":195,"buildingId":0,"floorId":2,"floorLevel":3,"name":"Q4.88","type":"office","category":"office","label":"Office","passportNumber":"BA39N4088","seats":null,"hasProjector":false,"hasWhiteboard":false,"code":118}},{"type":"Feature","geometry":{"type":"Polygon","coordinates":[[[16.614734,49.209401],[16.614764,49.209365],[16.614812,49.209383],[16.614781,49.209419],[16.614734,49.209401]]]},"properties":{"id":187,"buildingId":0,"floorId":2,"floorLevel":3,"name":"Q4.90","type":"office","category":"office","label":"Office","passportNumber":"BA39N4090","seats":null,"hasProjector":false,"hasWhiteboard":false,"code":118}},{"type":"Feature","geometry":{"type":"Polygon","coordinates":[[[16.614781,49.209419],[16.614812,49.209383],[16.614861,49.209401],[16.61483,49.209437],[16.614781,49.209419]]]},"properties":{"id":221,"buildingId":0,"floorId":2,"floorLevel":3,"name":"Q4.91","type":"office","category":"office","label":"Office","passportNumber":"BA39N4091","seats":null,"hasProjector":false,"hasWhiteboard":false,"code":118}},{"type":"Feature","geometry":{"type":"Polygon","coordinates":[[[16.613763,49.209712],[16.613715,49.209695],[16.613735,49.209672],[16.613783,49.20969],[16.613763,49.209712]]]},"properties":{"id":217,"buildingId":0,"floorId":2,"floorLevel":3,"name":"Q4.97","type":"office","category":"office","label":"Office","passportNumber":"BA39N4097","seats":null,"hasProjector":false,"hasWhiteboard":false,"code":null}},{"type":"Feature","geometry":{"type":"Polygon","coordinates":[[[16.614018,49.209344],[16.614007,49.209357],[16.613981,49.209347],[16.613992,49.209334],[16.614018,49.209344]]]},"properties":{"id":234,"buildingId":0,"floorId":2,"floorLevel":3,"name":"","type":"kitchen","category":"service","label":"Kitchen","passportNumber":null,"seats":null,"hasProjector":false,"hasWhiteboard":false,"code":null}},{"type":"Feature","geometry":{"type":"Polygon","coordinates":[[[16.613982,49.209246],[16.613993,49.209231],[16.614084,49.209265],[16.614072,49.209279],[16.613982,49.209246]]]},"properties":{"id":235,"buildingId":0,"floorId":2,"floorLevel":3,"name":"","type":"emergency_stairs","category":"circulation","label":"Emergency stairs","passportNumber":null,"seats":null,"hasProjector":false,"hasWhiteboard":false,"code":null}},{"type":"Feature","geometry":{"type":"Polygon","coordinates":[[[16.614408,49.209796],[16.614435,49.209764],[16.614501,49.209788],[16.614474,49.20982],[16.614408,49.209796]]]},"properties":{"id":236,"buildingId":0,"floorId":2,"floorLevel":3,"name":"","type":"emergency_stairs","category":"circulation","label":"Emergency stairs","passportNumber":null,"seats":null,"hasProjector":false,"hasWhiteboard":false,"code":null}},{"type":"Feature","geometry":{"type":"Polygon","coordinates":[[[16.61467,49.209419],[16.614508,49.20936],[16.614522,49.209343],[16.614684,49.209403],[16.61467,49.209419]]]},"properties":{"id":237,"buildingId":0,"floorId":2,"floorLevel":3,"name":"","type":"floor","category":"structure","label":"Corridor","passportNumber":null,"seats":null,"hasProjector":false,"hasWhiteboard":false,"code":null}},{"type":"Feature","geometry":{"type":"Polygon","coordinates":[[[16.614526,49.209421],[16.614536,49.209409],[16.614554,49.209416],[16.614558,49.209411],[16.61458,49.209419],[16.614576,49.209424],[16.614566,49.20942],[16.614556,49.209432],[16.614526,49.209421]]]},"properties":{"id":241,"buildingId":0,"floorId":2,"floorLevel":3,"name":"","type":"utility_room","category":"service","label":"Utility","passportNumber":null,"seats":null,"hasProjector":false,"hasWhiteboard":false,"code":null}},{"type":"Feature","geometry":{"type":"Polygon","coordinates":[[[16.614818,49.20945],[16.614804,49.209467],[16.614767,49.209453],[16.614781,49.209436],[16.614818,49.20945]]]},"properties":{"id":247,"buildingId":0,"floorId":2,"floorLevel":3,"name":"","type":"kitchen","category":"service","label":"Kitchen","passportNumber":null,"seats":null,"hasProjector":false,"hasWhiteboard":false,"code":null}},{"type":"Feature","geometry":{"type":"Polygon","coordinates":[[[16.614679,49.209516],[16.614647,49.209505],[16.614707,49.209433],[16.61467,49.209419],[16.614684,49.209403],[16.614685,49.209401],[16.614762,49.209429],[16.614748,49.209446],[16.614739,49.209442],[16.614712,49.209474],[16.614714,49.209475],[16.614679,49.209516]]]},"properties":{"id":249,"buildingId":0,"floorId":2,"floorLevel":3,"name":"","type":"floor","category":"structure","label":"Corridor","passportNumber":null,"seats":null,"hasProjector":false,"hasWhiteboard":false,"code":null}},{"type":"Feature","geometry":{"type":"Polygon","coordinates":[[[16.614189,49.209285],[16.614164,49.209276],[16.614193,49.209242],[16.614218,49.209251],[16.614189,49.209285]]]},"properties":{"id":252,"buildingId":0,"floorId":2,"floorLevel":3,"name":"","type":"toilet_female","category":"service","label":"Toilet (W)","passportNumber":null,"seats":null,"hasProjector":false,"hasWhiteboard":false,"code":null}},{"type":"Feature","geometry":{"type":"Polygon","coordinates":[[[16.614084,49.209297],[16.614082,49.209299],[16.614061,49.209292],[16.614063,49.209289],[16.61397,49.209255],[16.613999,49.20922],[16.614094,49.209254],[16.614097,49.209251],[16.614116,49.209258],[16.614084,49.209297]]]},"properties":{"id":255,"buildingId":0,"floorId":2,"floorLevel":3,"name":"","type":"emergency_floor","category":"structure","label":"Corridor","passportNumber":null,"seats":null,"hasProjector":false,"hasWhiteboard":false,"code":null}},{"type":"Feature","geometry":{"type":"Polygon","coordinates":[[[16.61467,49.209419],[16.614508,49.20936],[16.614522,49.209343],[16.614684,49.209403],[16.61467,49.209419]]]},"properties":{"id":278,"buildingId":0,"floorId":3,"floorLevel":2,"name":"","type":"floor","category":"structure","label":"Corridor","passportNumber":null,"seats":null,"hasProjector":false,"hasWhiteboard":false,"code":null}},{"type":"Feature","geometry":{"type":"Polygon","coordinates":[[[16.614526,49.209421],[16.614536,49.209409],[16.614554,49.209416],[16.614558,49.209411],[16.61458,49.209419],[16.614576,49.209424],[16.614566,49.20942],[16.614556,49.209432],[16.614526,49.209421]]]},"properties":{"id":281,"buildingId":0,"floorId":3,"floorLevel":2,"name":"","type":"utility_room","category":"service","label":"Utility","passportNumber":null,"seats":null,"hasProjector":false,"hasWhiteboard":false,"code":null}},{"type":"Feature","geometry":{"type":"Polygon","coordinates":[[[16.614132,49.209242],[16.614147,49.209225],[16.614169,49.209233],[16.614155,49.20925],[16.614132,49.209242]]]},"properties":{"id":289,"buildingId":0,"floorId":3,"floorLevel":2,"name":"","type":"kitchen","category":"service","label":"Kitchen","passportNumber":null,"seats":null,"hasProjector":false,"hasWhiteboard":false,"code":null}},{"type":"Feature","geometry":{"type":"Polygon","coordinates":[[[16.613881,49.209602],[16.613856,49.209632],[16.613792,49.209609],[16.613817,49.209579],[16.613881,49.209602]]]},"properties":{"id":291,"buildingId":0,"floorId":3,"floorLevel":2,"name":"","type":"stairs","category":"circulation","label":"Stairs","passportNumber":null,"seats":null,"hasProjector":false,"hasWhiteboard":false,"code":null}},{"type":"Feature","geometry":{"type":"Polygon","coordinates":[[[16.614579,49.209386],[16.614601,49.209394],[16.61458,49.209419],[16.614558,49.209411],[16.614579,49.209386]]]},"properties":{"id":297,"buildingId":0,"floorId":3,"floorLevel":2,"name":"","type":"toilet_handicapped","category":"service","label":"Toilet (accessible)","passportNumber":null,"seats":null,"hasProjector":false,"hasWhiteboard":false,"code":null}},{"type":"Feature","geometry":{"type":"Polygon","coordinates":[[[16.614556,49.209432],[16.614566,49.20942],[16.614576,49.209424],[16.61458,49.209419],[16.614601,49.209394],[16.614681,49.209423],[16.614668,49.209438],[16.614658,49.209435],[16.614636,49.209461],[16.614556,49.209432]]]},"properties":{"id":298,"buildingId":0,"floorId":3,"floorLevel":2,"name":"","type":"toilet_female","category":"service","label":"Toilet (W)","passportNumber":null,"seats":null,"hasProjector":false,"hasWhiteboard":false,"code":null}},{"type":"Feature","geometry":{"type":"Polygon","coordinates":[[[16.613785,49.209647],[16.613798,49.209631],[16.613831,49.209643],[16.613818,49.209658],[16.613785,49.209647]]]},"properties":{"id":300,"buildingId":0,"floorId":3,"floorLevel":2,"name":"","type":"toilet_handicapped","category":"service","label":"Toilet (accessible)","passportNumber":null,"seats":null,"hasProjector":false,"hasWhiteboard":false,"code":null}},{"type":"Feature","geometry":{"type":"Polygon","coordinates":[[[16.613858,49.209682],[16.613837,49.209675],[16.613856,49.209652],[16.613878,49.20966],[16.613858,49.209682]]]},"properties":{"id":301,"buildingId":0,"floorId":3,"floorLevel":2,"name":"","type":"elevator","category":"circulation","label":"Elevator","passportNumber":null,"seats":null,"hasProjector":false,"hasWhiteboard":false,"code":null}},{"type":"Feature","geometry":{"type":"Polygon","coordinates":[[[16.614683,49.209462],[16.614646,49.209449],[16.614658,49.209435],[16.614695,49.209448],[16.614683,49.209462]]]},"properties":{"id":302,"buildingId":0,"floorId":3,"floorLevel":2,"name":"","type":"elevator","category":"circulation","label":"Elevator","passportNumber":null,"seats":null,"hasProjector":false,"hasWhiteboard":false,"code":null}},{"type":"Feature","geometry":{"type":"Polygon","coordinates":[[[16.614653,49.209522],[16.614719,49.209544],[16.614684,49.209585],[16.614618,49.209563],[16.614653,49.209522]]]},"properties":{"id":304,"buildingId":0,"floorId":3,"floorLevel":2,"name":"","type":"empty","category":"other","label":"Room","passportNumber":null,"seats":null,"hasProjector":false,"hasWhiteboard":false,"code":null}},{"type":"Feature","geometry":{"type":"Polygon","coordinates":[[[16.613805,49.209673],[16.613784,49.209666],[16.61378,49.209671],[16.613746,49.209659],[16.613763,49.209639],[16.613818,49.209658],[16.613805,49.209673]]]},"properties":{"id":310,"buildingId":0,"floorId":3,"floorLevel":2,"name":"","type":"toilet_female","category":"service","label":"Toilet (W)","passportNumber":null,"seats":null,"hasProjector":false,"hasWhiteboard":false,"code":null}},{"type":"Feature","geometry":{"type":"Polygon","coordinates":[[[16.61474,49.209542],[16.614526,49.209795],[16.614432,49.20976],[16.614643,49.209509],[16.614647,49.209505],[16.614742,49.20954],[16.61474,49.209542]]]},"properties":{"id":312,"buildingId":0,"floorId":3,"floorLevel":2,"name":"","type":"floor","category":"structure","label":"Corridor","passportNumber":null,"seats":null,"hasProjector":false,"hasWhiteboard":false,"code":null}},{"type":"Feature","geometry":{"type":"Polygon","coordinates":[[[16.613798,49.209631],[16.613785,49.209647],[16.613763,49.209639],[16.613776,49.209623],[16.613798,49.209631]]]},"properties":{"id":313,"buildingId":0,"floorId":3,"floorLevel":2,"name":"","type":"utility_room","category":"service","label":"Utility","passportNumber":null,"seats":null,"hasProjector":false,"hasWhiteboard":false,"code":null}},{"type":"Feature","geometry":{"type":"Polygon","coordinates":[[[16.613982,49.209246],[16.613993,49.209231],[16.614084,49.209265],[16.614072,49.209279],[16.613982,49.209246]]]},"properties":{"id":315,"buildingId":0,"floorId":3,"floorLevel":2,"name":"","type":"emergency_stairs","category":"circulation","label":"Emergency stairs","passportNumber":null,"seats":null,"hasProjector":false,"hasWhiteboard":false,"code":null}},{"type":"Feature","geometry":{"type":"Polygon","coordinates":[[[16.614695,49.209448],[16.614668,49.209438],[16.614681,49.209423],[16.614707,49.209433],[16.614695,49.209448]]]},"properties":{"id":323,"buildingId":0,"floorId":3,"floorLevel":2,"name":"","type":"elevator","category":"circulation","label":"Elevator","passportNumber":null,"seats":null,"hasProjector":false,"hasWhiteboard":false,"code":null}},{"type":"Feature","geometry":{"type":"Polygon","coordinates":[[[16.613693,49.209722],[16.613715,49.209695],[16.61382,49.209732],[16.6138,49.209756],[16.613793,49.209754],[16.613791,49.209758],[16.613693,49.209722]]]},"properties":{"id":317,"buildingId":0,"floorId":3,"floorLevel":2,"name":"Q3.02","type":"office","category":"office","label":"Office","passportNumber":"BA39N3002","seats":null,"hasProjector":false,"hasWhiteboard":false,"code":null}},{"type":"Feature","geometry":{"type":"Polygon","coordinates":[[[16.61382,49.209732],[16.613715,49.209695],[16.613735,49.209672],[16.613839,49.209709],[16.61382,49.209732]]]},"properties":{"id":303,"buildingId":0,"floorId":3,"floorLevel":2,"name":"Q3.04","type":"office","category":"office","label":"Office","passportNumber":"BA39N3004","seats":null,"hasProjector":false,"hasWhiteboard":false,"code":null}},{"type":"Feature","geometry":{"type":"Polygon","coordinates":[[[16.613635,49.209635],[16.613655,49.209612],[16.613734,49.20964],[16.613714,49.209664],[16.613635,49.209635]]]},"properties":{"id":309,"buildingId":0,"floorId":3,"floorLevel":2,"name":"Q3.05","type":"office","category":"office","label":"Office","passportNumber":"BA39N3005","seats":null,"hasProjector":false,"hasWhiteboard":false,"code":null}},{"type":"Feature","geometry":{"type":"Polygon","coordinates":[[[16.613715,49.209541],[16.613735,49.209517],[16.613814,49.209546],[16.613794,49.209569],[16.613715,49.209541]]]},"properties":{"id":294,"buildingId":0,"floorId":3,"floorLevel":2,"name":"Q3.15","type":"office","category":"office","label":"Office","passportNumber":"BA39N3015","seats":null,"hasProjector":false,"hasWhiteboard":false,"code":null}},{"type":"Feature","geometry":{"type":"Polygon","coordinates":[[[16.614402,49.209795],[16.614303,49.209758],[16.614344,49.209709],[16.614443,49.209746],[16.614402,49.209795]]]},"properties":{"id":288,"buildingId":0,"floorId":3,"floorLevel":2,"name":"Q24","type":"classroom_and_laboratory","category":"teaching","label":"Classroom / lab","passportNumber":"BA39N3018","seats":24,"hasProjector":true,"hasWhiteboard":true,"code":115}},{"type":"Feature","geometry":{"type":"Polygon","coordinates":[[[16.613938,49.209591],[16.61386,49.209563],[16.61388,49.209539],[16.613958,49.209567],[16.613938,49.209591]]]},"properties":{"id":279,"buildingId":0,"floorId":3,"floorLevel":2,"name":"Q3.23","type":"office","category":"office","label":"Office","passportNumber":"BA39N3023","seats":null,"hasProjector":false,"hasWhiteboard":false,"code":null}},{"type":"Feature","geometry":{"type":"Polygon","coordinates":[[[16.613755,49.209493],[16.613775,49.20947],[16.613854,49.209498],[16.613834,49.209522],[16.613755,49.209493]]]},"properties":{"id":320,"buildingId":0,"floorId":3,"floorLevel":2,"name":"Q3.24","type":"office","category":"office","label":"Office","passportNumber":"BA39N3024","seats":null,"hasProjector":false,"hasWhiteboard":false,"code":null}},{"type":"Feature","geometry":{"type":"Polygon","coordinates":[[[16.61388,49.209539],[16.6139,49.209516],[16.613978,49.209544],[16.613958,49.209567],[16.61388,49.209539]]]},"properties":{"id":282,"buildingId":0,"floorId":3,"floorLevel":2,"name":"Q3.26","type":"office","category":"office","label":"Office","passportNumber":"BA39N3026","seats":null,"hasProjector":false,"hasWhiteboard":false,"code":null}},{"type":"Feature","geometry":{"type":"Polygon","coordinates":[[[16.61392,49.209492],[16.61394,49.209468],[16.614018,49.209497],[16.613998,49.20952],[16.61392,49.209492]]]},"properties":{"id":286,"buildingId":0,"floorId":3,"floorLevel":2,"name":"Q3.33","type":"office","category":"office","label":"Office","passportNumber":"BA39N3033","seats":null,"hasProjector":false,"hasWhiteboard":false,"code":null}},{"type":"Feature","geometry":{"type":"Polygon","coordinates":[[[16.61394,49.209468],[16.61396,49.209444],[16.614038,49.209473],[16.614018,49.209497],[16.61394,49.209468]]]},"properties":{"id":322,"buildingId":0,"floorId":3,"floorLevel":2,"name":"Q3.36","type":"office","category":"office","label":"Office","passportNumber":"BA39N3036","seats":null,"hasProjector":false,"hasWhiteboard":false,"code":null}},{"type":"Feature","geometry":{"type":"Polygon","coordinates":[[[16.614423,49.209615],[16.614502,49.209521],[16.614602,49.209557],[16.614523,49.209652],[16.614423,49.209615]]]},"properties":{"id":318,"buildingId":0,"floorId":3,"floorLevel":2,"name":"Q22","type":"classroom_and_laboratory","category":"teaching","label":"Classroom / lab","passportNumber":"BA39N3044","seats":60,"hasProjector":true,"hasWhiteboard":true,"code":110}},{"type":"Feature","geometry":{"type":"Polygon","coordinates":[[[16.613992,49.209334],[16.613953,49.20938],[16.613874,49.209351],[16.613913,49.209305],[16.613992,49.209334]]]},"properties":{"id":308,"buildingId":0,"floorId":3,"floorLevel":2,"name":"Q3.47","type":"office","category":"office","label":"Office","passportNumber":"BA39N3047","seats":null,"hasProjector":false,"hasWhiteboard":false,"code":null}},{"type":"Feature","geometry":{"type":"Polygon","coordinates":[[[16.614061,49.209292],[16.614018,49.209344],[16.613992,49.209334],[16.613913,49.209305],[16.613953,49.209257],[16.61396,49.209259],[16.613963,49.209256],[16.614061,49.209292]]]},"properties":{"id":296,"buildingId":0,"floorId":3,"floorLevel":2,"name":"Q3.51","type":"boardroom","category":"teaching","label":"Boardroom","passportNumber":"BA39N3051","seats":null,"hasProjector":false,"hasWhiteboard":false,"code":null}},{"type":"Feature","geometry":{"type":"Polygon","coordinates":[[[16.614039,49.209351],[16.614059,49.209327],[16.614137,49.209355],[16.614117,49.209379],[16.614039,49.209351]]]},"properties":{"id":283,"buildingId":0,"floorId":3,"floorLevel":2,"name":"Q3.52","type":"office","category":"office","label":"Office","passportNumber":"BA39N3052","seats":null,"hasProjector":false,"hasWhiteboard":false,"code":null}},{"type":"Feature","geometry":{"type":"Polygon","coordinates":[[[16.614323,49.209334],[16.614362,49.209287],[16.614393,49.209298],[16.614353,49.209345],[16.614323,49.209334]]]},"properties":{"id":293,"buildingId":0,"floorId":3,"floorLevel":2,"name":"Q3.65","type":"office","category":"office","label":"Office","passportNumber":"BA39N3065","seats":null,"hasProjector":false,"hasWhiteboard":false,"code":115}},{"type":"Feature","geometry":{"type":"Polygon","coordinates":[[[16.614353,49.209345],[16.614393,49.209298],[16.614427,49.209311],[16.614388,49.209358],[16.614353,49.209345]]]},"properties":{"id":319,"buildingId":0,"floorId":3,"floorLevel":2,"name":"Q3.66","type":"office","category":"office","label":"Office","passportNumber":"BA39N3066","seats":null,"hasProjector":false,"hasWhiteboard":false,"code":115}},{"type":"Feature","geometry":{"type":"Polygon","coordinates":[[[16.614421,49.20937],[16.61446,49.209323],[16.614489,49.209334],[16.61445,49.20938],[16.614421,49.20937]]]},"properties":{"id":290,"buildingId":0,"floorId":3,"floorLevel":2,"name":"Q3.68","type":"office","category":"office","label":"Office","passportNumber":"BA39N3068","seats":null,"hasProjector":false,"hasWhiteboard":false,"code":115}},{"type":"Feature","geometry":{"type":"Polygon","coordinates":[[[16.614481,49.209392],[16.61445,49.20938],[16.614489,49.209334],[16.61452,49.209346],[16.614481,49.209392]]]},"properties":{"id":287,"buildingId":0,"floorId":3,"floorLevel":2,"name":"Q3.69","type":"office","category":"office","label":"Office","passportNumber":"BA39N3069","seats":null,"hasProjector":false,"hasWhiteboard":false,"code":115}},{"type":"Feature","geometry":{"type":"Polygon","coordinates":[[[16.61404,49.209163],[16.614036,49.209162],[16.614073,49.209117],[16.614078,49.209119],[16.614082,49.209114],[16.61413,49.209131],[16.614088,49.209181],[16.61404,49.209163]]]},"properties":{"id":316,"buildingId":0,"floorId":3,"floorLevel":2,"name":"Q3.78","type":"office","category":"office","label":"Office","passportNumber":"BA39N3078","seats":null,"hasProjector":false,"hasWhiteboard":false,"code":115}},{"type":"Feature","geometry":{"type":"Polygon","coordinates":[[[16.614099,49.209168],[16.61413,49.209131],[16.614178,49.209149],[16.614148,49.209186],[16.614099,49.209168]]]},"properties":{"id":325,"buildingId":0,"floorId":3,"floorLevel":2,"name":"Q3.79","type":"office","category":"office","label":"Office","passportNumber":"BA39N3079","seats":null,"hasProjector":false,"hasWhiteboard":false,"code":115}},{"type":"Feature","geometry":{"type":"Polygon","coordinates":[[[16.614245,49.209222],[16.614276,49.209185],[16.614324,49.209203],[16.614294,49.20924],[16.614245,49.209222]]]},"properties":{"id":280,"buildingId":0,"floorId":3,"floorLevel":2,"name":"Q3.82","type":"office","category":"office","label":"Office","passportNumber":"BA39N3082","seats":null,"hasProjector":false,"hasWhiteboard":false,"code":115}},{"type":"Feature","geometry":{"type":"Polygon","coordinates":[[[16.614294,49.20924],[16.614324,49.209203],[16.614373,49.209221],[16.614343,49.209258],[16.614294,49.20924]]]},"properties":{"id":321,"buildingId":0,"floorId":3,"floorLevel":2,"name":"Q3.83","type":"office","category":"office","label":"Office","passportNumber":"BA39N3083","seats":null,"hasProjector":false,"hasWhiteboard":false,"code":115}},{"type":"Feature","geometry":{"type":"Polygon","coordinates":[[[16.61439,49.209275],[16.614421,49.209239],[16.614471,49.209257],[16.61444,49.209294],[16.61439,49.209275]]]},"properties":{"id":299,"buildingId":0,"floorId":3,"floorLevel":2,"name":"Q3.85","type":"office","category":"office","label":"Office","passportNumber":"BA39N3085","seats":null,"hasProjector":false,"hasWhiteboard":false,"code":115}},{"type":"Feature","geometry":{"type":"Polygon","coordinates":[[[16.614586,49.209347],[16.614617,49.209311],[16.614666,49.209329],[16.614635,49.209365],[16.614586,49.209347]]]},"properties":{"id":305,"buildingId":0,"floorId":3,"floorLevel":2,"name":"Q3.89","type":"office","category":"office","label":"Office","passportNumber":"BA39N3089","seats":null,"hasProjector":false,"hasWhiteboard":false,"code":114}},{"type":"Feature","geometry":{"type":"Polygon","coordinates":[[[16.614734,49.209401],[16.614764,49.209365],[16.614812,49.209383],[16.614781,49.209419],[16.614734,49.209401]]]},"properties":{"id":306,"buildingId":0,"floorId":3,"floorLevel":2,"name":"Q3.92","type":"office","category":"office","label":"Office","passportNumber":"BA39N3092","seats":null,"hasProjector":false,"hasWhiteboard":false,"code":114}},{"type":"Feature","geometry":{"type":"Polygon","coordinates":[[[16.614781,49.209419],[16.614812,49.209383],[16.614861,49.209401],[16.61483,49.209437],[16.614781,49.209419]]]},"properties":{"id":311,"buildingId":0,"floorId":3,"floorLevel":2,"name":"Q3.93","type":"office","category":"office","label":"Office","passportNumber":"BA39N3093","seats":null,"hasProjector":false,"hasWhiteboard":false,"code":114}},{"type":"Feature","geometry":{"type":"Polygon","coordinates":[[[16.61483,49.209437],[16.614861,49.209401],[16.614911,49.209419],[16.614881,49.209455],[16.61483,49.209437]]]},"properties":{"id":295,"buildingId":0,"floorId":3,"floorLevel":2,"name":"Q3.94","type":"office","category":"office","label":"Office","passportNumber":"BA39N3094","seats":null,"hasProjector":false,"hasWhiteboard":false,"code":114}},{"type":"Feature","geometry":{"type":"Polygon","coordinates":[[[16.61492,49.209488],[16.614914,49.209486],[16.614869,49.209469],[16.614911,49.209419],[16.614956,49.209436],[16.614952,49.209441],[16.614958,49.209443],[16.61492,49.209488]]]},"properties":{"id":285,"buildingId":0,"floorId":3,"floorLevel":2,"name":"Q3.95","type":"office","category":"office","label":"Office","passportNumber":"BA39N3095","seats":null,"hasProjector":false,"hasWhiteboard":false,"code":114}},{"type":"Feature","geometry":{"type":"Polygon","coordinates":[[[16.613635,49.209635],[16.613655,49.209612],[16.613734,49.20964],[16.613714,49.209664],[16.613635,49.209635]]]},"properties":{"id":256,"buildingId":0,"floorId":2,"floorLevel":3,"name":"Q4.04","type":"office","category":"office","label":"Office","passportNumber":"BA39N4004","seats":null,"hasProjector":false,"hasWhiteboard":false,"code":null}},{"type":"Feature","geometry":{"type":"Polygon","coordinates":[[[16.613655,49.209612],[16.613675,49.209588],[16.613754,49.209616],[16.613734,49.20964],[16.613655,49.209612]]]},"properties":{"id":238,"buildingId":0,"floorId":2,"floorLevel":3,"name":"Q4.07","type":"office","category":"office","label":"Office","passportNumber":"BA39N4007","seats":null,"hasProjector":false,"hasWhiteboard":false,"code":null}},{"type":"Feature","geometry":{"type":"Polygon","coordinates":[[[16.613675,49.209588],[16.613695,49.209564],[16.613774,49.209593],[16.613754,49.209616],[16.613675,49.209588]]]},"properties":{"id":253,"buildingId":0,"floorId":2,"floorLevel":3,"name":"Q4.10","type":"office","category":"office","label":"Office","passportNumber":"BA39N4010","seats":null,"hasProjector":false,"hasWhiteboard":false,"code":null}},{"type":"Feature","geometry":{"type":"Polygon","coordinates":[[[16.613695,49.209564],[16.613715,49.209541],[16.613794,49.209569],[16.613774,49.209593],[16.613695,49.209564]]]},"properties":{"id":254,"buildingId":0,"floorId":2,"floorLevel":3,"name":"Q4.12","type":"office","category":"office","label":"Office","passportNumber":"BA39N4012","seats":null,"hasProjector":false,"hasWhiteboard":false,"code":null}},{"type":"Feature","geometry":{"type":"Polygon","coordinates":[[[16.614497,49.20983],[16.614558,49.209757],[16.614663,49.209796],[16.614601,49.209869],[16.614497,49.20983]]]},"properties":{"id":239,"buildingId":0,"floorId":2,"floorLevel":3,"name":"Q35","type":"classroom_and_laboratory","category":"teaching","label":"Classroom / lab","passportNumber":"BA39N4019","seats":30,"hasProjector":true,"hasWhiteboard":true,"code":111}},{"type":"Feature","geometry":{"type":"Polygon","coordinates":[[[16.613814,49.209423],[16.613834,49.209399],[16.613913,49.209427],[16.613894,49.209451],[16.613814,49.209423]]]},"properties":{"id":242,"buildingId":0,"floorId":2,"floorLevel":3,"name":"Q4.33","type":"office","category":"office","label":"Office","passportNumber":"BA39N4033","seats":null,"hasProjector":false,"hasWhiteboard":false,"code":null}},{"type":"Feature","geometry":{"type":"Polygon","coordinates":[[[16.61394,49.209468],[16.61396,49.209444],[16.614038,49.209473],[16.614018,49.209497],[16.61394,49.209468]]]},"properties":{"id":243,"buildingId":0,"floorId":2,"floorLevel":3,"name":"Q4.34","type":"office","category":"office","label":"Office","passportNumber":"BA39N4034","seats":null,"hasProjector":false,"hasWhiteboard":false,"code":null}},{"type":"Feature","geometry":{"type":"Polygon","coordinates":[[[16.61402,49.209374],[16.614039,49.209351],[16.614117,49.209379],[16.614098,49.209402],[16.61402,49.209374]]]},"properties":{"id":246,"buildingId":0,"floorId":2,"floorLevel":3,"name":"Q4.48","type":"office","category":"office","label":"Office","passportNumber":"BA39N4048","seats":null,"hasProjector":false,"hasWhiteboard":false,"code":null}},{"type":"Feature","geometry":{"type":"Polygon","coordinates":[[[16.614059,49.209327],[16.614082,49.209299],[16.614154,49.209325],[16.614151,49.209329],[16.614158,49.209331],[16.614137,49.209355],[16.614059,49.209327]]]},"properties":{"id":250,"buildingId":0,"floorId":2,"floorLevel":3,"name":"Q4.53","type":"office","category":"office","label":"Office","passportNumber":"BA39N4053","seats":null,"hasProjector":false,"hasWhiteboard":false,"code":null}},{"type":"Feature","geometry":{"type":"Polygon","coordinates":[[[16.614353,49.209345],[16.614393,49.209298],[16.614427,49.209311],[16.614388,49.209358],[16.614353,49.209345]]]},"properties":{"id":245,"buildingId":0,"floorId":2,"floorLevel":3,"name":"Q4.64","type":"office","category":"office","label":"Office","passportNumber":"BA39N4064","seats":null,"hasProjector":false,"hasWhiteboard":false,"code":113}},{"type":"Feature","geometry":{"type":"Polygon","coordinates":[[[16.614586,49.209347],[16.614617,49.209311],[16.614666,49.209329],[16.614635,49.209365],[16.614586,49.209347]]]},"properties":{"id":248,"buildingId":0,"floorId":2,"floorLevel":3,"name":"Q4.87","type":"office","category":"office","label":"Office","passportNumber":"BA39N4087","seats":null,"hasProjector":false,"hasWhiteboard":false,"code":118}},{"type":"Feature","geometry":{"type":"Polygon","coordinates":[[[16.614684,49.209383],[16.614715,49.209347],[16.614764,49.209365],[16.614734,49.209401],[16.614684,49.209383]]]},"properties":{"id":244,"buildingId":0,"floorId":2,"floorLevel":3,"name":"Q4.89","type":"office","category":"office","label":"Office","passportNumber":"BA39N4089","seats":null,"hasProjector":false,"hasWhiteboard":false,"code":118}},{"type":"Feature","geometry":{"type":"Polygon","coordinates":[[[16.61492,49.209488],[16.614914,49.209486],[16.614869,49.209469],[16.614911,49.209419],[16.614956,49.209436],[16.614952,49.209441],[16.614958,49.209443],[16.61492,49.209488]]]},"properties":{"id":251,"buildingId":0,"floorId":2,"floorLevel":3,"name":"Q4.93","type":"office","category":"office","label":"Office","passportNumber":"BA39N4093","seats":null,"hasProjector":false,"hasWhiteboard":false,"code":118}},{"type":"Feature","geometry":{"type":"Polygon","coordinates":[[[16.614082,49.209299],[16.613852,49.209572],[16.613827,49.209563],[16.613693,49.209722],[16.613672,49.209714],[16.613868,49.209482],[16.613862,49.20948],[16.613867,49.209473],[16.613863,49.209471],[16.613872,49.209461],[16.613882,49.209464],[16.613981,49.209347],[16.614007,49.209357],[16.614018,49.209344],[16.614061,49.209292],[16.614082,49.209299]]]},"properties":{"id":326,"buildingId":0,"floorId":3,"floorLevel":2,"name":"","type":"floor","category":"structure","label":"Corridor","passportNumber":null,"seats":null,"hasProjector":false,"hasWhiteboard":false,"code":null}},{"type":"Feature","geometry":{"type":"Polygon","coordinates":[[[16.614679,49.209516],[16.614647,49.209505],[16.614707,49.209433],[16.61467,49.209419],[16.614684,49.209403],[16.614685,49.209401],[16.614762,49.209429],[16.614748,49.209446],[16.614739,49.209442],[16.614712,49.209474],[16.614714,49.209475],[16.614679,49.209516]]]},"properties":{"id":333,"buildingId":0,"floorId":3,"floorLevel":2,"name":"","type":"floor","category":"structure","label":"Corridor","passportNumber":null,"seats":null,"hasProjector":false,"hasWhiteboard":false,"code":null}},{"type":"Feature","geometry":{"type":"Polygon","coordinates":[[[16.614818,49.20945],[16.614804,49.209467],[16.614767,49.209453],[16.614781,49.209436],[16.614818,49.20945]]]},"properties":{"id":335,"buildingId":0,"floorId":3,"floorLevel":2,"name":"","type":"kitchen","category":"service","label":"Kitchen","passportNumber":null,"seats":null,"hasProjector":false,"hasWhiteboard":false,"code":null}},{"type":"Feature","geometry":{"type":"Polygon","coordinates":[[[16.614111,49.209306],[16.613955,49.20925],[16.613985,49.209214],[16.61414,49.209271],[16.614111,49.209306]]]},"properties":{"id":338,"buildingId":0,"floorId":3,"floorLevel":2,"name":"","type":"emergency_floor","category":"structure","label":"Corridor","passportNumber":null,"seats":null,"hasProjector":false,"hasWhiteboard":false,"code":null}},{"type":"Feature","geometry":{"type":"Polygon","coordinates":[[[16.614402,49.209795],[16.614432,49.20976],[16.614526,49.209795],[16.614497,49.20983],[16.614402,49.209795]]]},"properties":{"id":341,"buildingId":0,"floorId":3,"floorLevel":2,"name":"","type":"emergency_floor","category":"structure","label":"Corridor","passportNumber":null,"seats":null,"hasProjector":false,"hasWhiteboard":false,"code":null}},{"type":"Feature","geometry":{"type":"Polygon","coordinates":[[[16.614018,49.209344],[16.614007,49.209357],[16.613981,49.209347],[16.613992,49.209334],[16.614018,49.209344]]]},"properties":{"id":349,"buildingId":0,"floorId":3,"floorLevel":2,"name":"","type":"kitchen","category":"service","label":"Kitchen","passportNumber":null,"seats":null,"hasProjector":false,"hasWhiteboard":false,"code":null}},{"type":"Feature","geometry":{"type":"Polygon","coordinates":[[[16.614881,49.209455],[16.614869,49.209469],[16.614685,49.209401],[16.614684,49.209403],[16.614522,49.209343],[16.61452,49.209346],[16.614326,49.209274],[16.614315,49.209287],[16.614147,49.209225],[16.614118,49.209259],[16.614097,49.209251],[16.614139,49.2092],[16.614088,49.209181],[16.614099,49.209168],[16.614881,49.209455]]]},"properties":{"id":351,"buildingId":0,"floorId":3,"floorLevel":2,"name":"","type":"floor","category":"structure","label":"Corridor","passportNumber":null,"seats":null,"hasProjector":false,"hasWhiteboard":false,"code":null}},{"type":"Feature","geometry":{"type":"Polygon","coordinates":[[[16.614164,49.209276],[16.61414,49.209267],[16.614169,49.209233],[16.614193,49.209242],[16.614164,49.209276]]]},"properties":{"id":352,"buildingId":0,"floorId":3,"floorLevel":2,"name":"","type":"toilet_male","category":"service","label":"Toilet (M)","passportNumber":null,"seats":null,"hasProjector":false,"hasWhiteboard":false,"code":null}},{"type":"Feature","geometry":{"type":"Polygon","coordinates":[[[16.614781,49.209436],[16.614767,49.209453],[16.614748,49.209446],[16.614762,49.209429],[16.614781,49.209436]]]},"properties":{"id":353,"buildingId":0,"floorId":3,"floorLevel":2,"name":"","type":"utility_room","category":"service","label":"Utility","passportNumber":null,"seats":null,"hasProjector":false,"hasWhiteboard":false,"code":null}},{"type":"Feature","geometry":{"type":"Polygon","coordinates":[[[16.614739,49.209442],[16.614804,49.209467],[16.614778,49.209497],[16.614777,49.209498],[16.614712,49.209474],[16.614739,49.209442]]]},"properties":{"id":355,"buildingId":0,"floorId":3,"floorLevel":2,"name":"","type":"stairs","category":"circulation","label":"Stairs","passportNumber":null,"seats":null,"hasProjector":false,"hasWhiteboard":false,"code":null}},{"type":"Feature","geometry":{"type":"Polygon","coordinates":[[[16.614408,49.209796],[16.614435,49.209764],[16.614501,49.209788],[16.614474,49.20982],[16.614408,49.209796]]]},"properties":{"id":358,"buildingId":0,"floorId":3,"floorLevel":2,"name":"","type":"emergency_stairs","category":"circulation","label":"Emergency stairs","passportNumber":null,"seats":null,"hasProjector":false,"hasWhiteboard":false,"code":null}},{"type":"Feature","geometry":{"type":"Polygon","coordinates":[[[16.614189,49.209285],[16.614164,49.209276],[16.614193,49.209242],[16.614218,49.209251],[16.614189,49.209285]]]},"properties":{"id":362,"buildingId":0,"floorId":3,"floorLevel":2,"name":"","type":"toilet_female","category":"service","label":"Toilet (W)","passportNumber":null,"seats":null,"hasProjector":false,"hasWhiteboard":false,"code":null}},{"type":"Feature","geometry":{"type":"Polygon","coordinates":[[[16.614527,49.209716],[16.614511,49.20971],[16.614591,49.209615],[16.614607,49.209621],[16.614527,49.209716]]]},"properties":{"id":363,"buildingId":0,"floorId":3,"floorLevel":2,"name":"","type":"stairs","category":"circulation","label":"Stairs","passportNumber":null,"seats":null,"hasProjector":false,"hasWhiteboard":false,"code":null}},{"type":"Feature","geometry":{"type":"Polygon","coordinates":[[[16.613817,49.209579],[16.613881,49.209602],[16.61388,49.209602],[16.613917,49.209616],[16.613879,49.20966],[16.613776,49.209623],[16.613814,49.209578],[16.613817,49.209579]]]},"properties":{"id":368,"buildingId":0,"floorId":3,"floorLevel":2,"name":"","type":"floor","category":"structure","label":"Corridor","passportNumber":null,"seats":null,"hasProjector":false,"hasWhiteboard":false,"code":null}},{"type":"Feature","geometry":{"type":"Polygon","coordinates":[[[16.61414,49.209267],[16.614118,49.209259],[16.614132,49.209242],[16.614155,49.20925],[16.61414,49.209267]]]},"properties":{"id":369,"buildingId":0,"floorId":3,"floorLevel":2,"name":"","type":"utility_room","category":"service","label":"Utility","passportNumber":null,"seats":null,"hasProjector":false,"hasWhiteboard":false,"code":null}},{"type":"Feature","geometry":{"type":"Polygon","coordinates":[[[16.614579,49.209386],[16.614554,49.209416],[16.614536,49.209409],[16.614526,49.209421],[16.614477,49.209403],[16.614482,49.209397],[16.614484,49.209398],[16.614489,49.209391],[16.614484,49.209389],[16.614508,49.20936],[16.614579,49.209386]]]},"properties":{"id":370,"buildingId":0,"floorId":3,"floorLevel":2,"name":"","type":"toilet_male","category":"service","label":"Toilet (M)","passportNumber":null,"seats":null,"hasProjector":false,"hasWhiteboard":false,"code":null}},{"type":"Feature","geometry":{"type":"Polygon","coordinates":[[[16.613814,49.209578],[16.613827,49.209563],[16.613852,49.209572],[16.613839,49.209587],[16.613814,49.209578]]]},"properties":{"id":371,"buildingId":0,"floorId":3,"floorLevel":2,"name":"","type":"kitchen","category":"service","label":"Kitchen","passportNumber":null,"seats":null,"hasProjector":false,"hasWhiteboard":false,"code":null}},{"type":"Feature","geometry":{"type":"Polygon","coordinates":[[[16.613856,49.209652],[16.613841,49.20967],[16.613816,49.209661],[16.613831,49.209643],[16.613856,49.209652]]]},"properties":{"id":375,"buildingId":0,"floorId":3,"floorLevel":2,"name":"","type":"elevator","category":"circulation","label":"Elevator","passportNumber":null,"seats":null,"hasProjector":false,"hasWhiteboard":false,"code":null}},{"type":"Feature","geometry":{"type":"Polygon","coordinates":[[[16.613837,49.209675],[16.613858,49.209682],[16.613838,49.209706],[16.613834,49.209705],[16.613832,49.209707],[16.613735,49.209672],[16.613746,49.209659],[16.61378,49.209671],[16.613784,49.209666],[16.613805,49.209673],[16.613816,49.209661],[16.613841,49.20967],[16.613837,49.209675]]]},"properties":{"id":376,"buildingId":0,"floorId":3,"floorLevel":2,"name":"","type":"toilet_male","category":"service","label":"Toilet (M)","passportNumber":null,"seats":null,"hasProjector":false,"hasWhiteboard":false,"code":null}},{"type":"Feature","geometry":{"type":"Polygon","coordinates":[[[16.61467,49.209419],[16.614508,49.20936],[16.614522,49.209343],[16.614684,49.209403],[16.61467,49.209419]]]},"properties":{"id":400,"buildingId":0,"floorId":4,"floorLevel":1,"name":"","type":"floor","category":"structure","label":"Corridor","passportNumber":null,"seats":null,"hasProjector":false,"hasWhiteboard":false,"code":null}},{"type":"Feature","geometry":{"type":"Polygon","coordinates":[[[16.614527,49.209716],[16.614511,49.20971],[16.614591,49.209615],[16.614607,49.209621],[16.614527,49.209716]]]},"properties":{"id":401,"buildingId":0,"floorId":4,"floorLevel":1,"name":"","type":"stairs","category":"circulation","label":"Stairs","passportNumber":null,"seats":null,"hasProjector":false,"hasWhiteboard":false,"code":null}},{"type":"Feature","geometry":{"type":"Polygon","coordinates":[[[16.614579,49.209386],[16.614554,49.209416],[16.614536,49.209409],[16.614526,49.209421],[16.614477,49.209403],[16.614482,49.209397],[16.614484,49.209398],[16.614489,49.209391],[16.614484,49.209389],[16.614508,49.20936],[16.614579,49.209386]]]},"properties":{"id":403,"buildingId":0,"floorId":4,"floorLevel":1,"name":"","type":"toilet_male","category":"service","label":"Toilet (M)","passportNumber":null,"seats":null,"hasProjector":false,"hasWhiteboard":false,"code":null}},{"type":"Feature","geometry":{"type":"Polygon","coordinates":[[[16.614421,49.20937],[16.61446,49.209323],[16.614489,49.209334],[16.61445,49.20938],[16.614421,49.20937]]]},"properties":{"id":405,"buildingId":0,"floorId":4,"floorLevel":1,"name":"Q2.43","type":"office","category":"office","label":"Office","passportNumber":"BA39N2043","seats":null,"hasProjector":false,"hasWhiteboard":false,"code":116}},{"type":"Feature","geometry":{"type":"Polygon","coordinates":[[[16.614586,49.209347],[16.614617,49.209311],[16.614666,49.209329],[16.614635,49.209365],[16.614586,49.209347]]]},"properties":{"id":402,"buildingId":0,"floorId":4,"floorLevel":1,"name":"Q2.64","type":"office","category":"office","label":"Office","passportNumber":"BA39N2064","seats":null,"hasProjector":false,"hasWhiteboard":false,"code":116}},{"type":"Feature","geometry":{"type":"Polygon","coordinates":[[[16.613615,49.209659],[16.613635,49.209635],[16.613714,49.209664],[16.613694,49.209688],[16.613615,49.209659]]]},"properties":{"id":354,"buildingId":0,"floorId":3,"floorLevel":2,"name":"Q3.03","type":"office","category":"office","label":"Office","passportNumber":"BA39N3003","seats":null,"hasProjector":false,"hasWhiteboard":false,"code":null}},{"type":"Feature","geometry":{"type":"Polygon","coordinates":[[[16.613675,49.209588],[16.613695,49.209564],[16.613774,49.209593],[16.613754,49.209616],[16.613675,49.209588]]]},"properties":{"id":373,"buildingId":0,"floorId":3,"floorLevel":2,"name":"Q3.11","type":"office","category":"office","label":"Office","passportNumber":"BA39N3011","seats":null,"hasProjector":false,"hasWhiteboard":false,"code":null}},{"type":"Feature","geometry":{"type":"Polygon","coordinates":[[[16.613695,49.209564],[16.613715,49.209541],[16.613794,49.209569],[16.613774,49.209593],[16.613695,49.209564]]]},"properties":{"id":361,"buildingId":0,"floorId":3,"floorLevel":2,"name":"Q3.13","type":"office","category":"office","label":"Office","passportNumber":"BA39N3013","seats":null,"hasProjector":false,"hasWhiteboard":false,"code":null}},{"type":"Feature","geometry":{"type":"Polygon","coordinates":[[[16.614497,49.20983],[16.614558,49.209757],[16.614663,49.209796],[16.614601,49.209869],[16.614497,49.20983]]]},"properties":{"id":336,"buildingId":0,"floorId":3,"floorLevel":2,"name":"Q25","type":"classroom_and_laboratory","category":"teaching","label":"Classroom / lab","passportNumber":"BA39N3021","seats":30,"hasProjector":true,"hasWhiteboard":true,"code":117}},{"type":"Feature","geometry":{"type":"Polygon","coordinates":[[[16.613735,49.209517],[16.613755,49.209493],[16.613834,49.209522],[16.613814,49.209546],[16.613735,49.209517]]]},"properties":{"id":357,"buildingId":0,"floorId":3,"floorLevel":2,"name":"Q3.22","type":"office","category":"office","label":"Office","passportNumber":"BA39N3022","seats":null,"hasProjector":false,"hasWhiteboard":false,"code":null}},{"type":"Feature","geometry":{"type":"Polygon","coordinates":[[[16.613775,49.20947],[16.613794,49.209446],[16.613867,49.209473],[16.613862,49.20948],[16.613868,49.209482],[16.613854,49.209498],[16.613775,49.20947]]]},"properties":{"id":327,"buildingId":0,"floorId":3,"floorLevel":2,"name":"Q3.27","type":"office","category":"office","label":"Office","passportNumber":"BA39N3027","seats":null,"hasProjector":false,"hasWhiteboard":false,"code":null}},{"type":"Feature","geometry":{"type":"Polygon","coordinates":[[[16.6139,49.209516],[16.61392,49.209492],[16.613998,49.20952],[16.613978,49.209544],[16.6139,49.209516]]]},"properties":{"id":344,"buildingId":0,"floorId":3,"floorLevel":2,"name":"Q3.28","type":"office","category":"office","label":"Office","passportNumber":"BA39N3028","seats":null,"hasProjector":false,"hasWhiteboard":false,"code":null}},{"type":"Feature","geometry":{"type":"Polygon","coordinates":[[[16.614558,49.209757],[16.614617,49.209687],[16.614722,49.209726],[16.614663,49.209796],[16.614558,49.209757]]]},"properties":{"id":337,"buildingId":0,"floorId":3,"floorLevel":2,"name":"Q26","type":"classroom_and_laboratory","category":"teaching","label":"Classroom / lab","passportNumber":"BA39N3031","seats":20,"hasProjector":true,"hasWhiteboard":true,"code":114}},{"type":"Feature","geometry":{"type":"Polygon","coordinates":[[[16.613794,49.209446],[16.613814,49.209423],[16.613894,49.209451],[16.613882,49.209464],[16.613872,49.209461],[16.613863,49.209471],[16.613794,49.209446]]]},"properties":{"id":330,"buildingId":0,"floorId":3,"floorLevel":2,"name":"Q3.32","type":"office","category":"office","label":"Office","passportNumber":"BA39N3032","seats":null,"hasProjector":false,"hasWhiteboard":false,"code":null}},{"type":"Feature","geometry":{"type":"Polygon","coordinates":[[[16.613814,49.209423],[16.613834,49.209399],[16.613913,49.209427],[16.613894,49.209451],[16.613814,49.209423]]]},"properties":{"id":364,"buildingId":0,"floorId":3,"floorLevel":2,"name":"Q3.35","type":"office","category":"office","label":"Office","passportNumber":"BA39N3035","seats":null,"hasProjector":false,"hasWhiteboard":false,"code":null}},{"type":"Feature","geometry":{"type":"Polygon","coordinates":[[[16.61396,49.209444],[16.61398,49.209421],[16.614058,49.209449],[16.614038,49.209473],[16.61396,49.209444]]]},"properties":{"id":350,"buildingId":0,"floorId":3,"floorLevel":2,"name":"Q3.40","type":"office","category":"office","label":"Office","passportNumber":"BA39N3040","seats":null,"hasProjector":false,"hasWhiteboard":false,"code":null}},{"type":"Feature","geometry":{"type":"Polygon","coordinates":[[[16.613854,49.209375],[16.613874,49.209351],[16.613953,49.20938],[16.613933,49.209404],[16.613854,49.209375]]]},"properties":{"id":331,"buildingId":0,"floorId":3,"floorLevel":2,"name":"Q3.42","type":"office","category":"office","label":"Office","passportNumber":"BA39N3042","seats":null,"hasProjector":false,"hasWhiteboard":false,"code":null}},{"type":"Feature","geometry":{"type":"Polygon","coordinates":[[[16.61398,49.209421],[16.613999,49.209398],[16.614078,49.209426],[16.614058,49.209449],[16.61398,49.209421]]]},"properties":{"id":372,"buildingId":0,"floorId":3,"floorLevel":2,"name":"Q3.43","type":"office","category":"office","label":"Office","passportNumber":"BA39N3043","seats":null,"hasProjector":false,"hasWhiteboard":false,"code":null}},{"type":"Feature","geometry":{"type":"Polygon","coordinates":[[[16.614617,49.209687],[16.614677,49.209616],[16.614782,49.209655],[16.614722,49.209726],[16.614617,49.209687]]]},"properties":{"id":360,"buildingId":0,"floorId":3,"floorLevel":2,"name":"Q27","type":"classroom_and_laboratory","category":"teaching","label":"Classroom / lab","passportNumber":"BA39N3046","seats":24,"hasProjector":true,"hasWhiteboard":true,"code":115}},{"type":"Feature","geometry":{"type":"Polygon","coordinates":[[[16.613999,49.209398],[16.61402,49.209374],[16.614098,49.209402],[16.614078,49.209426],[16.613999,49.209398]]]},"properties":{"id":332,"buildingId":0,"floorId":3,"floorLevel":2,"name":"Q3.48","type":"office","category":"office","label":"Office","passportNumber":"BA39N3048","seats":null,"hasProjector":false,"hasWhiteboard":false,"code":null}},{"type":"Feature","geometry":{"type":"Polygon","coordinates":[[[16.61402,49.209374],[16.614039,49.209351],[16.614117,49.209379],[16.614098,49.209402],[16.61402,49.209374]]]},"properties":{"id":374,"buildingId":0,"floorId":3,"floorLevel":2,"name":"Q3.50","type":"office","category":"office","label":"Office","passportNumber":"BA39N3050","seats":null,"hasProjector":false,"hasWhiteboard":false,"code":null}},{"type":"Feature","geometry":{"type":"Polygon","coordinates":[[[16.61478,49.209654],[16.614677,49.209616],[16.61474,49.209542],[16.614843,49.20958],[16.61478,49.209654]]]},"properties":{"id":347,"buildingId":0,"floorId":3,"floorLevel":2,"name":"Q28","type":"classroom_and_laboratory","category":"teaching","label":"Classroom / lab","passportNumber":"BA39N3054","seats":30,"hasProjector":true,"hasWhiteboard":true,"code":114}},{"type":"Feature","geometry":{"type":"Polygon","coordinates":[[[16.614059,49.209327],[16.614082,49.209299],[16.614154,49.209325],[16.614151,49.209329],[16.614158,49.209331],[16.614137,49.209355],[16.614059,49.209327]]]},"properties":{"id":339,"buildingId":0,"floorId":3,"floorLevel":2,"name":"Q3.55","type":"office","category":"office","label":"Office","passportNumber":"BA39N3055","seats":null,"hasProjector":false,"hasWhiteboard":false,"code":null}},{"type":"Feature","geometry":{"type":"Polygon","coordinates":[[[16.614097,49.209251],[16.613998,49.209214],[16.614001,49.209211],[16.613994,49.209208],[16.614032,49.209163],[16.614038,49.209166],[16.61404,49.209163],[16.614139,49.2092],[16.614097,49.209251]]]},"properties":{"id":356,"buildingId":0,"floorId":3,"floorLevel":2,"name":"Q3.57","type":"boardroom","category":"teaching","label":"Boardroom","passportNumber":"BA39N3057","seats":null,"hasProjector":false,"hasWhiteboard":false,"code":115}},{"type":"Feature","geometry":{"type":"Polygon","coordinates":[[[16.614189,49.209285],[16.614218,49.209251],[16.614269,49.20927],[16.61424,49.209304],[16.614189,49.209285]]]},"properties":{"id":340,"buildingId":0,"floorId":3,"floorLevel":2,"name":"Q3.62","type":"office","category":"office","label":"Office","passportNumber":"BA39N3062","seats":null,"hasProjector":false,"hasWhiteboard":false,"code":115}},{"type":"Feature","geometry":{"type":"Polygon","coordinates":[[[16.614286,49.20932],[16.61424,49.209304],[16.614269,49.20927],[16.614315,49.209287],[16.614286,49.20932]]]},"properties":{"id":343,"buildingId":0,"floorId":3,"floorLevel":2,"name":"Q3.63","type":"office","category":"office","label":"Office","passportNumber":"BA39N3063","seats":null,"hasProjector":false,"hasWhiteboard":false,"code":115}},{"type":"Feature","geometry":{"type":"Polygon","coordinates":[[[16.614286,49.20932],[16.614326,49.209274],[16.614362,49.209287],[16.614323,49.209334],[16.614286,49.20932]]]},"properties":{"id":348,"buildingId":0,"floorId":3,"floorLevel":2,"name":"Q3.64","type":"office","category":"office","label":"Office","passportNumber":"BA39N3064","seats":null,"hasProjector":false,"hasWhiteboard":false,"code":115}},{"type":"Feature","geometry":{"type":"Polygon","coordinates":[[[16.614779,49.209501],[16.614781,49.209498],[16.614778,49.209497],[16.614818,49.20945],[16.614869,49.209469],[16.614914,49.209486],[16.614912,49.209488],[16.614917,49.20949],[16.614879,49.209535],[16.614874,49.209533],[16.614872,49.209535],[16.614779,49.209501]]]},"properties":{"id":346,"buildingId":0,"floorId":3,"floorLevel":2,"name":"Q3.76","type":"boardroom","category":"teaching","label":"Boardroom","passportNumber":"BA39N3076","seats":null,"hasProjector":false,"hasWhiteboard":false,"code":114}},{"type":"Feature","geometry":{"type":"Polygon","coordinates":[[[16.614148,49.209186],[16.614178,49.209149],[16.614226,49.209167],[16.614195,49.209204],[16.614148,49.209186]]]},"properties":{"id":329,"buildingId":0,"floorId":3,"floorLevel":2,"name":"Q3.80","type":"office","category":"office","label":"Office","passportNumber":"BA39N3080","seats":null,"hasProjector":false,"hasWhiteboard":false,"code":115}},{"type":"Feature","geometry":{"type":"Polygon","coordinates":[[[16.614195,49.209204],[16.614226,49.209167],[16.614276,49.209185],[16.614245,49.209222],[16.614195,49.209204]]]},"properties":{"id":367,"buildingId":0,"floorId":3,"floorLevel":2,"name":"Q3.81","type":"office","category":"office","label":"Office","passportNumber":"BA39N3081","seats":null,"hasProjector":false,"hasWhiteboard":false,"code":115}},{"type":"Feature","geometry":{"type":"Polygon","coordinates":[[[16.614343,49.209258],[16.614373,49.209221],[16.614421,49.209239],[16.61439,49.209275],[16.614343,49.209258]]]},"properties":{"id":328,"buildingId":0,"floorId":3,"floorLevel":2,"name":"Q3.84","type":"office","category":"office","label":"Office","passportNumber":"BA39N3084","seats":null,"hasProjector":false,"hasWhiteboard":false,"code":115}},{"type":"Feature","geometry":{"type":"Polygon","coordinates":[[[16.61444,49.209294],[16.614471,49.209257],[16.61452,49.209275],[16.614489,49.209312],[16.61444,49.209294]]]},"properties":{"id":359,"buildingId":0,"floorId":3,"floorLevel":2,"name":"Q3.86","type":"office","category":"office","label":"Office","passportNumber":"BA39N3086","seats":null,"hasProjector":false,"hasWhiteboard":false,"code":115}},{"type":"Feature","geometry":{"type":"Polygon","coordinates":[[[16.614489,49.209312],[16.61452,49.209275],[16.61457,49.209294],[16.614539,49.20933],[16.614489,49.209312]]]},"properties":{"id":378,"buildingId":0,"floorId":3,"floorLevel":2,"name":"Q3.87","type":"office","category":"office","label":"Office","passportNumber":"BA39N3087","seats":null,"hasProjector":false,"hasWhiteboard":false,"code":115}},{"type":"Feature","geometry":{"type":"Polygon","coordinates":[[[16.614539,49.20933],[16.61457,49.209294],[16.614617,49.209311],[16.614586,49.209347],[16.614539,49.20933]]]},"properties":{"id":366,"buildingId":0,"floorId":3,"floorLevel":2,"name":"Q3.88","type":"office","category":"office","label":"Office","passportNumber":"BA39N3088","seats":null,"hasProjector":false,"hasWhiteboard":false,"code":114}},{"type":"Feature","geometry":{"type":"Polygon","coordinates":[[[16.614684,49.209383],[16.614715,49.209347],[16.614764,49.209365],[16.614734,49.209401],[16.614684,49.209383]]]},"properties":{"id":342,"buildingId":0,"floorId":3,"floorLevel":2,"name":"Q3.91","type":"office","category":"office","label":"Office","passportNumber":"BA39N3091","seats":null,"hasProjector":false,"hasWhiteboard":false,"code":114}},{"type":"Feature","geometry":{"type":"Polygon","coordinates":[[[16.613767,49.209634],[16.613805,49.209647],[16.613788,49.209666],[16.613751,49.209653],[16.613767,49.209634]]]},"properties":{"id":406,"buildingId":0,"floorId":4,"floorLevel":1,"name":"","type":"kitchen","category":"service","label":"Kitchen","passportNumber":null,"seats":null,"hasProjector":false,"hasWhiteboard":false,"code":null}},{"type":"Feature","geometry":{"type":"Polygon","coordinates":[[[16.613814,49.209637],[16.613805,49.209647],[16.613767,49.209634],[16.613776,49.209623],[16.613814,49.209637]]]},"properties":{"id":408,"buildingId":0,"floorId":4,"floorLevel":1,"name":"","type":"utility_room","category":"service","label":"Utility","passportNumber":null,"seats":null,"hasProjector":false,"hasWhiteboard":false,"code":null}},{"type":"Feature","geometry":{"type":"Polygon","coordinates":[[[16.613835,49.209644],[16.613815,49.209668],[16.613794,49.20966],[16.613814,49.209637],[16.613835,49.209644]]]},"properties":{"id":410,"buildingId":0,"floorId":4,"floorLevel":1,"name":"","type":"toilet_handicapped","category":"service","label":"Toilet (accessible)","passportNumber":null,"seats":null,"hasProjector":false,"hasWhiteboard":false,"code":null}},{"type":"Feature","geometry":{"type":"Polygon","coordinates":[[[16.614781,49.209436],[16.614767,49.209453],[16.614748,49.209446],[16.614762,49.209429],[16.614781,49.209436]]]},"properties":{"id":411,"buildingId":0,"floorId":4,"floorLevel":1,"name":"","type":"utility_room","category":"service","label":"Utility","passportNumber":null,"seats":null,"hasProjector":false,"hasWhiteboard":false,"code":null}},{"type":"Feature","geometry":{"type":"Polygon","coordinates":[[[16.61414,49.209267],[16.614118,49.209259],[16.614132,49.209242],[16.614155,49.20925],[16.61414,49.209267]]]},"properties":{"id":415,"buildingId":0,"floorId":4,"floorLevel":1,"name":"","type":"utility_room","category":"service","label":"Utility","passportNumber":null,"seats":null,"hasProjector":false,"hasWhiteboard":false,"code":null}},{"type":"Feature","geometry":{"type":"Polygon","coordinates":[[[16.614683,49.209462],[16.614648,49.209449],[16.61466,49.209435],[16.614695,49.209448],[16.614683,49.209462]]]},"properties":{"id":416,"buildingId":0,"floorId":4,"floorLevel":1,"name":"","type":"elevator","category":"circulation","label":"Elevator","passportNumber":null,"seats":null,"hasProjector":false,"hasWhiteboard":false,"code":null}},{"type":"Feature","geometry":{"type":"Polygon","coordinates":[[[16.614189,49.209285],[16.614166,49.209276],[16.614191,49.209246],[16.614199,49.209249],[16.614202,49.209245],[16.614218,49.209251],[16.614189,49.209285]]]},"properties":{"id":419,"buildingId":0,"floorId":4,"floorLevel":1,"name":"","type":"toilet_female","category":"service","label":"Toilet (W)","passportNumber":null,"seats":null,"hasProjector":false,"hasWhiteboard":false,"code":null}},{"type":"Feature","geometry":{"type":"Polygon","coordinates":[[[16.614679,49.209516],[16.614647,49.209505],[16.614707,49.209433],[16.61467,49.209419],[16.614684,49.209403],[16.614685,49.209401],[16.614761,49.209429],[16.614753,49.209438],[16.614751,49.209438],[16.614745,49.209445],[16.614739,49.209442],[16.614712,49.209474],[16.614714,49.209475],[16.614679,49.209516]]]},"properties":{"id":421,"buildingId":0,"floorId":4,"floorLevel":1,"name":"","type":"floor","category":"structure","label":"Corridor","passportNumber":null,"seats":null,"hasProjector":false,"hasWhiteboard":false,"code":null}},{"type":"Feature","geometry":{"type":"Polygon","coordinates":[[[16.613858,49.209682],[16.613838,49.209675],[16.613857,49.209652],[16.613878,49.20966],[16.613858,49.209682]]]},"properties":{"id":422,"buildingId":0,"floorId":4,"floorLevel":1,"name":"","type":"elevator","category":"circulation","label":"Elevator","passportNumber":null,"seats":null,"hasProjector":false,"hasWhiteboard":false,"code":null}},{"type":"Feature","geometry":{"type":"Polygon","coordinates":[[[16.614162,49.209275],[16.61414,49.209267],[16.614169,49.209233],[16.614186,49.20924],[16.614183,49.209243],[16.614189,49.209246],[16.614178,49.209259],[16.614177,49.209258],[16.614162,49.209275]]]},"properties":{"id":424,"buildingId":0,"floorId":4,"floorLevel":1,"name":"","type":"toilet_male","category":"service","label":"Toilet (M)","passportNumber":null,"seats":null,"hasProjector":false,"hasWhiteboard":false,"code":null}},{"type":"Feature","geometry":{"type":"Polygon","coordinates":[[[16.61458,49.209386],[16.614601,49.209394],[16.61458,49.209419],[16.614559,49.209411],[16.61458,49.209386]]]},"properties":{"id":426,"buildingId":0,"floorId":4,"floorLevel":1,"name":"","type":"toilet_handicapped","category":"service","label":"Toilet (accessible)","passportNumber":null,"seats":null,"hasProjector":false,"hasWhiteboard":false,"code":null}},{"type":"Feature","geometry":{"type":"Polygon","coordinates":[[[16.614432,49.20976],[16.614505,49.209787],[16.614474,49.209823],[16.614401,49.209796],[16.614432,49.20976]]]},"properties":{"id":428,"buildingId":0,"floorId":4,"floorLevel":1,"name":"","type":"emergency_floor","category":"structure","label":"Corridor","passportNumber":null,"seats":null,"hasProjector":false,"hasWhiteboard":false,"code":null}},{"type":"Feature","geometry":{"type":"Polygon","coordinates":[[[16.613855,49.209652],[16.613841,49.209668],[16.613821,49.209661],[16.613835,49.209644],[16.613855,49.209652]]]},"properties":{"id":433,"buildingId":0,"floorId":4,"floorLevel":1,"name":"","type":"elevator","category":"circulation","label":"Elevator","passportNumber":null,"seats":null,"hasProjector":false,"hasWhiteboard":false,"code":null}},{"type":"Feature","geometry":{"type":"Polygon","coordinates":[[[16.614082,49.209299],[16.613999,49.209398],[16.614014,49.209403],[16.613999,49.20942],[16.614063,49.209443],[16.614054,49.209454],[16.61399,49.209431],[16.613975,49.20945],[16.613935,49.209435],[16.613896,49.209481],[16.6139,49.209483],[16.613898,49.209485],[16.613901,49.209486],[16.613893,49.209496],[16.613886,49.209493],[16.613845,49.209541],[16.613854,49.209545],[16.613847,49.209553],[16.613838,49.20955],[16.613831,49.209558],[16.613693,49.209721],[16.613672,49.209714],[16.613913,49.209428],[16.613834,49.209399],[16.613874,49.209352],[16.613979,49.209389],[16.614061,49.209292],[16.614082,49.209299]]]},"properties":{"id":434,"buildingId":0,"floorId":4,"floorLevel":1,"name":"","type":"floor","category":"structure","label":"Corridor","passportNumber":null,"seats":null,"hasProjector":false,"hasWhiteboard":false,"code":null}},{"type":"Feature","geometry":{"type":"Polygon","coordinates":[[[16.614474,49.209823],[16.614491,49.209803],[16.614598,49.209843],[16.614581,49.209863],[16.614474,49.209823]]]},"properties":{"id":435,"buildingId":0,"floorId":4,"floorLevel":1,"name":"","type":"stairs","category":"circulation","label":"Stairs","passportNumber":null,"seats":null,"hasProjector":false,"hasWhiteboard":false,"code":null}},{"type":"Feature","geometry":{"type":"Polygon","coordinates":[[[16.614695,49.209448],[16.614668,49.209438],[16.614681,49.209423],[16.614707,49.209433],[16.614695,49.209448]]]},"properties":{"id":438,"buildingId":0,"floorId":4,"floorLevel":1,"name":"","type":"elevator","category":"circulation","label":"Elevator","passportNumber":null,"seats":null,"hasProjector":false,"hasWhiteboard":false,"code":null}},{"type":"Feature","geometry":{"type":"Polygon","coordinates":[[[16.614881,49.209455],[16.614869,49.209469],[16.614685,49.209401],[16.614684,49.209403],[16.614522,49.209343],[16.61452,49.209346],[16.614326,49.209274],[16.614315,49.209287],[16.614147,49.209225],[16.614118,49.209259],[16.614097,49.209251],[16.614139,49.2092],[16.614088,49.209181],[16.614099,49.209168],[16.614881,49.209455]]]},"properties":{"id":444,"buildingId":0,"floorId":4,"floorLevel":1,"name":"","type":"floor","category":"structure","label":"Corridor","passportNumber":null,"seats":null,"hasProjector":false,"hasWhiteboard":false,"code":null}},{"type":"Feature","geometry":{"type":"Polygon","coordinates":[[[16.613881,49.209602],[16.613856,49.209632],[16.613792,49.209609],[16.613817,49.209579],[16.613881,49.209602]]]},"properties":{"id":445,"buildingId":0,"floorId":4,"floorLevel":1,"name":"","type":"stairs","category":"circulation","label":"Stairs","passportNumber":null,"seats":null,"hasProjector":false,"hasWhiteboard":false,"code":null}},{"type":"Feature","geometry":{"type":"Polygon","coordinates":[[[16.614556,49.209432],[16.614566,49.20942],[16.614576,49.209424],[16.61458,49.209419],[16.614601,49.209394],[16.614681,49.209423],[16.614668,49.209438],[16.614658,49.209435],[16.614636,49.209461],[16.614556,49.209432]]]},"properties":{"id":446,"buildingId":0,"floorId":4,"floorLevel":1,"name":"","type":"toilet_female","category":"service","label":"Toilet (W)","passportNumber":null,"seats":null,"hasProjector":false,"hasWhiteboard":false,"code":null}},{"type":"Feature","geometry":{"type":"Polygon","coordinates":[[[16.613982,49.209246],[16.613993,49.209231],[16.614084,49.209265],[16.614072,49.209279],[16.613982,49.209246]]]},"properties":{"id":448,"buildingId":0,"floorId":4,"floorLevel":1,"name":"","type":"emergency_stairs","category":"circulation","label":"Emergency stairs","passportNumber":null,"seats":null,"hasProjector":false,"hasWhiteboard":false,"code":null}},{"type":"Feature","geometry":{"type":"Polygon","coordinates":[[[16.613939,49.20959],[16.613917,49.209616],[16.613814,49.209578],[16.613831,49.209558],[16.613835,49.20956],[16.61384,49.209554],[16.613939,49.20959]]]},"properties":{"id":450,"buildingId":0,"floorId":4,"floorLevel":1,"name":"","type":"toilet_male","category":"service","label":"Toilet (M)","passportNumber":null,"seats":null,"hasProjector":false,"hasWhiteboard":false,"code":null}},{"type":"Feature","geometry":{"type":"Polygon","coordinates":[[[16.613817,49.209579],[16.613881,49.209602],[16.61388,49.209602],[16.613917,49.209616],[16.613879,49.20966],[16.613776,49.209623],[16.613814,49.209578],[16.613817,49.209579]]]},"properties":{"id":452,"buildingId":0,"floorId":4,"floorLevel":1,"name":"","type":"floor","category":"structure","label":"Corridor","passportNumber":null,"seats":null,"hasProjector":false,"hasWhiteboard":false,"code":null}},{"type":"Feature","geometry":{"type":"Polygon","coordinates":[[[16.614132,49.209242],[16.614147,49.209225],[16.614169,49.209233],[16.614155,49.20925],[16.614132,49.209242]]]},"properties":{"id":455,"buildingId":0,"floorId":4,"floorLevel":1,"name":"","type":"kitchen","category":"service","label":"Kitchen","passportNumber":null,"seats":null,"hasProjector":false,"hasWhiteboard":false,"code":null}},{"type":"Feature","geometry":{"type":"Polygon","coordinates":[[[16.614408,49.209796],[16.614435,49.209764],[16.614501,49.209788],[16.614474,49.20982],[16.614408,49.209796]]]},"properties":{"id":457,"buildingId":0,"floorId":4,"floorLevel":1,"name":"","type":"emergency_stairs","category":"circulation","label":"Emergency stairs","passportNumber":null,"seats":null,"hasProjector":false,"hasWhiteboard":false,"code":null}},{"type":"Feature","geometry":{"type":"Polygon","coordinates":[[[16.613959,49.209566],[16.613941,49.209587],[16.613847,49.209553],[16.613854,49.209545],[16.613845,49.209541],[16.613856,49.209528],[16.613959,49.209566]]]},"properties":{"id":459,"buildingId":0,"floorId":4,"floorLevel":1,"name":"","type":"utility_room","category":"service","label":"Utility","passportNumber":null,"seats":null,"hasProjector":false,"hasWhiteboard":false,"code":null}},{"type":"Feature","geometry":{"type":"Polygon","coordinates":[[[16.614739,49.209442],[16.614804,49.209467],[16.614778,49.209497],[16.614777,49.209498],[16.614712,49.209474],[16.614739,49.209442]]]},"properties":{"id":461,"buildingId":0,"floorId":4,"floorLevel":1,"name":"","type":"stairs","category":"circulation","label":"Stairs","passportNumber":null,"seats":null,"hasProjector":false,"hasWhiteboard":false,"code":null}},{"type":"Feature","geometry":{"type":"Polygon","coordinates":[[[16.614111,49.209307],[16.613955,49.20925],[16.613985,49.209214],[16.614141,49.209271],[16.614111,49.209307]]]},"properties":{"id":462,"buildingId":0,"floorId":4,"floorLevel":1,"name":"","type":"emergency_floor","category":"structure","label":"Corridor","passportNumber":null,"seats":null,"hasProjector":false,"hasWhiteboard":false,"code":null}},{"type":"Feature","geometry":{"type":"Polygon","coordinates":[[[16.613734,49.209673],[16.613751,49.209653],[16.613788,49.209666],[16.613794,49.20966],[16.613815,49.209668],[16.61382,49.209662],[16.613842,49.20967],[16.613838,49.209675],[16.613858,49.209682],[16.613837,49.209707],[16.613834,49.209706],[16.613832,49.209708],[16.613734,49.209673]]]},"properties":{"id":466,"buildingId":0,"floorId":4,"floorLevel":1,"name":"","type":"toilet_female","category":"service","label":"Toilet (W)","passportNumber":null,"seats":null,"hasProjector":false,"hasWhiteboard":false,"code":null}},{"type":"Feature","geometry":{"type":"Polygon","coordinates":[[[16.614818,49.20945],[16.614804,49.209467],[16.614767,49.209453],[16.614781,49.209436],[16.614818,49.20945]]]},"properties":{"id":471,"buildingId":0,"floorId":4,"floorLevel":1,"name":"","type":"kitchen","category":"service","label":"Kitchen","passportNumber":null,"seats":null,"hasProjector":false,"hasWhiteboard":false,"code":null}},{"type":"Feature","geometry":{"type":"Polygon","coordinates":[[[16.61472,49.209532],[16.614505,49.209787],[16.614432,49.20976],[16.61453,49.209644],[16.614528,49.209643],[16.614522,49.20965],[16.614502,49.209643],[16.614516,49.209626],[16.614538,49.209634],[16.614539,49.209633],[16.614456,49.209603],[16.614466,49.209592],[16.614547,49.209623],[16.614647,49.209505],[16.61472,49.209532]]]},"properties":{"id":475,"buildingId":0,"floorId":4,"floorLevel":1,"name":"","type":"floor","category":"structure","label":"Corridor","passportNumber":null,"seats":null,"hasProjector":false,"hasWhiteboard":false,"code":null}},{"type":"Feature","geometry":{"type":"Polygon","coordinates":[[[16.614526,49.209421],[16.614536,49.209409],[16.614554,49.209416],[16.614555,49.209416],[16.614559,49.209411],[16.61458,49.209419],[16.614576,49.209424],[16.614566,49.20942],[16.614556,49.209432],[16.614526,49.209421]]]},"properties":{"id":477,"buildingId":0,"floorId":4,"floorLevel":1,"name":"","type":"utility_room","category":"service","label":"Utility","passportNumber":null,"seats":null,"hasProjector":false,"hasWhiteboard":false,"code":null}},{"type":"Feature","geometry":{"type":"Polygon","coordinates":[[[16.614054,49.209454],[16.614063,49.209443],[16.614466,49.209592],[16.614456,49.209603],[16.614054,49.209454]]]},"properties":{"id":481,"buildingId":0,"floorId":4,"floorLevel":1,"name":"","type":"walk","category":"structure","label":"Walkway","passportNumber":null,"seats":null,"hasProjector":false,"hasWhiteboard":false,"code":null}},{"type":"Feature","geometry":{"type":"Polygon","coordinates":[[[16.614245,49.209382],[16.614216,49.209371],[16.614272,49.209307],[16.614291,49.209314],[16.614286,49.209319],[16.614461,49.209384],[16.614467,49.209376],[16.614488,49.209384],[16.614483,49.20939],[16.614883,49.20954],[16.614846,49.209584],[16.614691,49.209526],[16.614687,49.209531],[16.614531,49.209716],[16.614528,49.209715],[16.614446,49.209812],[16.614567,49.209858],[16.614573,49.20986],[16.614576,49.209856],[16.614595,49.209864],[16.614589,49.209871],[16.614602,49.209876],[16.614572,49.209911],[16.61456,49.209906],[16.614553,49.209913],[16.614534,49.209906],[16.614538,49.209902],[16.6145,49.209888],[16.614493,49.209897],[16.613973,49.209704],[16.613979,49.209697],[16.613964,49.209691],[16.613912,49.209754],[16.613825,49.209723],[16.613916,49.209614],[16.61399,49.209641],[16.614002,49.209627],[16.61403,49.209637],[16.614021,49.209648],[16.614305,49.209752],[16.614537,49.209476],[16.614254,49.209371],[16.614245,49.209382]]]},"properties":{"id":541,"buildingId":0,"floorId":5,"floorLevel":0,"name":"","type":"floor","category":"structure","label":"Corridor","passportNumber":null,"seats":null,"hasProjector":false,"hasWhiteboard":false,"code":null}},{"type":"Feature","geometry":{"type":"Polygon","coordinates":[[[16.613837,49.20971],[16.613799,49.209755],[16.613793,49.209753],[16.61379,49.209757],[16.613693,49.209721],[16.613734,49.209673],[16.613837,49.20971]]]},"properties":{"id":436,"buildingId":0,"floorId":4,"floorLevel":1,"name":"Q113","type":"classroom_and_laboratory","category":"teaching","label":"Classroom / lab","passportNumber":"BA39N2002","seats":20,"hasProjector":false,"hasWhiteboard":false,"code":null}},{"type":"Feature","geometry":{"type":"Polygon","coordinates":[[[16.613754,49.209617],[16.613675,49.209588],[16.613755,49.209492],[16.613835,49.209521],[16.613754,49.209617]]]},"properties":{"id":468,"buildingId":0,"floorId":4,"floorLevel":1,"name":"Q111","type":"classroom_and_laboratory","category":"teaching","label":"Classroom / lab","passportNumber":"BA39N2007","seats":22,"hasProjector":false,"hasWhiteboard":false,"code":null}},{"type":"Feature","geometry":{"type":"Polygon","coordinates":[[[16.614463,49.209723],[16.614401,49.209796],[16.614319,49.209766],[16.614381,49.209692],[16.614463,49.209723]]]},"properties":{"id":432,"buildingId":0,"floorId":4,"floorLevel":1,"name":"Q13","type":"classroom_and_laboratory","category":"teaching","label":"Classroom / lab","passportNumber":"BA39N2014","seats":40,"hasProjector":true,"hasWhiteboard":true,"code":116}},{"type":"Feature","geometry":{"type":"Polygon","coordinates":[[[16.614555,49.209727],[16.614662,49.209767],[16.614598,49.209843],[16.614491,49.209803],[16.614555,49.209727]]]},"properties":{"id":469,"buildingId":0,"floorId":4,"floorLevel":1,"name":"Q14","type":"classroom_and_laboratory","category":"teaching","label":"Classroom / lab","passportNumber":"BA39N2015","seats":30,"hasProjector":true,"hasWhiteboard":true,"code":112}},{"type":"Feature","geometry":{"type":"Polygon","coordinates":[[[16.613835,49.209521],[16.613755,49.209492],[16.613834,49.209399],[16.613913,49.209428],[16.613835,49.209521]]]},"properties":{"id":439,"buildingId":0,"floorId":4,"floorLevel":1,"name":"Q110","type":"classroom_and_laboratory","category":"teaching","label":"Classroom / lab","passportNumber":"BA39N2016","seats":24,"hasProjector":false,"hasWhiteboard":false,"code":null}},{"type":"Feature","geometry":{"type":"Polygon","coordinates":[[[16.614038,49.209473],[16.613959,49.209566],[16.613856,49.209528],[16.613886,49.209493],[16.613893,49.209496],[16.613901,49.209486],[16.613898,49.209485],[16.6139,49.209483],[16.613896,49.209481],[16.613935,49.209435],[16.614038,49.209473]]]},"properties":{"id":447,"buildingId":0,"floorId":4,"floorLevel":1,"name":"Q17","type":"classroom_and_laboratory","category":"teaching","label":"Classroom / lab","passportNumber":"BA39N2017","seats":42,"hasProjector":false,"hasWhiteboard":false,"code":null}},{"type":"Feature","geometry":{"type":"Polygon","coordinates":[[[16.614523,49.209652],[16.614463,49.209723],[16.614381,49.209692],[16.61444,49.209622],[16.614523,49.209652]]]},"properties":{"id":413,"buildingId":0,"floorId":4,"floorLevel":1,"name":"Q12","type":"classroom_and_laboratory","category":"teaching","label":"Classroom / lab","passportNumber":"BA39N2018","seats":19,"hasProjector":true,"hasWhiteboard":true,"code":116}},{"type":"Feature","geometry":{"type":"Polygon","coordinates":[[[16.614635,49.209632],[16.614743,49.209672],[16.614662,49.209767],[16.614555,49.209727],[16.614635,49.209632]]]},"properties":{"id":472,"buildingId":0,"floorId":4,"floorLevel":1,"name":"Q15","type":"classroom_and_laboratory","category":"teaching","label":"Classroom / lab","passportNumber":"BA39N2020","seats":48,"hasProjector":true,"hasWhiteboard":true,"code":116}},{"type":"Feature","geometry":{"type":"Polygon","coordinates":[[[16.614054,49.209454],[16.614038,49.209473],[16.613975,49.20945],[16.61399,49.209431],[16.614054,49.209454]]]},"properties":{"id":443,"buildingId":0,"floorId":4,"floorLevel":1,"name":"Q2.22","type":"utility_room","category":"service","label":"Utility","passportNumber":"BA39N2022","seats":null,"hasProjector":false,"hasWhiteboard":false,"code":null}},{"type":"Feature","geometry":{"type":"Polygon","coordinates":[[[16.614513,49.209624],[16.614497,49.209643],[16.61444,49.209622],[16.614456,49.209603],[16.614513,49.209624]]]},"properties":{"id":473,"buildingId":0,"floorId":4,"floorLevel":1,"name":"Q2.23","type":"office","category":"office","label":"Office","passportNumber":"BA39N2023","seats":null,"hasProjector":false,"hasWhiteboard":false,"code":116}},{"type":"Feature","geometry":{"type":"Polygon","coordinates":[[[16.614063,49.209443],[16.613999,49.20942],[16.614014,49.209403],[16.614078,49.209426],[16.614063,49.209443]]]},"properties":{"id":427,"buildingId":0,"floorId":4,"floorLevel":1,"name":"Q2.25","type":"utility_room","category":"service","label":"Utility","passportNumber":"BA39N2025","seats":null,"hasProjector":false,"hasWhiteboard":false,"code":null}},{"type":"Feature","geometry":{"type":"Polygon","coordinates":[[[16.614061,49.209292],[16.613979,49.209389],[16.613874,49.209352],[16.613953,49.209257],[16.61396,49.209259],[16.613963,49.209256],[16.614061,49.209292]]]},"properties":{"id":407,"buildingId":0,"floorId":4,"floorLevel":1,"name":"Q19","type":"classroom_and_laboratory","category":"teaching","label":"Classroom / lab","passportNumber":"BA39N2027","seats":36,"hasProjector":false,"hasWhiteboard":false,"code":null}},{"type":"Feature","geometry":{"type":"Polygon","coordinates":[[[16.614078,49.209426],[16.613999,49.209398],[16.614082,49.209299],[16.614154,49.209325],[16.614152,49.209328],[16.614158,49.209331],[16.614078,49.209426]]]},"properties":{"id":480,"buildingId":0,"floorId":4,"floorLevel":1,"name":"Q18","type":"classroom_and_laboratory","category":"teaching","label":"Classroom / lab","passportNumber":"BA39N2028","seats":28,"hasProjector":false,"hasWhiteboard":false,"code":null}},{"type":"Feature","geometry":{"type":"Polygon","coordinates":[[[16.614563,49.209476],[16.614645,49.209507],[16.614563,49.209604],[16.61448,49.209575],[16.614563,49.209476]]]},"properties":{"id":451,"buildingId":0,"floorId":4,"floorLevel":1,"name":"Q11","type":"classroom_and_laboratory","category":"teaching","label":"Classroom / lab","passportNumber":"BA39N2029","seats":14,"hasProjector":true,"hasWhiteboard":true,"code":116}},{"type":"Feature","geometry":{"type":"Polygon","coordinates":[[[16.614826,49.209574],[16.614743,49.209672],[16.614635,49.209632],[16.614718,49.209534],[16.614826,49.209574]]]},"properties":{"id":420,"buildingId":0,"floorId":4,"floorLevel":1,"name":"Q16","type":"classroom_and_laboratory","category":"teaching","label":"Classroom / lab","passportNumber":"BA39N2030","seats":80,"hasProjector":true,"hasWhiteboard":true,"code":116}},{"type":"Feature","geometry":{"type":"Polygon","coordinates":[[[16.614097,49.209251],[16.613998,49.209214],[16.614001,49.209211],[16.613994,49.209208],[16.614032,49.209163],[16.614038,49.209166],[16.61404,49.209163],[16.614139,49.2092],[16.614097,49.209251]]]},"properties":{"id":442,"buildingId":0,"floorId":4,"floorLevel":1,"name":"Q2.32","type":"boardroom","category":"teaching","label":"Boardroom","passportNumber":"BA39N2032","seats":null,"hasProjector":false,"hasWhiteboard":false,"code":null}},{"type":"Feature","geometry":{"type":"Polygon","coordinates":[[[16.614189,49.209285],[16.614218,49.209251],[16.614269,49.20927],[16.61424,49.209304],[16.614189,49.209285]]]},"properties":{"id":418,"buildingId":0,"floorId":4,"floorLevel":1,"name":"Q2.37","type":"office","category":"office","label":"Office","passportNumber":"BA39N2037","seats":null,"hasProjector":false,"hasWhiteboard":false,"code":116}},{"type":"Feature","geometry":{"type":"Polygon","coordinates":[[[16.614286,49.20932],[16.61424,49.209304],[16.614269,49.20927],[16.614315,49.209287],[16.614286,49.20932]]]},"properties":{"id":417,"buildingId":0,"floorId":4,"floorLevel":1,"name":"Q2.38","type":"office","category":"office","label":"Office","passportNumber":"BA39N2038","seats":null,"hasProjector":false,"hasWhiteboard":false,"code":116}},{"type":"Feature","geometry":{"type":"Polygon","coordinates":[[[16.614286,49.20932],[16.614326,49.209274],[16.614362,49.209287],[16.614323,49.209334],[16.614286,49.20932]]]},"properties":{"id":467,"buildingId":0,"floorId":4,"floorLevel":1,"name":"Q2.39","type":"office","category":"office","label":"Office","passportNumber":"BA39N2039","seats":null,"hasProjector":false,"hasWhiteboard":false,"code":116}},{"type":"Feature","geometry":{"type":"Polygon","coordinates":[[[16.614323,49.209334],[16.614362,49.209287],[16.614393,49.209298],[16.614353,49.209345],[16.614323,49.209334]]]},"properties":{"id":454,"buildingId":0,"floorId":4,"floorLevel":1,"name":"Q2.40","type":"office","category":"office","label":"Office","passportNumber":"BA39N2040","seats":null,"hasProjector":false,"hasWhiteboard":false,"code":116}},{"type":"Feature","geometry":{"type":"Polygon","coordinates":[[[16.614353,49.209345],[16.614393,49.209298],[16.614426,49.209311],[16.614389,49.209354],[16.614388,49.209353],[16.614385,49.209357],[16.614353,49.209345]]]},"properties":{"id":412,"buildingId":0,"floorId":4,"floorLevel":1,"name":"Q2.41","type":"office","category":"office","label":"Office","passportNumber":"BA39N2041","seats":null,"hasProjector":false,"hasWhiteboard":false,"code":116}},{"type":"Feature","geometry":{"type":"Polygon","coordinates":[[[16.614388,49.209358],[16.614427,49.209311],[16.61446,49.209323],[16.614421,49.20937],[16.614388,49.209358]]]},"properties":{"id":425,"buildingId":0,"floorId":4,"floorLevel":1,"name":"Q2.42","type":"office","category":"office","label":"Office","passportNumber":"BA39N2042","seats":null,"hasProjector":false,"hasWhiteboard":false,"code":116}},{"type":"Feature","geometry":{"type":"Polygon","coordinates":[[[16.614481,49.209392],[16.61445,49.20938],[16.614489,49.209334],[16.61452,49.209346],[16.614481,49.209392]]]},"properties":{"id":414,"buildingId":0,"floorId":4,"floorLevel":1,"name":"Q2.44","type":"office","category":"office","label":"Office","passportNumber":"BA39N2044","seats":null,"hasProjector":false,"hasWhiteboard":false,"code":116}},{"type":"Feature","geometry":{"type":"Polygon","coordinates":[[[16.614779,49.209501],[16.614781,49.209498],[16.614778,49.209497],[16.614818,49.20945],[16.614869,49.209469],[16.614914,49.209486],[16.614912,49.209488],[16.614917,49.20949],[16.614879,49.209535],[16.614874,49.209533],[16.614872,49.209535],[16.614779,49.209501]]]},"properties":{"id":479,"buildingId":0,"floorId":4,"floorLevel":1,"name":"Q2.51","type":"boardroom","category":"teaching","label":"Boardroom","passportNumber":"BA39N2051","seats":null,"hasProjector":false,"hasWhiteboard":false,"code":null}},{"type":"Feature","geometry":{"type":"Polygon","coordinates":[[[16.61404,49.209163],[16.614036,49.209162],[16.614073,49.209117],[16.614078,49.209119],[16.614082,49.209114],[16.61413,49.209131],[16.614088,49.209181],[16.61404,49.209163]]]},"properties":{"id":464,"buildingId":0,"floorId":4,"floorLevel":1,"name":"Q2.53","type":"office","category":"office","label":"Office","passportNumber":"BA39N2053","seats":null,"hasProjector":false,"hasWhiteboard":false,"code":116}},{"type":"Feature","geometry":{"type":"Polygon","coordinates":[[[16.614099,49.209168],[16.61413,49.209131],[16.614178,49.209149],[16.614148,49.209186],[16.614099,49.209168]]]},"properties":{"id":431,"buildingId":0,"floorId":4,"floorLevel":1,"name":"Q2.54","type":"office","category":"office","label":"Office","passportNumber":"BA39N2054","seats":null,"hasProjector":false,"hasWhiteboard":false,"code":116}},{"type":"Feature","geometry":{"type":"Polygon","coordinates":[[[16.614148,49.209186],[16.614178,49.209149],[16.614226,49.209167],[16.614195,49.209204],[16.614148,49.209186]]]},"properties":{"id":456,"buildingId":0,"floorId":4,"floorLevel":1,"name":"Q2.55","type":"office","category":"office","label":"Office","passportNumber":"BA39N2055","seats":null,"hasProjector":false,"hasWhiteboard":false,"code":116}},{"type":"Feature","geometry":{"type":"Polygon","coordinates":[[[16.614245,49.209222],[16.614276,49.209185],[16.614324,49.209203],[16.614294,49.20924],[16.614245,49.209222]]]},"properties":{"id":423,"buildingId":0,"floorId":4,"floorLevel":1,"name":"Q2.57","type":"office","category":"office","label":"Office","passportNumber":"BA39N2057","seats":null,"hasProjector":false,"hasWhiteboard":false,"code":116}},{"type":"Feature","geometry":{"type":"Polygon","coordinates":[[[16.614294,49.20924],[16.614324,49.209203],[16.614373,49.209221],[16.614343,49.209258],[16.614294,49.20924]]]},"properties":{"id":465,"buildingId":0,"floorId":4,"floorLevel":1,"name":"Q2.58","type":"office","category":"office","label":"Office","passportNumber":"BA39N2058","seats":null,"hasProjector":false,"hasWhiteboard":false,"code":116}},{"type":"Feature","geometry":{"type":"Polygon","coordinates":[[[16.614343,49.209258],[16.614373,49.209221],[16.614421,49.209239],[16.61439,49.209275],[16.614343,49.209258]]]},"properties":{"id":470,"buildingId":0,"floorId":4,"floorLevel":1,"name":"Q2.59","type":"office","category":"office","label":"Office","passportNumber":"BA39N2059","seats":null,"hasProjector":false,"hasWhiteboard":false,"code":116}},{"type":"Feature","geometry":{"type":"Polygon","coordinates":[[[16.61439,49.209275],[16.614421,49.209239],[16.614471,49.209257],[16.61444,49.209294],[16.61439,49.209275]]]},"properties":{"id":409,"buildingId":0,"floorId":4,"floorLevel":1,"name":"Q2.60","type":"office","category":"office","label":"Office","passportNumber":"BA39N2060","seats":null,"hasProjector":false,"hasWhiteboard":false,"code":116}},{"type":"Feature","geometry":{"type":"Polygon","coordinates":[[[16.61444,49.209294],[16.614471,49.209257],[16.61452,49.209275],[16.614489,49.209312],[16.61444,49.209294]]]},"properties":{"id":440,"buildingId":0,"floorId":4,"floorLevel":1,"name":"Q2.61","type":"office","category":"office","label":"Office","passportNumber":"BA39N2061","seats":null,"hasProjector":false,"hasWhiteboard":false,"code":116}},{"type":"Feature","geometry":{"type":"Polygon","coordinates":[[[16.614489,49.209312],[16.61452,49.209275],[16.61457,49.209294],[16.614539,49.20933],[16.614489,49.209312]]]},"properties":{"id":449,"buildingId":0,"floorId":4,"floorLevel":1,"name":"Q2.62","type":"office","category":"office","label":"Office","passportNumber":"BA39N2062","seats":null,"hasProjector":false,"hasWhiteboard":false,"code":116}},{"type":"Feature","geometry":{"type":"Polygon","coordinates":[[[16.614539,49.20933],[16.61457,49.209294],[16.614617,49.209311],[16.614586,49.209347],[16.614539,49.20933]]]},"properties":{"id":476,"buildingId":0,"floorId":4,"floorLevel":1,"name":"Q2.63","type":"office","category":"office","label":"Office","passportNumber":"BA39N2063","seats":null,"hasProjector":false,"hasWhiteboard":false,"code":116}},{"type":"Feature","geometry":{"type":"Polygon","coordinates":[[[16.614684,49.209383],[16.614715,49.209347],[16.614764,49.209365],[16.614734,49.209401],[16.614684,49.209383]]]},"properties":{"id":478,"buildingId":0,"floorId":4,"floorLevel":1,"name":"Q2.66","type":"office","category":"office","label":"Office","passportNumber":"BA39N2066","seats":null,"hasProjector":false,"hasWhiteboard":false,"code":116}},{"type":"Feature","geometry":{"type":"Polygon","coordinates":[[[16.614734,49.209401],[16.614764,49.209365],[16.614812,49.209383],[16.614781,49.209419],[16.614734,49.209401]]]},"properties":{"id":453,"buildingId":0,"floorId":4,"floorLevel":1,"name":"Q2.67","type":"office","category":"office","label":"Office","passportNumber":"BA39N2067","seats":null,"hasProjector":false,"hasWhiteboard":false,"code":116}},{"type":"Feature","geometry":{"type":"Polygon","coordinates":[[[16.614781,49.209419],[16.614812,49.209383],[16.614861,49.209401],[16.61483,49.209437],[16.614781,49.209419]]]},"properties":{"id":458,"buildingId":0,"floorId":4,"floorLevel":1,"name":"Q2.68","type":"office","category":"office","label":"Office","passportNumber":"BA39N2068","seats":null,"hasProjector":false,"hasWhiteboard":false,"code":116}},{"type":"Feature","geometry":{"type":"Polygon","coordinates":[[[16.61483,49.209437],[16.614861,49.209401],[16.614911,49.209419],[16.614881,49.209455],[16.61483,49.209437]]]},"properties":{"id":460,"buildingId":0,"floorId":4,"floorLevel":1,"name":"Q2.69","type":"office","category":"office","label":"Office","passportNumber":"BA39N2069","seats":null,"hasProjector":false,"hasWhiteboard":false,"code":116}},{"type":"Feature","geometry":{"type":"Polygon","coordinates":[[[16.61492,49.209488],[16.614914,49.209486],[16.614869,49.209469],[16.614911,49.209419],[16.614956,49.209436],[16.614952,49.20944],[16.614958,49.209443],[16.61492,49.209488]]]},"properties":{"id":463,"buildingId":0,"floorId":4,"floorLevel":1,"name":"Q2.70","type":"office","category":"office","label":"Office","passportNumber":"BA39N2070","seats":null,"hasProjector":false,"hasWhiteboard":false,"code":116}},{"type":"Feature","geometry":{"type":"Polygon","coordinates":[[[16.614563,49.209605],[16.614547,49.209623],[16.614524,49.209614],[16.614539,49.209596],[16.614563,49.209605]]]},"properties":{"id":474,"buildingId":0,"floorId":4,"floorLevel":1,"name":"Q2.74","type":"office","category":"office","label":"Office","passportNumber":"BA39N2074","seats":null,"hasProjector":false,"hasWhiteboard":false,"code":116}},{"type":"Feature","geometry":{"type":"Polygon","coordinates":[[[16.614809,49.209468],[16.614905,49.209504],[16.614879,49.209535],[16.614874,49.209533],[16.614872,49.209535],[16.614779,49.209501],[16.614781,49.209498],[16.614778,49.209497],[16.614804,49.209467],[16.614809,49.209468]]]},"properties":{"id":519,"buildingId":0,"floorId":5,"floorLevel":0,"name":"Vrátnice","type":"gatehouse","category":"service","label":"Gatehouse","passportNumber":null,"seats":null,"hasProjector":false,"hasWhiteboard":false,"code":null}},{"type":"Feature","geometry":{"type":"Polygon","coordinates":[[[16.614707,49.209433],[16.61467,49.209419],[16.614685,49.209401],[16.614722,49.209415],[16.614707,49.209433]]]},"properties":{"id":520,"buildingId":0,"floorId":5,"floorLevel":0,"name":"","type":"utility_room","category":"service","label":"Utility","passportNumber":null,"seats":null,"hasProjector":false,"hasWhiteboard":false,"code":null}},{"type":"Feature","geometry":{"type":"Polygon","coordinates":[[[16.614483,49.20939],[16.614521,49.209344],[16.614528,49.209347],[16.614532,49.209343],[16.614606,49.209371],[16.614564,49.20942],[16.614483,49.20939]]]},"properties":{"id":521,"buildingId":0,"floorId":5,"floorLevel":0,"name":"","type":"toilet_male","category":"service","label":"Toilet (M)","passportNumber":null,"seats":null,"hasProjector":false,"hasWhiteboard":false,"code":null}},{"type":"Feature","geometry":{"type":"Polygon","coordinates":[[[16.614051,49.209291],[16.614031,49.209316],[16.614035,49.209317],[16.613857,49.209529],[16.613893,49.209543],[16.613853,49.209591],[16.613815,49.209578],[16.613694,49.209721],[16.61367,49.209713],[16.613867,49.209477],[16.613862,49.209475],[16.613869,49.209467],[16.613874,49.209469],[16.614029,49.209283],[16.614051,49.209291]]]},"properties":{"id":525,"buildingId":0,"floorId":5,"floorLevel":0,"name":"","type":"floor","category":"structure","label":"Corridor","passportNumber":null,"seats":null,"hasProjector":false,"hasWhiteboard":false,"code":null}},{"type":"Feature","geometry":{"type":"Polygon","coordinates":[[[16.61425,49.209252],[16.614248,49.209252],[16.614234,49.209269],[16.614216,49.209262],[16.614238,49.209236],[16.614258,49.209243],[16.61425,49.209252]]]},"properties":{"id":527,"buildingId":0,"floorId":5,"floorLevel":0,"name":"","type":"toilet_male","category":"service","label":"Toilet (M)","passportNumber":null,"seats":null,"hasProjector":false,"hasWhiteboard":false,"code":null}},{"type":"Feature","geometry":{"type":"Polygon","coordinates":[[[16.614305,49.209752],[16.614021,49.209648],[16.614254,49.209371],[16.614537,49.209476],[16.614305,49.209752]]]},"properties":{"id":530,"buildingId":0,"floorId":5,"floorLevel":0,"name":"","type":"ground","category":"structure","label":"Corridor","passportNumber":null,"seats":null,"hasProjector":false,"hasWhiteboard":false,"code":null}},{"type":"Feature","geometry":{"type":"Polygon","coordinates":[[[16.613733,49.209708],[16.613712,49.2097],[16.613728,49.209681],[16.613748,49.209689],[16.613733,49.209708]]]},"properties":{"id":534,"buildingId":0,"floorId":5,"floorLevel":0,"name":"","type":"toilet_female","category":"service","label":"Toilet (W)","passportNumber":null,"seats":null,"hasProjector":false,"hasWhiteboard":false,"code":null}},{"type":"Feature","geometry":{"type":"Polygon","coordinates":[[[16.613715,49.209729],[16.613694,49.209721],[16.613712,49.2097],[16.613733,49.209708],[16.613715,49.209729]]]},"properties":{"id":535,"buildingId":0,"floorId":5,"floorLevel":0,"name":"","type":"toilet_male","category":"service","label":"Toilet (M)","passportNumber":null,"seats":null,"hasProjector":false,"hasWhiteboard":false,"code":null}},{"type":"Feature","geometry":{"type":"Polygon","coordinates":[[[16.613762,49.209639],[16.613775,49.209623],[16.613799,49.209631],[16.613786,49.209647],[16.613762,49.209639]]]},"properties":{"id":537,"buildingId":0,"floorId":5,"floorLevel":0,"name":"","type":"kitchen","category":"service","label":"Kitchen","passportNumber":null,"seats":null,"hasProjector":false,"hasWhiteboard":false,"code":null}},{"type":"Feature","geometry":{"type":"Polygon","coordinates":[[[16.614762,49.209429],[16.614774,49.209416],[16.614881,49.209455],[16.614869,49.209469],[16.614762,49.209429]]]},"properties":{"id":540,"buildingId":0,"floorId":5,"floorLevel":0,"name":"","type":"floor","category":"structure","label":"Corridor","passportNumber":null,"seats":null,"hasProjector":false,"hasWhiteboard":false,"code":null}},{"type":"Feature","geometry":{"type":"Polygon","coordinates":[[[16.613692,49.209686],[16.613615,49.209659],[16.613635,49.209635],[16.613712,49.209663],[16.613692,49.209686]]]},"properties":{"id":524,"buildingId":0,"floorId":5,"floorLevel":0,"name":"Q1.05","type":"office","category":"office","label":"Office","passportNumber":"BA39N1005","seats":null,"hasProjector":false,"hasWhiteboard":false,"code":null}},{"type":"Feature","geometry":{"type":"Polygon","coordinates":[[[16.614583,49.209732],[16.614533,49.209714],[16.61457,49.20967],[16.61462,49.209688],[16.614583,49.209732]]]},"properties":{"id":531,"buildingId":0,"floorId":5,"floorLevel":0,"name":"Q1.40","type":"office","category":"office","label":"Office","passportNumber":"BA39N1040","seats":null,"hasProjector":false,"hasWhiteboard":false,"code":null}},{"type":"Feature","geometry":{"type":"Polygon","coordinates":[[[16.61443,49.20933],[16.614402,49.209362],[16.614346,49.209341],[16.614373,49.209309],[16.61443,49.20933]]]},"properties":{"id":536,"buildingId":0,"floorId":5,"floorLevel":0,"name":"Q1.59","type":"utility_room","category":"service","label":"Utility","passportNumber":"BA39N1059","seats":null,"hasProjector":false,"hasWhiteboard":false,"code":null}},{"type":"Feature","geometry":{"type":"Polygon","coordinates":[[[16.614461,49.209384],[16.614402,49.209362],[16.61443,49.20933],[16.614478,49.209348],[16.614469,49.209358],[16.614479,49.209362],[16.614461,49.209384]]]},"properties":{"id":539,"buildingId":0,"floorId":5,"floorLevel":0,"name":"Q1.60","type":"utility_room","category":"service","label":"Utility","passportNumber":"BA39N1060","seats":null,"hasProjector":false,"hasWhiteboard":false,"code":null}},{"type":"Feature","geometry":{"type":"Polygon","coordinates":[[[16.614847,49.209482],[16.614809,49.209468],[16.614823,49.209452],[16.614861,49.209466],[16.614847,49.209482]]]},"properties":{"id":532,"buildingId":0,"floorId":5,"floorLevel":0,"name":"Q1.76","type":"office","category":"office","label":"Office","passportNumber":"BA39N1076","seats":null,"hasProjector":false,"hasWhiteboard":false,"code":null}},{"type":"Feature","geometry":{"type":"Polygon","coordinates":[[[16.61444,49.209294],[16.614471,49.209257],[16.61452,49.209275],[16.614489,49.209312],[16.61444,49.209294]]]},"properties":{"id":533,"buildingId":0,"floorId":5,"floorLevel":0,"name":"Q1.87","type":"office","category":"office","label":"Office","passportNumber":"BA39N1087","seats":null,"hasProjector":false,"hasWhiteboard":false,"code":191}},{"type":"Feature","geometry":{"type":"Polygon","coordinates":[[[16.614684,49.209383],[16.614715,49.209347],[16.614766,49.209366],[16.614735,49.209402],[16.614684,49.209383]]]},"properties":{"id":523,"buildingId":0,"floorId":5,"floorLevel":0,"name":"Q1.92","type":"office","category":"office","label":"Office","passportNumber":"BA39N1092","seats":null,"hasProjector":false,"hasWhiteboard":false,"code":191}},{"type":"Feature","geometry":{"type":"Polygon","coordinates":[[[16.61483,49.209437],[16.614861,49.209401],[16.614911,49.209419],[16.614881,49.209455],[16.61483,49.209437]]]},"properties":{"id":528,"buildingId":0,"floorId":5,"floorLevel":0,"name":"Q1.94","type":"office","category":"office","label":"Office","passportNumber":"BA39N1094","seats":null,"hasProjector":false,"hasWhiteboard":false,"code":172}},{"type":"Feature","geometry":{"type":"Polygon","coordinates":[[[16.614654,49.209763],[16.61458,49.209735],[16.614659,49.209642],[16.614609,49.209624],[16.614687,49.209531],[16.61481,49.209577],[16.614654,49.209763]]]},"properties":{"id":529,"buildingId":0,"floorId":5,"floorLevel":0,"name":"Počítačová studovna","type":"study_room","category":"teaching","label":"Study room","passportNumber":null,"seats":80,"hasProjector":false,"hasWhiteboard":false,"code":116}},{"type":"Feature","geometry":{"type":"Polygon","coordinates":[[[16.614346,49.209341],[16.614286,49.209319],[16.614315,49.209287],[16.614373,49.209309],[16.614346,49.209341]]]},"properties":{"id":526,"buildingId":0,"floorId":5,"floorLevel":0,"name":"Chill out zóna","type":"study_room","category":"teaching","label":"Study room","passportNumber":null,"seats":null,"hasProjector":false,"hasWhiteboard":false,"code":null}},{"type":"Feature","geometry":{"type":"Polygon","coordinates":[[[16.614593,49.209836],[16.61481,49.209577],[16.614843,49.209589],[16.614624,49.209848],[16.614593,49.209836]]]},"properties":{"id":547,"buildingId":0,"floorId":5,"floorLevel":0,"name":"","type":"terrace","category":"circulation","label":"Terrace","passportNumber":null,"seats":null,"hasProjector":false,"hasWhiteboard":false,"code":null}},{"type":"Feature","geometry":{"type":"Polygon","coordinates":[[[16.614436,49.209414],[16.614334,49.209377],[16.614344,49.209365],[16.614446,49.209403],[16.614436,49.209414]]]},"properties":{"id":549,"buildingId":0,"floorId":5,"floorLevel":0,"name":"","type":"stairs","category":"circulation","label":"Stairs","passportNumber":null,"seats":null,"hasProjector":false,"hasWhiteboard":false,"code":null}},{"type":"Feature","geometry":{"type":"Polygon","coordinates":[[[16.614668,49.209438],[16.61466,49.209435],[16.614663,49.209431],[16.614661,49.20943],[16.614667,49.209423],[16.614669,49.209424],[16.614672,49.20942],[16.614681,49.209423],[16.614668,49.209438]]]},"properties":{"id":550,"buildingId":0,"floorId":5,"floorLevel":0,"name":"","type":"utility_room","category":"service","label":"Utility","passportNumber":null,"seats":null,"hasProjector":false,"hasWhiteboard":false,"code":null}},{"type":"Feature","geometry":{"type":"Polygon","coordinates":[[[16.613786,49.209647],[16.613798,49.209632],[16.613811,49.209637],[16.613812,49.209636],[16.613835,49.209644],[16.613822,49.20966],[16.613801,49.209652],[16.613803,49.209649],[16.613801,49.209649],[16.613805,49.209644],[16.613803,49.209643],[16.613797,49.209651],[16.613786,49.209647]]]},"properties":{"id":555,"buildingId":0,"floorId":5,"floorLevel":0,"name":"","type":"toilet_handicapped","category":"service","label":"Toilet (accessible)","passportNumber":null,"seats":null,"hasProjector":false,"hasWhiteboard":false,"code":null}},{"type":"Feature","geometry":{"type":"Polygon","coordinates":[[[16.614096,49.209301],[16.613955,49.20925],[16.613985,49.209214],[16.614126,49.209266],[16.614096,49.209301]]]},"properties":{"id":557,"buildingId":0,"floorId":5,"floorLevel":0,"name":"","type":"floor","category":"structure","label":"Corridor","passportNumber":null,"seats":null,"hasProjector":false,"hasWhiteboard":false,"code":null}},{"type":"Feature","geometry":{"type":"Polygon","coordinates":[[[16.614739,49.209442],[16.614753,49.209426],[16.614802,49.209444],[16.614788,49.209461],[16.614739,49.209442]]]},"properties":{"id":558,"buildingId":0,"floorId":5,"floorLevel":0,"name":"","type":"utility_room","category":"service","label":"Utility","passportNumber":null,"seats":null,"hasProjector":false,"hasWhiteboard":false,"code":null}},{"type":"Feature","geometry":{"type":"Polygon","coordinates":[[[16.614695,49.209448],[16.614668,49.209438],[16.614681,49.209423],[16.614707,49.209433],[16.614695,49.209448]]]},"properties":{"id":559,"buildingId":0,"floorId":5,"floorLevel":0,"name":"","type":"elevator","category":"circulation","label":"Elevator","passportNumber":null,"seats":null,"hasProjector":false,"hasWhiteboard":false,"code":null}},{"type":"Feature","geometry":{"type":"Polygon","coordinates":[[[16.613855,49.209652],[16.613841,49.209668],[16.613821,49.209661],[16.613835,49.209644],[16.613855,49.209652]]]},"properties":{"id":561,"buildingId":0,"floorId":5,"floorLevel":0,"name":"","type":"elevator","category":"circulation","label":"Elevator","passportNumber":null,"seats":null,"hasProjector":false,"hasWhiteboard":false,"code":null}},{"type":"Feature","geometry":{"type":"Polygon","coordinates":[[[16.614724,49.209398],[16.614713,49.209411],[16.614525,49.20934],[16.614488,49.209384],[16.614467,49.209376],[16.614479,49.209362],[16.614469,49.209358],[16.614478,49.209348],[16.614315,49.209287],[16.614291,49.209314],[16.614272,49.209307],[16.61431,49.209262],[16.614088,49.209181],[16.614099,49.209168],[16.614724,49.209398]]]},"properties":{"id":562,"buildingId":0,"floorId":5,"floorLevel":0,"name":"","type":"floor","category":"structure","label":"Corridor","passportNumber":null,"seats":null,"hasProjector":false,"hasWhiteboard":false,"code":null}},{"type":"Feature","geometry":{"type":"Polygon","coordinates":[[[16.614584,49.209838],[16.614567,49.209858],[16.614446,49.209812],[16.614463,49.209792],[16.614584,49.209838]]]},"properties":{"id":572,"buildingId":0,"floorId":5,"floorLevel":0,"name":"","type":"utility_room","category":"service","label":"Utility","passportNumber":null,"seats":null,"hasProjector":false,"hasWhiteboard":false,"code":null}},{"type":"Feature","geometry":{"type":"Polygon","coordinates":[[[16.613858,49.209682],[16.613838,49.209675],[16.613857,49.209652],[16.613878,49.20966],[16.613858,49.209682]]]},"properties":{"id":574,"buildingId":0,"floorId":5,"floorLevel":0,"name":"","type":"elevator","category":"circulation","label":"Elevator","passportNumber":null,"seats":null,"hasProjector":false,"hasWhiteboard":false,"code":null}},{"type":"Feature","geometry":{"type":"Polygon","coordinates":[[[16.613832,49.209708],[16.613836,49.209709],[16.613823,49.209725],[16.613825,49.209726],[16.6138,49.209756],[16.613793,49.209753],[16.61379,49.209757],[16.613715,49.209729],[16.613748,49.209689],[16.613782,49.2097],[16.613789,49.209692],[16.613832,49.209708]]]},"properties":{"id":575,"buildingId":0,"floorId":5,"floorLevel":0,"name":"","type":"toilet_male","category":"service","label":"Toilet (M)","passportNumber":null,"seats":null,"hasProjector":false,"hasWhiteboard":false,"code":null}},{"type":"Feature","geometry":{"type":"Polygon","coordinates":[[[16.613881,49.209602],[16.613856,49.209632],[16.613792,49.209609],[16.613817,49.209579],[16.613881,49.209602]]]},"properties":{"id":576,"buildingId":0,"floorId":5,"floorLevel":0,"name":"","type":"stairs","category":"circulation","label":"Stairs","passportNumber":null,"seats":null,"hasProjector":false,"hasWhiteboard":false,"code":null}},{"type":"Feature","geometry":{"type":"Polygon","coordinates":[[[16.614236,49.209239],[16.614216,49.209262],[16.614195,49.209254],[16.614203,49.209244],[16.614187,49.209238],[16.614201,49.209222],[16.614231,49.209233],[16.614228,49.209236],[16.614236,49.209239]]]},"properties":{"id":580,"buildingId":0,"floorId":5,"floorLevel":0,"name":"","type":"kitchen","category":"service","label":"Kitchen","passportNumber":null,"seats":null,"hasProjector":false,"hasWhiteboard":false,"code":null}},{"type":"Feature","geometry":{"type":"Polygon","coordinates":[[[16.614788,49.209461],[16.614802,49.209444],[16.614823,49.209452],[16.614809,49.209468],[16.614788,49.209461]]]},"properties":{"id":583,"buildingId":0,"floorId":5,"floorLevel":0,"name":"","type":"kitchen","category":"service","label":"Kitchen","passportNumber":null,"seats":null,"hasProjector":false,"hasWhiteboard":false,"code":null}},{"type":"Feature","geometry":{"type":"Polygon","coordinates":[[[16.614683,49.209462],[16.614648,49.209449],[16.61466,49.209435],[16.614695,49.209448],[16.614683,49.209462]]]},"properties":{"id":584,"buildingId":0,"floorId":5,"floorLevel":0,"name":"","type":"elevator","category":"circulation","label":"Elevator","passportNumber":null,"seats":null,"hasProjector":false,"hasWhiteboard":false,"code":null}},{"type":"Feature","geometry":{"type":"Polygon","coordinates":[[[16.613982,49.209246],[16.613993,49.209231],[16.614084,49.209265],[16.614072,49.209279],[16.613982,49.209246]]]},"properties":{"id":590,"buildingId":0,"floorId":5,"floorLevel":0,"name":"","type":"stairs","category":"circulation","label":"Stairs","passportNumber":null,"seats":null,"hasProjector":false,"hasWhiteboard":false,"code":null}},{"type":"Feature","geometry":{"type":"Polygon","coordinates":[[[16.614568,49.209422],[16.61461,49.209372],[16.614685,49.209401],[16.614644,49.20945],[16.614568,49.209422]]]},"properties":{"id":591,"buildingId":0,"floorId":5,"floorLevel":0,"name":"","type":"toilet_female","category":"service","label":"Toilet (W)","passportNumber":null,"seats":null,"hasProjector":false,"hasWhiteboard":false,"code":null}},{"type":"Feature","geometry":{"type":"Polygon","coordinates":[[[16.614148,49.209186],[16.614178,49.209149],[16.614226,49.209167],[16.614195,49.209204],[16.614148,49.209186]]]},"properties":{"id":592,"buildingId":0,"floorId":5,"floorLevel":0,"name":"Q1.81","type":"boardroom","category":"teaching","label":"Boardroom","passportNumber":null,"seats":null,"hasProjector":false,"hasWhiteboard":false,"code":191}},{"type":"Feature","geometry":{"type":"Polygon","coordinates":[[[16.614739,49.209442],[16.614804,49.209467],[16.614778,49.209497],[16.614777,49.209498],[16.614712,49.209474],[16.614739,49.209442]]]},"properties":{"id":593,"buildingId":0,"floorId":5,"floorLevel":0,"name":"","type":"stairs","category":"circulation","label":"Stairs","passportNumber":null,"seats":null,"hasProjector":false,"hasWhiteboard":false,"code":null}},{"type":"Feature","geometry":{"type":"Polygon","coordinates":[[[16.614238,49.20927],[16.614252,49.209253],[16.61425,49.209252],[16.614258,49.209243],[16.61428,49.209251],[16.614258,49.209277],[16.614238,49.20927]]]},"properties":{"id":596,"buildingId":0,"floorId":5,"floorLevel":0,"name":"","type":"toilet_female","category":"service","label":"Toilet (W)","passportNumber":null,"seats":null,"hasProjector":false,"hasWhiteboard":false,"code":null}},{"type":"Feature","geometry":{"type":"Polygon","coordinates":[[[16.614143,49.209952],[16.614261,49.209811],[16.614407,49.209865],[16.614289,49.210005],[16.614143,49.209952]]]},"properties":{"id":599,"buildingId":0,"floorId":5,"floorLevel":0,"name":"Q02","type":"classroom_and_laboratory","category":"teaching","label":"Classroom / lab","passportNumber":"BA39N1010","seats":170,"hasProjector":true,"hasWhiteboard":true,"code":991}},{"type":"Feature","geometry":{"type":"Polygon","coordinates":[[[16.614559,49.209922],[16.614441,49.210061],[16.614289,49.210005],[16.614407,49.209865],[16.614493,49.209897],[16.614497,49.209893],[16.614534,49.209906],[16.614553,49.209913],[16.614556,49.20991],[16.614566,49.209914],[16.614559,49.209922]]]},"properties":{"id":542,"buildingId":0,"floorId":5,"floorLevel":0,"name":"Q03","type":"classroom_and_laboratory","category":"teaching","label":"Classroom / lab","passportNumber":"BA39N1011","seats":170,"hasProjector":true,"hasWhiteboard":true,"code":991}},{"type":"Feature","geometry":{"type":"Polygon","coordinates":[[[16.613751,49.209616],[16.613675,49.209588],[16.613695,49.209565],[16.613771,49.209592],[16.613751,49.209616]]]},"properties":{"id":543,"buildingId":0,"floorId":5,"floorLevel":0,"name":"Q1.18","type":"office","category":"office","label":"Office","passportNumber":"BA39N1018","seats":null,"hasProjector":false,"hasWhiteboard":false,"code":null}},{"type":"Feature","geometry":{"type":"Polygon","coordinates":[[[16.613771,49.209592],[16.613695,49.209565],[16.613715,49.209541],[16.613791,49.209568],[16.613771,49.209592]]]},"properties":{"id":548,"buildingId":0,"floorId":5,"floorLevel":0,"name":"Q1.22","type":"office","category":"office","label":"Office","passportNumber":"BA39N1022","seats":null,"hasProjector":false,"hasWhiteboard":false,"code":null}},{"type":"Feature","geometry":{"type":"Polygon","coordinates":[[[16.613791,49.209568],[16.613715,49.209541],[16.613735,49.209517],[16.613811,49.209544],[16.613791,49.209568]]]},"properties":{"id":588,"buildingId":0,"floorId":5,"floorLevel":0,"name":"Q1.24","type":"office","category":"office","label":"Office","passportNumber":"BA39N1024","seats":null,"hasProjector":false,"hasWhiteboard":false,"code":null}},{"type":"Feature","geometry":{"type":"Polygon","coordinates":[[[16.613735,49.209517],[16.613755,49.209493],[16.613831,49.20952],[16.613811,49.209544],[16.613735,49.209517]]]},"properties":{"id":586,"buildingId":0,"floorId":5,"floorLevel":0,"name":"Q1.27","type":"office","category":"office","label":"Office","passportNumber":"BA39N1027","seats":null,"hasProjector":false,"hasWhiteboard":false,"code":null}},{"type":"Feature","geometry":{"type":"Polygon","coordinates":[[[16.613831,49.20952],[16.613755,49.209493],[16.613774,49.20947],[16.61385,49.209497],[16.613831,49.20952]]]},"properties":{"id":568,"buildingId":0,"floorId":5,"floorLevel":0,"name":"Q1.29","type":"office","category":"office","label":"Office","passportNumber":"BA39N1029","seats":null,"hasProjector":false,"hasWhiteboard":false,"code":null}},{"type":"Feature","geometry":{"type":"Polygon","coordinates":[[[16.613857,49.209529],[16.613895,49.209484],[16.613932,49.209497],[16.613893,49.209543],[16.613857,49.209529]]]},"properties":{"id":579,"buildingId":0,"floorId":5,"floorLevel":0,"name":"Q1.30","type":"office","category":"office","label":"Office","passportNumber":"BA39N1030","seats":null,"hasProjector":false,"hasWhiteboard":false,"code":null}},{"type":"Feature","geometry":{"type":"Polygon","coordinates":[[[16.61385,49.209497],[16.613774,49.20947],[16.613794,49.209446],[16.613865,49.209471],[16.613862,49.209475],[16.613867,49.209477],[16.61385,49.209497]]]},"properties":{"id":570,"buildingId":0,"floorId":5,"floorLevel":0,"name":"Q1.33","type":"office","category":"office","label":"Office","passportNumber":"BA39N1033","seats":null,"hasProjector":false,"hasWhiteboard":false,"code":null}},{"type":"Feature","geometry":{"type":"Polygon","coordinates":[[[16.613865,49.209471],[16.613794,49.209446],[16.613814,49.209422],[16.61389,49.20945],[16.613874,49.209469],[16.613869,49.209467],[16.613865,49.209471]]]},"properties":{"id":587,"buildingId":0,"floorId":5,"floorLevel":0,"name":"Q1.35","type":"office","category":"office","label":"Office","passportNumber":"BA39N1035","seats":null,"hasProjector":false,"hasWhiteboard":false,"code":null}},{"type":"Feature","geometry":{"type":"Polygon","coordinates":[[[16.613895,49.209484],[16.613975,49.209389],[16.614012,49.209402],[16.613932,49.209497],[16.613895,49.209484]]]},"properties":{"id":569,"buildingId":0,"floorId":5,"floorLevel":0,"name":"Q1.36","type":"office","category":"office","label":"Office","passportNumber":"BA39N1036","seats":null,"hasProjector":false,"hasWhiteboard":false,"code":null}},{"type":"Feature","geometry":{"type":"Polygon","coordinates":[[[16.614109,49.209499],[16.614069,49.209547],[16.613932,49.209497],[16.613972,49.20945],[16.614109,49.209499]]]},"properties":{"id":563,"buildingId":0,"floorId":5,"floorLevel":0,"name":"Q07","type":"classroom_and_laboratory","category":"teaching","label":"Classroom / lab","passportNumber":"BA39N1037","seats":20,"hasProjector":true,"hasWhiteboard":true,"code":116}},{"type":"Feature","geometry":{"type":"Polygon","coordinates":[[[16.613909,49.209426],[16.613834,49.209399],[16.613874,49.209352],[16.613949,49.209379],[16.613909,49.209426]]]},"properties":{"id":564,"buildingId":0,"floorId":5,"floorLevel":0,"name":"Q1.43","type":"office","category":"office","label":"Office","passportNumber":"BA39N1043","seats":null,"hasProjector":false,"hasWhiteboard":false,"code":null}},{"type":"Feature","geometry":{"type":"Polygon","coordinates":[[[16.61457,49.20967],[16.614594,49.209641],[16.614618,49.20965],[16.614622,49.209645],[16.614648,49.209655],[16.61462,49.209688],[16.61457,49.20967]]]},"properties":{"id":565,"buildingId":0,"floorId":5,"floorLevel":0,"name":"Q1.45","type":"utility_room","category":"service","label":"Utility","passportNumber":"BA39N1045","seats":null,"hasProjector":false,"hasWhiteboard":false,"code":null}},{"type":"Feature","geometry":{"type":"Polygon","coordinates":[[[16.614594,49.209641],[16.614609,49.209624],[16.614633,49.209633],[16.614618,49.20965],[16.614594,49.209641]]]},"properties":{"id":566,"buildingId":0,"floorId":5,"floorLevel":0,"name":"Q1.46","type":"utility_room","category":"service","label":"Utility","passportNumber":"BA39N1046","seats":null,"hasProjector":false,"hasWhiteboard":false,"code":null}},{"type":"Feature","geometry":{"type":"Polygon","coordinates":[[[16.614622,49.209645],[16.614633,49.209633],[16.614659,49.209642],[16.614648,49.209655],[16.614622,49.209645]]]},"properties":{"id":567,"buildingId":0,"floorId":5,"floorLevel":0,"name":"Q1.47","type":"utility_room","category":"service","label":"Utility","passportNumber":"BA39N1047","seats":null,"hasProjector":false,"hasWhiteboard":false,"code":null}},{"type":"Feature","geometry":{"type":"Polygon","coordinates":[[[16.613949,49.209379],[16.613874,49.209352],[16.613894,49.209328],[16.613969,49.209355],[16.613949,49.209379]]]},"properties":{"id":571,"buildingId":0,"floorId":5,"floorLevel":0,"name":"Q1.48","type":"office","category":"office","label":"Office","passportNumber":"BA39N1048","seats":null,"hasProjector":false,"hasWhiteboard":false,"code":null}},{"type":"Feature","geometry":{"type":"Polygon","coordinates":[[[16.614052,49.209354],[16.614188,49.209404],[16.614148,49.209452],[16.614012,49.209402],[16.614052,49.209354]]]},"properties":{"id":594,"buildingId":0,"floorId":5,"floorLevel":0,"name":"Q05","type":"classroom_and_laboratory","category":"teaching","label":"Classroom / lab","passportNumber":"BA39N1050","seats":20,"hasProjector":true,"hasWhiteboard":true,"code":116}},{"type":"Feature","geometry":{"type":"Polygon","coordinates":[[[16.614267,49.209313],[16.614158,49.209273],[16.614182,49.209244],[16.614198,49.20925],[16.614195,49.209254],[16.614288,49.209288],[16.614267,49.209313]]]},"properties":{"id":553,"buildingId":0,"floorId":5,"floorLevel":0,"name":"Q1.57","type":"utility_room","category":"service","label":"Utility","passportNumber":"BA39N1057","seats":null,"hasProjector":false,"hasWhiteboard":false,"code":null}},{"type":"Feature","geometry":{"type":"Polygon","coordinates":[[[16.614258,49.209277],[16.614272,49.209261],[16.614298,49.20927],[16.614299,49.209271],[16.614285,49.209287],[16.614258,49.209277]]]},"properties":{"id":544,"buildingId":0,"floorId":5,"floorLevel":0,"name":"Q1.67","type":"utility_room","category":"service","label":"Utility","passportNumber":"BA39N1067","seats":null,"hasProjector":false,"hasWhiteboard":false,"code":null}},{"type":"Feature","geometry":{"type":"Polygon","coordinates":[[[16.614847,49.209482],[16.614861,49.209466],[16.614914,49.209486],[16.614912,49.209488],[16.614916,49.20949],[16.614905,49.209504],[16.614847,49.209482]]]},"properties":{"id":582,"buildingId":0,"floorId":5,"floorLevel":0,"name":"Q1.77","type":"office","category":"office","label":"Office","passportNumber":"BA39N1077","seats":null,"hasProjector":false,"hasWhiteboard":false,"code":null}},{"type":"Feature","geometry":{"type":"Polygon","coordinates":[[[16.614195,49.209204],[16.614226,49.209167],[16.614276,49.209185],[16.614245,49.209222],[16.614195,49.209204]]]},"properties":{"id":551,"buildingId":0,"floorId":5,"floorLevel":0,"name":"Q1.82","type":"office","category":"office","label":"Office","passportNumber":"BA39N1082","seats":null,"hasProjector":false,"hasWhiteboard":false,"code":191}},{"type":"Feature","geometry":{"type":"Polygon","coordinates":[[[16.614294,49.20924],[16.614324,49.209203],[16.614373,49.209221],[16.614343,49.209258],[16.614294,49.20924]]]},"properties":{"id":560,"buildingId":0,"floorId":5,"floorLevel":0,"name":"Q1.84","type":"office","category":"office","label":"Office","passportNumber":"BA39N1084","seats":null,"hasProjector":false,"hasWhiteboard":false,"code":192}},{"type":"Feature","geometry":{"type":"Polygon","coordinates":[[[16.614343,49.209258],[16.614373,49.209221],[16.614421,49.209239],[16.61439,49.209275],[16.614343,49.209258]]]},"properties":{"id":577,"buildingId":0,"floorId":5,"floorLevel":0,"name":"Q1.85","type":"office","category":"office","label":"Office","passportNumber":"BA39N1085","seats":null,"hasProjector":false,"hasWhiteboard":false,"code":192}},{"type":"Feature","geometry":{"type":"Polygon","coordinates":[[[16.61439,49.209275],[16.614421,49.209239],[16.614471,49.209257],[16.61444,49.209294],[16.61439,49.209275]]]},"properties":{"id":581,"buildingId":0,"floorId":5,"floorLevel":0,"name":"Q1.86","type":"office","category":"office","label":"Office","passportNumber":"BA39N1086","seats":null,"hasProjector":false,"hasWhiteboard":false,"code":192}},{"type":"Feature","geometry":{"type":"Polygon","coordinates":[[[16.614489,49.209312],[16.61452,49.209275],[16.61457,49.209294],[16.614539,49.20933],[16.614489,49.209312]]]},"properties":{"id":545,"buildingId":0,"floorId":5,"floorLevel":0,"name":"Q1.88","type":"office","category":"office","label":"Office","passportNumber":"BA39N1088","seats":null,"hasProjector":false,"hasWhiteboard":false,"code":192}},{"type":"Feature","geometry":{"type":"Polygon","coordinates":[[[16.614539,49.20933],[16.61457,49.209294],[16.614617,49.209311],[16.614586,49.209347],[16.614539,49.20933]]]},"properties":{"id":578,"buildingId":0,"floorId":5,"floorLevel":0,"name":"Q1.89","type":"office","category":"office","label":"Office","passportNumber":"BA39N1089","seats":null,"hasProjector":false,"hasWhiteboard":false,"code":191}},{"type":"Feature","geometry":{"type":"Polygon","coordinates":[[[16.614586,49.209347],[16.614617,49.209311],[16.614666,49.209329],[16.614635,49.209365],[16.614586,49.209347]]]},"properties":{"id":573,"buildingId":0,"floorId":5,"floorLevel":0,"name":"Q1.90","type":"office","category":"office","label":"Office","passportNumber":"BA39N1090","seats":null,"hasProjector":false,"hasWhiteboard":false,"code":191}},{"type":"Feature","geometry":{"type":"Polygon","coordinates":[[[16.614635,49.209365],[16.614666,49.209329],[16.614715,49.209347],[16.614684,49.209383],[16.614635,49.209365]]]},"properties":{"id":597,"buildingId":0,"floorId":5,"floorLevel":0,"name":"Q1.91","type":"office","category":"office","label":"Office","passportNumber":"BA39N1091","seats":null,"hasProjector":false,"hasWhiteboard":false,"code":191}},{"type":"Feature","geometry":{"type":"Polygon","coordinates":[[[16.614764,49.209413],[16.614795,49.209377],[16.614861,49.209401],[16.61483,49.209437],[16.614764,49.209413]]]},"properties":{"id":556,"buildingId":0,"floorId":5,"floorLevel":0,"name":"Q1.93","type":"office","category":"office","label":"Office","passportNumber":"BA39N1093","seats":null,"hasProjector":false,"hasWhiteboard":false,"code":172}},{"type":"Feature","geometry":{"type":"Polygon","coordinates":[[[16.61492,49.209488],[16.614914,49.209486],[16.614869,49.209469],[16.614911,49.209419],[16.614956,49.209436],[16.614952,49.209441],[16.614958,49.209443],[16.61492,49.209488]]]},"properties":{"id":595,"buildingId":0,"floorId":5,"floorLevel":0,"name":"Q1.95","type":"office","category":"office","label":"Office","passportNumber":"BA39N1095","seats":null,"hasProjector":false,"hasWhiteboard":false,"code":172}},{"type":"Feature","geometry":{"type":"Polygon","coordinates":[[[16.614463,49.209792],[16.614528,49.209715],[16.614531,49.209716],[16.614533,49.209714],[16.614583,49.209732],[16.61458,49.209735],[16.614654,49.209763],[16.614593,49.209836],[16.614587,49.209834],[16.614584,49.209838],[16.614463,49.209792]]]},"properties":{"id":585,"buildingId":0,"floorId":5,"floorLevel":0,"name":"Studovna","type":"study_room","category":"teaching","label":"Study room","passportNumber":null,"seats":null,"hasProjector":false,"hasWhiteboard":false,"code":null}},{"type":"Feature","geometry":{"type":"Polygon","coordinates":[[[16.614058,49.209357],[16.614137,49.209265],[16.614265,49.209313],[16.614188,49.209404],[16.614058,49.209357]]]},"properties":{"id":552,"buildingId":0,"floorId":5,"floorLevel":0,"name":"Q04","type":"classroom_and_laboratory","category":"teaching","label":"Classroom / lab","passportNumber":null,"seats":29,"hasProjector":true,"hasWhiteboard":true,"code":116}},{"type":"Feature","geometry":{"type":"Polygon","coordinates":[[[16.613878,49.20966],[16.613776,49.209623],[16.613815,49.209578],[16.613916,49.209614],[16.613878,49.20966]]]},"properties":{"id":601,"buildingId":0,"floorId":5,"floorLevel":0,"name":"","type":"floor","category":"structure","label":"Corridor","passportNumber":null,"seats":null,"hasProjector":false,"hasWhiteboard":false,"code":null}},{"type":"Feature","geometry":{"type":"Polygon","coordinates":[[[16.614527,49.209716],[16.614511,49.20971],[16.614591,49.209615],[16.614607,49.209621],[16.614527,49.209716]]]},"properties":{"id":602,"buildingId":0,"floorId":5,"floorLevel":0,"name":"","type":"stairs","category":"circulation","label":"Stairs","passportNumber":null,"seats":null,"hasProjector":false,"hasWhiteboard":false,"code":null}},{"type":"Feature","geometry":{"type":"Polygon","coordinates":[[[16.613762,49.209639],[16.613817,49.209659],[16.613811,49.209667],[16.613813,49.209667],[16.613818,49.209661],[16.613842,49.20967],[16.613838,49.209675],[16.613837,49.209676],[16.613851,49.209681],[16.613844,49.209689],[16.61385,49.209692],[16.613836,49.209709],[16.613789,49.209692],[16.613782,49.2097],[16.613728,49.209681],[16.613762,49.209639]]]},"properties":{"id":603,"buildingId":0,"floorId":5,"floorLevel":0,"name":"","type":"toilet_female","category":"service","label":"Toilet (W)","passportNumber":null,"seats":null,"hasProjector":false,"hasWhiteboard":false,"code":null}},{"type":"Feature","geometry":{"type":"Polygon","coordinates":[[[16.614601,49.209866],[16.61457,49.209854],[16.614584,49.209838],[16.614616,49.20985],[16.614601,49.209866]]]},"properties":{"id":606,"buildingId":0,"floorId":5,"floorLevel":0,"name":"","type":"utility_room","category":"service","label":"Utility","passportNumber":null,"seats":null,"hasProjector":false,"hasWhiteboard":false,"code":null}},{"type":"Feature","geometry":{"type":"Polygon","coordinates":[[[16.614469,49.209699],[16.614432,49.209686],[16.614487,49.209632],[16.614516,49.209643],[16.614469,49.209699]]]},"properties":{"id":610,"buildingId":0,"floorId":5,"floorLevel":0,"name":"","type":"bistro","category":"service","label":"Bistro","passportNumber":null,"seats":null,"hasProjector":false,"hasWhiteboard":false,"code":null}},{"type":"Feature","geometry":{"type":"Polygon","coordinates":[[[16.614002,49.209627],[16.614216,49.209371],[16.614245,49.209382],[16.61403,49.209637],[16.614002,49.209627]]]},"properties":{"id":612,"buildingId":0,"floorId":5,"floorLevel":0,"name":"","type":"floor","category":"structure","label":"Corridor","passportNumber":null,"seats":null,"hasProjector":false,"hasWhiteboard":false,"code":null}},{"type":"Feature","geometry":{"type":"Polygon","coordinates":[[[16.614158,49.209273],[16.613998,49.209214],[16.614001,49.209211],[16.613994,49.209208],[16.614032,49.209163],[16.614038,49.209166],[16.61404,49.209163],[16.614201,49.209222],[16.614158,49.209273]]]},"properties":{"id":614,"buildingId":0,"floorId":5,"floorLevel":0,"name":"Q1.56","type":"boardroom","category":"teaching","label":"Boardroom","passportNumber":null,"seats":null,"hasProjector":false,"hasWhiteboard":false,"code":191}},{"type":"Feature","geometry":{"type":"Polygon","coordinates":[[[16.614682,49.209463],[16.614722,49.209415],[16.614713,49.209411],[16.614724,49.209398],[16.614735,49.209402],[16.614768,49.209364],[16.614796,49.209374],[16.614764,49.209413],[16.614774,49.209416],[16.614762,49.209429],[16.614753,49.209426],[16.614712,49.209474],[16.614682,49.209463]]]},"properties":{"id":617,"buildingId":0,"floorId":5,"floorLevel":0,"name":"","type":"floor","category":"structure","label":"Corridor","passportNumber":null,"seats":null,"hasProjector":false,"hasWhiteboard":false,"code":null}},{"type":"Feature","geometry":{"type":"Polygon","coordinates":[[[16.614706,49.209472],[16.614733,49.20944],[16.614804,49.209467],[16.614777,49.209498],[16.614706,49.209472]]]},"properties":{"id":642,"buildingId":0,"floorId":6,"floorLevel":-1,"name":"","type":"floor","category":"structure","label":"Corridor","passportNumber":null,"seats":null,"hasProjector":false,"hasWhiteboard":false,"code":null}},{"type":"Feature","geometry":{"type":"Polygon","coordinates":[[[16.614401,49.209981],[16.614382,49.209974],[16.614425,49.209923],[16.614131,49.209814],[16.61416,49.20978],[16.61415,49.209776],[16.614161,49.209763],[16.613903,49.209668],[16.613983,49.209573],[16.614016,49.209586],[16.613953,49.20966],[16.614283,49.209782],[16.614286,49.209778],[16.614298,49.209783],[16.614295,49.209786],[16.614431,49.209837],[16.614436,49.209831],[16.61446,49.20984],[16.614438,49.209866],[16.614484,49.209883],[16.614401,49.209981]]]},"properties":{"id":643,"buildingId":0,"floorId":6,"floorLevel":-1,"name":"","type":"floor","category":"structure","label":"Corridor","passportNumber":null,"seats":null,"hasProjector":false,"hasWhiteboard":false,"code":null}},{"type":"Feature","geometry":{"type":"Polygon","coordinates":[[[16.614644,49.20945],[16.614605,49.209436],[16.614647,49.209386],[16.614685,49.209401],[16.614644,49.20945]]]},"properties":{"id":645,"buildingId":0,"floorId":6,"floorLevel":-1,"name":"","type":"toilet_male","category":"service","label":"Toilet (M)","passportNumber":null,"seats":null,"hasProjector":false,"hasWhiteboard":false,"code":null}},{"type":"Feature","geometry":{"type":"Polygon","coordinates":[[[16.61446,49.209353],[16.614471,49.20934],[16.614516,49.209357],[16.614505,49.20937],[16.61446,49.209353]]]},"properties":{"id":648,"buildingId":0,"floorId":6,"floorLevel":-1,"name":"","type":"toilet","category":"service","label":"Toilet","passportNumber":null,"seats":null,"hasProjector":false,"hasWhiteboard":false,"code":null}},{"type":"Feature","geometry":{"type":"Polygon","coordinates":[[[16.614404,49.209872],[16.614364,49.209857],[16.614377,49.209842],[16.614417,49.209857],[16.614404,49.209872]]]},"properties":{"id":649,"buildingId":0,"floorId":6,"floorLevel":-1,"name":"","type":"kitchen","category":"service","label":"Kitchen","passportNumber":null,"seats":null,"hasProjector":false,"hasWhiteboard":false,"code":null}},{"type":"Feature","geometry":{"type":"Polygon","coordinates":[[[16.614436,49.209414],[16.614334,49.209377],[16.614344,49.209365],[16.614446,49.209403],[16.614436,49.209414]]]},"properties":{"id":651,"buildingId":0,"floorId":6,"floorLevel":-1,"name":"","type":"stairs","category":"circulation","label":"Stairs","passportNumber":null,"seats":null,"hasProjector":false,"hasWhiteboard":false,"code":null}},{"type":"Feature","geometry":{"type":"Polygon","coordinates":[[[16.614214,49.209823],[16.614175,49.209809],[16.614189,49.209792],[16.614228,49.209807],[16.614214,49.209823]]]},"properties":{"id":652,"buildingId":0,"floorId":6,"floorLevel":-1,"name":"","type":"toilet","category":"service","label":"Toilet","passportNumber":null,"seats":null,"hasProjector":false,"hasWhiteboard":false,"code":null}},{"type":"Feature","geometry":{"type":"Polygon","coordinates":[[[16.614683,49.209462],[16.614648,49.209449],[16.61466,49.209435],[16.614695,49.209448],[16.614683,49.209462]]]},"properties":{"id":653,"buildingId":0,"floorId":6,"floorLevel":-1,"name":"","type":"elevator","category":"circulation","label":"Elevator","passportNumber":null,"seats":null,"hasProjector":false,"hasWhiteboard":false,"code":null}},{"type":"Feature","geometry":{"type":"Polygon","coordinates":[[[16.613844,49.209589],[16.613866,49.209563],[16.613909,49.209579],[16.613887,49.209605],[16.613844,49.209589]]]},"properties":{"id":654,"buildingId":0,"floorId":6,"floorLevel":-1,"name":"","type":"toilet","category":"service","label":"Toilet","passportNumber":null,"seats":null,"hasProjector":false,"hasWhiteboard":false,"code":null}},{"type":"Feature","geometry":{"type":"Polygon","coordinates":[[[16.613866,49.209563],[16.613887,49.209538],[16.61393,49.209554],[16.613909,49.209579],[16.613866,49.209563]]]},"properties":{"id":658,"buildingId":0,"floorId":6,"floorLevel":-1,"name":"","type":"toilet","category":"service","label":"Toilet","passportNumber":null,"seats":null,"hasProjector":false,"hasWhiteboard":false,"code":null}},{"type":"Feature","geometry":{"type":"Polygon","coordinates":[[[16.61367,49.209713],[16.6136,49.209687],[16.613603,49.209683],[16.613597,49.209681],[16.613615,49.209659],[16.613692,49.209686],[16.61367,49.209713]]]},"properties":{"id":538,"buildingId":0,"floorId":5,"floorLevel":0,"name":"Q1.01","type":"office","category":"office","label":"Office","passportNumber":"BA39N1001","seats":null,"hasProjector":false,"hasWhiteboard":false,"code":null}},{"type":"Feature","geometry":{"type":"Polygon","coordinates":[[[16.61389,49.20945],[16.613814,49.209422],[16.613834,49.209399],[16.613909,49.209426],[16.61389,49.20945]]]},"properties":{"id":605,"buildingId":0,"floorId":5,"floorLevel":0,"name":"Q1.42","type":"office","category":"office","label":"Office","passportNumber":"BA39N1042","seats":null,"hasProjector":false,"hasWhiteboard":false,"code":null}},{"type":"Feature","geometry":{"type":"Polygon","coordinates":[[[16.614012,49.209402],[16.613975,49.209389],[16.614015,49.209341],[16.614052,49.209354],[16.614012,49.209402]]]},"properties":{"id":608,"buildingId":0,"floorId":5,"floorLevel":0,"name":"Q1.49","type":"office","category":"office","label":"Office","passportNumber":"BA39N1049","seats":null,"hasProjector":false,"hasWhiteboard":false,"code":null}},{"type":"Feature","geometry":{"type":"Polygon","coordinates":[[[16.614052,49.209354],[16.614015,49.209341],[16.614035,49.209317],[16.614038,49.209318],[16.614047,49.209308],[16.614041,49.209306],[16.614051,49.209294],[16.614057,49.209296],[16.614061,49.209292],[16.614095,49.209304],[16.614052,49.209354]]]},"properties":{"id":604,"buildingId":0,"floorId":5,"floorLevel":0,"name":"Q1.52","type":"office","category":"office","label":"Office","passportNumber":"BA39N1052","seats":null,"hasProjector":false,"hasWhiteboard":false,"code":null}},{"type":"Feature","geometry":{"type":"Polygon","coordinates":[[[16.61404,49.209163],[16.614036,49.209162],[16.614073,49.209117],[16.614078,49.209119],[16.614082,49.209114],[16.61413,49.209131],[16.614088,49.209181],[16.61404,49.209163]]]},"properties":{"id":611,"buildingId":0,"floorId":5,"floorLevel":0,"name":"Q1.79","type":"office","category":"office","label":"Office","passportNumber":"BA39N1079","seats":null,"hasProjector":false,"hasWhiteboard":false,"code":191}},{"type":"Feature","geometry":{"type":"Polygon","coordinates":[[[16.614099,49.209168],[16.61413,49.209131],[16.614178,49.209149],[16.614148,49.209186],[16.614099,49.209168]]]},"properties":{"id":609,"buildingId":0,"floorId":5,"floorLevel":0,"name":"Q1.80","type":"office","category":"office","label":"Office","passportNumber":"BA39N1080","seats":null,"hasProjector":false,"hasWhiteboard":false,"code":191}},{"type":"Feature","geometry":{"type":"Polygon","coordinates":[[[16.614245,49.209222],[16.614276,49.209185],[16.614324,49.209203],[16.614294,49.20924],[16.614245,49.209222]]]},"properties":{"id":615,"buildingId":0,"floorId":5,"floorLevel":0,"name":"Q1.83","type":"office","category":"office","label":"Office","passportNumber":"BA39N1083","seats":null,"hasProjector":false,"hasWhiteboard":false,"code":192}},{"type":"Feature","geometry":{"type":"Polygon","coordinates":[[[16.613835,49.209709],[16.613854,49.209688],[16.613873,49.209695],[16.613854,49.209717],[16.613835,49.209709]]]},"properties":{"id":662,"buildingId":0,"floorId":6,"floorLevel":-1,"name":"Q01.09","type":"engine_room","category":"service","label":"Engine room","passportNumber":"BA39P1009","seats":null,"hasProjector":false,"hasWhiteboard":false,"code":null}},{"type":"Feature","geometry":{"type":"Polygon","coordinates":[[[16.614083,49.209773],[16.614048,49.20976],[16.614073,49.20973],[16.614108,49.209743],[16.614083,49.209773]]]},"properties":{"id":661,"buildingId":0,"floorId":6,"floorLevel":-1,"name":"Q01.14","type":"storage","category":"service","label":"Storage","passportNumber":"BA39P1014","seats":null,"hasProjector":false,"hasWhiteboard":false,"code":null}},{"type":"Feature","geometry":{"type":"Polygon","coordinates":[[[16.614563,49.209912],[16.614438,49.209866],[16.614477,49.209819],[16.614602,49.209866],[16.614563,49.209912]]]},"properties":{"id":666,"buildingId":0,"floorId":6,"floorLevel":-1,"name":"Q01.24","type":"classroom_and_laboratory","category":"teaching","label":"Classroom / lab","passportNumber":"BA39P1024","seats":null,"hasProjector":false,"hasWhiteboard":false,"code":null}},{"type":"Feature","geometry":{"type":"Polygon","coordinates":[[[16.613991,49.209674],[16.614053,49.2096],[16.614152,49.209636],[16.61409,49.20971],[16.613991,49.209674]]]},"properties":{"id":665,"buildingId":0,"floorId":6,"floorLevel":-1,"name":"Q01.28","type":"classroom_and_laboratory","category":"teaching","label":"Classroom / lab","passportNumber":"BA39P1028","seats":null,"hasProjector":false,"hasWhiteboard":false,"code":null}},{"type":"Feature","geometry":{"type":"Polygon","coordinates":[[[16.61409,49.20971],[16.614152,49.209636],[16.614345,49.209708],[16.614286,49.209778],[16.614283,49.209782],[16.61409,49.20971]]]},"properties":{"id":637,"buildingId":0,"floorId":6,"floorLevel":-1,"name":"Q01.29","type":"classroom_and_laboratory","category":"teaching","label":"Classroom / lab","passportNumber":"BA39P1029","seats":null,"hasProjector":false,"hasWhiteboard":false,"code":null}},{"type":"Feature","geometry":{"type":"Polygon","coordinates":[[[16.614407,49.209828],[16.614429,49.209802],[16.614443,49.209807],[16.614453,49.209811],[16.614431,49.209837],[16.614407,49.209828]]]},"properties":{"id":655,"buildingId":0,"floorId":6,"floorLevel":-1,"name":"Q01.31","type":"storage","category":"service","label":"Storage","passportNumber":"BA39P1031","seats":null,"hasProjector":false,"hasWhiteboard":false,"code":null}},{"type":"Feature","geometry":{"type":"Polygon","coordinates":[[[16.614483,49.209738],[16.614469,49.209755],[16.614345,49.209708],[16.614565,49.209446],[16.61469,49.209493],[16.614483,49.209738]]]},"properties":{"id":656,"buildingId":0,"floorId":6,"floorLevel":-1,"name":"Q01.41","type":"archive","category":"service","label":"Archive","passportNumber":"BA39P1041","seats":null,"hasProjector":false,"hasWhiteboard":false,"code":null}},{"type":"Feature","geometry":{"type":"Polygon","coordinates":[[[16.614506,49.209747],[16.614483,49.209738],[16.614508,49.209709],[16.614532,49.209717],[16.614506,49.209747]]]},"properties":{"id":664,"buildingId":0,"floorId":6,"floorLevel":-1,"name":"Q01.42","type":"storage","category":"service","label":"Storage","passportNumber":"BA39P1042","seats":null,"hasProjector":false,"hasWhiteboard":false,"code":null}},{"type":"Feature","geometry":{"type":"Polygon","coordinates":[[[16.614371,49.209573],[16.614414,49.209589],[16.6144,49.209605],[16.614358,49.209589],[16.614371,49.209573]]]},"properties":{"id":647,"buildingId":0,"floorId":6,"floorLevel":-1,"name":"Q01.50","type":"coatroom","category":"service","label":"Cloakroom","passportNumber":"BA39P1050","seats":null,"hasProjector":false,"hasWhiteboard":false,"code":null}},{"type":"Feature","geometry":{"type":"Polygon","coordinates":[[[16.61444,49.209558],[16.614427,49.209573],[16.614384,49.209558],[16.614397,49.209542],[16.61444,49.209558]]]},"properties":{"id":638,"buildingId":0,"floorId":6,"floorLevel":-1,"name":"Q01.55","type":"utility_room","category":"service","label":"Utility","passportNumber":"BA39P1055","seats":null,"hasProjector":false,"hasWhiteboard":false,"code":null}},{"type":"Feature","geometry":{"type":"Polygon","coordinates":[[[16.614479,49.209511],[16.61444,49.209558],[16.614397,49.209542],[16.614437,49.209495],[16.614479,49.209511]]]},"properties":{"id":636,"buildingId":0,"floorId":6,"floorLevel":-1,"name":"Q01.56","type":"archive","category":"service","label":"Archive","passportNumber":"BA39P1056","seats":null,"hasProjector":false,"hasWhiteboard":false,"code":null}},{"type":"Feature","geometry":{"type":"Polygon","coordinates":[[[16.614589,49.209613],[16.614629,49.209566],[16.614652,49.209575],[16.614612,49.209622],[16.614589,49.209613]]]},"properties":{"id":644,"buildingId":0,"floorId":6,"floorLevel":-1,"name":"Q01.57","type":"storage","category":"service","label":"Storage","passportNumber":"BA39P1057","seats":null,"hasProjector":false,"hasWhiteboard":false,"code":null}},{"type":"Feature","geometry":{"type":"Polygon","coordinates":[[[16.614669,49.209518],[16.614688,49.209495],[16.614712,49.209504],[16.614692,49.209527],[16.614669,49.209518]]]},"properties":{"id":639,"buildingId":0,"floorId":6,"floorLevel":-1,"name":"Q01.69","type":"storage","category":"service","label":"Storage","passportNumber":"BA39P1069","seats":null,"hasProjector":false,"hasWhiteboard":false,"code":null}},{"type":"Feature","geometry":{"type":"Polygon","coordinates":[[[16.614192,49.209282],[16.614233,49.209234],[16.614429,49.209306],[16.614388,49.209355],[16.614192,49.209282]]]},"properties":{"id":663,"buildingId":0,"floorId":6,"floorLevel":-1,"name":"Q01.75","type":"office","category":"office","label":"Office","passportNumber":"BA39P1075","seats":null,"hasProjector":false,"hasWhiteboard":false,"code":942}},{"type":"Feature","geometry":{"type":"Polygon","coordinates":[[[16.614586,49.2094],[16.614547,49.209386],[16.614571,49.209358],[16.614609,49.209372],[16.614586,49.2094]]]},"properties":{"id":646,"buildingId":0,"floorId":6,"floorLevel":-1,"name":"Q01.79","type":"storage","category":"service","label":"Storage","passportNumber":"BA39P1079","seats":null,"hasProjector":false,"hasWhiteboard":false,"code":null}},{"type":"Feature","geometry":{"type":"Polygon","coordinates":[[[16.614245,49.209222],[16.614276,49.209185],[16.614373,49.209221],[16.614343,49.209258],[16.614245,49.209222]]]},"properties":{"id":650,"buildingId":0,"floorId":6,"floorLevel":-1,"name":"Q01.93","type":"office","category":"office","label":"Office","passportNumber":"BA39P1093","seats":null,"hasProjector":false,"hasWhiteboard":false,"code":942}},{"type":"Feature","geometry":{"type":"Polygon","coordinates":[[[16.614539,49.20933],[16.61457,49.209294],[16.614617,49.209311],[16.614586,49.209347],[16.614539,49.20933]]]},"properties":{"id":657,"buildingId":0,"floorId":6,"floorLevel":-1,"name":"Q01.97","type":"office","category":"office","label":"Office","passportNumber":"BA39P1097","seats":null,"hasProjector":false,"hasWhiteboard":false,"code":null}},{"type":"Feature","geometry":{"type":"Polygon","coordinates":[[[16.614568,49.209422],[16.614529,49.209408],[16.614547,49.209386],[16.614586,49.2094],[16.614568,49.209422]]]},"properties":{"id":660,"buildingId":0,"floorId":6,"floorLevel":-1,"name":"Q01.107","type":"utility_room","category":"service","label":"Utility","passportNumber":"BA39P1107","seats":null,"hasProjector":false,"hasWhiteboard":false,"code":null}},{"type":"Feature","geometry":{"type":"Polygon","coordinates":[[[16.614804,49.209467],[16.614783,49.209459],[16.614797,49.209442],[16.614818,49.20945],[16.614804,49.209467]]]},"properties":{"id":641,"buildingId":0,"floorId":6,"floorLevel":-1,"name":"Q01.109","type":"storage","category":"service","label":"Storage","passportNumber":"BA39P1109","seats":null,"hasProjector":false,"hasWhiteboard":false,"code":null}},{"type":"Feature","geometry":{"type":"Polygon","coordinates":[[[16.613969,49.209355],[16.613894,49.209328],[16.613952,49.209259],[16.613958,49.209261],[16.613961,49.209257],[16.614029,49.209283],[16.613969,49.209355]]]},"properties":{"id":616,"buildingId":0,"floorId":5,"floorLevel":0,"name":"Q1.51","type":"office","category":"office","label":"Office","passportNumber":"BA39N1051","seats":null,"hasProjector":false,"hasWhiteboard":false,"code":null}},{"type":"Feature","geometry":{"type":"Polygon","coordinates":[[[16.614096,49.209301],[16.613961,49.209252],[16.61399,49.209216],[16.614126,49.209266],[16.614096,49.209301]]]},"properties":{"id":668,"buildingId":0,"floorId":6,"floorLevel":-1,"name":"","type":"emergency_floor","category":"structure","label":"Corridor","passportNumber":null,"seats":null,"hasProjector":false,"hasWhiteboard":false,"code":null}},{"type":"Feature","geometry":{"type":"Polygon","coordinates":[[[16.614869,49.209469],[16.614715,49.209412],[16.614726,49.209399],[16.614881,49.209455],[16.614869,49.209469]]]},"properties":{"id":670,"buildingId":0,"floorId":6,"floorLevel":-1,"name":"","type":"floor","category":"structure","label":"Corridor","passportNumber":null,"seats":null,"hasProjector":false,"hasWhiteboard":false,"code":null}},{"type":"Feature","geometry":{"type":"Polygon","coordinates":[[[16.614605,49.209436],[16.614568,49.209422],[16.614609,49.209372],[16.614647,49.209386],[16.614605,49.209436]]]},"properties":{"id":674,"buildingId":0,"floorId":6,"floorLevel":-1,"name":"","type":"toilet_female","category":"service","label":"Toilet (W)","passportNumber":null,"seats":null,"hasProjector":false,"hasWhiteboard":false,"code":null}},{"type":"Feature","geometry":{"type":"Polygon","coordinates":[[[16.614695,49.209448],[16.614668,49.209438],[16.614681,49.209423],[16.614707,49.209433],[16.614695,49.209448]]]},"properties":{"id":676,"buildingId":0,"floorId":6,"floorLevel":-1,"name":"","type":"elevator","category":"circulation","label":"Elevator","passportNumber":null,"seats":null,"hasProjector":false,"hasWhiteboard":false,"code":null}},{"type":"Feature","geometry":{"type":"Polygon","coordinates":[[[16.613881,49.209602],[16.613856,49.209632],[16.613792,49.209609],[16.613818,49.20958],[16.613881,49.209602]]]},"properties":{"id":686,"buildingId":0,"floorId":6,"floorLevel":-1,"name":"","type":"stairs","category":"circulation","label":"Stairs","passportNumber":null,"seats":null,"hasProjector":false,"hasWhiteboard":false,"code":null}},{"type":"Feature","geometry":{"type":"Polygon","coordinates":[[[16.613776,49.209621],[16.613788,49.209606],[16.613793,49.209608],[16.613792,49.209609],[16.613856,49.209632],[16.613881,49.209602],[16.613941,49.209624],[16.613903,49.209668],[16.613776,49.209621]]]},"properties":{"id":687,"buildingId":0,"floorId":6,"floorLevel":-1,"name":"","type":"floor","category":"structure","label":"Corridor","passportNumber":null,"seats":null,"hasProjector":false,"hasWhiteboard":false,"code":null}},{"type":"Feature","geometry":{"type":"Polygon","coordinates":[[[16.61446,49.20984],[16.614436,49.209831],[16.614453,49.209811],[16.614443,49.209807],[16.614452,49.209796],[16.614462,49.2098],[16.614493,49.209764],[16.614469,49.209755],[16.614483,49.209738],[16.614506,49.209747],[16.614731,49.209481],[16.614755,49.20949],[16.61446,49.20984]]]},"properties":{"id":690,"buildingId":0,"floorId":6,"floorLevel":-1,"name":"","type":"floor","category":"structure","label":"Corridor","passportNumber":null,"seats":null,"hasProjector":false,"hasWhiteboard":false,"code":null}},{"type":"Feature","geometry":{"type":"Polygon","coordinates":[[[16.613858,49.209682],[16.613838,49.209675],[16.613857,49.209652],[16.613878,49.20966],[16.613858,49.209682]]]},"properties":{"id":695,"buildingId":0,"floorId":6,"floorLevel":-1,"name":"","type":"elevator","category":"circulation","label":"Elevator","passportNumber":null,"seats":null,"hasProjector":false,"hasWhiteboard":false,"code":null}},{"type":"Feature","geometry":{"type":"Polygon","coordinates":[[[16.614739,49.209442],[16.614804,49.209467],[16.614778,49.209497],[16.614777,49.209498],[16.614712,49.209474],[16.614739,49.209442]]]},"properties":{"id":696,"buildingId":0,"floorId":6,"floorLevel":-1,"name":"","type":"stairs","category":"circulation","label":"Stairs","passportNumber":null,"seats":null,"hasProjector":false,"hasWhiteboard":false,"code":null}},{"type":"Feature","geometry":{"type":"Polygon","coordinates":[[[16.613855,49.209652],[16.613841,49.209668],[16.613821,49.209661],[16.613835,49.209644],[16.613855,49.209652]]]},"properties":{"id":698,"buildingId":0,"floorId":6,"floorLevel":-1,"name":"","type":"elevator","category":"circulation","label":"Elevator","passportNumber":null,"seats":null,"hasProjector":false,"hasWhiteboard":false,"code":null}},{"type":"Feature","geometry":{"type":"Polygon","coordinates":[[[16.613815,49.209668],[16.613835,49.209643],[16.613879,49.209659],[16.613857,49.209684],[16.613815,49.209668]]]},"properties":{"id":701,"buildingId":0,"floorId":6,"floorLevel":-1,"name":"","type":"floor","category":"structure","label":"Corridor","passportNumber":null,"seats":null,"hasProjector":false,"hasWhiteboard":false,"code":null}},{"type":"Feature","geometry":{"type":"Polygon","coordinates":[[[16.614528,49.209343],[16.614539,49.20933],[16.614726,49.209399],[16.614715,49.209412],[16.614528,49.209343]]]},"properties":{"id":702,"buildingId":0,"floorId":6,"floorLevel":-1,"name":"","type":"floor","category":"structure","label":"Corridor","passportNumber":null,"seats":null,"hasProjector":false,"hasWhiteboard":false,"code":null}},{"type":"Feature","geometry":{"type":"Polygon","coordinates":[[[16.614505,49.209518],[16.614384,49.209661],[16.61436,49.209653],[16.614481,49.209509],[16.614505,49.209518]]]},"properties":{"id":704,"buildingId":0,"floorId":6,"floorLevel":-1,"name":"","type":"floor","category":"structure","label":"Corridor","passportNumber":null,"seats":null,"hasProjector":false,"hasWhiteboard":false,"code":null}},{"type":"Feature","geometry":{"type":"Polygon","coordinates":[[[16.614282,49.209848],[16.614214,49.209823],[16.614241,49.209792],[16.614309,49.209817],[16.614282,49.209848]]]},"properties":{"id":708,"buildingId":0,"floorId":6,"floorLevel":-1,"name":"","type":"toilet_female","category":"service","label":"Toilet (W)","passportNumber":null,"seats":null,"hasProjector":false,"hasWhiteboard":false,"code":null}},{"type":"Feature","geometry":{"type":"Polygon","coordinates":[[[16.614408,49.209484],[16.614486,49.209391],[16.614643,49.20945],[16.614644,49.209449],[16.614731,49.209481],[16.614714,49.209501],[16.614565,49.209446],[16.614505,49.209518],[16.614481,49.209509],[16.614539,49.209441],[16.614527,49.209437],[16.61453,49.209433],[16.614498,49.209422],[16.614437,49.209495],[16.614408,49.209484]]]},"properties":{"id":711,"buildingId":0,"floorId":6,"floorLevel":-1,"name":"","type":"floor","category":"structure","label":"Corridor","passportNumber":null,"seats":null,"hasProjector":false,"hasWhiteboard":false,"code":null}},{"type":"Feature","geometry":{"type":"Polygon","coordinates":[[[16.614528,49.209343],[16.614233,49.209234],[16.614218,49.209251],[16.614123,49.209215],[16.614148,49.209186],[16.614473,49.209306],[16.614481,49.209296],[16.614497,49.209303],[16.614489,49.209312],[16.614539,49.20933],[16.614528,49.209343]]]},"properties":{"id":712,"buildingId":0,"floorId":6,"floorLevel":-1,"name":"","type":"floor","category":"structure","label":"Corridor","passportNumber":null,"seats":null,"hasProjector":false,"hasWhiteboard":false,"code":null}},{"type":"Feature","geometry":{"type":"Polygon","coordinates":[[[16.613982,49.209246],[16.613993,49.209231],[16.614084,49.209265],[16.614072,49.209279],[16.613982,49.209246]]]},"properties":{"id":714,"buildingId":0,"floorId":6,"floorLevel":-1,"name":"","type":"emergency_stairs","category":"circulation","label":"Emergency stairs","passportNumber":null,"seats":null,"hasProjector":false,"hasWhiteboard":false,"code":null}},{"type":"Feature","geometry":{"type":"Polygon","coordinates":[[[16.614722,49.209415],[16.614747,49.209424],[16.614706,49.209472],[16.614682,49.209463],[16.614722,49.209415]]]},"properties":{"id":715,"buildingId":0,"floorId":6,"floorLevel":-1,"name":"","type":"floor","category":"structure","label":"Corridor","passportNumber":null,"seats":null,"hasProjector":false,"hasWhiteboard":false,"code":null}},{"type":"Feature","geometry":{"type":"Polygon","coordinates":[[[16.613712,49.209663],[16.613635,49.209635],[16.613675,49.209588],[16.613751,49.209616],[16.613712,49.209663]]]},"properties":{"id":607,"buildingId":0,"floorId":5,"floorLevel":0,"name":"Q1.07","type":"boardroom","category":"teaching","label":"Boardroom","passportNumber":"BA39N1007","seats":null,"hasProjector":false,"hasWhiteboard":false,"code":null}},{"type":"Feature","geometry":{"type":"Polygon","coordinates":[[[16.614146,49.209796],[16.614088,49.209865],[16.61399,49.209829],[16.614048,49.20976],[16.614146,49.209796]]]},"properties":{"id":736,"buildingId":0,"floorId":6,"floorLevel":-1,"name":"Q01.02","type":"classroom_and_laboratory","category":"teaching","label":"Classroom / lab","passportNumber":"BA39P1002","seats":null,"hasProjector":false,"hasWhiteboard":false,"code":null}},{"type":"Feature","geometry":{"type":"Polygon","coordinates":[[[16.61431,49.209448],[16.614362,49.209386],[16.614461,49.209422],[16.614408,49.209484],[16.61431,49.209448]]]},"properties":{"id":729,"buildingId":0,"floorId":6,"floorLevel":-1,"name":"Spatial Hub","type":"classroom_and_laboratory","category":"teaching","label":"Classroom / lab","passportNumber":null,"seats":10,"hasProjector":false,"hasWhiteboard":true,"code":null}},{"type":"Feature","geometry":{"type":"Polygon","coordinates":[[[16.614442,49.209375],[16.61446,49.209353],[16.614505,49.20937],[16.614486,49.209391],[16.614442,49.209375]]]},"properties":{"id":730,"buildingId":0,"floorId":6,"floorLevel":-1,"name":"","type":"toilet","category":"service","label":"Toilet","passportNumber":null,"seats":null,"hasProjector":false,"hasWhiteboard":false,"code":null}},{"type":"Feature","geometry":{"type":"Polygon","coordinates":[[[16.61435,49.209874],[16.614282,49.209848],[16.614309,49.209817],[16.614377,49.209842],[16.61435,49.209874]]]},"properties":{"id":738,"buildingId":0,"floorId":6,"floorLevel":-1,"name":"","type":"toilet_male","category":"service","label":"Toilet (M)","passportNumber":null,"seats":null,"hasProjector":false,"hasWhiteboard":false,"code":null}},{"type":"Feature","geometry":{"type":"Polygon","coordinates":[[[16.614185,49.209901],[16.614088,49.209865],[16.614131,49.209814],[16.614228,49.20985],[16.614185,49.209901]]]},"properties":{"id":672,"buildingId":0,"floorId":6,"floorLevel":-1,"name":"Q01.03","type":"classroom_and_laboratory","category":"teaching","label":"Classroom / lab","passportNumber":"BA39P1003","seats":null,"hasProjector":false,"hasWhiteboard":false,"code":null}},{"type":"Feature","geometry":{"type":"Polygon","coordinates":[[[16.614382,49.209974],[16.614282,49.209937],[16.614326,49.209886],[16.614425,49.209923],[16.614382,49.209974]]]},"properties":{"id":722,"buildingId":0,"floorId":6,"floorLevel":-1,"name":"Q01.05","type":"classroom_and_laboratory","category":"teaching","label":"Classroom / lab","passportNumber":"BA39P1005","seats":null,"hasProjector":false,"hasWhiteboard":false,"code":null}},{"type":"Feature","geometry":{"type":"Polygon","coordinates":[[[16.614535,49.209941],[16.614482,49.210006],[16.614477,49.210004],[16.614474,49.210008],[16.614401,49.209981],[16.614459,49.209913],[16.614535,49.209941]]]},"properties":{"id":685,"buildingId":0,"floorId":6,"floorLevel":-1,"name":"Q01.06","type":"classroom_and_laboratory","category":"teaching","label":"Classroom / lab","passportNumber":"BA39P1006","seats":null,"hasProjector":false,"hasWhiteboard":false,"code":null}},{"type":"Feature","geometry":{"type":"Polygon","coordinates":[[[16.613772,49.209686],[16.613738,49.209674],[16.613741,49.209671],[16.613735,49.209668],[16.613776,49.209621],[16.613815,49.209636],[16.613772,49.209686]]]},"properties":{"id":681,"buildingId":0,"floorId":6,"floorLevel":-1,"name":"Q01.07","type":"storage","category":"service","label":"Storage","passportNumber":"BA39P1007","seats":null,"hasProjector":false,"hasWhiteboard":false,"code":null}},{"type":"Feature","geometry":{"type":"Polygon","coordinates":[[[16.613772,49.209686],[16.613794,49.20966],[16.613857,49.209684],[16.613835,49.209709],[16.613772,49.209686]]]},"properties":{"id":689,"buildingId":0,"floorId":6,"floorLevel":-1,"name":"Q01.08","type":"engine_room","category":"service","label":"Engine room","passportNumber":"BA39P1008","seats":null,"hasProjector":false,"hasWhiteboard":false,"code":null}},{"type":"Feature","geometry":{"type":"Polygon","coordinates":[[[16.613881,49.209726],[16.613924,49.209676],[16.613968,49.209692],[16.613967,49.209694],[16.613974,49.209696],[16.613936,49.209741],[16.613929,49.209739],[16.613926,49.209742],[16.613881,49.209726]]]},"properties":{"id":721,"buildingId":0,"floorId":6,"floorLevel":-1,"name":"Q01.11","type":"office","category":"office","label":"Office","passportNumber":"BA39P1011","seats":null,"hasProjector":false,"hasWhiteboard":false,"code":null}},{"type":"Feature","geometry":{"type":"Polygon","coordinates":[[[16.613815,49.209668],[16.613794,49.20966],[16.613815,49.209636],[16.613835,49.209643],[16.613815,49.209668]]]},"properties":{"id":673,"buildingId":0,"floorId":6,"floorLevel":-1,"name":"Q01.12","type":"utility_room","category":"service","label":"Utility","passportNumber":"BA39P1012","seats":null,"hasProjector":false,"hasWhiteboard":false,"code":null}},{"type":"Feature","geometry":{"type":"Polygon","coordinates":[[[16.613854,49.209688],[16.613879,49.209659],[16.613924,49.209676],[16.6139,49.209704],[16.613854,49.209688]]]},"properties":{"id":742,"buildingId":0,"floorId":6,"floorLevel":-1,"name":"Q01.13","type":"engine_room","category":"service","label":"Engine room","passportNumber":"BA39P1013","seats":null,"hasProjector":false,"hasWhiteboard":false,"code":null}},{"type":"Feature","geometry":{"type":"Polygon","coordinates":[[[16.614146,49.209796],[16.614083,49.209773],[16.614108,49.209743],[16.614161,49.209763],[16.61415,49.209776],[16.61416,49.20978],[16.614146,49.209796]]]},"properties":{"id":723,"buildingId":0,"floorId":6,"floorLevel":-1,"name":"Q01.15","type":"storage","category":"service","label":"Storage","passportNumber":"BA39P1015","seats":null,"hasProjector":false,"hasWhiteboard":false,"code":null}},{"type":"Feature","geometry":{"type":"Polygon","coordinates":[[[16.614228,49.209807],[16.614189,49.209792],[16.614202,49.209777],[16.614241,49.209792],[16.614228,49.209807]]]},"properties":{"id":703,"buildingId":0,"floorId":6,"floorLevel":-1,"name":"Q01.17","type":"utility_room","category":"service","label":"Utility","passportNumber":"BA39P1017","seats":null,"hasProjector":false,"hasWhiteboard":false,"code":null}},{"type":"Feature","geometry":{"type":"Polygon","coordinates":[[[16.61439,49.209888],[16.61435,49.209874],[16.614364,49.209857],[16.614404,49.209872],[16.61439,49.209888]]]},"properties":{"id":726,"buildingId":0,"floorId":6,"floorLevel":-1,"name":"Q01.20","type":"utility_room","category":"service","label":"Utility","passportNumber":"BA39P1020","seats":null,"hasProjector":false,"hasWhiteboard":false,"code":null}},{"type":"Feature","geometry":{"type":"Polygon","coordinates":[[[16.614484,49.209883],[16.614556,49.20991],[16.614554,49.209912],[16.614558,49.209914],[16.614535,49.209941],[16.614459,49.209913],[16.614484,49.209883]]]},"properties":{"id":691,"buildingId":0,"floorId":6,"floorLevel":-1,"name":"Q01.22","type":"storage","category":"service","label":"Storage","passportNumber":"BA39P1022","seats":null,"hasProjector":false,"hasWhiteboard":false,"code":null}},{"type":"Feature","geometry":{"type":"Polygon","coordinates":[[[16.613991,49.209674],[16.613953,49.20966],[16.613973,49.209636],[16.614011,49.20965],[16.613991,49.209674]]]},"properties":{"id":728,"buildingId":0,"floorId":6,"floorLevel":-1,"name":"Q01.27","type":"storage","category":"service","label":"Storage","passportNumber":"BA39P1027","seats":null,"hasProjector":false,"hasWhiteboard":false,"code":null}},{"type":"Feature","geometry":{"type":"Polygon","coordinates":[[[16.614286,49.209778],[16.614345,49.209708],[16.614469,49.209755],[16.614407,49.209828],[16.614295,49.209786],[16.614298,49.209783],[16.614286,49.209778]]]},"properties":{"id":718,"buildingId":0,"floorId":6,"floorLevel":-1,"name":"Q01.30","type":"storage","category":"service","label":"Storage","passportNumber":"BA39P1030","seats":null,"hasProjector":false,"hasWhiteboard":false,"code":null}},{"type":"Feature","geometry":{"type":"Polygon","coordinates":[[[16.613887,49.209538],[16.613844,49.209589],[16.613819,49.20958],[16.613821,49.209576],[16.613815,49.209574],[16.613836,49.209549],[16.613832,49.209547],[16.613844,49.209532],[16.613849,49.209534],[16.613853,49.209529],[16.613859,49.209531],[16.613862,49.209528],[16.613887,49.209538]]]},"properties":{"id":678,"buildingId":0,"floorId":6,"floorLevel":-1,"name":"Q01.32","type":"storage","category":"service","label":"Storage","passportNumber":"BA39P1032","seats":null,"hasProjector":false,"hasWhiteboard":false,"code":null}},{"type":"Feature","geometry":{"type":"Polygon","coordinates":[[[16.613887,49.209605],[16.613909,49.209579],[16.613963,49.209598],[16.613941,49.209624],[16.613887,49.209605]]]},"properties":{"id":675,"buildingId":0,"floorId":6,"floorLevel":-1,"name":"Q01.34","type":"coatroom","category":"service","label":"Cloakroom","passportNumber":"BA39P1034","seats":null,"hasProjector":false,"hasWhiteboard":false,"code":null}},{"type":"Feature","geometry":{"type":"Polygon","coordinates":[[[16.613963,49.209598],[16.613909,49.209579],[16.61393,49.209554],[16.613983,49.209573],[16.613963,49.209598]]]},"properties":{"id":741,"buildingId":0,"floorId":6,"floorLevel":-1,"name":"Q01.37","type":"coatroom","category":"service","label":"Cloakroom","passportNumber":"BA39P1037","seats":null,"hasProjector":false,"hasWhiteboard":false,"code":null}},{"type":"Feature","geometry":{"type":"Polygon","coordinates":[[[16.614443,49.209807],[16.614429,49.209802],[16.614469,49.209755],[16.614493,49.209764],[16.614462,49.2098],[16.614452,49.209796],[16.614443,49.209807]]]},"properties":{"id":669,"buildingId":0,"floorId":6,"floorLevel":-1,"name":"Q01.38","type":"storage","category":"service","label":"Storage","passportNumber":"BA39P1038","seats":null,"hasProjector":false,"hasWhiteboard":false,"code":null}},{"type":"Feature","geometry":{"type":"Polygon","coordinates":[[[16.614345,49.209708],[16.614278,49.209684],[16.614318,49.209637],[16.614384,49.209661],[16.614345,49.209708]]]},"properties":{"id":713,"buildingId":0,"floorId":6,"floorLevel":-1,"name":"Q01.40","type":"library","category":"teaching","label":"Library","passportNumber":"BA39P1040","seats":null,"hasProjector":false,"hasWhiteboard":false,"code":null}},{"type":"Feature","geometry":{"type":"Polygon","coordinates":[[[16.614517,49.209772],[16.614557,49.209725],[16.614681,49.209771],[16.614642,49.209818],[16.614517,49.209772]]]},"properties":{"id":727,"buildingId":0,"floorId":6,"floorLevel":-1,"name":"Q01.43","type":"classroom_and_laboratory","category":"teaching","label":"Classroom / lab","passportNumber":"BA39P1043","seats":null,"hasProjector":false,"hasWhiteboard":false,"code":null}},{"type":"Feature","geometry":{"type":"Polygon","coordinates":[[[16.614388,49.209619],[16.61436,49.209653],[16.614318,49.209637],[16.614345,49.209604],[16.614388,49.209619]]]},"properties":{"id":724,"buildingId":0,"floorId":6,"floorLevel":-1,"name":"Q01.45","type":"archive","category":"service","label":"Archive","passportNumber":"BA39P1045","seats":null,"hasProjector":false,"hasWhiteboard":false,"code":null}},{"type":"Feature","geometry":{"type":"Polygon","coordinates":[[[16.614508,49.209709],[16.614549,49.20966],[16.614573,49.209669],[16.614532,49.209717],[16.614508,49.209709]]]},"properties":{"id":735,"buildingId":0,"floorId":6,"floorLevel":-1,"name":"Q01.46","type":"storage","category":"service","label":"Storage","passportNumber":"BA39P1046","seats":null,"hasProjector":false,"hasWhiteboard":false,"code":null}},{"type":"Feature","geometry":{"type":"Polygon","coordinates":[[[16.6144,49.209605],[16.614388,49.209619],[16.614345,49.209604],[16.614358,49.209589],[16.6144,49.209605]]]},"properties":{"id":680,"buildingId":0,"floorId":6,"floorLevel":-1,"name":"Q01.49","type":"storage","category":"service","label":"Storage","passportNumber":"BA39P1049","seats":null,"hasProjector":false,"hasWhiteboard":false,"code":null}},{"type":"Feature","geometry":{"type":"Polygon","coordinates":[[[16.614549,49.20966],[16.614589,49.209613],[16.614612,49.209622],[16.614573,49.209669],[16.614549,49.20966]]]},"properties":{"id":732,"buildingId":0,"floorId":6,"floorLevel":-1,"name":"Q01.52","type":"storage","category":"service","label":"Storage","passportNumber":"BA39P1052","seats":null,"hasProjector":false,"hasWhiteboard":false,"code":null}},{"type":"Feature","geometry":{"type":"Polygon","coordinates":[[[16.614597,49.209677],[16.614636,49.209631],[16.614761,49.209677],[16.614721,49.209724],[16.614597,49.209677]]]},"properties":{"id":707,"buildingId":0,"floorId":6,"floorLevel":-1,"name":"Q01.53","type":"classroom_and_laboratory","category":"teaching","label":"Classroom / lab","passportNumber":"BA39P1053","seats":null,"hasProjector":false,"hasWhiteboard":false,"code":null}},{"type":"Feature","geometry":{"type":"Polygon","coordinates":[[[16.614427,49.209573],[16.614414,49.209589],[16.614371,49.209573],[16.614384,49.209558],[16.614427,49.209573]]]},"properties":{"id":731,"buildingId":0,"floorId":6,"floorLevel":-1,"name":"Q01.54","type":"utility_room","category":"service","label":"Utility","passportNumber":"BA39P1054","seats":null,"hasProjector":false,"hasWhiteboard":false,"code":null}},{"type":"Feature","geometry":{"type":"Polygon","coordinates":[[[16.614266,49.209432],[16.614281,49.209414],[16.614325,49.20943],[16.61431,49.209448],[16.614266,49.209432]]]},"properties":{"id":692,"buildingId":0,"floorId":6,"floorLevel":-1,"name":"Q01.60","type":"storage","category":"service","label":"Storage","passportNumber":"BA39P1060","seats":null,"hasProjector":false,"hasWhiteboard":false,"code":null}},{"type":"Feature","geometry":{"type":"Polygon","coordinates":[[[16.614019,49.209341],[16.61402,49.20934],[16.614014,49.209338],[16.614033,49.209315],[16.61404,49.209317],[16.614048,49.209307],[16.614042,49.209304],[16.614052,49.209293],[16.614058,49.209295],[16.614063,49.209289],[16.614103,49.209304],[16.614121,49.209283],[16.614153,49.209294],[16.614151,49.209297],[16.614173,49.209305],[16.614166,49.209313],[16.614213,49.209331],[16.614161,49.209393],[16.614019,49.209341]]]},"properties":{"id":697,"buildingId":0,"floorId":6,"floorLevel":-1,"name":"Q01.61","type":"storage","category":"service","label":"Storage","passportNumber":"BA39P1061","seats":null,"hasProjector":false,"hasWhiteboard":false,"code":null}},{"type":"Feature","geometry":{"type":"Polygon","coordinates":[[[16.614226,49.209394],[16.614263,49.209349],[16.614362,49.209386],[16.614325,49.20943],[16.614226,49.209394]]]},"properties":{"id":688,"buildingId":0,"floorId":6,"floorLevel":-1,"name":"Q01.62","type":"storage","category":"service","label":"Storage","passportNumber":"BA39P1062","seats":null,"hasProjector":false,"hasWhiteboard":false,"code":null}},{"type":"Feature","geometry":{"type":"Polygon","coordinates":[[[16.614479,49.209511],[16.614437,49.209495],[16.614478,49.209446],[16.614521,49.209462],[16.614479,49.209511]]]},"properties":{"id":706,"buildingId":0,"floorId":6,"floorLevel":-1,"name":"Q01.64","type":"classroom_and_laboratory","category":"teaching","label":"Classroom / lab","passportNumber":"BA39P1064","seats":null,"hasProjector":false,"hasWhiteboard":false,"code":null}},{"type":"Feature","geometry":{"type":"Polygon","coordinates":[[[16.614629,49.209566],[16.614669,49.209518],[16.614692,49.209527],[16.614652,49.209575],[16.614629,49.209566]]]},"properties":{"id":740,"buildingId":0,"floorId":6,"floorLevel":-1,"name":"Q01.65","type":"storage","category":"service","label":"Storage","passportNumber":"BA39P1065","seats":null,"hasProjector":false,"hasWhiteboard":false,"code":null}},{"type":"Feature","geometry":{"type":"Polygon","coordinates":[[[16.614478,49.209446],[16.614498,49.209422],[16.61453,49.209433],[16.614527,49.209437],[16.614539,49.209441],[16.614521,49.209462],[16.614478,49.209446]]]},"properties":{"id":737,"buildingId":0,"floorId":6,"floorLevel":-1,"name":"Q01.68","type":"storage","category":"service","label":"Storage","passportNumber":"BA39P1068","seats":null,"hasProjector":false,"hasWhiteboard":false,"code":null}},{"type":"Feature","geometry":{"type":"Polygon","coordinates":[[[16.614716,49.209536],[16.614754,49.209491],[16.614781,49.209501],[16.614783,49.209499],[16.614873,49.209533],[16.614872,49.209535],[16.614879,49.209538],[16.614841,49.209582],[16.614716,49.209536]]]},"properties":{"id":677,"buildingId":0,"floorId":6,"floorLevel":-1,"name":"Q01.70","type":"classroom_and_laboratory","category":"teaching","label":"Classroom / lab","passportNumber":"BA39P1070","seats":null,"hasProjector":false,"hasWhiteboard":false,"code":null}},{"type":"Feature","geometry":{"type":"Polygon","coordinates":[[[16.613998,49.209207],[16.614036,49.209162],[16.614137,49.209199],[16.614096,49.209247],[16.614002,49.209213],[16.614005,49.209209],[16.613998,49.209207]]]},"properties":{"id":684,"buildingId":0,"floorId":6,"floorLevel":-1,"name":"Q01.73","type":"office","category":"office","label":"Office","passportNumber":"BA39P1073","seats":null,"hasProjector":false,"hasWhiteboard":false,"code":942}},{"type":"Feature","geometry":{"type":"Polygon","coordinates":[[[16.614123,49.209215],[16.614218,49.209251],[16.614192,49.209282],[16.614096,49.209247],[16.614123,49.209215]]]},"properties":{"id":717,"buildingId":0,"floorId":6,"floorLevel":-1,"name":"Q01.74","type":"office","category":"office","label":"Office","passportNumber":"BA39P1074","seats":null,"hasProjector":false,"hasWhiteboard":false,"code":942}},{"type":"Feature","geometry":{"type":"Polygon","coordinates":[[[16.614529,49.209408],[16.614486,49.209391],[16.614529,49.209342],[16.614571,49.209358],[16.614529,49.209408]]]},"properties":{"id":739,"buildingId":0,"floorId":6,"floorLevel":-1,"name":"Q01.78","type":"utility_room","category":"service","label":"Utility","passportNumber":"BA39P1078","seats":null,"hasProjector":false,"hasWhiteboard":false,"code":null}},{"type":"Feature","geometry":{"type":"Polygon","coordinates":[[[16.614876,49.209534],[16.614778,49.209497],[16.614818,49.20945],[16.614823,49.209452],[16.61492,49.209488],[16.614883,49.209533],[16.614878,49.209531],[16.614876,49.209534]]]},"properties":{"id":709,"buildingId":0,"floorId":6,"floorLevel":-1,"name":"Q01.84","type":"classroom_and_laboratory","category":"teaching","label":"Classroom / lab","passportNumber":"BA39P1084","seats":22,"hasProjector":false,"hasWhiteboard":true,"code":119}},{"type":"Feature","geometry":{"type":"Polygon","coordinates":[[[16.614471,49.20934],[16.614483,49.209326],[16.614528,49.209343],[16.614516,49.209357],[16.614471,49.20934]]]},"properties":{"id":705,"buildingId":0,"floorId":6,"floorLevel":-1,"name":"Q01.86","type":"utility_room","category":"service","label":"Utility","passportNumber":"BA39P1086","seats":null,"hasProjector":false,"hasWhiteboard":false,"code":null}},{"type":"Feature","geometry":{"type":"Polygon","coordinates":[[[16.614178,49.209149],[16.614276,49.209185],[16.614245,49.209222],[16.614148,49.209186],[16.614178,49.209149]]]},"properties":{"id":694,"buildingId":0,"floorId":6,"floorLevel":-1,"name":"Q01.92","type":"office","category":"office","label":"Office","passportNumber":"BA39P1092","seats":null,"hasProjector":false,"hasWhiteboard":false,"code":942}},{"type":"Feature","geometry":{"type":"Polygon","coordinates":[[[16.614161,49.209393],[16.614213,49.209331],[16.614263,49.209349],[16.614211,49.209412],[16.614161,49.209393]]]},"properties":{"id":683,"buildingId":0,"floorId":6,"floorLevel":-1,"name":"Q01.94","type":"storage","category":"service","label":"Storage","passportNumber":"BA39P1094","seats":null,"hasProjector":false,"hasWhiteboard":false,"code":null}},{"type":"Feature","geometry":{"type":"Polygon","coordinates":[[[16.614343,49.209258],[16.614373,49.209221],[16.61452,49.209275],[16.614497,49.209303],[16.614481,49.209296],[16.614473,49.209306],[16.614343,49.209258]]]},"properties":{"id":710,"buildingId":0,"floorId":6,"floorLevel":-1,"name":"Q01.95","type":"office","category":"office","label":"Office","passportNumber":"BA39P1095","seats":null,"hasProjector":false,"hasWhiteboard":false,"code":942}},{"type":"Feature","geometry":{"type":"Polygon","coordinates":[[[16.614489,49.209312],[16.61452,49.209275],[16.61457,49.209294],[16.614539,49.20933],[16.614489,49.209312]]]},"properties":{"id":720,"buildingId":0,"floorId":6,"floorLevel":-1,"name":"Q01.96","type":"office","category":"office","label":"Office","passportNumber":"BA39P1096","seats":null,"hasProjector":false,"hasWhiteboard":false,"code":942}},{"type":"Feature","geometry":{"type":"Polygon","coordinates":[[[16.614586,49.209347],[16.614617,49.209311],[16.614666,49.209329],[16.614635,49.209365],[16.614586,49.209347]]]},"properties":{"id":693,"buildingId":0,"floorId":6,"floorLevel":-1,"name":"Q01.98","type":"office","category":"office","label":"Office","passportNumber":"BA39P1098","seats":null,"hasProjector":false,"hasWhiteboard":false,"code":null}},{"type":"Feature","geometry":{"type":"Polygon","coordinates":[[[16.614635,49.209365],[16.614666,49.209329],[16.614715,49.209347],[16.614684,49.209383],[16.614635,49.209365]]]},"properties":{"id":743,"buildingId":0,"floorId":6,"floorLevel":-1,"name":"Q01.99","type":"office","category":"office","label":"Office","passportNumber":"BA39P1099","seats":null,"hasProjector":false,"hasWhiteboard":false,"code":null}},{"type":"Feature","geometry":{"type":"Polygon","coordinates":[[[16.61483,49.209437],[16.614783,49.209419],[16.614813,49.209383],[16.614861,49.209401],[16.61483,49.209437]]]},"properties":{"id":734,"buildingId":0,"floorId":6,"floorLevel":-1,"name":"Q01.102","type":"office","category":"office","label":"Office","passportNumber":"BA39P1102","seats":null,"hasProjector":false,"hasWhiteboard":false,"code":null}},{"type":"Feature","geometry":{"type":"Polygon","coordinates":[[[16.61483,49.209437],[16.614861,49.209401],[16.614911,49.209419],[16.614881,49.209455],[16.61483,49.209437]]]},"properties":{"id":733,"buildingId":0,"floorId":6,"floorLevel":-1,"name":"Q01.103","type":"office","category":"office","label":"Office","passportNumber":"BA39P1103","seats":null,"hasProjector":false,"hasWhiteboard":false,"code":116}},{"type":"Feature","geometry":{"type":"Polygon","coordinates":[[[16.61492,49.209488],[16.614914,49.209486],[16.614869,49.209469],[16.614911,49.209419],[16.614956,49.209436],[16.614952,49.209441],[16.614958,49.209443],[16.61492,49.209488]]]},"properties":{"id":679,"buildingId":0,"floorId":6,"floorLevel":-1,"name":"Q01.104","type":"office","category":"office","label":"Office","passportNumber":"BA39P1104","seats":null,"hasProjector":false,"hasWhiteboard":false,"code":null}},{"type":"Feature","geometry":{"type":"Polygon","coordinates":[[[16.614753,49.209448],[16.614733,49.20944],[16.614747,49.209424],[16.614767,49.209431],[16.614753,49.209448]]]},"properties":{"id":744,"buildingId":0,"floorId":6,"floorLevel":-1,"name":"Q01.106","type":"engine_room","category":"service","label":"Engine room","passportNumber":"BA39P1106","seats":null,"hasProjector":false,"hasWhiteboard":false,"code":null}},{"type":"Feature","geometry":{"type":"Polygon","coordinates":[[[16.614676,49.209583],[16.614716,49.209536],[16.614841,49.209582],[16.614801,49.209629],[16.614676,49.209583]]]},"properties":{"id":682,"buildingId":0,"floorId":6,"floorLevel":-1,"name":"Q01.66","type":"classroom_and_laboratory","category":"teaching","label":"Classroom / lab","passportNumber":"BA39P1066","seats":null,"hasProjector":false,"hasWhiteboard":false,"code":null}},{"type":"Feature","geometry":{"type":"Polygon","coordinates":[[[16.614739,49.209442],[16.614804,49.209467],[16.614778,49.209497],[16.614777,49.209498],[16.614712,49.209474],[16.614739,49.209442]]]},"properties":{"id":759,"buildingId":0,"floorId":7,"floorLevel":-2,"name":"","type":"stairs","category":"circulation","label":"Stairs","passportNumber":null,"seats":null,"hasProjector":false,"hasWhiteboard":false,"code":null}},{"type":"Feature","geometry":{"type":"Polygon","coordinates":[[[16.613859,49.209681],[16.613838,49.209673],[16.613858,49.20965],[16.613879,49.209658],[16.613859,49.209681]]]},"properties":{"id":761,"buildingId":0,"floorId":7,"floorLevel":-2,"name":"","type":"elevator","category":"circulation","label":"Elevator","passportNumber":null,"seats":null,"hasProjector":false,"hasWhiteboard":false,"code":null}},{"type":"Feature","geometry":{"type":"Polygon","coordinates":[[[16.613916,49.209614],[16.613879,49.209658],[16.613778,49.209621],[16.613815,49.209578],[16.613916,49.209614]]]},"properties":{"id":762,"buildingId":0,"floorId":7,"floorLevel":-2,"name":"","type":"floor","category":"structure","label":"Corridor","passportNumber":null,"seats":null,"hasProjector":false,"hasWhiteboard":false,"code":null}},{"type":"Feature","geometry":{"type":"Polygon","coordinates":[[[16.613881,49.209602],[16.613856,49.209632],[16.613792,49.209609],[16.613817,49.209579],[16.613881,49.209602]]]},"properties":{"id":770,"buildingId":0,"floorId":7,"floorLevel":-2,"name":"","type":"stairs","category":"circulation","label":"Stairs","passportNumber":null,"seats":null,"hasProjector":false,"hasWhiteboard":false,"code":null}},{"type":"Feature","geometry":{"type":"Polygon","coordinates":[[[16.613821,49.20966],[16.613836,49.209642],[16.613858,49.20965],[16.613842,49.209668],[16.613821,49.20966]]]},"properties":{"id":774,"buildingId":0,"floorId":7,"floorLevel":-2,"name":"","type":"elevator","category":"circulation","label":"Elevator","passportNumber":null,"seats":null,"hasProjector":false,"hasWhiteboard":false,"code":null}},{"type":"Feature","geometry":{"type":"Polygon","coordinates":[[[16.614804,49.209467],[16.614739,49.209442],[16.614712,49.209474],[16.614682,49.209463],[16.614724,49.209414],[16.614819,49.209449],[16.614804,49.209467]]]},"properties":{"id":777,"buildingId":0,"floorId":7,"floorLevel":-2,"name":"","type":"floor","category":"structure","label":"Corridor","passportNumber":null,"seats":null,"hasProjector":false,"hasWhiteboard":false,"code":null}},{"type":"Feature","geometry":{"type":"Polygon","coordinates":[[[16.613594,49.209684],[16.613635,49.209635],[16.613642,49.209637],[16.613645,49.209634],[16.613738,49.209668],[16.613742,49.209662],[16.613845,49.209698],[16.613916,49.209614],[16.613815,49.209578],[16.613778,49.209621],[16.613676,49.209587],[16.614035,49.20916],[16.614666,49.209393],[16.614625,49.209442],[16.614777,49.209498],[16.614819,49.209449],[16.614921,49.209487],[16.614485,49.210006],[16.614477,49.210003],[16.614473,49.210008],[16.613594,49.209684]]]},"properties":{"id":779,"buildingId":0,"floorId":7,"floorLevel":-2,"name":"Garáže","type":"garage","category":"service","label":"Garage","passportNumber":null,"seats":null,"hasProjector":false,"hasWhiteboard":false,"code":null}},{"type":"Feature","geometry":{"type":"Polygon","coordinates":[[[16.614143,49.209952],[16.613847,49.209843],[16.613964,49.209701],[16.614004,49.209715],[16.613999,49.209721],[16.614221,49.209804],[16.614226,49.209798],[16.614261,49.209811],[16.614143,49.209952]]]},"properties":{"id":546,"buildingId":0,"floorId":5,"floorLevel":0,"name":"Q01","type":"classroom_and_laboratory","category":"teaching","label":"Classroom / lab","passportNumber":"BA39N1009","seats":361,"hasProjector":true,"hasWhiteboard":true,"code":991}},{"type":"Feature","geometry":{"type":"Polygon","coordinates":[[[16.613893,49.209543],[16.61403,49.209594],[16.61399,49.209641],[16.613853,49.209591],[16.613893,49.209543]]]},"properties":{"id":600,"buildingId":0,"floorId":5,"floorLevel":0,"name":"Q09","type":"classroom_and_laboratory","category":"teaching","label":"Classroom / lab","passportNumber":"BA39N1028","seats":20,"hasProjector":true,"hasWhiteboard":true,"code":116}},{"type":"Feature","geometry":{"type":"Polygon","coordinates":[[[16.613932,49.209497],[16.614069,49.209547],[16.61403,49.209594],[16.613893,49.209543],[16.613932,49.209497]]]},"properties":{"id":522,"buildingId":0,"floorId":5,"floorLevel":0,"name":"Q08","type":"classroom_and_laboratory","category":"teaching","label":"Classroom / lab","passportNumber":"BA39N1031","seats":20,"hasProjector":true,"hasWhiteboard":true,"code":116}},{"type":"Feature","geometry":{"type":"Polygon","coordinates":[[[16.614148,49.209452],[16.614109,49.209499],[16.613972,49.20945],[16.614012,49.209402],[16.614148,49.209452]]]},"properties":{"id":598,"buildingId":0,"floorId":5,"floorLevel":0,"name":"Q06","type":"classroom_and_laboratory","category":"teaching","label":"Classroom / lab","passportNumber":"BA39N1044","seats":20,"hasProjector":true,"hasWhiteboard":true,"code":116}},{"type":"Feature","geometry":{"type":"Polygon","coordinates":[[[16.614298,49.20927],[16.614272,49.209261],[16.61428,49.209251],[16.614306,49.209261],[16.614298,49.20927]]]},"properties":{"id":613,"buildingId":0,"floorId":5,"floorLevel":0,"name":"Q1.71","type":"utility_room","category":"service","label":"Utility","passportNumber":"BA39N1071","seats":null,"hasProjector":false,"hasWhiteboard":false,"code":null}},{"type":"Feature","geometry":{"type":"Polygon","coordinates":[[[16.613672,49.209714],[16.6136,49.209687],[16.613603,49.209683],[16.613597,49.209681],[16.613675,49.209588],[16.613754,49.209617],[16.613672,49.209714]]]},"properties":{"id":437,"buildingId":0,"floorId":4,"floorLevel":1,"name":"Q112","type":"classroom_and_laboratory","category":"teaching","label":"Classroom / lab","passportNumber":"BA39N2001","seats":22,"hasProjector":false,"hasWhiteboard":false,"code":null}},{"type":"Feature","geometry":{"type":"Polygon","coordinates":[[[16.614466,49.209592],[16.61448,49.209575],[16.614537,49.209596],[16.614522,49.209613],[16.614466,49.209592]]]},"properties":{"id":404,"buildingId":0,"floorId":4,"floorLevel":1,"name":"Q2.26","type":"office","category":"office","label":"Office","passportNumber":"BA39N2026","seats":null,"hasProjector":false,"hasWhiteboard":false,"code":116}},{"type":"Feature","geometry":{"type":"Polygon","coordinates":[[[16.614195,49.209204],[16.614226,49.209167],[16.614276,49.209185],[16.614245,49.209222],[16.614195,49.209204]]]},"properties":{"id":441,"buildingId":0,"floorId":4,"floorLevel":1,"name":"Q2.56","type":"office","category":"office","label":"Office","passportNumber":"BA39N2056","seats":null,"hasProjector":false,"hasWhiteboard":false,"code":116}},{"type":"Feature","geometry":{"type":"Polygon","coordinates":[[[16.614635,49.209365],[16.614666,49.209329],[16.614715,49.209347],[16.614684,49.209383],[16.614635,49.209365]]]},"properties":{"id":429,"buildingId":0,"floorId":4,"floorLevel":1,"name":"Q2.65","type":"office","category":"office","label":"Office","passportNumber":"BA39N2065","seats":null,"hasProjector":false,"hasWhiteboard":false,"code":116}},{"type":"Feature","geometry":{"type":"Polygon","coordinates":[[[16.613672,49.209714],[16.6136,49.209687],[16.613603,49.209684],[16.613597,49.209682],[16.613615,49.209659],[16.613694,49.209688],[16.613672,49.209714]]]},"properties":{"id":314,"buildingId":0,"floorId":3,"floorLevel":2,"name":"Q3.01","type":"office","category":"office","label":"Office","passportNumber":"BA39N3001","seats":null,"hasProjector":false,"hasWhiteboard":false,"code":null}},{"type":"Feature","geometry":{"type":"Polygon","coordinates":[[[16.613655,49.209612],[16.613675,49.209588],[16.613754,49.209616],[16.613734,49.20964],[16.613655,49.209612]]]},"properties":{"id":377,"buildingId":0,"floorId":3,"floorLevel":2,"name":"Q3.08","type":"office","category":"office","label":"Office","passportNumber":"BA39N3008","seats":null,"hasProjector":false,"hasWhiteboard":false,"code":null}},{"type":"Feature","geometry":{"type":"Polygon","coordinates":[[[16.613839,49.209587],[16.613852,49.209572],[16.61386,49.209563],[16.613938,49.209591],[16.613917,49.209616],[16.613839,49.209587]]]},"properties":{"id":292,"buildingId":0,"floorId":3,"floorLevel":2,"name":"Q3.17","type":"office","category":"office","label":"Office","passportNumber":"BA39N3017","seats":null,"hasProjector":false,"hasWhiteboard":false,"code":null}},{"type":"Feature","geometry":{"type":"Polygon","coordinates":[[[16.614344,49.209709],[16.614423,49.209615],[16.614523,49.209652],[16.614443,49.209746],[16.614344,49.209709]]]},"properties":{"id":365,"buildingId":0,"floorId":3,"floorLevel":2,"name":"Q23","type":"classroom_and_laboratory","category":"teaching","label":"Classroom / lab","passportNumber":"BA39N3029","seats":48,"hasProjector":true,"hasWhiteboard":true,"code":117}},{"type":"Feature","geometry":{"type":"Polygon","coordinates":[[[16.613834,49.209399],[16.613854,49.209375],[16.613933,49.209404],[16.613913,49.209427],[16.613834,49.209399]]]},"properties":{"id":324,"buildingId":0,"floorId":3,"floorLevel":2,"name":"Q3.39","type":"office","category":"office","label":"Office","passportNumber":"BA39N3039","seats":null,"hasProjector":false,"hasWhiteboard":false,"code":null}},{"type":"Feature","geometry":{"type":"Polygon","coordinates":[[[16.614502,49.209521],[16.614543,49.209472],[16.614643,49.209509],[16.614602,49.209557],[16.614502,49.209521]]]},"properties":{"id":345,"buildingId":0,"floorId":3,"floorLevel":2,"name":"Q21","type":"classroom_and_laboratory","category":"teaching","label":"Classroom / lab","passportNumber":"BA39N3053","seats":null,"hasProjector":true,"hasWhiteboard":true,"code":115}},{"type":"Feature","geometry":{"type":"Polygon","coordinates":[[[16.614388,49.209358],[16.614427,49.209311],[16.61446,49.209323],[16.614421,49.20937],[16.614388,49.209358]]]},"properties":{"id":307,"buildingId":0,"floorId":3,"floorLevel":2,"name":"Q3.67","type":"office","category":"office","label":"Office","passportNumber":"BA39N3067","seats":null,"hasProjector":false,"hasWhiteboard":false,"code":115}},{"type":"Feature","geometry":{"type":"Polygon","coordinates":[[[16.614635,49.209365],[16.614666,49.209329],[16.614715,49.209347],[16.614684,49.209383],[16.614635,49.209365]]]},"properties":{"id":284,"buildingId":0,"floorId":3,"floorLevel":2,"name":"Q3.90","type":"office","category":"office","label":"Office","passportNumber":"BA39N3090","seats":null,"hasProjector":false,"hasWhiteboard":false,"code":114}},{"type":"Feature","geometry":{"type":"Polygon","coordinates":[[[16.613693,49.209722],[16.613715,49.209695],[16.61382,49.209732],[16.6138,49.209756],[16.613793,49.209754],[16.613791,49.209758],[16.613693,49.209722]]]},"properties":{"id":198,"buildingId":0,"floorId":2,"floorLevel":3,"name":"Q4.02","type":"office","category":"office","label":"Office","passportNumber":"BA39N4002","seats":null,"hasProjector":false,"hasWhiteboard":false,"code":null}},{"type":"Feature","geometry":{"type":"Polygon","coordinates":[[[16.613715,49.209541],[16.613735,49.209517],[16.613814,49.209546],[16.613794,49.209569],[16.613715,49.209541]]]},"properties":{"id":257,"buildingId":0,"floorId":2,"floorLevel":3,"name":"Q4.13","type":"office","category":"office","label":"Office","passportNumber":"BA39N4013","seats":null,"hasProjector":false,"hasWhiteboard":false,"code":null}},{"type":"Feature","geometry":{"type":"Polygon","coordinates":[[[16.614402,49.209795],[16.614303,49.209758],[16.614344,49.209709],[16.614443,49.209746],[16.614402,49.209795]]]},"properties":{"id":186,"buildingId":0,"floorId":2,"floorLevel":3,"name":"Q34","type":"classroom_and_laboratory","category":"teaching","label":"Classroom / lab","passportNumber":"BA39N4016","seats":24,"hasProjector":true,"hasWhiteboard":true,"code":113}},{"type":"Feature","geometry":{"type":"Polygon","coordinates":[[[16.614423,49.209615],[16.614502,49.209521],[16.614602,49.209557],[16.614523,49.209652],[16.614423,49.209615]]]},"properties":{"id":176,"buildingId":0,"floorId":2,"floorLevel":3,"name":"Q32","type":"classroom_and_laboratory","category":"teaching","label":"Classroom / lab","passportNumber":"BA39N4042","seats":48,"hasProjector":true,"hasWhiteboard":true,"code":110}},{"type":"Feature","geometry":{"type":"Polygon","coordinates":[[[16.614421,49.20937],[16.61446,49.209323],[16.614489,49.209334],[16.61445,49.20938],[16.614421,49.20937]]]},"properties":{"id":185,"buildingId":0,"floorId":2,"floorLevel":3,"name":"Q4.66","type":"office","category":"office","label":"Office","passportNumber":"BA39N4066","seats":null,"hasProjector":false,"hasWhiteboard":false,"code":113}},{"type":"Feature","geometry":{"type":"Polygon","coordinates":[[[16.614294,49.20924],[16.614324,49.209203],[16.614373,49.209221],[16.614343,49.209258],[16.614294,49.20924]]]},"properties":{"id":180,"buildingId":0,"floorId":2,"floorLevel":3,"name":"Q4.81","type":"office","category":"office","label":"Office","passportNumber":"BA39N4081","seats":null,"hasProjector":false,"hasWhiteboard":false,"code":113}},{"type":"Feature","geometry":{"type":"Polygon","coordinates":[[[16.614343,49.209258],[16.614373,49.209221],[16.614421,49.209239],[16.61439,49.209275],[16.614343,49.209258]]]},"properties":{"id":240,"buildingId":0,"floorId":2,"floorLevel":3,"name":"Q4.82","type":"office","category":"office","label":"Office","passportNumber":"BA39N4082","seats":null,"hasProjector":false,"hasWhiteboard":false,"code":113}},{"type":"Feature","geometry":{"type":"Polygon","coordinates":[[[16.61483,49.209437],[16.614861,49.209401],[16.614911,49.209419],[16.614881,49.209455],[16.61483,49.209437]]]},"properties":{"id":159,"buildingId":0,"floorId":2,"floorLevel":3,"name":"Q4.92","type":"office","category":"office","label":"Office","passportNumber":"BA39N4092","seats":null,"hasProjector":false,"hasWhiteboard":false,"code":118}},{"type":"Feature","geometry":{"type":"Polygon","coordinates":[[[16.614402,49.209795],[16.614303,49.209758],[16.614344,49.209709],[16.614443,49.209746],[16.614402,49.209795]]]},"properties":{"id":76,"buildingId":0,"floorId":1,"floorLevel":4,"name":"Q44","type":"classroom_and_laboratory","category":"teaching","label":"Classroom / lab","passportNumber":"BA39N5001","seats":30,"hasProjector":true,"hasWhiteboard":true,"code":111}},{"type":"Feature","geometry":{"type":"Polygon","coordinates":[[[16.614617,49.209687],[16.614677,49.209616],[16.614782,49.209655],[16.614722,49.209726],[16.614617,49.209687]]]},"properties":{"id":90,"buildingId":0,"floorId":1,"floorLevel":4,"name":"Q47","type":"classroom_and_laboratory","category":"teaching","label":"Classroom / lab","passportNumber":"BA39N5012","seats":20,"hasProjector":true,"hasWhiteboard":true,"code":116}},{"type":"Feature","geometry":{"type":"Polygon","coordinates":[[[16.614148,49.209186],[16.614178,49.209149],[16.614226,49.209167],[16.614195,49.209204],[16.614148,49.209186]]]},"properties":{"id":113,"buildingId":0,"floorId":1,"floorLevel":4,"name":"Q5.39","type":"office","category":"office","label":"Office","passportNumber":"BA39N5039","seats":null,"hasProjector":false,"hasWhiteboard":false,"code":112}},{"type":"Feature","geometry":{"type":"Polygon","coordinates":[[[16.614539,49.20933],[16.61457,49.209294],[16.614617,49.209311],[16.614586,49.209347],[16.614539,49.20933]]]},"properties":{"id":86,"buildingId":0,"floorId":1,"floorLevel":4,"name":"Q5.47","type":"office","category":"office","label":"Office","passportNumber":"BA39N5047","seats":null,"hasProjector":false,"hasWhiteboard":false,"code":110}},{"type":"Feature","geometry":{"type":"Polygon","coordinates":[[[16.614097,49.209251],[16.613998,49.209214],[16.614001,49.209211],[16.613994,49.209208],[16.614032,49.209163],[16.614038,49.209166],[16.61404,49.209163],[16.614139,49.2092],[16.614097,49.209251]]]},"properties":{"id":32,"buildingId":0,"floorId":0,"floorLevel":5,"name":"Q6.01","type":"boardroom","category":"teaching","label":"Boardroom","passportNumber":"BA39N6001","seats":null,"hasProjector":false,"hasWhiteboard":false,"code":111}},{"type":"Feature","geometry":{"type":"Polygon","coordinates":[[[16.614286,49.20932],[16.61424,49.209304],[16.614269,49.20927],[16.614315,49.209287],[16.614286,49.20932]]]},"properties":{"id":48,"buildingId":0,"floorId":0,"floorLevel":5,"name":"Q6.07","type":"office","category":"office","label":"Office","passportNumber":"BA39N6007","seats":null,"hasProjector":false,"hasWhiteboard":false,"code":111}},{"type":"Feature","geometry":{"type":"Polygon","coordinates":[[[16.614571,49.20939],[16.614541,49.209426],[16.614475,49.209402],[16.61448,49.209397],[16.614482,49.209397],[16.614488,49.20939],[16.614484,49.209388],[16.614504,49.209365],[16.614571,49.20939]]]},"properties":{"id":24,"buildingId":0,"floorId":0,"floorLevel":5,"name":"Q6.14","type":"room","category":"other","label":"Room","passportNumber":"BA39N6014","seats":null,"hasProjector":false,"hasWhiteboard":false,"code":null}},{"type":"Feature","geometry":{"type":"Polygon","coordinates":[[[16.613895,49.209794],[16.613898,49.20979],[16.613894,49.209788],[16.613932,49.209743],[16.613936,49.209744],[16.613978,49.209695],[16.614073,49.20973],[16.61399,49.209829],[16.613895,49.209794]]]},"properties":{"id":700,"buildingId":0,"floorId":6,"floorLevel":-1,"name":"Q01.01","type":"classroom_and_laboratory","category":"teaching","label":"Classroom / lab","passportNumber":"BA39P1001","seats":null,"hasProjector":false,"hasWhiteboard":false,"code":null}},{"type":"Feature","geometry":{"type":"Polygon","coordinates":[[[16.614282,49.209937],[16.614185,49.209901],[16.614228,49.20985],[16.614326,49.209886],[16.614282,49.209937]]]},"properties":{"id":745,"buildingId":0,"floorId":6,"floorLevel":-1,"name":"Q01.04","type":"classroom_and_laboratory","category":"teaching","label":"Classroom / lab","passportNumber":"BA39P1004","seats":null,"hasProjector":false,"hasWhiteboard":false,"code":null}},{"type":"Feature","geometry":{"type":"Polygon","coordinates":[[[16.613854,49.209717],[16.613873,49.209695],[16.6139,49.209704],[16.613881,49.209726],[16.613854,49.209717]]]},"properties":{"id":751,"buildingId":0,"floorId":6,"floorLevel":-1,"name":"Q01.10","type":"engine_room","category":"service","label":"Engine room","passportNumber":"BA39P1010","seats":null,"hasProjector":false,"hasWhiteboard":false,"code":null}},{"type":"Feature","geometry":{"type":"Polygon","coordinates":[[[16.613973,49.209636],[16.614016,49.209586],[16.614053,49.2096],[16.614011,49.20965],[16.613973,49.209636]]]},"properties":{"id":747,"buildingId":0,"floorId":6,"floorLevel":-1,"name":"Q01.35","type":"storage","category":"service","label":"Storage","passportNumber":"BA39P1035","seats":null,"hasProjector":false,"hasWhiteboard":false,"code":null}},{"type":"Feature","geometry":{"type":"Polygon","coordinates":[[[16.614477,49.209819],[16.614517,49.209772],[16.614642,49.209818],[16.614602,49.209866],[16.614477,49.209819]]]},"properties":{"id":716,"buildingId":0,"floorId":6,"floorLevel":-1,"name":"Q01.39","type":"classroom_and_laboratory","category":"teaching","label":"Classroom / lab","passportNumber":"BA39P1039","seats":null,"hasProjector":false,"hasWhiteboard":false,"code":null}},{"type":"Feature","geometry":{"type":"Polygon","coordinates":[[[16.614557,49.209725],[16.614597,49.209677],[16.614721,49.209724],[16.614681,49.209771],[16.614557,49.209725]]]},"properties":{"id":667,"buildingId":0,"floorId":6,"floorLevel":-1,"name":"Q01.48","type":"classroom_and_laboratory","category":"teaching","label":"Classroom / lab","passportNumber":"BA39P1048","seats":null,"hasProjector":false,"hasWhiteboard":false,"code":116}},{"type":"Feature","geometry":{"type":"Polygon","coordinates":[[[16.614266,49.209432],[16.614211,49.209412],[16.614226,49.209394],[16.614281,49.209414],[16.614266,49.209432]]]},"properties":{"id":749,"buildingId":0,"floorId":6,"floorLevel":-1,"name":"Q01.59","type":"storage","category":"service","label":"Storage","passportNumber":"BA39P1059","seats":null,"hasProjector":false,"hasWhiteboard":false,"code":null}},{"type":"Feature","geometry":{"type":"Polygon","coordinates":[[[16.614388,49.209355],[16.614429,49.209306],[16.614483,49.209326],[16.614442,49.209375],[16.614388,49.209355]]]},"properties":{"id":746,"buildingId":0,"floorId":6,"floorLevel":-1,"name":"Q01.76","type":"office","category":"office","label":"Office","passportNumber":"BA39P1076","seats":null,"hasProjector":false,"hasWhiteboard":false,"code":942}},{"type":"Feature","geometry":{"type":"Polygon","coordinates":[[[16.61404,49.209163],[16.614036,49.209162],[16.614073,49.209117],[16.614078,49.209119],[16.614082,49.209114],[16.614178,49.209149],[16.614137,49.209199],[16.61404,49.209163]]]},"properties":{"id":659,"buildingId":0,"floorId":6,"floorLevel":-1,"name":"Q01.91","type":"office","category":"office","label":"Office","passportNumber":"BA39P1091","seats":null,"hasProjector":false,"hasWhiteboard":false,"code":942}},{"type":"Feature","geometry":{"type":"Polygon","coordinates":[[[16.614783,49.209459],[16.614753,49.209448],[16.614767,49.209431],[16.614797,49.209442],[16.614783,49.209459]]]},"properties":{"id":750,"buildingId":0,"floorId":6,"floorLevel":-1,"name":"Q01.108","type":"kitchen","category":"service","label":"Kitchen","passportNumber":"BA39P1108","seats":null,"hasProjector":false,"hasWhiteboard":false,"code":null}},{"type":"Feature","geometry":{"type":"Polygon","coordinates":[[[16.613778,49.209621],[16.613738,49.209668],[16.613645,49.209634],[16.613683,49.209589],[16.613778,49.209621]]]},"properties":{"id":764,"buildingId":0,"floorId":7,"floorLevel":-2,"name":"Q02.01","type":"storage","category":"service","label":"Storage","passportNumber":"BA39P2001","seats":null,"hasProjector":false,"hasWhiteboard":false,"code":null}},{"type":"Feature","geometry":{"type":"Polygon","coordinates":[[[16.613778,49.209621],[16.613836,49.209642],[16.613821,49.20966],[16.613811,49.209657],[16.613792,49.20968],[16.613742,49.209662],[16.613778,49.209621]]]},"properties":{"id":776,"buildingId":0,"floorId":7,"floorLevel":-2,"name":"Q02.02","type":"storage","category":"service","label":"Storage","passportNumber":"BA39P2002","seats":null,"hasProjector":false,"hasWhiteboard":false,"code":null}},{"type":"Feature","geometry":{"type":"Polygon","coordinates":[[[16.613842,49.209668],[16.613823,49.209691],[16.613792,49.20968],[16.613811,49.209657],[16.613842,49.209668]]]},"properties":{"id":765,"buildingId":0,"floorId":7,"floorLevel":-2,"name":"Q02.03","type":"shaft","category":"service","label":"Shaft","passportNumber":"BA39P2003","seats":null,"hasProjector":false,"hasWhiteboard":false,"code":null}},{"type":"Feature","geometry":{"type":"Polygon","coordinates":[[[16.613859,49.209681],[16.613845,49.209698],[16.613823,49.20969],[16.613838,49.209673],[16.613859,49.209681]]]},"properties":{"id":775,"buildingId":0,"floorId":7,"floorLevel":-2,"name":"Q02.04","type":"shaft","category":"service","label":"Shaft","passportNumber":"BA39P2004","seats":null,"hasProjector":false,"hasWhiteboard":false,"code":null}},{"type":"Feature","geometry":{"type":"Polygon","coordinates":[[[16.614682,49.209463],[16.614647,49.20945],[16.61466,49.209435],[16.614695,49.209448],[16.614682,49.209463]]]},"properties":{"id":771,"buildingId":0,"floorId":7,"floorLevel":-2,"name":"Q02.10","type":"elevator","category":"circulation","label":"Elevator","passportNumber":"BA39P2010","seats":null,"hasProjector":false,"hasWhiteboard":false,"code":null}},{"type":"Feature","geometry":{"type":"Polygon","coordinates":[[[16.614695,49.209448],[16.614668,49.209438],[16.614681,49.209423],[16.614708,49.209433],[16.614695,49.209448]]]},"properties":{"id":778,"buildingId":0,"floorId":7,"floorLevel":-2,"name":"Q02.11","type":"elevator","category":"circulation","label":"Elevator","passportNumber":"BA39P2011","seats":null,"hasProjector":false,"hasWhiteboard":false,"code":null}},{"type":"Feature","geometry":{"type":"Polygon","coordinates":[[[16.614697,49.209404],[16.614668,49.209438],[16.61466,49.209435],[16.614647,49.20945],[16.614625,49.209442],[16.614666,49.209393],[16.614697,49.209404]]]},"properties":{"id":768,"buildingId":0,"floorId":7,"floorLevel":-2,"name":"Q02.12","type":"shaft","category":"service","label":"Shaft","passportNumber":"BA39P2012","seats":null,"hasProjector":false,"hasWhiteboard":false,"code":null}},{"type":"Feature","geometry":{"type":"Polygon","coordinates":[[[16.614681,49.209423],[16.614697,49.209404],[16.614724,49.209414],[16.614708,49.209433],[16.614681,49.209423]]]},"properties":{"id":773,"buildingId":0,"floorId":7,"floorLevel":-2,"name":"Q02.13","type":"storage","category":"service","label":"Storage","passportNumber":"BA39P2013","seats":null,"hasProjector":false,"hasWhiteboard":false,"code":null}},{"type":"Feature","geometry":{"type":"Polygon","coordinates":[[[16.614236,49.209234],[16.614138,49.209198],[16.614179,49.209148],[16.614278,49.209184],[16.614236,49.209234]]]},"properties":{"id":758,"buildingId":0,"floorId":7,"floorLevel":-2,"name":"Q02.14","type":"storage","category":"service","label":"Storage","passportNumber":"BA39P2014","seats":null,"hasProjector":false,"hasWhiteboard":false,"code":null}},{"type":"Feature","geometry":{"type":"Polygon","coordinates":[[[16.614472,49.209256],[16.61443,49.209306],[16.614236,49.209234],[16.614278,49.209184],[16.614472,49.209256]]]},"properties":{"id":766,"buildingId":0,"floorId":7,"floorLevel":-2,"name":"Q02.15","type":"storage","category":"service","label":"Storage","passportNumber":"BA39P2015","seats":null,"hasProjector":false,"hasWhiteboard":false,"code":null}},{"type":"Feature","geometry":{"type":"Polygon","coordinates":[[[16.614626,49.209378],[16.61443,49.209306],[16.614472,49.209256],[16.614667,49.209328],[16.614626,49.209378]]]},"properties":{"id":772,"buildingId":0,"floorId":7,"floorLevel":-2,"name":"Q02.16","type":"storage","category":"service","label":"Storage","passportNumber":"BA39P2016","seats":null,"hasProjector":false,"hasWhiteboard":false,"code":null}},{"type":"Feature","geometry":{"type":"Polygon","coordinates":[[[16.614723,49.209414],[16.614626,49.209378],[16.614667,49.209328],[16.614765,49.209365],[16.614723,49.209414]]]},"properties":{"id":767,"buildingId":0,"floorId":7,"floorLevel":-2,"name":"Q02.17","type":"storage","category":"service","label":"Storage","passportNumber":"BA39P2017","seats":null,"hasProjector":false,"hasWhiteboard":false,"code":null}},{"type":"Feature","geometry":{"type":"Polygon","coordinates":[[[16.614921,49.209487],[16.614755,49.209426],[16.614797,49.209377],[16.614956,49.209436],[16.614953,49.209439],[16.61496,49.209442],[16.614921,49.209487]]]},"properties":{"id":763,"buildingId":0,"floorId":7,"floorLevel":-2,"name":"Q02.18","type":"engine_room","category":"service","label":"Engine room","passportNumber":"BA39P2018","seats":null,"hasProjector":false,"hasWhiteboard":false,"code":null}},{"type":"Feature","geometry":{"type":"Polygon","coordinates":[[[16.614138,49.209198],[16.614035,49.20916],[16.614077,49.20911],[16.614179,49.209148],[16.614138,49.209198]]]},"properties":{"id":769,"buildingId":0,"floorId":7,"floorLevel":-2,"name":"Q02.21","type":"engine_room","category":"service","label":"Engine room","passportNumber":"BA39P2021","seats":null,"hasProjector":false,"hasWhiteboard":false,"code":null}},{"type":"Feature","geometry":{"type":"Polygon","coordinates":[[[16.614755,49.209426],[16.614723,49.209414],[16.614765,49.209365],[16.614797,49.209377],[16.614755,49.209426]]]},"properties":{"id":760,"buildingId":0,"floorId":7,"floorLevel":-2,"name":"Q02.22","type":"engine_room","category":"service","label":"Engine room","passportNumber":"BA39P2022","seats":null,"hasProjector":false,"hasWhiteboard":false,"code":null}},{"type":"Feature","geometry":{"type":"Polygon","coordinates":[[[16.614217,49.209661],[16.613862,49.209528],[16.614019,49.209341],[16.614375,49.209472],[16.614217,49.209661]]]},"properties":{"id":671,"buildingId":0,"floorId":6,"floorLevel":-1,"name":"Garáže AF","type":"garage","category":"service","label":"Garage","passportNumber":null,"seats":null,"hasProjector":false,"hasWhiteboard":false,"code":null}},{"type":"Feature","geometry":{"type":"Polygon","coordinates":[[[16.614636,49.209631],[16.614676,49.209583],[16.614801,49.209629],[16.614761,49.209677],[16.614636,49.209631]]]},"properties":{"id":748,"buildingId":0,"floorId":6,"floorLevel":-1,"name":"Q01.58","type":"classroom_and_laboratory","category":"teaching","label":"Classroom / lab","passportNumber":null,"seats":null,"hasProjector":false,"hasWhiteboard":false,"code":null}},{"type":"Feature","geometry":{"type":"Polygon","coordinates":[[[16.613875,49.209385],[16.613957,49.209413],[16.614041,49.209315],[16.613959,49.209283],[16.613875,49.209385]]]},"properties":{"id":2324639,"buildingId":0,"floorId":1,"floorLevel":4,"name":"Terasa","type":"office","category":"office","label":"Office","passportNumber":null,"seats":null,"hasProjector":false,"hasWhiteboard":false,"code":null}},{"type":"Feature","geometry":{"type":"Polygon","coordinates":[[[16.614735,49.209402],[16.614766,49.209366],[16.614813,49.209383],[16.614783,49.209419],[16.614735,49.209402]]]},"properties":{"id":699,"buildingId":0,"floorId":6,"floorLevel":-1,"name":"Q01.101","type":"office","category":"office","label":"Office","passportNumber":null,"seats":null,"hasProjector":false,"hasWhiteboard":false,"code":119}},{"type":"Feature","geometry":{"type":"Polygon","coordinates":[[[16.614684,49.209383],[16.614715,49.209347],[16.614766,49.209366],[16.614735,49.209402],[16.614684,49.209383]]]},"properties":{"id":640,"buildingId":0,"floorId":6,"floorLevel":-1,"name":"Q01.100","type":"office","category":"office","label":"Office","passportNumber":null,"seats":null,"hasProjector":false,"hasWhiteboard":false,"code":111}}]}